target,guesses,guess_count,is_common,won_in_6
aahed,slate-radar-aahed,3,False,True
aalii,slate-molar-dally-aalii,4,False,True
aapas,slate-oasis-brand-pouch-vamps-aapas,6,False,True
aargh,slate-corny-parka-aargh,4,False,True
aarti,slate-taint-cacti-aarti,4,False,True
abaca,slate-churn-aback-abaca,4,False,True
abaci,slate-churn-aback-abaca-abaci,5,False,True
aback,slate-churn-aback,3,True,True
abacs,slate-curbs-abacs,3,False,True
abaft,slate-grunt-adapt-await-abaft,5,False,True
abaht,slate-grunt-adapt-await-abaft-abaht,6,False,True
abaka,slate-churn-foamy-abaka,4,False,True
abamp,slate-churn-foamy-abamp,4,False,True
aband,slate-churn-piano-aband,4,False,True
abase,slate-cease-phase-abase,4,True,True
abash,slate-curbs-abash,3,True,True
abask,slate-curbs-abash-abask,4,False,True
abate,slate-corgi-abate,3,True,True
abaya,slate-churn-foamy-abaya,4,False,True
abbas,slate-oasis-wrung-abbas,4,True,True
abbed,slate-radar-amend-ached-abbed,5,False,True
abbes,slate-ashen-arses-aides-abbes,5,False,True
abbey,slate-radar-hyena-abbey,4,True,True
abbot,slate-tabor-abbot,3,True,True
abcee,slate-corgi-dance-abcee,4,False,True
abeam,slate-radar-abeam,3,False,True
abear,slate-radar-abear,3,False,True
abeat,slate-treed-wheat-abeat,4,False,True
abeer,slate-radar-anger-amber-abeer,5,False,True
abele,slate-bangs-amble-abele,4,False,True
abeng,slate-radar-hyena-abeng,4,False,True
abers,slate-ashen-aegis-areas-abers,5,False,True
abets,slate-abets,2,False,True
abeys,slate-ashen-aegis-areas-abeys,5,False,True
abhor,slate-corny-armor-abhor,4,True,True
abide,slate-corgi-naive-abide,4,True,True
abies,slate-ashen-arses-aides-abies,5,False,True
abius,slate-oasis-minas-acids-abius,5,False,True
abjad,slate-corny-mafia-abjad,4,False,True
abjud,slate-corny-mafia-abuzz-abjud,5,False,True
abled,slate-rangy-medal-abled,4,True,True
abler,slate-rangy-feral-abler,4,False,True
ables,slate-laser-axles-ables,4,False,True
ablet,slate-paler-ablet,3,False,True
ablow,slate-molar-aglow-ablow,4,False,True
abmho,slate-corny-adobo-abmho,4,False,True
abnet,slate-treed-facet-abnet,4,False,True
abode,slate-corgi-abode,3,True,True
abohm,slate-corny-adobo-abohm,4,False,True
aboil,slate-molar-aioli-aboil,4,True,True
aboma,slate-corny-adobo-abohm-aboma,5,False,True
aboon,slate-corny-wagon-axion-aboon,5,False,True
abord,slate-corny-armor-agora-abord,5,False,True
abore,slate-corgi-adore-afore-abore,5,False,True
aborn,slate-corny-adorn-aborn,4,False,True
abort,slate-tabor-abort,3,True,True
about,slate-tabor-about,3,True,True
above,slate-corgi-abode-above,4,True,True
abram,slate-corny-parka-abram,4,False,True
abray,slate-corny-parry-abray,4,False,True
abrim,slate-corny-parka-abrim,4,False,True
abrin,slate-corny-quran-abrin,4,False,True
abris,slate-oasis-abris,3,False,True
absey,slate-ashen-arses-absey,4,False,True
absit,slate-antsy-ascot-absit,4,False,True
abuna,slate-corny-mixup-fauna-abuna,5,False,True
abune,slate-corgi-maybe-abune,4,False,True
abura,slate-corny-rabid-abura,4,False,True
aburn,slate-corny-urban-aburn,4,False,True
abuse,slate-crump-abuse,3,True,True
abuts,slate-nymph-vista-dwarf-abuts,5,False,True
abuzz,slate-corny-mafia-abuzz,4,True,True
abyes,slate-ashen-arses-aides-abbes-abyes,6,False,True
abysm,slate-oasis-bursa-abysm,4,False,True
abyss,slate-oasis-abyss,3,True,True
acais,slate-curbs-acais,3,False,True
acara,slate-churn-acara,3,False,True
acari,slate-churn-acara-acari,4,False,True
accas,slate-oasis-wrung-abbas-accas,5,False,True
accha,slate-corny-magic-accha,4,False,True
accoy,slate-corny-accoy,3,False,True
accra,slate-corny-vicar-accra,4,False,True
acedy,slate-radar-amend-acedy,4,False,True
acene,slate-corgi-dance-acene,4,False,True
acerb,slate-radar-opera-acerb,4,False,True
acers,slate-ashen-aegis-areas-abers-acers,6,False,True
aceta,slate-earth-aceta,3,False,True
achar,slate-corny-vicar-achar,4,False,True
ached,slate-radar-amend-ached,4,True,True
acher,slate-radar-anger-amber-acher,5,False,True
aches,slate-ashen-aches,3,True,True
achey,slate-radar-hyena-achey,4,False,True
achoo,slate-corny-macho-achoo,4,True,True
acids,slate-oasis-minas-acids,4,True,True
acidy,slate-corny-wacky-acidy,4,False,True
acies,slate-ashen-arses-aides-abies-acies,6,False,True
acing,slate-corny-acing,3,True,True
acini,slate-corny-acing-acini,4,False,True
ackee,slate-corgi-dance-abcee-ackee,5,False,True
acker,slate-radar-anger-amber-acher-acker,6,False,True
acmes,slate-ashen-arses-aides-abbes-acmes,6,False,True
acmic,slate-corny-magic-acmic,4,False,True
acned,slate-radar-amend-acned,4,False,True
acnes,slate-ashen-acnes,3,False,True
acock,slate-corny-macho-acock,4,False,True
acoel,slate-rangy-medal-acoel,4,False,True
acold,slate-molar-aioli-ahold-acold,5,False,True
acone,slate-corgi-acone,3,False,True
acorn,slate-corny-acorn,3,True,True
acral,slate-molar-rural-viral-acral,5,False,True
acred,slate-radar-armed-aired-acred,5,False,True
acres,slate-ashen-arses-acres,4,True,True
acrid,slate-corny-march-acrid,4,True,True
acron,slate-corny-narco-acron,4,False,True
acros,slate-oasis-comas-acros,4,False,True
acryl,slate-molar-larva-acryl,4,False,True
actas,slate-antsy-astir-actas,4,False,True
acted,slate-treed-gated-acted,4,True,True
actin,slate-tabor-untag-actin,4,True,True
acton,slate-tabor-afoot-acton,4,True,True
actor,slate-tabor-actor,3,True,True
actus,slate-antsy-astir-actas-actus,5,False,True
acute,slate-acute,2,True,True
acyls,slate-balsa-usual-acyls,4,False,True
adage,slate-prick-mewed-adage,4,True,True
adapt,slate-grunt-adapt,3,True,True
adats,slate-combo-whats-adats,4,False,True
adawn,slate-churn-again-adawn,4,False,True
adaws,slate-curbs-amass-adaws,4,False,True
adays,slate-curbs-amass-adaws-adays,5,False,True
adbot,slate-tabor-abbot-adbot,4,False,True
addas,slate-oasis-wrung-abbas-accas-addas,6,False,True
addax,slate-corny-mafia-abjad-addax,5,False,True
added,slate-radar-media-added,4,True,True
adder,slate-radar-adder,3,True,True
addin,slate-corny-admin-addin,4,False,True
addio,slate-corny-adobo-addio,4,False,True
addle,slate-bangs-apple-addle,4,True,True
addra,slate-corny-rabid-addra,4,False,True
adead,slate-radar-ahead-adead,4,False,True
adeem,slate-radar-amend-adeem,4,False,True
adept,slate-treed-adept,3,True,True
adhan,slate-corny-admin-adhan,4,False,True
adhoc,slate-corny-macho-adhoc,4,False,True
adieu,slate-radar-amend-adieu,4,True,True
adios,slate-oasis-adios,3,True,True
adits,slate-nymph-vista-baits-adits,5,False,True
adlib,slate-molar-dally-adlib,4,False,True
adman,slate-corny-admin-adman,4,False,True
admen,slate-radar-amend-admen,4,False,True
admin,slate-corny-admin,3,True,True
admit,slate-tabor-untag-admit,4,True,True
admix,slate-corny-mafia-admix,4,False,True
adnex,slate-radar-amend-adnex,4,False,True
adobe,slate-corgi-abode-adobe,4,True,True
adobo,slate-corny-adobo,3,True,True
adoon,slate-corny-wagon-axion-aboon-adoon,6,False,True
adopt,slate-tabor-adopt,3,True,True
adorb,slate-corny-armor-agora-abord-adorb,6,False,True
adore,slate-corgi-adore,3,True,True
adorn,slate-corny-adorn,3,True,True
adown,slate-corny-wagon-adown,4,False,True
adoze,slate-corgi-abode-adoze,4,False,True
adrad,slate-corny-parka-abram-adrad,5,False,True
adraw,slate-corny-parka-abram-adrad-adraw,6,False,True
adred,slate-radar-armed-aired-acred-adred,6,False,True
adret,slate-treed-dater-adret,4,False,True
adrip,slate-corny-parka-adrip,4,False,True
adsum,slate-oasis-unsay-adsum,4,False,True
aduki,slate-corny-mafia-hijab-aduki,5,False,True
adult,slate-taint-adult,3,True,True
adunc,slate-corny-acing-adunc,4,False,True
adust,slate-antsy-adust,3,False,True
advew,slate-radar-amend-adieu-advew,5,False,True
advts,slate-nymph-vista-advts,4,False,True
adyta,slate-taint-aorta-adyta,4,False,True
adyts,slate-nymph-tasty-adyts,4,False,True
adzed,slate-radar-amend-ached-abbed-adzed,6,False,True
adzes,slate-ashen-arses-aides-adzes,5,False,True
aecia,slate-radar-apnea-aecia,4,False,True
aedes,slate-ashen-arses-aides-aedes,5,False,True
aeger,slate-radar-anger-auger-aeger,5,False,True
aegis,slate-ashen-aegis,3,True,True
aeons,slate-ashen-aeons,3,False,True
aerie,slate-corgi-aerie,3,True,True
aeros,slate-ashen-aegis-aeros,4,False,True
aesir,slate-ashen-aegis-aesir,4,False,True
aevum,slate-radar-hyena-aevum,4,False,True
afald,slate-curia-loamy-afald,4,False,True
afanc,slate-churn-knack-afanc,4,False,True
afara,slate-churn-award-amaro-afara,5,False,True
afars,slate-curbs-grass-padre-roars-afars,6,False,True
afear,slate-radar-abear-afear,4,False,True
affix,slate-corny-mafia-affix,4,True,True
affly,slate-molar-daily-apply-affly,5,False,True
afion,slate-corny-wagon-axion-afion,5,False,True
afire,slate-corgi-afire,3,True,True
afizz,slate-corny-mafia-afizz,4,False,True
aflaj,slate-molar-lilac-gulag-bylaw-aflaj,6,False,True
aflap,slate-molar-lilac-gulag-bylaw-aflaj-aflap,7,False,False
aflow,slate-molar-aglow-ablow-aflow,5,False,True
afoam,slate-corny-adobo-afoam,4,False,True
afoot,slate-tabor-afoot,3,True,True
afore,slate-corgi-adore-afore,4,True,True
afoul,slate-molar-aioli-afoul,4,True,True
afret,slate-treed-watch-afret,4,False,True
afrit,slate-tabor-atria-afrit,4,False,True
afros,slate-oasis-comas-afros,4,False,True
after,slate-treed-watch-after,4,True,True
aftos,slate-antsy-astir-actas-aftos,5,False,True
again,slate-churn-again,3,True,True
agals,slate-psalm-defog-agals,4,False,True
agama,slate-churn-foamy-abamp-agama,5,False,True
agami,slate-churn-foamy-abamp-agama-agami,6,False,True
agamy,slate-churn-foamy-agamy,4,False,True
agape,slate-prick-agape,3,True,True
agars,slate-curbs-grass-agars,4,False,True
agasp,slate-curbs-awash-agasp,4,False,True
agast,slate-bronc-avast-agast,4,False,True
agate,slate-corgi-agate,3,True,True
agaty,slate-wrath-coati-agaty,4,False,True
agave,slate-prick-mewed-agave,4,True,True
agaze,slate-prick-mewed-agave-agaze,5,False,True
agbas,slate-oasis-wrung-agbas,4,False,True
agene,slate-corgi-vague-agene,4,False,True
agent,slate-treed-wheat-agent,4,True,True
agers,slate-ashen-aegis-agers,4,False,True
aggag,slate-corny-mafia-abjad-aggag,5,False,True
agger,slate-radar-anger-auger-aeger-agger,6,False,True
aggie,slate-corgi-aggie,3,True,True
aggri,slate-corny-rabid-prima-aggri,5,False,True
aggro,slate-corny-armor-agora-aggro,5,False,True
aggry,slate-corny-width-aggry,4,False,True
aghas,slate-oasis-wrung-agbas-aghas,5,False,True
agidi,slate-corny-mafia-hijab-aduki-agidi,6,False,True
agila,slate-molar-daily-agila,4,False,True
agile,slate-bangs-agile,3,True,True
aging,slate-corny-mixup-aging,4,True,True
agios,slate-oasis-adios-agios,4,False,True
agism,slate-oasis-agism,3,False,True
agist,slate-antsy-adust-agist,4,False,True
agita,slate-taint-agita,3,True,True
aglee,slate-bangs-agile-aglee,4,False,True
aglet,slate-paler-ablet-aglet,4,False,True
agley,slate-rangy-agley,3,False,True
agloo,slate-molar-aglow-agloo,4,False,True
aglow,slate-molar-aglow,3,True,True
aglus,slate-balsa-aglus,3,False,True
agmas,slate-oasis-wrung-agbas-aghas-agmas,6,False,True
agoge,slate-corgi-agoge,3,False,True
agogo,slate-corny-adobo-agogo,4,False,True
agone,slate-corgi-agone,3,False,True
agons,slate-oasis-comas-afros-agons,5,False,True
agony,slate-corny-agony,3,True,True
agood,slate-corny-adobo-agood,4,False,True
agora,slate-corny-armor-agora,4,True,True
agree,slate-corgi-agree,3,True,True
agria,slate-corny-parka-agria,4,False,True
agrin,slate-corny-quran-abrin-agrin,5,False,True
agros,slate-oasis-comas-afros-agros,5,False,True
agrum,slate-corny-parka-abrim-agrum,5,False,True
agued,slate-radar-amend-ached-abbed-adzed-agued,7,False,False
agues,slate-ashen-arses-aides-abbes-acmes-agues,7,False,False
aguey,slate-radar-hyena-abbey-aguey,5,False,True
aguna,slate-corny-mixup-fauna-abuna-aguna,6,False,True
agush,slate-oasis-bursa-agush,4,False,True
aguti,slate-taint-aguti,3,False,True
ahead,slate-radar-ahead,3,True,True
aheap,slate-radar-abeam-aheap,4,False,True
ahent,slate-treed-wheat-ahent,4,False,True
ahigh,slate-corny-mafia-hijab-ahigh,5,False,True
ahind,slate-corny-mixup-aging-ahind,5,False,True
ahing,slate-corny-mixup-aging-ahing,5,False,True
ahint,slate-tabor-untag-ahint,4,False,True
ahold,slate-molar-aioli-ahold,4,True,True
ahole,slate-bangs-apple-addle-ahole,5,False,True
ahull,slate-molar-daily-uvula-ahull,5,False,True
ahuru,slate-corny-rabid-augur-ahuru,5,False,True
aidas,slate-oasis-minas-aidas,4,False,True
aided,slate-radar-media-aided,4,True,True
aider,slate-radar-adder-aider,4,True,True
aides,slate-ashen-arses-aides,4,True,True
aidoi,slate-corny-adobo-aidoi,4,False,True
aidos,slate-oasis-adios-aidos,4,False,True
aiery,slate-radar-opera-acerb-aiery,5,False,True
aigas,slate-oasis-minas-aidas-aigas,5,False,True
aight,slate-tabor-untag-aight,4,False,True
ailed,slate-rangy-medal-abled-ailed,5,True,True
aimag,slate-corny-mafia-aimag,4,False,True
aimak,slate-corny-mafia-aimag-aimak,5,False,True
aimed,slate-radar-amend-aimed,4,True,True
aimer,slate-radar-anger-amber-aimer,5,False,True
ainee,slate-corgi-naive-ainee,4,False,True
ainga,slate-corny-admin-ainga,4,False,True
aioli,slate-molar-aioli,3,True,True
aired,slate-radar-armed-aired,4,True,True
airer,slate-radar-airer,3,False,True
airns,slate-oasis-minas-airns,4,False,True
airth,slate-taint-aguti-airth,4,False,True
airts,slate-nymph-vista-airts,4,False,True
aisle,slate-lapse-aisle,3,True,True
aitch,slate-tabor-untag-attic-aitch,5,False,True
aitus,slate-antsy-astir-aitus,4,False,True
aiver,slate-radar-anger-amber-acher-aiver,6,False,True
aixes,slate-ashen-arses-aides-aixes,5,False,True
aiyah,slate-corny-kayak-aiyah,4,False,True
aiyee,slate-corgi-naive-aiyee,4,False,True
aiyoh,slate-corny-bayou-aiyoh,4,False,True
aiyoo,slate-corny-bayou-aiyoh-aiyoo,5,False,True
aizle,slate-bangs-apple-addle-ahole-aizle,6,False,True
ajies,slate-ashen-arses-aides-abies-acies-ajies,7,False,False
ajiva,slate-corny-mafia-ajiva,4,False,True
ajuga,slate-corny-mafia-ajuga,4,False,True
ajupa,slate-corny-mafia-ajuga-ajupa,5,False,True
ajwan,slate-corny-admin-ajwan,4,False,True
akara,slate-churn-award-amaro-afara-akara,6,False,True
akees,slate-ashen-arses-aides-abbes-acmes-agues-akees,8,False,False
akela,slate-rangy-medal-akela,4,False,True
akene,slate-corgi-maybe-pupae-akene,5,False,True
aking,slate-corny-mixup-aging-ahing-aking,6,False,True
akita,slate-taint-agita-akita,4,False,True
akkas,slate-oasis-wrung-abbas-accas-addas-akkas,7,False,False
akker,slate-radar-anger-amber-acher-aiver-akker,7,False,False
akoia,slate-corny-adobo-afoam-akoia,5,False,True
akoja,slate-corny-adobo-afoam-akoia-akoja,6,False,True
akoya,slate-corny-bayou-akoya,4,False,True
aksed,slate-ashen-arses-absey-aksed,5,False,True
akses,slate-ashen-arses-akses,4,False,True
alaap,slate-prick-glamp-alaap,4,False,True
alack,slate-prick-black-flack-clack-alack,6,False,True
alala,slate-prick-gland-llama-alala,5,False,True
alamo,slate-prick-gland-llama-alamo,5,False,True
aland,slate-prick-gland-bland-aland,5,False,True
alane,slate-crumb-pudgy-flake-alane,5,False,True
alang,slate-prick-gland-alang,4,False,True
alans,slate-pecks-glass-flaws-alans,5,False,True
alant,slate-plant-alant,3,False,True
alapa,slate-prick-glamp-alapa,4,False,True
alaps,slate-pecks-flaps-alaps,4,False,True
alarm,slate-prick-alarm,3,True,True
alary,slate-prick-alarm-alary,4,False,True
alata,slate-alata,2,False,True
alate,slate-plate-elate-alate,4,False,True
alays,slate-pecks-glass-flaws-alans-alays,6,False,True
albas,slate-alias-albas,3,False,True
albee,slate-winks-algae-albee,4,False,True
albid,slate-agora-album-albid,4,False,True
album,slate-agora-album,3,True,True
alcea,slate-gonad-alley-alcea,4,False,True
alces,slate-fleas-alces,3,False,True
alcid,slate-agora-album-alcid,4,False,True
alcos,slate-alias-alcos,3,False,True
aldea,slate-gonad-alder-aldea,4,False,True
alder,slate-gonad-alder,3,True,True
aldol,slate-agora-allow-aldol,4,False,True
aleak,slate-gonad-bleak-aleak,4,False,True
aleck,slate-gonad-alley-aleck,4,False,True
alecs,slate-fleas-alecs,3,False,True
aleem,slate-gonad-alley-alcea-aleem,5,False,True
alefs,slate-fleas-alefs,3,False,True
aleft,slate-cleat-alert-aleft,4,False,True
aleph,slate-gonad-alley-aleck-aleph,5,False,True
alert,slate-cleat-alert,3,True,True
alews,slate-fleas-alecs-alews,4,False,True
aleye,slate-winks-algae-albee-aleye,5,False,True
alfas,slate-alias-albas-alfas,4,False,True
algae,slate-winks-algae,3,True,True
algal,slate-agora-algal,3,False,True
algas,slate-alias-albas-alfas-algas,5,False,True
algid,slate-agora-align-algid,4,False,True
algin,slate-agora-align-algin,4,False,True
algor,slate-agora-algor,3,False,True
algos,slate-alias-alcos-algos,4,False,True
algum,slate-agora-align-algum,4,False,True
alias,slate-alias,2,True,True
alibi,slate-agora-album-alibi,4,True,True
alick,slate-agora-album-alcid-alick,5,False,True
alien,slate-gonad-alien,3,True,True
alifs,slate-alias-alifs,3,False,True
align,slate-agora-align,3,True,True
alike,slate-winks-alike,3,True,True
alims,slate-alias-alifs-alims,4,False,True
aline,slate-winks-aline,3,True,True
alios,slate-alias-alifs-alims-alios,5,False,True
alist,slate-alist,2,False,True
alive,slate-winks-alive,3,True,True
aliya,slate-agora-alpha-aliya,4,False,True
alkie,slate-winks-alkie,3,False,True
alkin,slate-agora-album-alcid-alkin,5,False,True
alkos,slate-alias-alcos-algos-alkos,5,False,True
alkyd,slate-agora-album-alcid-alkyd,5,False,True
alkyl,slate-agora-album-alcid-alkyl,5,False,True
allan,slate-agora-allay-allan,4,True,True
allay,slate-agora-allay,3,True,True
allee,slate-winks-algae-albee-allee,5,False,True
allel,slate-gonad-alley-allel,4,False,True
allen,slate-gonad-alien-allen,4,True,True
aller,slate-gonad-alley-allel-aller,5,False,True
alley,slate-gonad-alley,3,True,True
allin,slate-agora-album-alcid-alkin-allin,6,False,True
allis,slate-alias-allis,3,False,True
allod,slate-agora-allow-alloy-allod,5,False,True
allot,slate-float-allot,3,True,True
allow,slate-agora-allow,3,True,True
alloy,slate-agora-allow-alloy,4,True,True
allus,slate-alias-alcos-allus,4,False,True
allyl,slate-agora-album-alcid-alkyl-allyl,6,False,True
almah,slate-agora-allay-almah,4,False,True
almas,slate-alias-albas-alfas-algas-almas,6,False,True
almeh,slate-gonad-alley-alcea-aleem-almeh,6,False,True
almes,slate-fleas-alces-almes,4,False,True
almud,slate-agora-album-almud,4,False,True
almug,slate-agora-align-algum-almug,5,False,True
alods,slate-alias-alcos-alods,4,False,True
aloed,slate-gonad-aloed,3,False,True
aloes,slate-fleas-alces-almes-aloes,5,False,True
aloft,slate-float-aloft,3,True,True
aloha,slate-agora-aloha,3,True,True
aloin,slate-agora-aloof-aloud-aloin,5,False,True
alone,slate-winks-alone,3,True,True
along,slate-agora-along,3,True,True
aloof,slate-agora-aloof,3,True,True
aloos,slate-alias-alcos-algos-alkos-aloos,6,False,True
alose,slate-alose,2,False,True
aloud,slate-agora-aloof-aloud,4,True,True
alowe,slate-winks-alowe,3,False,True
alpha,slate-agora-alpha,3,True,True
altar,slate-float-altar,3,True,True
alter,slate-cleat-alter,3,True,True
altho,slate-float-altho,3,False,True
altos,slate-alist-altos,3,False,True
alula,slate-agora-alpha-aliya-alula,5,False,True
alums,slate-alias-alcos-allus-alums,5,False,True
alumy,slate-agora-album-alumy,4,False,True
alure,slate-winks-algae-albee-alure,5,False,True
alurk,slate-agora-alurk,3,False,True
alvar,slate-agora-alvar,3,False,True
alway,slate-agora-allay-alway,4,True,True
amahs,slate-curbs-amass-amahs,4,False,True
amain,slate-churn-again-amain,4,False,True
amari,slate-churn-award-amaro-amari,5,False,True
amaro,slate-churn-award-amaro,4,True,True
amass,slate-curbs-amass,3,True,True
amate,slate-corgi-abate-amate,4,False,True
amaut,slate-grunt-amaut,3,False,True
amaze,slate-prick-mewed-amaze,4,True,True
amban,slate-corny-admin-amban,4,False,True
amber,slate-radar-anger-amber,4,True,True
ambit,slate-tabor-ambit,3,True,True
amble,slate-bangs-amble,3,True,True
ambos,slate-oasis-comas-ambos,4,False,True
ambry,slate-corny-width-aggry-ambry,5,False,True
ameba,slate-radar-apnea-aecia-ameba,5,False,True
ameer,slate-radar-anger-amber-ameer,5,False,True
amend,slate-radar-amend,3,True,True
amene,slate-corgi-maybe-amene,4,False,True
amens,slate-ashen-aeons-amens,4,False,True
ament,slate-treed-wheat-agent-ament,5,False,True
amias,slate-oasis-minas-amias,4,False,True
amice,slate-corgi-amice,3,False,True
amici,slate-corny-magic-amici,4,False,True
amide,slate-corgi-naive-abide-amide,5,False,True
amido,slate-corny-adobo-audio-amido,5,False,True
amids,slate-oasis-minas-amids,4,False,True
amies,slate-ashen-arses-aides-abies-acies-ajies-amies,8,False,False
amiga,slate-corny-mafia-amiga,4,False,True
amigo,slate-corny-adobo-amigo,4,True,True
amine,slate-corgi-naive-anime-amine,5,False,True
amino,slate-corny-amino,3,True,True
amins,slate-oasis-minas-amins,4,False,True
amirs,slate-oasis-minas-amids-amirs,5,False,True
amiss,slate-oasis-amiss,3,True,True
amity,slate-taint-agita-amity,4,True,True
amlas,slate-balsa-amlas,3,False,True
amman,slate-corny-admin-amman,4,True,True
ammas,slate-oasis-wrung-abbas-accas-addas-akkas-ammas,8,False,False
ammon,slate-corny-wagon-axion-aboon-ammon,6,False,True
ammos,slate-oasis-comas-ammos,4,False,True
amnia,slate-corny-admin-amnia,4,False,True
amnic,slate-corny-manic-amnic,4,False,True
amnio,slate-corny-wagon-amnio,4,False,True
amoks,slate-oasis-comas-ambos-amoks,5,False,True
amole,slate-bangs-apple-addle-ahole-amole,6,False,True
among,slate-corny-amino-among,4,True,True
amore,slate-corgi-adore-afore-abore-amore,6,False,True
amort,slate-tabor-amort,3,False,True
amour,slate-corny-armor-amour,4,True,True
amove,slate-corgi-abode-awoke-amove,5,False,True
amowt,slate-tabor-adopt-amowt,4,False,True
amped,slate-radar-amend-amped,4,True,True
ample,slate-bangs-apple-ample,4,True,True
amply,slate-molar-amply,3,True,True
ampul,slate-molar-amply-ampul,4,False,True
amrit,slate-tabor-atria-afrit-amrit,5,False,True
amuck,slate-corny-magic-amuck,4,True,True
amuse,slate-crump-amuse,3,True,True
amyls,slate-balsa-usual-acyls-amyls,5,False,True
anana,slate-churn-piano-aband-anana,5,False,True
anata,slate-wrath-coati-agaty-anata,5,False,True
ancho,slate-corny-bacon-ancho,4,True,True
ancle,slate-bangs-ankle-anole-ancle,5,False,True
ancon,slate-corny-bacon-ancon,4,False,True
andic,slate-corny-manic-andic,4,False,True
andro,slate-corny-adorn-andro,4,False,True
anear,slate-radar-abear-afear-anear,5,False,True
anele,slate-bangs-ankle-anole-ancle-anele,6,False,True
anent,slate-treed-wheat-agent-ament-anent,6,False,True
angas,slate-oasis-wrung-angas,4,False,True
angel,slate-rangy-angel,3,True,True
anger,slate-radar-anger,3,True,True
angle,slate-bangs-angle,3,True,True
anglo,slate-molar-aioli-anglo,4,True,True
angry,slate-corny-rangy-angry,4,True,True
angst,slate-antsy-angst,3,True,True
anigh,slate-corny-admin-ainga-anigh,5,False,True
anile,slate-bangs-ankle-anole-ancle-anele-anile,7,False,False
anils,slate-balsa-usual-acyls-anils,5,False,True
anima,slate-corny-admin-anima,4,True,True
anime,slate-corgi-naive-anime,4,True,True
animi,slate-corny-admin-anima-animi,5,False,True
anion,slate-corny-wagon-axion-afion-anion,6,False,True
anise,slate-crump-anise,3,True,True
anker,slate-radar-anger-anker,4,False,True
ankhs,slate-oasis-wrung-annas-ankhs,5,False,True
ankle,slate-bangs-ankle,3,True,True
ankus,slate-oasis-wrung-ankus,4,False,True
anlas,slate-balsa-amlas-anlas,4,False,True
annal,slate-molar-canal-annal,4,True,True
annan,slate-corny-admin-ajwan-annan,5,False,True
annas,slate-oasis-wrung-annas,4,True,True
annat,slate-tabor-untag-annat,4,False,True
annex,slate-radar-hyena-annex,4,True,True
annoy,slate-corny-annoy,3,True,True
annul,slate-molar-daily-annul,4,True,True
annum,slate-corny-admin-annum,4,True,True
annus,slate-oasis-wrung-ankus-annus,5,False,True
anoas,slate-oasis-comas-anoas,4,False,True
anode,slate-corgi-abode-anode,4,True,True
anole,slate-bangs-ankle-anole,4,True,True
anomy,slate-corny-annoy-anomy,4,False,True
ansae,slate-crump-anise-ansae,4,False,True
ansas,slate-oasis-ansas,3,False,True
antae,slate-bathe-vitae-antae,4,False,True
antar,slate-tabor-antar,3,False,True
antas,slate-antsy-antas,3,False,True
anted,slate-treed-gated-acted-anted,5,False,True
antes,slate-asset-antes,3,False,True
antic,slate-tabor-untag-antic,4,True,True
antis,slate-antsy-antas-antis,4,False,True
antra,slate-tabor-atria-antra,4,False,True
antre,slate-bathe-vitae-antre,4,False,True
antsy,slate-antsy,2,True,True
anura,slate-corny-urban-anura,4,False,True
anvil,slate-molar-daily-anvil,4,True,True
anyon,slate-corny-anyon,3,False,True
aorta,slate-taint-aorta,3,True,True
apace,slate-prick-apace,3,True,True
apage,slate-prick-agape-apage,4,False,True
apaid,slate-churn-foamy-abaka-apaid,5,False,True
apart,slate-grunt-apart,3,True,True
apayd,slate-churn-foamy-abaya-apayd,5,False,True
apays,slate-curbs-amass-adaws-apays,5,False,True
apeak,slate-radar-abeam-aheap-apeak,5,False,True
apeek,slate-radar-hyena-apeek,4,False,True
apers,slate-ashen-aegis-areas-abers-acers-apers,7,False,False
apert,slate-treed-avert-apert,4,False,True
apery,slate-radar-opera-apery,4,False,True
apgar,slate-corny-rabid-augur-apgar,5,False,True
aphid,slate-corny-mafia-aphid,4,True,True
aphis,slate-oasis-abris-aphis,4,False,True
apian,slate-corny-admin-avian-apian,5,False,True
aping,slate-corny-mixup-aping,4,True,True
apiol,slate-molar-aioli-apiol,4,False,True
apish,slate-oasis-agism-apish,4,False,True
apism,slate-oasis-agism-apism,4,False,True
apnea,slate-radar-apnea,3,True,True
apode,slate-corgi-abode-anode-apode,5,False,True
apods,slate-oasis-comas-afros-agons-apods,6,False,True
apols,slate-balsa-usual-acyls-anils-apols,6,False,True
apoop,slate-corny-adobo-apoop,4,False,True
aport,slate-tabor-amort-aport,4,False,True
appal,slate-molar-canal-axial-appal,5,False,True
appam,slate-corny-mafia-appam,4,False,True
appay,slate-corny-budge-hammy-appay,5,False,True
appel,slate-rangy-medal-acoel-appel,5,False,True
apple,slate-bangs-apple,3,True,True
apply,slate-molar-daily-apply,4,True,True
appro,slate-corny-armor-agora-appro,5,False,True
appts,slate-nymph-pasta-appts,4,False,True
appui,slate-corny-mafia-hijab-aduki-appui,6,False,True
appuy,slate-corny-budge-appuy,4,False,True
apres,slate-ashen-arses-acres-apres,5,False,True
apron,slate-corny-apron,3,True,True
apses,slate-ashen-arses-akses-apses,5,False,True
apsis,slate-oasis-apsis,3,False,True
apsos,slate-oasis-apsos,3,False,True
apted,slate-treed-gated-acted-anted-apted,6,False,True
apter,slate-treed-watch-after-apter,5,False,True
aptly,slate-taint-aptly,3,True,True
aquae,slate-corgi-maybe-pupae-aquae,5,False,True
aquas,slate-oasis-wrung-aquas,4,False,True
araba,slate-churn-bravo-araba,4,False,True
araks,slate-curbs-grass-wraps-araks,5,False,True
arame,slate-prick-grave-frame-arame,5,False,True
arars,slate-curbs-grass-wraps-araks-arars,6,False,True
arbah,slate-corny-rabid-umbra-arbah,5,False,True
arbas,slate-oasis-wrung-arras-arbas,5,False,True
arbor,slate-corny-armor-ardor-arbor,5,True,True
arced,slate-radar-armed-arced,4,True,True
archi,slate-corny-vicar-archi,4,False,True
arcos,slate-oasis-comas-acros-arcos,5,False,True
arcus,slate-oasis-wrung-arcus,4,False,True
ardeb,slate-radar-ardeb,3,False,True
ardor,slate-corny-armor-ardor,4,True,True
ardri,slate-corny-rabid-ardri,4,False,True
aread,slate-radar-aread,3,False,True
areae,slate-corgi-azure-areae,4,False,True
areal,slate-rangy-feral-areal,4,False,True
arear,slate-radar-arear,3,False,True
areas,slate-ashen-aegis-areas,4,True,True
areca,slate-radar-arena-areca,4,False,True
aredd,slate-radar-armed-aredd,4,False,True
arede,slate-corgi-azure-areae-arede,5,False,True
arefy,slate-radar-opera-arefy,4,False,True
areic,slate-radar-opera-arefy-areic,5,False,True
arena,slate-radar-arena,3,True,True
arene,slate-corgi-azure-areae-arede-arene,6,False,True
arepa,slate-radar-arena-areca-arepa,5,False,True
arere,slate-corgi-azure-arere,4,False,True
arete,slate-acute-arete,3,False,True
arets,slate-abets-arets,3,False,True
arett,slate-earth-arett,3,False,True
argal,slate-molar-rural-argal,4,False,True
argan,slate-corny-urban-argan,4,False,True
argil,slate-molar-larva-argil,4,False,True
argle,slate-bangs-agile-argle,4,False,True
argol,slate-molar-carol-argol,4,False,True
argon,slate-corny-adorn-argon,4,True,True
argot,slate-tabor-argot,3,True,True
argue,slate-corgi-argue,3,True,True
argus,slate-oasis-wrung-argus,4,True,True
arhat,slate-tabor-atria-arhat,4,False,True
arias,slate-oasis-minas-arias,4,True,True
ariel,slate-rangy-feral-ariel,4,False,True
ariki,slate-corny-rabid-prima-friar-ariki,6,False,True
arils,slate-balsa-usual-acyls-anils-arils,6,False,True
ariot,slate-tabor-argot-ariot,4,False,True
arise,slate-crump-arise,3,True,True
arish,slate-oasis-agism-apish-arish,5,False,True
arith,slate-taint-agita-amity-arith,5,False,True
arked,slate-radar-armed-arced-arked,5,False,True
arled,slate-rangy-feral-abler-arled,5,False,True
arles,slate-laser-arles,3,False,True
armed,slate-radar-armed,3,True,True
armer,slate-radar-airer-armer,4,False,True
armet,slate-treed-armet,3,False,True
armil,slate-molar-armil,3,False,True
armor,slate-corny-armor,3,True,True
arnas,slate-oasis-wrung-arnas,4,False,True
arnis,slate-oasis-abris-arnis,4,False,True
arnut,slate-tabor-atria-arnut,4,False,True
aroba,slate-corny-armor-aroba,4,False,True
aroha,slate-corny-armor-aroba-aroha,5,False,True
aroid,slate-corny-armor-aroba-aroid,5,False,True
aroma,slate-corny-armor-aroma,4,True,True
arose,slate-crump-arise-arose,4,True,True
arpas,slate-oasis-wrung-arras-arbas-arpas,6,False,True
arpen,slate-radar-opera-arpen,4,False,True
arrah,slate-corny-parka-abram-adrad-arrah,6,False,True
arras,slate-oasis-wrung-arras,4,True,True
array,slate-corny-parry-array,4,True,True
arret,slate-treed-armet-arret,4,False,True
arris,slate-oasis-abris-arris,4,False,True
arrow,slate-corny-arrow,3,True,True
arroz,slate-corny-arrow-arroz,4,False,True
arsed,slate-ashen-arses-arsed,4,False,True
arses,slate-ashen-arses,3,True,True
arsey,slate-ashen-arses-arsed-arsey,5,False,True
arsis,slate-oasis-apsis-arsis,4,False,True
arson,slate-oasis-arson,3,True,True
artal,slate-taint-aptly-artal,4,False,True
artel,slate-paler-artel,3,False,True
arter,slate-treed-armet-arter,4,False,True
artic,slate-tabor-atria-artic,4,False,True
artis,slate-antsy-astir-artis,4,False,True
artly,slate-taint-aptly-artly,4,False,True
artsy,slate-antsy-artsy,3,True,True
aruhe,slate-corgi-azure-aruhe,4,False,True
arums,slate-oasis-wrung-arums,4,False,True
arval,slate-molar-rural-argal-arval,5,False,True
arvee,slate-corgi-azure-areae-arvee,5,False,True
arvos,slate-oasis-comas-afros-arvos,5,False,True
aryls,slate-balsa-usual-acyls-amyls-aryls,6,False,True
asada,slate-curbs-awash-asada,4,False,True
asana,slate-curbs-awash-asada-asana,5,False,True
ascon,slate-oasis-ascon,3,False,True
ascot,slate-antsy-ascot,3,True,True
ascus,slate-oasis-abyss-ascus,4,False,True
asdic,slate-oasis-aspic-asdic,4,False,True
ashed,slate-ashen-ashed,3,True,True
ashen,slate-ashen,2,True,True
ashes,slate-ashen-ashed-ashes,4,True,True
ashet,slate-asset-ashet,3,False,True
aside,slate-crump-anise-aside,4,True,True
asity,slate-nymph-tasty-asity,4,False,True
askar,slate-oasis-bursa-askar,4,False,True
asked,slate-ashen-askew-asker-asked,5,True,True
asker,slate-ashen-askew-asker,4,True,True
askew,slate-ashen-askew,3,True,True
askoi,slate-oasis-askoi,3,False,True
askos,slate-oasis-askos,3,False,True
aspen,slate-ashen-aspen,3,True,True
asper,slate-ashen-askew-asses-asper,5,False,True
aspic,slate-oasis-aspic,3,True,True
aspie,slate-crump-passe-aspie,4,False,True
aspis,slate-oasis-aspis,3,False,True
aspro,slate-oasis-ascon-aspro,4,False,True
assai,slate-oasis-assai,3,False,True
assam,slate-oasis-assay-assam,4,False,True
assay,slate-oasis-assay,3,True,True
assed,slate-ashen-askew-asses-assed,5,False,True
asses,slate-ashen-askew-asses,4,True,True
asset,slate-asset,2,True,True
assez,slate-ashen-askew-asses-assed-assez,6,False,True
assot,slate-antsy-ascot-assot,4,False,True
aster,slate-asset-aster,3,True,True
astir,slate-antsy-astir,3,True,True
astun,slate-antsy-astun,3,False,True
asura,slate-oasis-bursa-asura,4,False,True
asway,slate-oasis-bursa-pshaw-asway,5,False,True
aswim,slate-oasis-aspic-aswim,4,False,True
asyla,slate-balsa-asyla,3,False,True
ataps,slate-bronc-avast-ataps,4,False,True
ataxy,slate-grunt-toady-ataxy,4,False,True
atigi,slate-tabor-untag-aight-atigi,5,False,True
atilt,slate-taint-atilt,3,False,True
atimy,slate-tabor-untag-admit-atimy,5,False,True
atlas,slate-atlas,2,True,True
atman,slate-tabor-untag-atman,4,False,True
atmas,slate-antsy-ascot-atmas,4,False,True
atmos,slate-antsy-ascot-atmos,4,False,True
atocs,slate-antsy-ascot-atocs,4,False,True
atoke,slate-bathe-atone-atoke,4,False,True
atoks,slate-antsy-ascot-atoms-atoks,5,False,True
atoll,slate-taint-aptly-atoll,4,True,True
atoms,slate-antsy-ascot-atoms,4,True,True
atomy,slate-tabor-adopt-atomy,4,False,True
atone,slate-bathe-atone,3,True,True
atony,slate-tabor-adopt-atomy-atony,5,False,True
atopy,slate-tabor-adopt-atopy,4,False,True
atria,slate-tabor-atria,3,True,True
atrip,slate-tabor-atria-atrip,4,False,True
attap,slate-tabor-untag-attap,4,False,True
attar,slate-tabor-antar-attar,4,False,True
attas,slate-antsy-astir-actas-attas,5,False,True
atter,slate-treed-watch-after-apter-atter,6,False,True
attic,slate-tabor-untag-attic,4,True,True
atuas,slate-antsy-ascot-atmas-atuas,5,False,True
aucht,slate-tabor-untag-audit-aucht,5,False,True
audad,slate-corny-mafia-abjad-audad,5,False,True
audax,slate-corny-mafia-abjad-addax-audax,6,False,True
audio,slate-corny-adobo-audio,4,True,True
audit,slate-tabor-untag-audit,4,True,True
augen,slate-radar-hyena-annex-augen,5,False,True
auger,slate-radar-anger-auger,4,True,True
auges,slate-ashen-arses-aides-abbes-acmes-agues-auges,8,False,False
aught,slate-tabor-untag-aught,4,True,True
augur,slate-corny-rabid-augur,4,True,True
aulas,slate-balsa-amlas-anlas-aulas,5,False,True
aulic,slate-molar-dally-cilia-aulic,5,False,True
auloi,slate-molar-aglow-auloi,4,False,True
aulos,slate-balsa-aglus-aulos,4,False,True
aumil,slate-molar-amply-aumil,4,False,True
aunes,slate-ashen-acnes-aunes,4,False,True
aunts,slate-nymph-wants-aunts,4,True,True
aunty,slate-taint-junta-aunty,4,True,True
aurae,slate-corgi-barre-aurae,4,False,True
aural,slate-molar-rural-aural,4,True,True
aurar,slate-corny-parka-abram-adrad-arrah-aurar,7,False,False
auras,slate-oasis-wrung-auras,4,False,True
aurei,slate-radar-opera-aurei,4,False,True
aures,slate-ashen-arses-acres-apres-aures,6,False,True
auric,slate-corny-march-acrid-auric,5,False,True
auris,slate-oasis-abris-arris-auris,5,False,True
aurum,slate-corny-parka-abrim-agrum-aurum,6,False,True
autos,slate-antsy-astir-actas-aftos-autos,6,False,True
auxin,slate-corny-admin-auxin,4,False,True
avail,slate-curia-avail,3,True,True
avale,slate-leave-avale,3,False,True
avant,slate-grunt-chant-avant,4,True,True
avast,slate-bronc-avast,3,True,True
avels,slate-laser-avels,3,False,True
avens,slate-ashen-aeons-amens-avens,5,False,True
avers,slate-ashen-aegis-areas-abers-acers-apers-avers,8,False,False
avert,slate-treed-avert,3,True,True
avgas,slate-oasis-wrung-agbas-avgas,5,False,True
avian,slate-corny-admin-avian,4,True,True
avine,slate-corgi-naive-avine,4,False,True
avion,slate-corny-wagon-axion-afion-anion-avion,7,False,False
avise,slate-crump-anise-avise,4,False,True
aviso,slate-oasis-askoi-aviso,4,False,True
avize,slate-corgi-naive-avize,4,False,True
avoid,slate-corny-adobo-avoid,4,True,True
avows,slate-oasis-comas-afros-agons-apods-avows,7,False,False
avyze,slate-corgi-maybe-avyze,4,False,True
await,slate-grunt-adapt-await,4,True,True
awake,slate-prick-quake-awake,4,True,True
award,slate-churn-award,3,True,True
aware,slate-prick-aware,3,True,True
awari,slate-churn-award-awari,4,False,True
awarn,slate-churn-awarn,3,False,True
awash,slate-curbs-awash,3,True,True
awato,slate-wrath-awato,3,False,True
awave,slate-prick-mewed-awave,4,False,True
aways,slate-curbs-amass-adaws-aways,5,False,True
awdls,slate-balsa-usual-acyls-anils-apols-awdls,7,False,False
aweel,slate-rangy-medal-acoel-appel-aweel,6,False,True
aweto,slate-earth-aceta-aweto,4,False,True
awful,slate-molar-daily-annul-awful,5,True,True
awing,slate-corny-mixup-aging-ahing-aking-awing,7,False,False
awkin,slate-corny-admin-auxin-awkin,5,False,True
awmry,slate-corny-width-awmry,4,False,True
awned,slate-radar-amend-acned-awned,5,False,True
awner,slate-radar-anger-awner,4,False,True
awoke,slate-corgi-abode-awoke,4,True,True
awols,slate-balsa-usual-acyls-anils-apols-awols,7,False,False
awork,slate-corny-armor-agora-abord-awork,6,False,True
axels,slate-laser-avels-axels,4,False,True
axial,slate-molar-canal-axial,4,True,True
axile,slate-bangs-apple-addle-ahole-aizle-axile,7,False,False
axils,slate-balsa-usual-acyls-anils-arils-axils,7,False,False
axing,slate-corny-mixup-axing,4,True,True
axiom,slate-corny-adobo-axiom,4,True,True
axion,slate-corny-wagon-axion,4,True,True
axite,slate-acute-arete-axite,4,False,True
axled,slate-rangy-medal-abled-ailed-axled,6,False,True
axles,slate-laser-axles,3,True,True
axman,slate-corny-admin-amman-axman,5,False,True
axmen,slate-radar-hyena-annex-axmen,5,False,True
axoid,slate-corny-adobo-avoid-axoid,5,False,True
axone,slate-corgi-abode-awoke-amove-axone,6,False,True
axons,slate-oasis-comas-afros-agons-axons,6,False,True
ayahs,slate-curbs-amass-adaws-apays-ayahs,6,False,True
ayaya,slate-churn-foamy-abaya-ayaya,5,False,True
ayelp,slate-rangy-ayelp,3,False,True
aygre,slate-corgi-argue-aygre,4,False,True
ayins,slate-oasis-minas-ayins,4,False,True
aymag,slate-corny-kayak-aymag,4,False,True
ayont,slate-tabor-adopt-amowt-ayont,5,False,True
ayres,slate-ashen-arses-acres-apres-aures-ayres,7,False,False
ayrie,slate-corgi-aerie-ayrie,4,False,True
azans,slate-curbs-amass-adaws-apays-azans,6,False,True
azide,slate-corgi-naive-abide-amide-azide,6,False,True
azido,slate-corny-adobo-audio-amido-azido,6,False,True
azine,slate-corgi-naive-anime-azine,5,False,True
azlon,slate-molar-aglow-auloi-azlon,5,False,True
azoic,slate-corny-macho-acock-azoic,5,False,True
azole,slate-bangs-apple-addle-ahole-amole-azole,7,False,False
azons,slate-oasis-comas-afros-agons-axons-azons,7,False,False
azote,slate-acute-arete-axite-azote,5,False,True
azoth,slate-taint-aorta-azoth,4,False,True
azuki,slate-corny-mafia-hijab-aduki-azuki,6,False,True
azure,slate-corgi-azure,3,True,True
azurn,slate-corny-urban-azurn,4,False,True
azury,slate-corny-width-aggry-ambry-azury,6,False,True
azygy,slate-corny-budge-azygy,4,False,True
azyme,slate-corgi-maybe-azyme,4,False,True
azyms,slate-oasis-wrung-abbas-azyms,5,False,True
baaed,slate-derby-baaed,3,False,True
baals,slate-psalm-defog-vials-baals,5,False,True
baaps,slate-curbs-baaps,3,False,True
babas,slate-oasis-brand-backs-babas,5,False,True
babby,slate-corny-budge-byway-babby,5,False,True
babel,slate-rangy-label-babel,4,True,True
babes,slate-ashen-frock-gumbo-bases-babes,6,True,True
babka,slate-corny-mafia-babka,4,True,True
baboo,slate-corny-adobo-baboo,4,False,True
babul,slate-molar-daily-laugh-babul,5,False,True
babus,slate-oasis-brand-backs-babas-babus,6,False,True
bacca,slate-corny-magic-dacha-bacca,5,False,True
bacco,slate-corny-macho-wacko-bacco,5,False,True
baccy,slate-corny-wacky-baccy,4,False,True
bacha,slate-corny-magic-dacha-bacha,5,False,True
bachs,slate-oasis-brand-backs-bachs,5,False,True
backs,slate-oasis-brand-backs,4,True,True
backy,slate-corny-wacky-hacky-jacky-backy,6,False,True
bacne,slate-corgi-dance-bacne,4,False,True
bacon,slate-corny-bacon,3,True,True
badam,slate-corny-mafia-badam,4,False,True
baddy,slate-corny-budge-baddy,4,False,True
badge,slate-corgi-badge,3,True,True
badly,slate-molar-daily-badly,4,True,True
baels,slate-laser-baels,3,False,True
baffs,slate-oasis-brand-backs-babas-baffs,6,False,True
baffy,slate-corny-budge-byway-babby-baffy,6,False,True
bafta,slate-taint-party-facto-bafta,5,False,True
bafts,slate-nymph-vista-dwarf-facts-bafts,6,False,True
bagel,slate-rangy-bagel,3,True,True
baggy,slate-corny-budge-baggy,4,True,True
baghs,slate-oasis-brand-backs-babas-baffs-baghs,7,False,False
bagie,slate-corgi-aggie-bagie,4,False,True
bagsy,slate-oasis-marsh-pansy-bagsy,5,False,True
bagua,slate-corny-mafia-babka-bagua,5,False,True
bahts,slate-nymph-harts-bahts,4,False,True
bahus,slate-oasis-brand-backs-babas-baffs-baghs-bahus,8,False,False
bahut,slate-tabor-batch-bahut,4,False,True
baiks,slate-oasis-ripen-maids-baiks,5,False,True
baile,slate-bangs-baile,3,False,True
bails,slate-balsa-basil-bails,4,True,True
bairn,slate-corny-urban-bairn,4,False,True
baisa,slate-oasis-daisy-baisa,4,False,True
baith,slate-taint-faith-baith,4,False,True
baits,slate-nymph-vista-baits,4,True,True
baiza,slate-corny-mafia-baiza,4,False,True
baize,slate-corgi-naive-maize-baize,5,False,True
bajan,slate-corny-admin-pagan-bajan,5,False,True
bajra,slate-corny-rabid-bajra,4,False,True
bajri,slate-corny-rabid-bajri,4,False,True
bajus,slate-oasis-brand-backs-babas-baffs-baghs-bajus,8,False,False
baked,slate-radar-funky-baked,4,True,True
baken,slate-radar-cameo-waxen-haven-baken,6,False,True
baker,slate-radar-pygmy-wafer-baker,5,True,True
bakes,slate-ashen-frock-wimpy-bakes,5,True,True
bakra,slate-corny-rabid-bajra-bakra,5,False,True
balas,slate-balsa-balas,3,False,True
balds,slate-balsa-balls-balds,4,False,True
baldy,slate-molar-dally-baldy,4,True,True
baled,slate-rangy-label-baled,4,True,True
baler,slate-rangy-paler-baler,4,True,True
bales,slate-laser-whomp-vying-bales,5,True,True
balks,slate-balsa-balls-balds-balks,5,False,True
balky,slate-molar-dally-balky,4,True,True
ballo,slate-molar-aglow-ballo,4,False,True
balls,slate-balsa-balls,3,True,True
bally,slate-molar-dally-wombs-bally,5,True,True
balms,slate-balsa-balls-balds-balks-balms,6,False,True
balmy,slate-molar-balmy,3,True,True
baloi,slate-molar-aglow-baloi,4,False,True
balon,slate-molar-aglow-baloi-balon,5,False,True
baloo,slate-molar-aglow-baloi-balon-baloo,6,False,True
balot,slate-taint-fault-balot,4,False,True
balsa,slate-balsa,2,True,True
balti,slate-waltz-malty-balti,4,False,True
balun,slate-molar-dally-aalii-balun,5,False,True
balus,slate-balsa-balls-balds-balks-balms-balus,7,False,False
balut,slate-taint-fault-balut,4,False,True
bamas,slate-oasis-brand-backs-babas-bamas,6,False,True
bambi,slate-corny-mafia-bambi,4,False,True
bamma,slate-corny-mafia-gamma-bamma,5,False,True
bammy,slate-corny-budge-byway-babby-baffy-bammy,7,False,False
banak,slate-corny-admin-ganja-banak,5,False,True
banal,slate-molar-canal-banal,4,True,True
banco,slate-corny-bacon-banco,4,True,True
bancs,slate-oasis-brand-bangs-banks-bancs,6,False,True
banda,slate-corny-admin-panda-banda,5,True,True
bandh,slate-corny-admin-panda-bandh,5,False,True
bands,slate-oasis-brand-bands,4,True,True
bandy,slate-corny-handy-dandy-bandy,5,True,True
baned,slate-radar-funky-caned-waned-baned,6,False,True
banes,slate-ashen-wanes-canes-banes,5,False,True
bangs,slate-oasis-brand-bangs,4,True,True
bania,slate-corny-admin-bania,4,False,True
banjo,slate-corny-wagon-banjo,4,True,True
banks,slate-oasis-brand-bangs-banks,5,True,True
banky,slate-corny-handy-mangy-janky-banky,6,False,True
banns,slate-oasis-brand-banns,4,False,True
bants,slate-nymph-wants-rants-bants,5,False,True
bantu,slate-taint-panty-manta-bantu,5,False,True
banty,slate-taint-panty-banty,4,False,True
bantz,slate-taint-panty-manta-bantu-bantz,6,False,True
banya,slate-corny-mayan-banya,4,False,True
baons,slate-oasis-baons,3,False,True
baozi,slate-corny-adobo-baozi,4,False,True
bappu,slate-corny-mafia-bappu,4,False,True
bapus,slate-oasis-brand-backs-babas-baffs-baghs-bajus-bapus,9,False,False
barbe,slate-corgi-barre-barbe,4,False,True
barbs,slate-oasis-brand-barbs,4,True,True
barby,slate-corny-parry-hardy-barby,5,False,True
barca,slate-corny-march-barca,4,False,True
barde,slate-corgi-barre-barbe-barde,5,False,True
bardo,slate-corny-arrow-bardo,4,True,True
bards,slate-oasis-brand-bards,4,True,True
bardy,slate-corny-parry-hardy-bardy,5,False,True
bared,slate-radar-epoch-faded-bared,5,True,True
barer,slate-radar-carer-barer,4,True,True
bares,slate-ashen-frock-wormy-dares-bares,6,False,True
barfi,slate-corny-parka-barfi,4,False,True
barfs,slate-oasis-brand-barbs-barks-barfs,6,False,True
barfy,slate-corny-parry-hardy-barby-barfy,6,False,True
barge,slate-corgi-barge,3,True,True
baric,slate-corny-march-baric,4,False,True
barks,slate-oasis-brand-barbs-barks,5,True,True
barky,slate-corny-parry-hardy-barby-barfy-barky,7,False,False
barms,slate-oasis-brand-barbs-barks-barfs-barms,7,False,False
barmy,slate-corny-parry-hardy-barby-barfy-barky-barmy,8,False,False
barns,slate-oasis-brand-barns,4,True,True
barny,slate-corny-barny,3,False,True
baron,slate-corny-apron-baron,4,True,True
barps,slate-oasis-brand-barbs-barks-barfs-barms-barps,8,False,False
barra,slate-corny-parka-barra,4,False,True
barre,slate-corgi-barre,3,True,True
barro,slate-corny-arrow-barro,4,False,True
barry,slate-corny-parry-marry-harry-barry,6,True,True
barye,slate-corgi-barre-barbe-barde-barye,6,False,True
basal,slate-balsa-basal,3,True,True
basan,slate-oasis-raspy-masha-basan,5,False,True
basas,slate-oasis-wreck-gasps-basas,5,False,True
based,slate-ashen-frock-gumbo-bases-based,6,True,True
basen,slate-ashen-basen,3,False,True
baser,slate-ashen-frock-wormy-rages-baser,6,False,True
bases,slate-ashen-frock-gumbo-bases,5,True,True
basha,slate-oasis-raspy-masha-basha,5,False,True
basho,slate-oasis-mason-basho,4,False,True
basic,slate-oasis-basic,3,True,True
basij,slate-oasis-basic-basin-basij,5,False,True
basil,slate-balsa-basil,3,True,True
basin,slate-oasis-basic-basin,4,True,True
basis,slate-oasis-basis,3,True,True
basks,slate-oasis-wreck-masks-basks,5,False,True
bason,slate-oasis-mason-bason,4,False,True
basse,slate-crump-anise-basse,4,False,True
bassi,slate-oasis-bassi,3,False,True
basso,slate-oasis-basso,3,False,True
bassy,slate-oasis-gassy-bassy,4,False,True
basta,slate-nymph-vista-costa-basta,5,False,True
baste,slate-teach-wombs-baste,4,True,True
basti,slate-nymph-vista-basti,4,False,True
basto,slate-nymph-vista-casts-basto,5,False,True
basts,slate-nymph-vista-casts-basts,5,False,True
batch,slate-tabor-batch,3,True,True
bated,slate-treed-gated-thumb-bated,5,True,True
bates,slate-asset-butch-bates,4,True,True
bathe,slate-bathe,2,True,True
baths,slate-antsy-wombs-baths,4,True,True
batik,slate-tabor-batch-batik,4,True,True
baton,slate-tabor-baton,3,True,True
batos,slate-antsy-wombs-batos,4,False,True
batta,slate-taint-scrap-fatty-batta,5,False,True
batts,slate-nymph-vista-dwarf-abuts-batts,6,False,True
battu,slate-taint-scrap-fatty-batta-battu,6,False,True
batty,slate-taint-scrap-fatty-batty,5,True,True
bauds,slate-oasis-brand-bauds,4,False,True
bauks,slate-oasis-brand-backs-bauks,5,False,True
baulk,slate-molar-daily-caulk-baulk,5,False,True
baurs,slate-oasis-brand-barbs-baurs,5,False,True
bavin,slate-corny-admin-fagin-bavin,5,False,True
bawds,slate-oasis-brand-bauds-bawds,5,False,True
bawdy,slate-corny-budge-bawdy,4,True,True
bawks,slate-oasis-brand-backs-bauks-bawks,6,False,True
bawls,slate-balsa-basil-bawls,4,False,True
bawns,slate-oasis-brand-banns-bawns,5,False,True
bawrs,slate-oasis-brand-barbs-baurs-bawrs,6,False,True
bawty,slate-taint-party-bawty,4,False,True
bayas,slate-oasis-brand-backs-babas-bamas-bayas,7,False,False
bayed,slate-radar-funky-bayed,4,True,True
bayer,slate-radar-pygmy-bayer,4,False,True
bayes,slate-ashen-frock-gumbo-bases-babes-bayes,7,False,False
bayle,slate-bangs-baile-bayle,4,False,True
bayou,slate-corny-bayou,3,True,True
bayts,slate-nymph-tasty-bayts,4,False,True
bazar,slate-corny-rabid-bajra-bazar,5,False,True
bazas,slate-oasis-brand-backs-babas-bamas-bayas-bazas,8,False,False
bazoo,slate-corny-adobo-baboo-bazoo,5,False,True
bball,slate-curia-loamy-afald-bball,5,False,True
bdays,slate-curbs-baaps-bdays,4,False,True
beach,slate-derby-beach,3,True,True
beads,slate-redub-beads,3,True,True
beady,slate-derby-beady,3,True,True
beaks,slate-redub-yanks-beaks,4,True,True
beaky,slate-derby-beaky,3,False,True
beals,slate-leash-verde-meals-beals,5,False,True
beams,slate-redub-yanks-beams,4,True,True
beamy,slate-derby-beaky-beamy,4,False,True
beano,slate-derby-beach-beaux-beano,5,False,True
beans,slate-redub-yanks-beans,4,True,True
beany,slate-derby-beaky-beamy-beany,5,False,True
beard,slate-derby-beard,3,True,True
beare,slate-prick-aware-deare-beare,5,False,True
bears,slate-redub-bears,3,True,True
beast,slate-tufty-beast,3,True,True
beath,slate-heath-death-neath-beath,5,False,True
beats,slate-thumb-beats,3,True,True
beaty,slate-heath-meaty-peaty-beaty,5,False,True
beaus,slate-redub-beaus,3,False,True
beaut,slate-enact-heart-beaut,4,True,True
beaux,slate-derby-beach-beaux,4,True,True
bebop,slate-diner-geeky-bebop,4,True,True
becap,slate-radar-began-becap,4,False,True
becke,slate-doing-scrum-becke,4,False,True
becks,slate-runes-chess-wiped-becks,5,True,True
bedad,slate-radar-bedad,3,False,True
bedel,slate-never-jewel-bezel-bedel,5,False,True
bedes,slate-runes-feces-bedes,4,False,True
bedew,slate-diner-moped-bedew,4,False,True
bedim,slate-diner-medic-bedim,4,False,True
bedye,slate-doing-crude-bedye,4,False,True
beech,slate-diner-geeky-beech,4,True,True
beedi,slate-diner-medic-beedi,4,False,True
beefs,slate-runes-chess-dweeb-beefs,5,True,True
beefy,slate-diner-geeky-beefy,4,True,True
beeps,slate-runes-chess-dweeb-beefs-beeps,6,True,True
beers,slate-runes-press-verbs-beers,5,True,True
beery,slate-diner-merry-beery,4,False,True
beets,slate-testy-grind-beets,4,True,True
befit,slate-titer-edict-inept-befit,5,True,True
befog,slate-diner-geeky-befog,4,True,True
begad,slate-radar-decay-begad,4,False,True
began,slate-radar-began,3,True,True
begar,slate-radar-begar,3,False,True
begat,slate-treed-expat-begat,4,True,True
begem,slate-diner-chomp-begem,4,False,True
beget,slate-titer-venue-beget,4,True,True
begin,slate-diner-eking-begin,4,True,True
begob,slate-diner-geeky-befog-begob,5,False,True
begot,slate-titer-pouch-begot,4,True,True
begum,slate-diner-geeky-befog-begum,5,False,True
begun,slate-diner-enjoy-begun,4,True,True
beige,slate-doing-gripe-beige,4,True,True
beigy,slate-diner-emoji-weigh-beigy,5,False,True
being,slate-diner-eking-being,4,True,True
beins,slate-runes-peeve-necks-beins,5,False,True
beira,slate-radar-opera-zebra-beira,5,False,True
beisa,slate-ashen-resaw-beisa,4,False,True
bekah,slate-radar-began-becap-bekah,5,False,True
belah,slate-rangy-medal-belah,4,False,True
belar,slate-rangy-feral-belar,4,False,True
belay,slate-rangy-delay-belay,4,True,True
belch,slate-never-bough-belch,4,True,True
belee,slate-bingo-belle-belee,4,False,True
belga,slate-rangy-belga,3,False,True
belie,slate-bingo-belie,3,True,True
belit,slate-intel-legit-relit-belit,5,False,True
belle,slate-bingo-belle,3,True,True
belli,slate-never-bough-belly-belli,5,False,True
bello,slate-never-bough-below-bello,5,True,True
bells,slate-loser-cheep-belay-bells,5,True,True
belly,slate-never-bough-belly,4,True,True
belon,slate-never-melon-felon-belon,5,False,True
below,slate-never-bough-below,4,True,True
belts,slate-plumb-belts,3,True,True
belve,slate-bingo-belle-belee-belve,5,False,True
bemad,slate-radar-decay-begad-bemad,5,False,True
bemas,slate-ashen-resaw-degas-bemas,5,False,True
bemix,slate-diner-emoji-bemix,4,False,True
bemud,slate-diner-weedy-bemud,4,False,True
bench,slate-diner-xenon-bench,4,True,True
bends,slate-runes-bends,3,True,True
bendy,slate-diner-bendy,3,True,True
benes,slate-runes-crimp-jumbo-benes,5,False,True
benet,slate-titer-venue-benet,4,False,True
benga,slate-radar-hyena-genoa-benga,5,False,True
benis,slate-runes-bends-benis,4,False,True
benji,slate-diner-ennui-benji,4,False,True
benne,slate-doing-penne-benne,4,False,True
benni,slate-diner-ennui-benni,4,False,True
benny,slate-diner-xenon-penny-benny,5,True,True
bento,slate-pinch-bento,3,True,True
bents,slate-testy-grind-cents-vents-bents,6,False,True
benty,slate-pinch-bento-benty,4,False,True
bepat,slate-treed-expat-bepat,4,False,True
beray,slate-radar-wombs-break-beray,5,False,True
beres,slate-runes-porch-fires-beres,5,False,True
beret,slate-titer-greet-beret,4,True,True
bergs,slate-runes-press-throb-verbs-bergs,6,False,True
berko,slate-diner-merry-perch-xerox-berko,6,False,True
berks,slate-runes-press-throb-verbs-bergs-berks,7,False,False
berme,slate-doing-scrum-berme,4,False,True
berms,slate-runes-press-throb-verbs-bergs-berks-berms,8,False,False
berob,slate-diner-merry-perch-xerox-berob,6,False,True
berry,slate-diner-merry-berry,4,True,True
berth,slate-pinch-teeth-berth,4,True,True
beryl,slate-never-reply-beryl,4,True,True
besat,slate-asset-besat,3,False,True
besaw,slate-ashen-resaw-besaw,4,False,True
besee,slate-rosin-besee,3,False,True
beses,slate-runes-feces-bedes-beses,5,False,True
beset,slate-cruet-onset-beset,4,True,True
besit,slate-cruet-heist-besit,4,False,True
besom,slate-runes-messy-besom,4,False,True
besot,slate-cruet-heist-besot,4,True,True
besti,slate-testy-pesto-yearn-vests-besti,6,False,True
bests,slate-testy-pesto-yearn-vests-bests,6,False,True
betas,slate-asset-betas,3,False,True
beted,slate-titer-often-meted-beted,5,False,True
betel,slate-intel-motel-betel,4,True,True
betes,slate-cruet-timon-bytes-betes,5,False,True
beths,slate-cruet-ethos-beths,4,False,True
betid,slate-titer-fetid-betid,4,False,True
beton,slate-titer-fetch-detox-beton,5,False,True
betta,slate-earth-aceta-betta,4,False,True
betty,slate-pinch-jetty-betty,4,False,True
bevan,slate-radar-began-bevan,4,False,True
bevel,slate-never-level-bevel,4,True,True
bever,slate-diner-whomp-fryer-queer-bever,6,False,True
bevor,slate-diner-recur-bevor,4,False,True
bevue,slate-doing-scrum-queue-bevue,5,False,True
bevvy,slate-diner-geeky-peppy-jemmy-bevvy,6,False,True
bewdy,slate-diner-weedy-bewdy,4,False,True
bewet,slate-titer-venue-beget-bewet,5,False,True
bewig,slate-diner-emoji-weigh-bewig,5,False,True
bezel,slate-never-jewel-bezel,4,True,True
bezes,slate-runes-feces-bedes-beses-bezes,6,False,True
bezil,slate-never-bough-belly-bezil,5,False,True
bezzy,slate-diner-geeky-peppy-jemmy-bevvy-bezzy,7,False,False
bhais,slate-curbs-baaps-bdays-bhais,5,False,True
bhaji,slate-churn-khaki-bhaji,4,False,True
bhang,slate-churn-whang-bhang,4,False,True
bhats,slate-combo-brats-bhats,4,False,True
bhava,slate-churn-khaki-bhava,4,False,True
bhels,slate-loser-cheep-bhels,4,False,True
bhoot,slate-count-divot-bhoot,4,False,True
bhuna,slate-corny-mixup-fauna-bhuna,5,False,True
bhuts,slate-forum-dusty-units-bhuts,5,False,True
biach,slate-churn-poach-biach,4,False,True
biali,slate-curia-liang-biali,4,False,True
bialy,slate-curia-liang-biali-bialy,5,False,True
bibbs,slate-hokum-crisp-dweeb-bibbs,5,False,True
bibes,slate-runes-feces-moped-vichy-bikes-bibes,7,False,False
bibis,slate-hokum-crisp-dweeb-bibbs-bibis,6,False,True
bible,slate-bingo-bible,3,True,True
biccy,slate-crony-mucky-vichy-biccy,5,False,True
bicep,slate-diner-bicep,3,True,True
bices,slate-runes-feces-vices-bices,5,False,True
bicky,slate-crony-mucky-picky-dicky-bicky,6,False,True
biddy,slate-crony-dumpy-giddy-biddy,5,True,True
bided,slate-diner-video-bided,4,True,True
bider,slate-diner-crewe-rider-hider-bider,6,False,True
bides,slate-runes-feces-moped-hides-bides,6,False,True
bidet,slate-titer-bidet,3,True,True
bidis,slate-hokum-crisp-dweeb-binds-bidis,6,False,True
bidon,slate-crony-bough-bidon,4,False,True
bidri,slate-crony-quirk-bidri,4,False,True
bield,slate-never-wispy-field-bield,5,False,True
biers,slate-runes-press-verbs-biers,5,False,True
biffo,slate-crony-bough-bipod-bimbo-biffo,6,False,True
biffs,slate-hokum-crisp-dweeb-bibbs-biffs,6,False,True
biffy,slate-crony-dumpy-jiffy-biffy,5,False,True
bifid,slate-crony-kudzu-vivid-bifid,5,False,True
bigae,slate-corgi-aggie-bigae,4,False,True
biggs,slate-hokum-crisp-dweeb-bibbs-biffs-biggs,7,False,False
biggy,slate-crony-dumpy-jiffy-biggy,5,False,True
bigha,slate-corny-mafia-pizza-bigha,5,False,True
bight,slate-count-dwarf-might-tight-bight,6,False,True
bigly,slate-dilly-girly-bigly,4,False,True
bigos,slate-hokum-cross-bigos,4,False,True
bigot,slate-count-divot-bigot,4,True,True
bihon,slate-crony-bough-bihon,4,False,True
bijou,slate-crony-bough-buxom-bijou,5,True,True
biked,slate-diner-video-biped-biked,5,True,True
biker,slate-diner-parka-biker,4,True,True
bikes,slate-runes-feces-moped-vichy-bikes,6,True,True
bikie,slate-doing-puree-bikie,4,False,True
bikky,slate-crony-dumpy-jiffy-biggy-bikky,6,False,True
bilal,slate-molar-lilac-bilal,4,False,True
bilat,slate-taint-bilat,3,False,True
bilbo,slate-dilly-zilch-bilbo,4,True,True
bilby,slate-dilly-milky-bilby,4,False,True
biled,slate-never-dumpy-oiled-filed-wiled-biled,7,False,False
biles,slate-loser-wimpy-files-biles,5,False,True
bilge,slate-bingo-bilge,3,True,True
bilgy,slate-dilly-milky-bilby-bilgy,5,False,True
bilks,slate-locus-whomp-rugby-bills-bilks,6,False,True
bills,slate-locus-whomp-rugby-bills,5,True,True
billy,slate-dilly-whiff-billy,4,True,True
bimah,slate-corny-mafia-bimah,4,False,True
bimas,slate-oasis-minas-bimas,4,False,True
bimbo,slate-crony-bough-bipod-bimbo,5,True,True
binal,slate-molar-canal-final-binal,5,False,True
bindi,slate-crony-unzip-bindi,4,False,True
binds,slate-hokum-crisp-dweeb-binds,5,True,True
biner,slate-diner-finer-miner-biner,5,False,True
bines,slate-runes-crimp-vowed-fines-nines-bines,7,False,False
binge,slate-doing-hinge-binge,4,True,True
bingo,slate-crony-bough-bingo,4,True,True
bings,slate-hokum-crisp-dweeb-bibbs-biffs-biggs-bings,8,False,False
bingy,slate-crony-pudgy-bingy,4,False,True
binit,slate-count-night-binit,4,False,True
binks,slate-hokum-frisk-kinds-wraps-jinks-binks,7,False,False
binky,slate-crony-pudgy-kinky-hinky-binky,6,False,True
bints,slate-forum-whips-tints-bints,5,False,True
biogs,slate-hokum-cross-biogs,4,False,True
biome,slate-doing-biome,3,True,True
bions,slate-hokum-cross-biogs-bions,5,False,True
biont,slate-count-front-biont,4,False,True
biose,slate-rosin-biose,3,False,True
biota,slate-taint-aguti-biota,4,False,True
biped,slate-diner-video-biped,4,True,True
bipod,slate-crony-bough-bipod,4,True,True
bippy,slate-crony-dumpy-zippy-hippy-bippy,6,False,True
birch,slate-crony-birch,3,True,True
birdo,slate-crony-furor-morph-virgo-birdo,6,False,True
birds,slate-hokum-crisp-rings-birds,5,True,True
biris,slate-hokum-crisp-rings-birds-biris,6,False,True
birks,slate-hokum-frisk-risky-birks,5,False,True
birle,slate-bingo-bible-birle,4,False,True
birls,slate-locus-whomp-rugby-birls,5,False,True
biros,slate-hokum-cross-biros,4,False,True
birrs,slate-hokum-crisp-rings-birds-biris-birrs,7,False,False
birse,slate-rosin-frise-birse,4,False,True
birsy,slate-hokum-crisp-birsy,4,False,True
birth,slate-briny-birth,3,True,True
birze,slate-doing-puree-kyrie-birze,5,False,True
birzz,slate-crony-quirk-rigid-birzz,5,False,True
bises,slate-runes-feces-moped-vichy-bikes-bibes-bises,8,False,False
bisks,slate-hokum-frisk-kinds-picks-bisks,6,False,True
bisom,slate-hokum-bisom,3,False,True
bison,slate-hokum-cross-bison,4,True,True
bitch,slate-count-howdy-pitch-fitch-mitch-bitch,7,False,False
biter,slate-titer-miter-biter,4,True,True
bites,slate-cruet-timon-bites,4,True,True
bitey,slate-titer-cited-bitey,4,False,True
bitos,slate-trout-goths-bitos,4,False,True
bitou,slate-count-outdo-bitou,4,False,True
bitsy,slate-trout-ditsy-bitsy,4,True,True
bitte,slate-turbo-bitte,3,False,True
bitts,slate-forum-whips-tints-bitts,5,False,True
bitty,slate-briny-bitty,3,True,True
bivia,slate-corny-mafia-bivia,4,False,True
bivvy,slate-crony-dumpy-jiffy-biggy-bikky-bivvy,7,False,False
bizes,slate-runes-feces-moped-vichy-bikes-bibes-bises-bizes,9,False,False
bizzo,slate-crony-bough-bipod-bimbo-biffo-bizzo,7,False,False
bizzy,slate-crony-dumpy-jiffy-biggy-bikky-bivvy-bizzy,8,False,False
blabs,slate-pecks-glass-flaws-alans-blabs,6,False,True
black,slate-prick-black,3,True,True
blade,slate-crumb-blade,3,True,True
blads,slate-pecks-glass-flaws-alans-blabs-blads,7,False,False
blady,slate-prick-gland-blady,4,False,True
blaer,slate-blaer,2,False,True
blaes,slate-blaes,2,False,True
blaff,slate-prick-gland-llama-blaff,5,False,True
blags,slate-pecks-glass-flags-blags,5,False,True
blahs,slate-pecks-glass-flaws-alans-blabs-blads-blahs,8,False,False
blain,slate-prick-flail-blain,4,False,True
blame,slate-crumb-blame,3,True,True
blams,slate-pecks-glass-flaws-alans-blabs-blads-blahs-blams,9,False,False
blanc,slate-prick-clang-blanc,4,True,True
bland,slate-prick-gland-bland,4,True,True
blank,slate-prick-blank,3,True,True
blare,slate-crumb-blare,3,True,True
blart,slate-plant-blart,3,False,True
blase,slate-blase,2,True,True
blash,slate-pecks-flash-blash,4,False,True
blast,slate-blast,2,True,True
blate,slate-plate-elate-alate-blate,5,False,True
blats,slate-flats-blats,3,False,True
blatt,slate-alata-blatt,3,False,True
blaud,slate-prick-gland-blaud,4,False,True
blawn,slate-prick-gland-blawn,4,False,True
blaws,slate-pecks-glass-flaws-blaws,5,False,True
blays,slate-pecks-glass-flaws-alans-blabs-blads-blahs-blams-blays,10,False,False
blaze,slate-crumb-blade-blaze,4,True,True
bleah,slate-gonad-bleak-bleah,4,False,True
bleak,slate-gonad-bleak,3,True,True
blear,slate-gonad-bleak-bleah-blear,5,False,True
bleat,slate-cleat-bleat,3,True,True
blebs,slate-flesh-blebs,3,False,True
blech,slate-freed-blech,3,False,True
bleed,slate-freed-bleed,3,True,True
bleep,slate-freed-bleep,3,True,True
blees,slate-flesh-blebs-blees,4,False,True
blend,slate-freed-blend,3,True,True
blent,slate-fleet-blent,3,False,True
blert,slate-fleet-blent-blert,4,False,True
bless,slate-flesh-bless,3,True,True
blest,slate-blest,2,True,True
blets,slate-blets,2,False,True
bleys,slate-flesh-blebs-blees-bleys,5,False,True
blimp,slate-bipod-blimp,3,True,True
blimy,slate-bipod-bling-blimy,4,False,True
blind,slate-bipod-blind,3,True,True
bling,slate-bipod-bling,3,True,True
blini,slate-bipod-bling-blink-blini,5,False,True
blink,slate-bipod-bling-blink,4,True,True
blins,slate-floss-plums-blins,4,False,True
bliny,slate-bipod-bling-blink-blini-bliny,6,False,True
blips,slate-floss-plums-clips-blips,5,False,True
bliss,slate-floss-bliss,3,True,True
blist,slate-blist,2,False,True
blite,slate-flute-elite-blite,4,False,True
blits,slate-uncap-blots-blits,4,False,True
blitz,slate-glitz-blitz,3,True,True
blive,slate-bipod-blive,3,False,True
bloat,slate-float-bloat,3,True,True
blobs,slate-floss-clogs-blows-blobs,5,False,True
block,slate-bipod-block,3,True,True
blocs,slate-floss-clogs-blocs,4,False,True
blogs,slate-floss-clogs-blogs,4,True,True
bloke,slate-bipod-bloke,3,True,True
blond,slate-bipod-blond,3,True,True
blonx,slate-bipod-block-blown-blonx,5,False,True
blood,slate-bipod-blood,3,True,True
blook,slate-bipod-bloom-blook,4,False,True
bloom,slate-bipod-bloom,3,True,True
bloop,slate-bipod-bloop,3,True,True
blore,slate-bipod-bloke-blore,4,False,True
blots,slate-uncap-blots,3,True,True
blown,slate-bipod-block-blown,4,True,True
blows,slate-floss-clogs-blows,4,True,True
blowy,slate-bipod-block-blown-blowy,5,False,True
blubs,slate-floss-plums-clubs-blubs,5,False,True
blude,slate-bipod-blude,3,False,True
bluds,slate-floss-plums-clubs-bluds,5,False,True
bludy,slate-bipod-bludy,3,False,True
blued,slate-freed-glued-clued-blued,5,False,True
bluer,slate-freed-ulcer-bluer,4,True,True
blues,slate-flesh-vouch-blues,4,True,True
bluet,slate-fleet-bluet,3,False,True
bluey,slate-freed-gluey-bluey,4,False,True
bluff,slate-bipod-bluff,3,True,True
bluid,slate-bipod-blind-bluid,4,False,True
blume,slate-bipod-blume,3,False,True
blunk,slate-bipod-bluff-blurb-blunk,5,False,True
blunt,slate-flung-blunt,3,True,True
blurb,slate-bipod-bluff-blurb,4,True,True
blurs,slate-floss-plums-clubs-bluds-blurs,6,False,True
blurt,slate-flung-blurt,3,True,True
blush,slate-floss-blush,3,True,True
blype,slate-bipod-blype,3,False,True
boabs,slate-curbs-boabs,3,False,True
boaks,slate-curbs-baaps-bdays-bhais-boaks,6,False,True
board,slate-churn-award-board,4,True,True
boars,slate-curbs-brass-boars,4,True,True
boart,slate-grunt-apart-chart-boart,5,False,True
boast,slate-bronc-boast,3,True,True
boats,slate-combo-boats,3,True,True
boaty,slate-wrath-coati-boaty,4,False,True
bobac,slate-corny-mocha-bobac,4,False,True
bobak,slate-corny-dogma-bobak,4,False,True
bobas,slate-oasis-comas-bobas,4,False,True
bobby,slate-crony-budge-bobby,4,True,True
bobol,slate-dilly-prowl-mogul-bobol,5,False,True
bobos,slate-hokum-boson-bozos-bobos,5,False,True
bocca,slate-corny-mocha-bocca,4,False,True
bocce,slate-doing-bocce,3,True,True
bocci,slate-crony-pouch-bocci,4,False,True
boche,slate-doing-bocce-boche,4,False,True
bocks,slate-hokum-crowd-jocks-bocks,5,False,True
boded,slate-diner-moped-oxbow-boded,5,True,True
bodes,slate-runes-feces-moped-doses-bodes,6,False,True
bodge,slate-doing-bodge,3,False,True
bodgy,slate-crony-budge-bodgy,4,False,True
bodhi,slate-crony-bough-bodhi,4,True,True
bodle,slate-bingo-boule-bodle,4,False,True
bodoh,slate-crony-bough-bodoh,4,False,True
boeps,slate-runes-chess-dweeb-obeys-boeps,6,False,True
boers,slate-runes-press-verbs-biers-boers,6,False,True
boeti,slate-pinch-deity-boeti,4,False,True
boets,slate-testy-oxide-poets-boets,5,False,True
boeuf,slate-diner-geeky-chemo-boeuf,5,False,True
boffo,slate-crony-bough-boffo,4,True,True
boffs,slate-hokum-boson-boffs,4,False,True
bogan,slate-corny-woman-hogan-bogan,5,False,True
bogey,slate-diner-chomp-bogey,4,True,True
boggy,slate-crony-budge-boggy,4,True,True
bogie,slate-doing-bogie,3,True,True
bogle,slate-bingo-bogle,3,False,True
bogue,slate-doing-gorge-vogue-bogue,5,False,True
bogus,slate-hokum-bonus-bogus,4,True,True
bohea,slate-radar-hyena-bohea,4,False,True
bohos,slate-hokum-johns-bohos,4,False,True
boils,slate-locus-polis-boils,4,True,True
boing,slate-crony-bound-boing,4,True,True
boink,slate-crony-bound-boing-boink,5,False,True
boite,slate-turbo-boite,3,False,True
boked,slate-diner-moped-oxbow-boded-boked,6,False,True
bokeh,slate-diner-chomp-hokey-bokeh,5,False,True
bokes,slate-runes-feces-moped-shook-jokes-bokes,7,False,False
bokos,slate-hokum-bokos,3,False,True
bolar,slate-molar-polar-bolar,4,False,True
bolas,slate-balsa-bolas,3,False,True
boldo,slate-dilly-boldo,3,False,True
bolds,slate-locus-polis-defog-holds-molds-bolds,7,False,False
boles,slate-loser-whomp-coles-boles,5,False,True
bolet,slate-intel-tyler-bolet,4,False,True
bolix,slate-dilly-folic-polio-bolix,5,False,True
bolks,slate-locus-polis-defog-rolls-bolks,6,False,True
bolls,slate-locus-polis-defog-rolls-bolls,6,False,True
bolos,slate-locus-polis-defog-bolos,5,False,True
bolts,slate-lusty-vouch-bolts,4,True,True
bolus,slate-locus-bolus,3,True,True
bomas,slate-oasis-comas-bomas,4,False,True
bombe,slate-doing-bocce-booze-bombe,5,False,True
bombo,slate-crony-bough-boffo-bombo,5,False,True
bombs,slate-hokum-mossy-brown-bombs,5,True,True
bomoh,slate-crony-bough-bodoh-bomoh,5,False,True
bomor,slate-crony-furor-vigor-bomor,5,False,True
bonce,slate-doing-nonce-ponce-bonce,5,False,True
bonds,slate-hokum-boson-bonds,4,True,True
boned,slate-diner-botch-boned,4,True,True
boner,slate-diner-goner-boner,4,True,True
bones,slate-runes-crimp-jumbo-bones,5,True,True
boney,slate-diner-honey-money-boney,5,True,True
bongo,slate-crony-bough-bongo,4,True,True
bongs,slate-hokum-boson-bonds-bongs,5,False,True
bonie,slate-doing-bonie,3,False,True
bonks,slate-hokum-crowd-bonks,4,False,True
bonne,slate-doing-borne-bonne,4,True,True
bonny,slate-crony-downy-bonny,4,True,True
bonum,slate-crony-bough-bonum,4,False,True
bonus,slate-hokum-bonus,3,True,True
bonza,slate-corny-woman-honda-bonza,5,False,True
bonze,slate-doing-nonce-bonze,4,False,True
booai,slate-corny-dogma-bobak-booai,5,False,True
booay,slate-corny-booay,3,False,True
boobs,slate-hokum-boson-boobs,4,True,True
booby,slate-crony-dough-boozy-booby,5,True,True
boody,slate-crony-dough-moody-woody-boody,6,False,True
booed,slate-diner-moped-oxbow-booed,5,True,True
boofy,slate-crony-dough-boozy-booby-boofy,6,False,True
boogy,slate-crony-dough-boogy,4,False,True
boohs,slate-hokum-johns-boohs,4,False,True
books,slate-hokum-crowd-books,4,True,True
booky,slate-crony-dough-boozy-booby-boofy-booky,7,False,False
bools,slate-locus-polis-whiff-bools,5,False,True
booms,slate-hokum-mossy-brown-booms,5,True,True
boomy,slate-crony-dough-boozy-booby-boofy-booky-boomy,8,False,False
boong,slate-crony-boong,3,False,True
boons,slate-hokum-boson-boons,4,False,True
boord,slate-crony-fjord-boord,4,False,True
boors,slate-hokum-boson-boobs-boors,5,False,True
boose,slate-rosin-dumpy-goose-boose,5,False,True
boost,slate-trout-boost,3,True,True
booth,slate-briny-booth,3,True,True
boots,slate-forum-tooth-boots,4,True,True
booty,slate-briny-booty,3,True,True
booze,slate-doing-bocce-booze,4,True,True
boozy,slate-crony-dough-boozy,4,True,True
boppy,slate-crony-budge-bobby-boppy,5,False,True
borak,slate-corny-borax-borak,4,False,True
boral,slate-molar-coral-boral,4,False,True
boras,slate-oasis-comas-bobas-boras,5,False,True
borax,slate-corny-borax,3,True,True
borde,slate-doing-horde-borde,4,False,True
bords,slate-hokum-boson-boffs-bords,5,False,True
bored,slate-diner-befog-bored,4,True,True
boree,slate-doing-bocce-booze-bombe-boree,6,False,True
borek,slate-diner-creek-borek,4,False,True
borel,slate-never-cruel-morel-borel,5,False,True
borer,slate-diner-whomp-rocky-boxer-borer,6,False,True
bores,slate-runes-porch-bores,4,True,True
borgo,slate-crony-furor-morph-borgo,5,False,True
boric,slate-crony-micro-boric,4,True,True
borks,slate-hokum-crowd-forks-borks,5,False,True
borms,slate-hokum-mossy-brown-borms,5,False,True
borna,slate-corny-borna,3,False,True
borne,slate-doing-borne,3,True,True
boron,slate-crony-mondo-boron,4,True,True
borts,slate-forum-ports-borts,4,False,True
borty,slate-briny-borty,3,False,True
bortz,slate-briny-bortz,3,False,True
bosey,slate-runes-mosey-posey-bosey,5,False,True
bosie,slate-rosin-bosie,3,False,True
bosks,slate-hokum-crowd-bonks-bosks,5,False,True
bosky,slate-hokum-crowd-bonks-bosky,5,False,True
bosom,slate-hokum-bosom,3,True,True
boson,slate-hokum-boson,3,True,True
bossa,slate-oasis-bossa,3,True,True
bossy,slate-hokum-boson-bossy,4,True,True
bosun,slate-hokum-bonus-bosun,4,False,True
botas,slate-antsy-wombs-botas,4,False,True
botch,slate-count-toxic-botch,4,True,True
boteh,slate-titer-often-doted-boteh,5,False,True
botel,slate-intel-motel-hotel-botel,5,False,True
botes,slate-cruet-timon-dotes-votes-botes,6,False,True
botew,slate-titer-often-doted-boteh-botew,6,False,True
bothy,slate-count-motor-bothy,4,False,True
botos,slate-trout-goths-botos,4,False,True
botte,slate-turbo-boite-botte,4,False,True
botts,slate-forum-tooth-botts,4,False,True
botty,slate-briny-booty-botty,4,False,True
bouge,slate-doing-gorge-bouge,4,False,True
bough,slate-crony-bough,3,True,True
bouks,slate-hokum-bouks,3,False,True
boule,slate-bingo-boule,3,True,True
boult,slate-guilt-moult-boult,4,False,True
bound,slate-crony-bound,3,True,True
bouns,slate-hokum-unify-nouns-bouns,5,False,True
bourd,slate-crony-furor-rough-bourd,5,False,True
bourg,slate-crony-furor-rough-gourd-bourg,6,False,True
bourn,slate-crony-mondo-robin-bourn,5,False,True
bouse,slate-rosin-dumpy-house-bouse,5,False,True
bousy,slate-hokum-unify-bousy,4,False,True
bouts,slate-forum-bouts,3,True,True
boutu,slate-briny-booth-boutu,4,False,True
bovid,slate-crony-bough-boffo-bovid,5,False,True
bowat,slate-tabor-about-bowat,4,False,True
bowed,slate-diner-moped-oxbow-bowed,5,True,True
bowel,slate-never-dumpy-bowel,4,True,True
bower,slate-diner-whomp-cower-rower-bower,6,True,True
bowes,slate-runes-feces-moped-shook-boxes-bowes,7,False,False
bowet,slate-titer-venue-comet-bowet,5,False,True
bowie,slate-doing-moxie-bowie,4,True,True
bowls,slate-locus-polis-whiff-bowls,5,True,True
bowne,slate-doing-borne-bonne-bowne,5,False,True
bowrs,slate-hokum-boson-boffs-bords-bowrs,6,False,True
bowse,slate-rosin-dumpy-goose-bowse,5,False,True
boxed,slate-diner-moped-oxbow-boxed,5,True,True
boxen,slate-diner-smock-woven-boxen,5,False,True
boxer,slate-diner-whomp-rocky-boxer,5,True,True
boxes,slate-runes-feces-moped-shook-boxes,6,True,True
boxla,slate-molar-voila-doula-boxla,5,False,True
boxty,slate-briny-booty-botty-boxty,5,False,True
boyar,slate-corny-boyar,3,False,True
boyau,slate-corny-boyau,3,False,True
boyed,slate-diner-moped-oxbow-boded-boked-boyed,7,False,False
boyey,slate-diner-chomp-bogey-boyey,5,False,True
boyfs,slate-hokum-boson-boffs-boyfs,5,False,True
boygs,slate-hokum-boson-boffs-bords-boygs,6,False,True
boyla,slate-molar-voila-doula-boxla-boyla,6,False,True
boyly,slate-dilly-scowl-nobly-boyly,5,False,True
boyos,slate-hokum-boson-bozos-bobos-boyos,6,False,True
boysy,slate-hokum-boson-boffs-boysy,5,False,True
bozos,slate-hokum-boson-bozos,4,True,True
braai,slate-churn-bravo-braid-braai,5,False,True
brace,slate-prick-brace,3,True,True
brach,slate-churn-roach-brach,4,False,True
brack,slate-churn-frack-wrack-brack,5,True,True
bract,slate-grunt-tract-bract,4,False,True
brads,slate-curbs-brass-brags-brads,5,False,True
braes,slate-redub-braes,3,False,True
brags,slate-curbs-brass-brags,4,True,True
brahs,slate-curbs-brass-brags-brads-brahs,6,False,True
braid,slate-churn-bravo-braid,4,True,True
brail,slate-curia-frail-grail-brail,5,False,True
brain,slate-churn-rebid-brain,4,True,True
brake,slate-prick-brake,3,True,True
braks,slate-curbs-brass-brags-brads-brahs-braks,7,False,False
braky,slate-churn-bravo-braid-braky,5,False,True
brame,slate-prick-grave-frame-arame-brame,6,False,True
brand,slate-churn-gaped-brand,4,True,True
brane,slate-prick-grave-frame-brane,5,False,True
brank,slate-churn-gaped-frank-brank,5,False,True
brans,slate-curbs-brass-brags-brads-brahs-braks-brans,8,False,False
brant,slate-grunt-brant,3,True,True
brash,slate-curbs-brash,3,True,True
brass,slate-curbs-brass,3,True,True
brast,slate-bronc-brast,3,False,True
brats,slate-combo-brats,3,True,True
brava,slate-churn-bravo-brava,4,True,True
brave,slate-prick-grave-brave,4,True,True
bravi,slate-churn-bravo-brava-bravi,5,False,True
bravo,slate-churn-bravo,3,True,True
brawl,slate-curia-drawl-brawl,4,True,True
brawn,slate-churn-rebid-brawn,4,True,True
braws,slate-curbs-brass-brags-brads-brahs-braks-brans-braws,9,False,False
braxy,slate-churn-bravo-braid-braky-braxy,6,False,True
brays,slate-curbs-brass-brags-brads-brahs-braks-brans-braws-brays,10,False,False
braza,slate-churn-bravo-braid-braky-braza,6,False,True
braze,slate-prick-grave-frame-brane-braze,6,False,True
bread,slate-radar-dream-bread,4,True,True
break,slate-radar-wombs-break,4,True,True
bream,slate-radar-wombs-bream,4,True,True
brede,slate-doing-crude-brede,4,False,True
breds,slate-runes-press-crews-dregs-breds,6,False,True
breed,slate-diner-befog-breed,4,True,True
breem,slate-diner-creek-breem,4,False,True
breer,slate-diner-whomp-fryer-breer,5,False,True
brees,slate-runes-porch-fries-brees,5,False,True
breid,slate-diner-redid-breid,4,False,True
breis,slate-runes-press-crews-dregs-breis,6,False,True
breme,slate-doing-scrum-rhyme-breme,5,False,True
brens,slate-runes-ferns-brens,4,False,True
brent,slate-titer-erect-brent,4,True,True
brere,slate-doing-scrum-where-brere,5,False,True
brers,slate-runes-press-crews-dregs-breis-brers,7,False,False
breve,slate-doing-scrum-where-breve,5,False,True
brews,slate-runes-press-crews-brews,5,True,True
breys,slate-runes-press-crews-dregs-breis-brers-breys,8,False,False
briar,slate-corny-rabid-briar,4,True,True
bribe,slate-doing-crumb-bribe,4,True,True
brick,slate-crony-brick,3,True,True
bride,slate-doing-pride-bride,4,True,True
brief,slate-diner-brief,3,True,True
brier,slate-diner-crier-brier,4,True,True
bries,slate-runes-porch-fries-dries-bries,6,False,True
brigs,slate-hokum-crisp-grids-brigs,5,False,True
briki,slate-crony-gruff-primp-briki,5,False,True
briks,slate-hokum-frisk-briks,4,False,True
brill,slate-dilly-gruff-krill-brill,5,True,True
brims,slate-hokum-missy-brims,4,False,True
brine,slate-doing-urine-brine,4,True,True
bring,slate-crony-bring,3,True,True
brink,slate-crony-bring-brink,4,True,True
brins,slate-hokum-crisp-grids-brins,5,False,True
briny,slate-crony-briny,3,True,True
brios,slate-hokum-cross-brios,4,False,True
brise,slate-rosin-frise-prise-brise,5,False,True
brisk,slate-hokum-frisk-brisk,4,True,True
briss,slate-hokum-crisp-briss,4,False,True
brith,slate-briny-britt-brith,4,False,True
brits,slate-forum-brits,3,True,True
britt,slate-briny-britt,3,True,True
brize,slate-doing-crumb-bribe-brize,5,False,True
broad,slate-corny-armor-broad,4,True,True
broch,slate-crony-frock-broch,4,False,True
brock,slate-crony-frock-brock,4,True,True
brods,slate-hokum-cross-pongo-brows-brods,6,False,True
brogh,slate-crony-dumbo-brook-brogh,5,False,True
brogs,slate-hokum-cross-pongo-frogs-brogs,6,False,True
broil,slate-dilly-logic-broil,4,True,True
broke,slate-doing-probe-broke,4,True,True
brome,slate-doing-probe-broke-brome,5,False,True
bromo,slate-crony-dumbo-bromo,4,False,True
bronc,slate-crony-bronc,3,True,True
brond,slate-crony-wrong-frond-brond,5,False,True
brood,slate-crony-dumbo-brood,4,True,True
brook,slate-crony-dumbo-brook,4,True,True
brool,slate-dilly-prowl-brool,4,False,True
broom,slate-crony-dumbo-broom,4,True,True
broos,slate-hokum-cross-pongo-broos,5,False,True
brose,slate-rosin-prose-brose,4,False,True
brosy,slate-hokum-cross-brosy,4,False,True
broth,slate-briny-broth,3,True,True
brown,slate-crony-gibed-brown,4,True,True
brows,slate-hokum-cross-pongo-brows,5,True,True
bruck,slate-crony-brick-bruck,4,False,True
brugh,slate-crony-gruff-brugh,4,False,True
bruhs,slate-hokum-pubic-brush-bruhs,5,False,True
bruin,slate-crony-bruin,3,True,True
bruit,slate-count-fruit-bruit,4,False,True
bruja,slate-corny-rabid-abura-bruja,5,False,True
brujo,slate-crony-prior-brujo,4,False,True
brule,slate-bingo-belle-brule,4,False,True
brume,slate-doing-scrum-brume,4,False,True
brung,slate-crony-bring-brung,4,False,True
brunt,slate-count-brunt,3,True,True
brush,slate-hokum-pubic-brush,4,True,True
brusk,slate-hokum-dusky-brusk,4,True,True
brust,slate-trout-crust-brust,4,False,True
brute,slate-turbo-brute,3,True,True
bruts,slate-forum-rusty-bruts,4,False,True
bruvs,slate-hokum-gussy-usurp-bruvs,5,False,True
buats,slate-combo-brats-bhats-buats,5,False,True
buaze,slate-prick-mewed-agave-buaze,5,False,True
bubal,slate-molar-canal-fugal-bubal,5,False,True
bubas,slate-oasis-wrung-bubas,4,False,True
bubba,slate-corny-mafia-bubba,4,True,True
bubbe,slate-doing-scrum-bubbe,4,False,True
bubby,slate-crony-dumpy-buzzy-buggy-buffy-bubby,7,False,False
bubus,slate-hokum-virus-bubus,4,False,True
buchu,slate-crony-quick-buchu,4,False,True
bucko,slate-crony-pouch-bucko,4,True,True
bucks,slate-hokum-dusky-pubic-bucks,5,True,True
bucku,slate-crony-quick-bucku,4,False,True
budas,slate-oasis-wrung-bubas-budas,5,False,True
buddy,slate-crony-dumpy-fudgy-buddy,5,True,True
buded,slate-diner-moped-gecko-ebbed-buded,6,False,True
budes,slate-runes-bosom-budes,4,False,True
budge,slate-doing-jumbo-budge,4,True,True
budis,slate-hokum-gussy-bronc-buffs-budis,6,False,True
budos,slate-hokum-buoys-budos,4,False,True
buena,slate-radar-hyena-buena,4,False,True
buffa,slate-corny-mafia-buffa,4,False,True
buffe,slate-doing-scrum-bubbe-buffe,5,False,True
buffi,slate-crony-kudzu-humph-buffi,5,False,True
buffo,slate-crony-bough-buxom-buffo,5,False,True
buffs,slate-hokum-gussy-bronc-buffs,5,True,True
buffy,slate-crony-dumpy-buzzy-buggy-buffy,6,True,True
bufos,slate-hokum-buoys-budos-bufos,5,False,True
bufty,slate-briny-booty-bufty,4,False,True
bugan,slate-corny-admin-pagan-bugan,5,False,True
buggy,slate-crony-dumpy-buzzy-buggy,5,True,True
bugle,slate-bingo-bugle,3,True,True
buhls,slate-locus-whelp-hulls-buhls,5,False,True
buhrs,slate-hokum-pubic-bushy-buhrs,5,False,True
buiks,slate-hokum-dusky-pubic-buiks,5,False,True
build,slate-dilly-guild-build,4,True,True
built,slate-guilt-built,3,True,True
buist,slate-trout-buist,3,False,True
bukes,slate-runes-bosom-budes-bukes,5,False,True
bukos,slate-hokum-bukos,3,False,True
bulbs,slate-locus-whelp-bulbs,4,True,True
bulge,slate-bingo-bulge,3,True,True
bulgy,slate-dilly-bulky-bulgy,4,True,True
bulks,slate-locus-whelp-bulbs-bulks,5,False,True
bulky,slate-dilly-bulky,3,True,True
bulla,slate-molar-dally-villa-bulla,5,False,True
bulls,slate-locus-whelp-bulls,4,True,True
bully,slate-dilly-befog-bully,4,True,True
bulse,slate-pulse-bulse,3,False,True
bumbo,slate-crony-bough-buxom-bumbo,5,False,True
bumfs,slate-hokum-music-jibed-bumps-bumfs,6,False,True
bumph,slate-crony-kudzu-humph-bumph,5,False,True
bumps,slate-hokum-music-jibed-bumps,5,True,True
bumpy,slate-crony-dumpy-bumpy,4,True,True
bunas,slate-oasis-wrung-ankus-bunas,5,False,True
bunce,slate-doing-punch-bunce,4,False,True
bunch,slate-crony-blimp-bunch,4,True,True
bunco,slate-crony-ionic-bunco,4,False,True
bunde,slate-doing-undue-bunde,4,False,True
bundh,slate-crony-unzip-bundh,4,False,True
bunds,slate-hokum-gussy-bronc-bunds,5,False,True
bundt,slate-count-unfit-bundt,4,True,True
bundu,slate-crony-unzip-bundh-bundu,5,False,True
bundy,slate-crony-pudgy-bundy,4,True,True
bungs,slate-hokum-gussy-bungs,4,False,True
bungy,slate-crony-pudgy-bungy,4,False,True
bunia,slate-corny-admin-bania-bunia,5,False,True
bunje,slate-doing-punch-bunje,4,False,True
bunjy,slate-crony-pudgy-hunky-bunjy,5,False,True
bunko,slate-crony-bough-bunko,4,False,True
bunks,slate-hokum-dusky-pubic-bunks,5,True,True
bunns,slate-hokum-gussy-bronc-bunns,5,False,True
bunny,slate-crony-funny-bunny,4,True,True
bunts,slate-forum-dusty-witch-bunts,5,False,True
bunty,slate-briny-bunty,3,False,True
bunya,slate-corny-mayan-bunya,4,False,True
buoys,slate-hokum-buoys,3,True,True
buppy,slate-crony-dumpy-puppy-guppy-buppy,6,False,True
buran,slate-corny-quran-buran,4,False,True
buras,slate-oasis-wrung-auras-buras,5,False,True
burbs,slate-hokum-gussy-bronc-burbs,5,True,True
burds,slate-hokum-gussy-bronc-burbs-burds,6,False,True
buret,slate-titer-greet-buret,4,False,True
burfi,slate-crony-quirk-burfi,4,False,True
burgh,slate-crony-quirk-burgh,4,False,True
burgs,slate-hokum-gussy-bungs-burgs,5,False,True
burin,slate-crony-mirin-burin,4,False,True
burka,slate-corny-parka-burka,4,True,True
burke,slate-doing-scrum-puree-burke,5,False,True
burks,slate-hokum-dusky-pubic-bunks-burks,6,False,True
burls,slate-locus-whelp-bulls-burls,5,False,True
burly,slate-dilly-scowl-burly,4,True,True
burns,slate-hokum-gussy-bronc-burns,5,True,True
burnt,slate-count-burnt,3,True,True
buroo,slate-crony-furor-buroo,4,False,True
burps,slate-hokum-gussy-bronc-burbs-burds-burps,7,False,False
burqa,slate-corny-parka-firma-burqa,5,False,True
burra,slate-corny-parka-firma-burqa-burra,6,False,True
burro,slate-crony-furor-burro,4,True,True
burrs,slate-hokum-gussy-bronc-burbs-burds-burps-burrs,8,False,False
burry,slate-crony-mired-furry-hurry-burry,6,False,True
bursa,slate-oasis-bursa,3,True,True
burse,slate-rosin-purse-curse-burse,5,False,True
burst,slate-trout-burst,3,True,True
busby,slate-hokum-gussy-busby,4,False,True
bused,slate-runes-wombs-bused,4,True,True
buses,slate-runes-bosom-buses,4,True,True
bushy,slate-hokum-pubic-bushy,4,True,True
busks,slate-hokum-dusky-busks,4,False,True
busky,slate-hokum-dusky-busky,4,False,True
bussu,slate-hokum-gussy-bussu,4,False,True
busti,slate-forum-dusty-busts-busti,5,False,True
busts,slate-forum-dusty-busts,4,True,True
busty,slate-forum-dusty-gusty-busty,5,True,True
butch,slate-count-butch,3,True,True
buteo,slate-titer-often-doted-buteo,5,False,True
butes,slate-cruet-tunes-mutes-butes,5,False,True
butle,slate-lithe-butle,3,False,True
butoh,slate-count-outdo-tutor-butoh,5,False,True
butte,slate-turbo-butte,3,True,True
butts,slate-forum-dusty-witch-butts,5,True,True
butty,slate-briny-booty-bufty-butty,5,False,True
butut,slate-count-butut,3,False,True
butyl,slate-guilt-butyl,3,False,True
buxom,slate-crony-bough-buxom,4,True,True
buyer,slate-diner-whomp-fryer-buyer,5,True,True
buyin,slate-crony-nymph-buyin,4,False,True
buzzy,slate-crony-dumpy-buzzy,4,True,True
bwana,slate-churn-piano-aband-bwana,5,False,True
bwazi,slate-churn-foamy-abaka-bwazi,5,False,True
byded,slate-diner-moped-gecko-ebbed-buded-byded,7,False,False
bydes,slate-runes-feces-moped-hides-bydes,6,False,True
byked,slate-diner-moped-gecko-juked-byked,6,False,True
bykes,slate-runes-feces-moped-vichy-bykes,6,False,True
bylaw,slate-molar-lilac-gulag-bylaw,5,True,True
byres,slate-runes-porch-fires-beres-byres,6,False,True
byrls,slate-locus-whomp-rugby-byrls,5,False,True
byssi,slate-hokum-crisp-byssi,4,False,True
bytes,slate-cruet-timon-bytes,4,True,True
byway,slate-corny-budge-byway,4,True,True
caaed,slate-derby-caaed,3,False,True
cabal,slate-molar-canal-cabal,4,True,True
cabas,slate-oasis-brand-cabas,4,False,True
cabby,slate-corny-campy-cabby,4,True,True
caber,slate-radar-pygmy-wafer-baker-caber,6,False,True
cabin,slate-corny-cabin,3,True,True
cable,slate-bangs-cable,3,True,True
cabob,slate-corny-cacao-cabob,4,False,True
caboc,slate-corny-cacao-caboc,4,False,True
cabre,slate-corgi-cadre-cabre,4,False,True
cacao,slate-corny-cacao,3,True,True
cacas,slate-oasis-brand-pouch-jacks-cacas,6,False,True
cache,slate-corgi-cache,3,True,True
cacks,slate-oasis-brand-pouch-jacks-cacks,6,False,True
cacky,slate-corny-campy-cabby-caddy-cacky,6,False,True
cacti,slate-taint-cacti,3,True,True
caddy,slate-corny-campy-cabby-caddy,5,True,True
cadee,slate-corgi-cache-cadee,4,False,True
cades,slate-ashen-frock-vapid-cades,5,False,True
cadet,slate-treed-cadet,3,True,True
cadge,slate-corgi-cadge,3,True,True
cadgy,slate-corny-campy-cabby-caddy-cadgy,6,False,True
cadie,slate-corgi-cadie,3,False,True
cadis,slate-oasis-mavis-nazis-cadis,5,False,True
cadre,slate-corgi-cadre,3,True,True
caeca,slate-radar-caeca,3,False,True
caese,slate-crump-caese,3,False,True
cafes,slate-ashen-frock-cafes,4,True,True
caffe,slate-corgi-cache-cadee-caffe,5,False,True
caffs,slate-oasis-brand-pouch-jacks-caffs,6,False,True
caged,slate-radar-funky-caped-wives-caged,6,True,True
cager,slate-radar-pygmy-eager-wager-cager,6,False,True
cages,slate-ashen-frock-vapid-cages,5,True,True
cagey,slate-radar-cameo-cagey,4,True,True
cagot,slate-tabor-cagot,3,False,True
cahow,slate-corny-cacao-cabob-cahow,5,False,True
caids,slate-oasis-ripen-maids-caids,5,False,True
cains,slate-oasis-ripen-gains-mains-cains,6,False,True
caird,slate-corny-cigar-capri-caird,5,False,True
cairn,slate-corny-cairn,3,True,True
cajon,slate-corny-canon-capon-cajon,5,False,True
cajun,slate-corny-cabin-cajun,4,True,True
caked,slate-radar-funky-baked-caked,5,True,True
cakes,slate-ashen-frock-cakes,4,True,True
cakey,slate-radar-cameo-cagey-cakey,5,False,True
calfs,slate-balsa-whomp-ficus-calfs,5,False,True
calid,slate-molar-dally-valid-calid,5,False,True
calif,slate-molar-dally-aalii-calif,5,False,True
calix,slate-molar-dally-aalii-calif-calix,6,False,True
calks,slate-balsa-whomp-ficus-calls-calks,6,False,True
calla,slate-molar-dally-walla-calla,5,False,True
calle,slate-bangs-mulch-calve-calle,5,False,True
calls,slate-balsa-whomp-ficus-calls,5,True,True
calms,slate-balsa-whomp-calms,4,True,True
calmy,slate-molar-balmy-calmy,4,False,True
calos,slate-balsa-whomp-calos,4,False,True
calpa,slate-molar-dally-aalii-calpa,5,False,True
calps,slate-balsa-whomp-calps,4,False,True
calve,slate-bangs-mulch-calve,4,True,True
calyx,slate-molar-dally-calyx,4,False,True
caman,slate-corny-cabin-cajun-caman,5,False,True
camas,slate-oasis-brand-pouch-jacks-caffs-camas,7,False,False
camel,slate-rangy-label-hazel-camel,5,True,True
cameo,slate-radar-cameo,3,True,True
cames,slate-ashen-frock-vapid-cages-cases-cames,7,False,False
camis,slate-oasis-mavis-camis,4,False,True
camos,slate-oasis-baons-camos,4,False,True
campi,slate-corny-chica-campi,4,False,True
campo,slate-corny-cacao-campo,4,False,True
camps,slate-oasis-brand-pouch-camps,5,True,True
campy,slate-corny-campy,3,True,True
camus,slate-oasis-brand-pouch-camus,5,True,True
canal,slate-molar-canal,3,True,True
cando,slate-corny-canon-cando,4,False,True
candy,slate-corny-candy,3,True,True
caned,slate-radar-funky-caned,4,True,True
caneh,slate-radar-cameo-cagey-caneh,5,False,True
caner,slate-radar-pygmy-wafer-baker-caner,6,False,True
canes,slate-ashen-wanes-canes,4,True,True
cangs,slate-oasis-brand-graph-fangs-cangs,6,False,True
canid,slate-corny-cabin-canid,4,False,True
canna,slate-corny-china-canna,4,False,True
canns,slate-oasis-brand-pawns-canns,5,False,True
canny,slate-corny-canny,3,True,True
canoe,slate-corgi-canoe,3,True,True
canon,slate-corny-canon,3,True,True
canso,slate-oasis-canso,3,False,True
canst,slate-antsy-canst,3,True,True
canti,slate-taint-canti,3,False,True
canto,slate-taint-panty-manta-bantu-canto,6,False,True
cants,slate-nymph-wants-rants-bants-cants,6,False,True
canty,slate-taint-panty-banty-canty,5,False,True
capas,slate-oasis-brand-pouch-camps-capas,6,False,True
capax,slate-corny-chica-capax,4,False,True
caped,slate-radar-funky-caped,4,True,True
caper,slate-radar-pygmy-caper,4,True,True
capes,slate-ashen-frock-vapid-capes,5,True,True
capex,slate-radar-cameo-cagey-caneh-capex,6,False,True
caphs,slate-oasis-brand-pouch-caphs,5,False,True
capiz,slate-corny-chica-campi-capiz,5,False,True
caple,slate-bangs-mulch-caple,4,False,True
capon,slate-corny-canon-capon,4,True,True
capos,slate-oasis-baons-camos-capos,5,False,True
capot,slate-tabor-cagot-capot,4,False,True
capri,slate-corny-cigar-capri,4,True,True
capul,slate-molar-daily-laugh-babul-capul,6,False,True
caput,slate-tabor-humph-kaput-caput,5,True,True
carap,slate-corny-circa-carap,4,False,True
carat,slate-tabor-carat,3,True,True
carbo,slate-corny-carom-cargo-carbo,5,False,True
carbs,slate-oasis-brand-carbs,4,True,True
carby,slate-corny-carry-carby,4,False,True
cardi,slate-corny-circa-cardi,4,False,True
cards,slate-oasis-brand-yucky-cards,5,True,True
cardy,slate-corny-carry-carby-cardy,5,False,True
cared,slate-radar-epoch-cared,4,True,True
carer,slate-radar-carer,3,True,True
cares,slate-ashen-frock-cares,4,True,True
caret,slate-treed-watch-caret,4,True,True
carex,slate-radar-harem-carex,4,False,True
cargo,slate-corny-carom-cargo,4,True,True
carks,slate-oasis-brand-whomp-racks-carks,6,False,True
carle,slate-bangs-mulch-caple-carle,5,False,True
carls,slate-balsa-pinch-lacks-carls,5,False,True
carne,slate-corgi-carve-carne,4,True,True
carns,slate-oasis-brand-warns-yarns-carns,6,False,True
carny,slate-corny-carny,3,True,True
carob,slate-corny-carom-carob,4,True,True
carol,slate-molar-carol,3,True,True
carom,slate-corny-carom,3,True,True
caron,slate-corny-caron,3,False,True
carpe,slate-corgi-carve-carne-carpe,5,True,True
carpi,slate-corny-circa-cardi-carpi,5,False,True
carps,slate-oasis-brand-whomp-parks-carps,6,False,True
carrs,slate-oasis-brand-whomp-racks-carrs,6,False,True
carry,slate-corny-carry,3,True,True
carse,slate-crump-carse,3,False,True
carta,slate-taint-party-garth-carta,5,False,True
carte,slate-acute-carte,3,True,True
carts,slate-nymph-vista-dwarf-carts,5,True,True
carve,slate-corgi-carve,3,True,True
carvy,slate-corny-carry-carby-cardy-carvy,6,False,True
casas,slate-oasis-wreck-casas,4,False,True
casco,slate-oasis-mason-basho-casco,5,False,True
cased,slate-ashen-frock-vapid-cased,5,True,True
caser,slate-ashen-frock-cares-caser,5,False,True
cases,slate-ashen-frock-vapid-cages-cases,6,True,True
casks,slate-oasis-wreck-casks,4,True,True
casky,slate-oasis-raspy-washy-casky,5,False,True
caste,slate-teach-caste,3,True,True
casts,slate-nymph-vista-casts,4,True,True
casus,slate-oasis-wreck-casas-casus,5,False,True
catch,slate-tabor-humph-catch,4,True,True
cater,slate-treed-watch-cater,4,True,True
cates,slate-asset-butch-cates,4,True,True
catty,slate-taint-scrap-catty,4,True,True
cauda,slate-corny-chica-cauda,4,False,True
cauks,slate-oasis-brand-pouch-cauks,5,False,True
cauld,slate-molar-daily-cauld,4,False,True
caulk,slate-molar-daily-caulk,4,True,True
cauls,slate-balsa-pinch-lacks-carls-cauls,6,False,True
caums,slate-oasis-brand-pouch-cauks-caums,6,False,True
caups,slate-oasis-brand-pouch-caups,5,False,True
cauri,slate-corny-cigar-capri-cauri,5,False,True
causa,slate-oasis-marsh-pansy-causa,5,False,True
cause,slate-crump-cause,3,True,True
cavas,slate-oasis-brand-pouch-jacks-caffs-camas-cavas,8,False,False
caved,slate-radar-funky-caped-wives-caved,6,True,True
cavel,slate-rangy-label-hazel-camel-cavel,6,False,True
caver,slate-radar-pygmy-wafer-baker-caner-caver,7,False,False
caves,slate-ashen-frock-vapid-caves,5,True,True
cavie,slate-corgi-cadie-cavie,4,False,True
cavil,slate-molar-daily-cavil,4,True,True
cavus,slate-oasis-brand-pouch-camus-cavus,6,False,True
cawed,slate-radar-funky-caped-wives-cawed,6,True,True
cawks,slate-oasis-brand-pouch-jacks-cawks,6,False,True
caxon,slate-corny-canon-capon-cajon-caxon,6,False,True
cease,slate-cease,2,True,True
ceaze,slate-prick-chafe-ceaze,4,False,True
cebid,slate-diner-medic-cebid,4,False,True
cecal,slate-rangy-medal-fecal-cecal,5,False,True
cecum,slate-diner-geeky-bebop-cecum,5,False,True
cedar,slate-radar-cedar,3,True,True
ceded,slate-diner-moped-gecko-ceded,5,True,True
ceder,slate-diner-odder-ruder-ceder,5,False,True
cedes,slate-runes-feces-cedes,4,False,True
cedis,slate-runes-chess-cedis,4,False,True
ceiba,slate-radar-hyena-mecca-ceiba,5,False,True
ceili,slate-never-bough-jelly-ceili,5,False,True
ceils,slate-loser-cheep-cells-ceils,5,False,True
celeb,slate-never-jewel-celeb,4,True,True
cella,slate-rangy-medal-fella-cella,5,False,True
celli,slate-never-bough-jelly-celli,5,False,True
cello,slate-never-bough-cello,4,True,True
cells,slate-loser-cheep-cells,4,True,True
celly,slate-never-bough-jelly-kelly-celly,6,False,True
celom,slate-never-bough-cello-celom,5,False,True
celts,slate-plumb-lefts-celts,4,False,True
cense,slate-rosin-dense-cense,4,False,True
cento,slate-pinch-cento,3,False,True
cents,slate-testy-grind-cents,4,True,True
centu,slate-pinch-cento-centu,4,False,True
ceorl,slate-never-reply-ceorl,4,False,True
cepes,slate-runes-feces-cedes-cepes,5,False,True
cerci,slate-diner-reiki-cerci,4,False,True
cered,slate-diner-befog-cered,4,False,True
ceres,slate-runes-porch-ceres,4,True,True
cerge,slate-doing-verge-merge-cerge,5,False,True
ceria,slate-radar-opera-erica-ceria,5,False,True
ceric,slate-diner-reiki-ceric,4,False,True
cerne,slate-doing-penne-cerne,4,False,True
ceroc,slate-diner-merry-perch-ceroc,5,False,True
ceros,slate-runes-press-throb-zeros-ceros,6,False,True
certs,slate-testy-grind-certs,4,False,True
certy,slate-pinch-certy,3,False,True
cesse,slate-rosin-besee-cesse,4,False,True
cesta,slate-abets-cesta,3,False,True
cesti,slate-testy-pesto-yearn-vests-besti-cesti,7,False,False
cetes,slate-cruet-cites-cetes,4,False,True
cetyl,slate-intel-extol-cetyl,4,False,True
cezve,slate-doing-scrum-becke-cezve,5,False,True
chaap,slate-churn-champ-chaap,4,False,True
chaat,slate-grunt-adapt-chaat,4,False,True
chace,slate-prick-chace,3,False,True
chack,slate-churn-champ-chaff-chack,5,False,True
chaco,slate-churn-champ-chaff-chack-chaco,6,False,True
chado,slate-churn-champ-chaff-chack-chado,6,False,True
chads,slate-curbs-chaos-chaps-chads,5,False,True
chafe,slate-prick-chafe,3,True,True
chaff,slate-churn-champ-chaff,4,True,True
chaft,slate-grunt-adapt-chaft,4,False,True
chain,slate-churn-chain,3,True,True
chair,slate-churn-chair,3,True,True
chais,slate-curbs-chaos-chaps-chads-chais,6,False,True
chalk,slate-curia-chalk,3,True,True
chals,slate-psalm-defog-vials-baals-chals,6,False,True
champ,slate-churn-champ,3,True,True
chams,slate-curbs-chaos-chaps-chads-chais-chams,7,False,False
chana,slate-churn-chang-chana,4,False,True
chang,slate-churn-chang,3,True,True
chank,slate-churn-chang-chana-chank,5,False,True
chant,slate-grunt-chant,3,True,True
chaos,slate-curbs-chaos,3,True,True
chape,slate-prick-chape,3,False,True
chaps,slate-curbs-chaos-chaps,4,True,True
chapt,slate-grunt-adapt-chapt,4,False,True
chara,slate-churn-charm-chard-chary-chara,6,False,True
chard,slate-churn-charm-chard,4,True,True
chare,slate-prick-chare,3,False,True
chark,slate-churn-charm-chard-chary-chara-chark,7,False,False
charm,slate-churn-charm,3,True,True
charr,slate-churn-charm-chard-chary-chara-chark-charr,8,False,False
chars,slate-curbs-crass-chars,4,False,True
chart,slate-grunt-apart-chart,4,True,True
chary,slate-churn-charm-chard-chary,5,True,True
chase,slate-cease-chase,3,True,True
chasm,slate-curbs-chasm,3,True,True
chats,slate-combo-chats,3,True,True
chava,slate-churn-champ-chaff-chack-chado-chava,7,False,False
chave,slate-prick-chafe-chave,4,False,True
chavs,slate-curbs-chaos-chaps-chads-chais-chams-chavs,8,False,False
chawk,slate-churn-champ-chaff-chack-chawk,6,False,True
chawl,slate-curia-chalk-chawl,4,False,True
chaws,slate-curbs-chaos-chaps-chads-chais-chams-chavs-chaws,9,False,False
chaya,slate-churn-champ-chaff-chack-chado-chava-chaya,8,False,False
chays,slate-curbs-chaos-chaps-chads-chais-chams-chavs-chaws-chays,10,False,False
cheap,slate-radar-began-cheap,4,True,True
cheat,slate-treed-wheat-cheat,4,True,True
cheba,slate-radar-hyena-cheba,4,False,True
check,slate-diner-geeky-check,4,True,True
chedi,slate-diner-medic-chedi,4,False,True
cheeb,slate-diner-chomp-cheek-cheeb,5,False,True
cheek,slate-diner-chomp-cheek,4,True,True
cheep,slate-diner-chomp-cheep,4,True,True
cheer,slate-diner-whomp-cheer,4,True,True
cheet,slate-titer-venue-emmet-cheet,5,False,True
chefs,slate-runes-chess-chefs,4,True,True
cheka,slate-radar-hyena-cheba-cheka,5,False,True
chela,slate-rangy-medal-akela-chela,5,False,True
chelp,slate-never-wispy-chelp,4,False,True
chemo,slate-diner-geeky-chemo,4,True,True
chems,slate-runes-chess-chefs-chews-chems,6,False,True
chere,slate-doing-scrum-crepe-chere,5,False,True
chert,slate-titer-erect-chert,4,False,True
chess,slate-runes-chess,3,True,True
chest,slate-cruet-chest,3,True,True
cheth,slate-pinch-cheth,3,False,True
chevy,slate-diner-geeky-chewy-chevy,5,True,True
chews,slate-runes-chess-chefs-chews,5,True,True
chewy,slate-diner-geeky-chewy,4,True,True
chiao,slate-corny-cacao-chiao,4,False,True
chias,slate-oasis-minas-arias-chias,5,False,True
chiba,slate-corny-chica-chiba,4,False,True
chibs,slate-hokum-fishy-phish-chins-chibs,6,False,True
chica,slate-corny-chica,3,True,True
chich,slate-crony-cubic-chick-chich,5,False,True
chick,slate-crony-cubic-chick,4,True,True
chico,slate-crony-couch-chico,4,True,True
chics,slate-hokum-fishy-phish-chins-chibs-chics,7,False,False
chide,slate-doing-pride-chide,4,True,True
chief,slate-diner-chief,3,True,True
chiel,slate-never-dumpy-bowel-chiel,5,False,True
chiko,slate-crony-couch-chiko,4,False,True
chiks,slate-hokum-whisk-chiks,4,False,True
child,slate-dilly-guild-child,4,True,True
chile,slate-bingo-while-chile,4,True,True
chili,slate-dilly-chili,3,True,True
chill,slate-dilly-gruff-chill,4,True,True
chimb,slate-crony-cubic-chimb,4,False,True
chime,slate-doing-crumb-chime,4,True,True
chimo,slate-crony-couch-chiko-chimo,5,False,True
chimp,slate-crony-cubic-chimp,4,True,True
china,slate-corny-china,3,True,True
chine,slate-doing-urine-whine-chine,5,False,True
ching,slate-crony-chunk-ching,4,True,True
chink,slate-crony-chunk-chink,4,False,True
chino,slate-crony-chino,3,True,True
chins,slate-hokum-fishy-phish-chins,5,True,True
chips,slate-hokum-fishy-phish-chips,5,True,True
chirk,slate-crony-chirp-chirk,4,False,True
chirl,slate-dilly-logic-chirl,4,False,True
chirm,slate-crony-chirp-chirk-chirm,5,False,True
chiro,slate-crony-curio-chiro,4,False,True
chirp,slate-crony-chirp,3,True,True
chirr,slate-crony-chirp-chirk-chirm-chirr,6,False,True
chirt,slate-count-crypt-chirt,4,False,True
chiru,slate-crony-chirp-chirk-chirm-chirr-chiru,7,False,False
chiti,slate-briny-chiti,3,False,True
chits,slate-forum-whips-chits,4,False,True
chiva,slate-corny-chica-chiba-chiva,5,False,True
chive,slate-doing-crumb-chive,4,True,True
chivs,slate-hokum-fishy-phish-chins-chibs-chics-chivs,8,False,False
chivy,slate-crony-cubby-chivy,4,False,True
chizz,slate-crony-cubic-chimp-chizz,5,False,True
chock,slate-crony-chock,3,True,True
choco,slate-crony-chock-choco,4,True,True
chocs,slate-hokum-frosh-chops-chocs,5,False,True
chode,slate-doing-erode-chode,4,False,True
chogs,slate-hokum-frosh-chops-chocs-chogs,6,False,True
choil,slate-dilly-logic-choil,4,False,True
choir,slate-crony-choir,3,True,True
choke,slate-doing-probe-choke,4,True,True
choko,slate-crony-chock-choko,4,False,True
choky,slate-crony-choky,3,False,True
chola,slate-molar-aioli-paolo-chola,5,False,True
choli,slate-dilly-chili-choli,4,False,True
cholo,slate-dilly-cholo,3,True,True
chomp,slate-crony-chock-chomp,4,True,True
chons,slate-hokum-frosh-chops-chocs-chogs-chons,7,False,False
choof,slate-crony-chock-chomp-choux-choof,6,False,True
chook,slate-crony-chock-chook,4,False,True
choom,slate-crony-chock-chomp-choom,5,False,True
choon,slate-crony-choon,3,False,True
chops,slate-hokum-frosh-chops,4,True,True
chord,slate-crony-choir-chord,4,True,True
chore,slate-doing-probe-chore,4,True,True
chose,slate-rosin-whose-chose,4,True,True
choss,slate-hokum-frosh-choss,4,False,True
chota,slate-taint-aorta-quota-chota,5,False,True
chott,slate-briny-mouth-photo-chott,5,False,True
chout,slate-count-chout,3,False,True
choux,slate-crony-chock-chomp-choux,5,True,True
chowk,slate-crony-chock-chook-chowk,5,False,True
chows,slate-hokum-frosh-chops-chocs-chogs-chons-chows,8,False,False
chubs,slate-hokum-pubic-chubs,4,False,True
chuck,slate-crony-cubic-chuck,4,True,True
chufa,slate-corny-chica-chufa,4,False,True
chuff,slate-crony-cubic-chump-chuff,5,False,True
chugs,slate-hokum-pubic-crush-chugs,5,False,True
chump,slate-crony-cubic-chump,4,True,True
chums,slate-hokum-mushy-chums,4,True,True
chunk,slate-crony-chunk,3,True,True
churl,slate-dilly-prowl-churl,4,True,True
churn,slate-crony-churn,3,True,True
churr,slate-crony-chirp-churr,4,False,True
chuse,slate-rosin-geese-chuse,4,False,True
chute,slate-turbo-chute,3,True,True
chuts,slate-forum-dusty-units-bhuts-chuts,6,False,True
chyle,slate-bingo-levee-cycle-chyle,5,False,True
chyme,slate-doing-scrum-emcee-chyme,5,False,True
chynd,slate-crony-chynd,3,False,True
cibol,slate-dilly-vigil-cibol,4,False,True
cided,slate-diner-video-bided-cided,5,False,True
cider,slate-diner-crewe-cider,4,True,True
cides,slate-runes-feces-vodka-cides,5,False,True
ciels,slate-loser-cheep-ciels,4,False,True
cigar,slate-corny-cigar,3,True,True
ciggy,slate-crony-cubby-chivy-ciggy,5,False,True
cilia,slate-molar-dally-cilia,4,True,True
cills,slate-locus-cills,3,False,True
cimar,slate-corny-cigar-cimar,4,False,True
cimex,slate-diner-bicep-cimex,4,False,True
cinch,slate-crony-cinch,3,True,True
cinct,slate-count-cinct,3,False,True
cines,slate-runes-crimp-cines,4,False,True
cinqs,slate-hokum-crisp-cinqs,4,False,True
cions,slate-hokum-cross-cions,4,False,True
cippi,slate-crony-cubic-chimp-cippi,5,False,True
circa,slate-corny-circa,3,True,True
circs,slate-hokum-crisp-circs,4,False,True
cires,slate-runes-porch-ceres-cires,5,False,True
cirls,slate-locus-cills-cirls,4,False,True
cirri,slate-crony-chirp-cirri,4,False,True
cisco,slate-hokum-cross-cisco,4,True,True
cissy,slate-hokum-crisp-cissy,4,False,True
cists,slate-forum-whips-tints-cists,5,False,True
cital,slate-taint-vital-cital,4,False,True
cited,slate-titer-cited,3,True,True
citee,slate-chirp-cutie-citee,4,False,True
citer,slate-titer-miter-biter-citer,5,False,True
cites,slate-cruet-cites,3,True,True
cives,slate-runes-feces-vodka-cives,5,False,True
civet,slate-titer-bidet-civet,4,True,True
civic,slate-crony-cubic-civic,4,True,True
civie,slate-doing-puree-bikie-civie,5,False,True
civil,slate-dilly-vigil-civil,4,True,True
civvy,slate-crony-cubby-chivy-civvy,5,False,True
clach,slate-prick-clach,3,False,True
clack,slate-prick-black-flack-clack,5,True,True
clade,slate-crumb-clave-clade,4,True,True
clads,slate-pecks-class-yawns-clams-clads,6,False,True
claes,slate-blaes-claes,3,False,True
clags,slate-pecks-class-yawns-clams-clads-clags,7,False,False
claim,slate-prick-claim,3,True,True
clair,slate-prick-clair,3,True,True
clame,slate-crumb-clame,3,False,True
clamp,slate-prick-clamp,3,True,True
clams,slate-pecks-class-yawns-clams,5,True,True
clang,slate-prick-clang,3,True,True
clank,slate-prick-clank,3,True,True
clans,slate-pecks-class-yawns-clans,5,True,True
claps,slate-pecks-claps,3,True,True
clapt,slate-plant-clapt,3,False,True
claro,slate-prick-clary-claro,4,False,True
clart,slate-plant-blart-clart,4,False,True
clary,slate-prick-clary,3,True,True
clash,slate-pecks-clash,3,True,True
clasp,slate-pecks-clasp,3,True,True
class,slate-pecks-class,3,True,True
clast,slate-blast-clast,3,False,True
clats,slate-flats-blats-clats,4,False,True
claut,slate-plant-blart-claut,4,False,True
clave,slate-crumb-clave,3,True,True
clavi,slate-prick-claim-clavi,4,False,True
claws,slate-pecks-class-yawns-claws,5,True,True
clays,slate-pecks-class-yawns-clays,5,False,True
clean,slate-gonad-clean,3,True,True
clear,slate-gonad-bleak-clear,4,True,True
cleat,slate-cleat,2,True,True
cleck,slate-freed-blech-cleck,4,False,True
cleek,slate-freed-bleep-cleek,4,False,True
cleep,slate-freed-bleep-cleep,4,False,True
clefs,slate-flesh-clefs,3,False,True
cleft,slate-fleet-cleft,3,True,True
clegs,slate-flesh-blebs-clegs,4,False,True
cleik,slate-freed-blech-cleik,4,False,True
clems,slate-flesh-blebs-clegs-clems,5,False,True
clepe,slate-bipod-plume-clepe,4,False,True
clept,slate-fleet-blent-clept,4,False,True
clerk,slate-freed-clerk,3,True,True
cleve,slate-bipod-fluke-cleve,4,True,True
clews,slate-flesh-blebs-clegs-clems-clews,6,False,True
click,slate-bipod-flick-click,4,True,True
clied,slate-freed-glued-plied-clied,5,False,True
clies,slate-flesh-vouch-clies,4,False,True
cliff,slate-bipod-flick-cliff,4,True,True
clift,slate-flung-clift,3,True,True
climb,slate-bipod-climb,3,True,True
clime,slate-bipod-clime,3,True,True
cline,slate-bipod-clime-cline,4,True,True
cling,slate-bipod-flick-cling,4,True,True
clink,slate-bipod-flick-clink,4,True,True
clint,slate-flung-clint,3,True,True
clipe,slate-bipod-clipe,3,False,True
clips,slate-floss-plums-clips,4,True,True
clipt,slate-flung-clipt,3,False,True
clits,slate-uncap-clots-clits,4,False,True
cloak,slate-agora-cloak,3,True,True
cloam,slate-agora-cloak-cloam,4,False,True
clock,slate-bipod-frank-clock,4,True,True
clods,slate-floss-clogs-clods,4,True,True
cloff,slate-bipod-frank-cloff,4,False,True
clogs,slate-floss-clogs,3,True,True
cloke,slate-bipod-glove-clone-cloke,5,False,True
clomb,slate-bipod-clomb,3,False,True
clomp,slate-bipod-plonk-clomp,4,True,True
clone,slate-bipod-glove-clone,4,True,True
clonk,slate-bipod-frank-clonk,4,False,True
clons,slate-floss-clogs-clods-clons,5,False,True
cloop,slate-bipod-gloop-cloop,4,False,True
cloot,slate-flung-clipt-cloot,4,False,True
clops,slate-floss-clogs-clods-clons-clops,6,False,True
close,slate-close,2,True,True
clote,slate-flute-elite-clote,4,False,True
cloth,slate-glitz-cloth,3,True,True
clots,slate-uncap-clots,3,True,True
cloud,slate-bipod-cloud,3,True,True
clour,slate-bipod-frank-glory-clour,5,False,True
clous,slate-floss-clogs-clods-clons-clops-clous,7,False,False
clout,slate-flung-clout,3,True,True
clove,slate-bipod-glove-clove,4,True,True
clown,slate-bipod-frank-clown,4,True,True
clows,slate-floss-clogs-clods-clons-clops-clous-clows,8,False,False
cloye,slate-bipod-glove-clone-cloke-cloye,6,False,True
cloys,slate-floss-clogs-clods-clons-clops-clous-clows-cloys,9,False,False
cloze,slate-bipod-glove-clone-cloke-cloye-cloze,7,False,False
clubs,slate-floss-plums-clubs,4,True,True
cluck,slate-bipod-flunk-cluck,4,True,True
clued,slate-freed-glued-clued,4,True,True
clues,slate-flesh-vouch-clues,4,True,True
cluey,slate-freed-gluey-bluey-cluey,5,False,True
clump,slate-bipod-plunk-clump,4,True,True
clung,slate-bipod-flunk-clung,4,True,True
clunk,slate-bipod-flunk-clunk,4,True,True
clype,slate-bipod-plume-clepe-clype,5,False,True
cnida,slate-corny-cabin-cnida,4,False,True
coach,slate-churn-coach,3,True,True
coact,slate-grunt-adapt-chaft-coact,5,False,True
coady,slate-churn-coady,3,False,True
coala,slate-curia-coala,3,False,True
coals,slate-psalm-defog-coals,4,True,True
coaly,slate-curia-chalk-coaly,4,False,True
coapt,slate-grunt-adapt-chapt-coapt,5,False,True
coarb,slate-churn-coarb,3,False,True
coast,slate-bronc-coast,3,True,True
coate,slate-corgi-coate,3,False,True
coati,slate-wrath-coati,3,True,True
coats,slate-combo-coats,3,True,True
cobbs,slate-hokum-boson-cobbs,4,False,True
cobby,slate-crony-cocky-comfy-cobby,5,False,True
cobia,slate-corny-cocoa-comma-cobia,5,False,True
coble,slate-bingo-coble,3,False,True
cobot,slate-count-cobot,3,False,True
cobra,slate-corny-cobra,3,True,True
cobza,slate-corny-cocoa-comma-cobia-cobza,6,False,True
cocas,slate-oasis-comas-cocas,4,False,True
cocci,slate-crony-couch-cocci,4,False,True
cocco,slate-crony-couch-cocci-cocco,5,False,True
cocks,slate-hokum-crowd-cocks,4,True,True
cocky,slate-crony-cocky,3,True,True
cocoa,slate-corny-cocoa,3,True,True
cocos,slate-hokum-boson-cocos,4,False,True
cocus,slate-hokum-bonus-focus-cocus,5,False,True
codas,slate-oasis-comas-cocas-codas,5,False,True
codec,slate-diner-moped-codex-codec,5,False,True
coded,slate-diner-moped-oxbow-yoked-coded,6,True,True
coden,slate-diner-unwed-coden,4,False,True
coder,slate-diner-odder-coder,4,True,True
codes,slate-runes-feces-vodka-codes,5,True,True
codex,slate-diner-moped-codex,4,True,True
codon,slate-crony-conch-codon,4,False,True
coeds,slate-runes-chess-coeds,4,False,True
coffs,slate-hokum-boson-corps-coffs,5,False,True
cogie,slate-doing-bogie-cogie,4,False,True
cogon,slate-crony-conch-codon-cogon,5,False,True
cogue,slate-doing-gorge-vogue-bogue-cogue,6,False,True
cohab,slate-corny-cocoa-cohab,4,False,True
cohen,slate-diner-smock-coven-cohen,5,True,True
cohoe,slate-doing-bocce-coupe-comme-cohoe,6,False,True
cohog,slate-crony-couch-cohog,4,False,True
cohos,slate-hokum-johns-bohos-cohos,5,False,True
coifs,slate-hokum-boson-corps-coffs-coifs,6,False,True
coign,slate-crony-conch-codon-coign,5,False,True
coils,slate-locus-cools-coils,4,True,True
coins,slate-hokum-boson-noisy-coins,5,True,True
coirs,slate-hokum-boson-corps-coirs,5,False,True
coits,slate-forum-tooth-costs-coits,5,False,True
coked,slate-diner-moped-oxbow-yoked-joked-coked,7,False,False
cokes,slate-runes-feces-vodka-cokes,5,True,True
cokey,slate-diner-chomp-covey-cokey,5,False,True
colas,slate-balsa-aglus-colas,4,False,True
colby,slate-dilly-bulky-colby,4,False,True
colds,slate-locus-cools-colds,4,True,True
coled,slate-never-dumpy-oiled-holed-coled,6,False,True
coles,slate-loser-whomp-coles,4,True,True
coley,slate-never-dumpy-holey-coley,5,True,True
colic,slate-dilly-folic-colic,4,True,True
colin,slate-dilly-folic-colin,4,True,True
colle,slate-bingo-whole-joule-colle,5,False,True
colls,slate-locus-cools-coils-colls,5,False,True
colly,slate-dilly-befog-lymph-jolly-colly,6,False,True
colog,slate-dilly-color-colon-colog,5,False,True
colon,slate-dilly-color-colon,4,True,True
color,slate-dilly-color,3,True,True
colts,slate-lusty-vouch-colts,4,True,True
colza,slate-molar-polka-holla-colza,5,False,True
comae,slate-corgi-comae,3,False,True
comal,slate-molar-comal,3,False,True
comas,slate-oasis-comas,3,True,True
combe,slate-doing-bocce-combe,4,True,True
combi,slate-crony-couch-combo-combi,5,False,True
combo,slate-crony-couch-combo,4,True,True
combs,slate-hokum-mossy-brown-combs,5,True,True
comby,slate-crony-cocky-comfy-comby,5,False,True
comer,slate-diner-whomp-mover-comer,5,True,True
comes,slate-runes-feces-vodka-comes,5,True,True
comet,slate-titer-venue-comet,4,True,True
comfy,slate-crony-cocky-comfy,4,True,True
comic,slate-crony-couch-comic,4,True,True
comix,slate-crony-couch-combo-comix,5,False,True
comma,slate-corny-cocoa-comma,4,True,True
comme,slate-doing-bocce-coupe-comme,5,True,True
commo,slate-crony-couch-combo-commo,5,False,True
comms,slate-hokum-mossy-brown-comps-comms,6,False,True
commy,slate-crony-cocky-comfy-comby-commy,6,False,True
compo,slate-crony-couch-combo-commo-compo,6,False,True
comps,slate-hokum-mossy-brown-comps,5,True,True
compt,slate-count-cobot-compt,4,False,True
comte,slate-turbo-emote-comte,4,True,True
comus,slate-hokum-modus-comus,4,False,True
conch,slate-crony-conch,3,True,True
condo,slate-crony-conch-condo,4,True,True
coned,slate-diner-botch-coned,4,True,True
cones,slate-runes-crimp-cones,4,True,True
conex,slate-diner-honey-conex,4,False,True
coney,slate-diner-honey-money-boney-coney,6,False,True
confs,slate-hokum-boson-noisy-dongs-confs,6,False,True
conga,slate-corny-conga,3,True,True
conge,slate-doing-conge,3,False,True
congo,slate-crony-conch-condo-congo,5,False,True
conia,slate-corny-conga-conia,4,False,True
conic,slate-crony-conch-conic,4,True,True
conin,slate-crony-conch-condo-conin,5,False,True
conks,slate-hokum-crowd-cocks-conks,5,False,True
conky,slate-crony-conky,3,False,True
conne,slate-doing-borne-conne,4,False,True
conns,slate-hokum-boson-noisy-dongs-confs-conns,7,False,False
conte,slate-turbo-emote-conte,4,False,True
conto,slate-briny-month-conto,4,False,True
conus,slate-hokum-bonus-conus,4,False,True
convo,slate-crony-conch-condo-congo-convo,6,False,True
cooch,slate-crony-chock-cooch,4,False,True
cooed,slate-diner-moped-oxbow-cooed,5,True,True
cooee,slate-doing-bocce-coupe-comme-cohoe-cooee,7,False,False
cooer,slate-diner-whomp-cooer,4,False,True
cooey,slate-diner-chomp-cooey,4,False,True
coofs,slate-hokum-boson-dwarf-coofs,5,False,True
cooks,slate-hokum-crowd-cooks,4,True,True
cooky,slate-crony-choky-cooky,4,False,True
cools,slate-locus-cools,3,True,True
cooly,slate-dilly-scowl-cooly,4,False,True
coomb,slate-crony-chock-coomb,4,False,True
cooms,slate-hokum-mossy-brown-cooms,5,False,True
coomy,slate-crony-choky-coomy,4,False,True
coons,slate-hokum-boson-coons,4,True,True
coops,slate-hokum-boson-dwarf-poops-coops,6,False,True
coopt,slate-count-cobot-coopt,4,False,True
coost,slate-trout-boost-coost,4,False,True
coots,slate-forum-tooth-boots-coots,5,False,True
cooty,slate-briny-potty-cooty,4,False,True
cooze,slate-doing-bocce-coupe-comme-cohoe-cooee-cooze,8,False,False
copal,slate-molar-local-copal,4,False,True
copay,slate-corny-copay,3,True,True
coped,slate-diner-moped-coped,4,True,True
copen,slate-diner-smock-coven-cohen-copen,6,False,True
coper,slate-diner-whomp-poker-roper-coper,6,False,True
copes,slate-runes-feces-vodka-comes-copes,6,False,True
copha,slate-corny-cocoa-comma-cobia-copha,6,False,True
coppy,slate-crony-cocky-comfy-cobby-coppy,6,False,True
copra,slate-corny-cobra-copra,4,False,True
copse,slate-rosin-dumpy-copse,4,True,True
copsy,slate-hokum-boson-corps-copsy,5,False,True
coqui,slate-crony-couch-coqui,4,False,True
coral,slate-molar-coral,3,True,True
coram,slate-corny-coram,3,False,True
corbe,slate-doing-bocce-combe-corbe,5,False,True
corby,slate-crony-corky-corby,4,True,True
corda,slate-corny-coram-corda,4,False,True
cords,slate-hokum-boson-corps-cords,5,True,True
cored,slate-diner-befog-rodeo-cored,5,True,True
corer,slate-diner-whomp-rocky-cover-corer,6,True,True
cores,slate-runes-porch-cores,4,True,True
corey,slate-diner-creek-corey,4,False,True
corgi,slate-crony-curio-corgi,4,True,True
coria,slate-corny-coram-corda-coria,5,False,True
corks,slate-hokum-crowd-corks,4,True,True
corky,slate-crony-corky,3,True,True
corms,slate-hokum-mossy-brown-dorms-forms-corms,7,False,False
corni,slate-crony-corni,3,False,True
corno,slate-crony-corni-corno,4,False,True
corns,slate-hokum-boson-noisy-dongs-corns,6,True,True
cornu,slate-crony-corni-corno-cornu,5,False,True
corny,slate-crony-corny,3,True,True
corps,slate-hokum-boson-corps,4,True,True
corse,slate-rosin-worse-horse-gorse-morse-corse,7,False,False
corso,slate-hokum-boson-dwarf-corso,5,True,True
cosec,slate-runes-mosey-whips-dosed-cosec,6,False,True
cosed,slate-runes-mosey-whips-dosed-cosed,6,False,True
coses,slate-runes-feces-vodka-comes-copes-coses,7,False,False
coset,slate-cruet-coset,3,False,True
cosey,slate-runes-mosey-posey-bosey-cosey,6,False,True
cosie,slate-rosin-bosie-cosie,4,False,True
costa,slate-nymph-vista-costa,4,True,True
coste,slate-piste-coste,3,False,True
costs,slate-forum-tooth-costs,4,True,True
cotan,slate-tabor-adopt-cotan,4,False,True
cotch,slate-count-cotch,3,False,True
coted,slate-titer-often-doted-voted-coted,6,False,True
cotes,slate-cruet-cites-cetes-cotes,5,False,True
coths,slate-trout-goths-moths-coths,5,False,True
cotta,slate-taint-gotta-cotta,4,False,True
cotts,slate-forum-tooth-botts-cotts,5,False,True
couch,slate-crony-couch,3,True,True
coude,slate-doing-horde-coude,4,False,True
cough,slate-crony-couch-cough,4,True,True
could,slate-dilly-would-could,4,True,True
count,slate-count,2,True,True
coupe,slate-doing-bocce-coupe,4,True,True
coups,slate-hokum-unify-pours-coups,5,False,True
courb,slate-crony-curio-courb,4,False,True
courd,slate-crony-curio-courb-courd,5,False,True
coure,slate-doing-bocce-coupe-coure,5,False,True
cours,slate-hokum-unify-pours-cours,5,False,True
court,slate-count-court,3,True,True
couta,slate-taint-aorta-couta,4,False,True
couth,slate-briny-mouth-couth,4,True,True
coved,slate-diner-moped-oxbow-yoked-coded-coved,7,False,False
coven,slate-diner-smock-coven,4,True,True
cover,slate-diner-whomp-rocky-cover,5,True,True
coves,slate-runes-feces-vodka-coves,5,True,True
covet,slate-titer-venue-covet,4,True,True
covey,slate-diner-chomp-covey,4,True,True
covin,slate-crony-conch-codon-coign-covin,6,False,True
cowal,slate-molar-local-copal-cowal,5,False,True
cowan,slate-corny-conga-cowan,4,True,True
cowed,slate-diner-moped-oxbow-wives-cowed,6,True,True
cower,slate-diner-whomp-cower,4,True,True
cowks,slate-hokum-crowd-cowks,4,False,True
cowls,slate-locus-cools-coils-colls-cowls,6,False,True
cowps,slate-hokum-boson-corps-cowps,5,False,True
cowry,slate-crony-corky-cowry,4,False,True
coxae,slate-corgi-comae-coxae,4,False,True
coxal,slate-molar-local-copal-cowal-coxal,6,False,True
coxed,slate-diner-moped-oxbow-coxed,5,True,True
coxes,slate-runes-feces-vodka-comes-copes-coses-coxes,8,False,False
coxib,slate-crony-couch-combo-coxib,5,False,True
coyau,slate-corny-coyau,3,False,True
coyed,slate-diner-moped-oxbow-yoked-coyed,6,False,True
coyer,slate-diner-whomp-rocky-coyer,5,False,True
coyly,slate-dilly-scowl-coyly,4,True,True
coypu,slate-crony-coypu,3,False,True
cozed,slate-diner-moped-oxbow-yoked-coded-coved-cozed,8,False,False
cozen,slate-diner-smock-coven-cohen-copen-cozen,7,False,False
cozes,slate-runes-feces-vodka-comes-copes-coses-coxes-cozes,9,False,False
cozey,slate-diner-chomp-covey-cokey-cozey,6,False,True
cozie,slate-doing-moxie-bowie-cozie,5,False,True
craal,slate-curia-crawl-craal,4,False,True
crabs,slate-curbs-crabs,3,True,True
crack,slate-churn-yikes-crack,4,True,True
craft,slate-grunt-tract-craft,4,True,True
crags,slate-curbs-crass-crags,4,True,True
craic,slate-churn-yikes-craig-craic,5,False,True
craig,slate-churn-yikes-craig,4,True,True
crake,slate-prick-crake,3,False,True
crame,slate-prick-zones-crave-crame,5,False,True
cramp,slate-churn-yikes-cramp,4,True,True
crams,slate-curbs-crass-crags-craps-crams,6,False,True
crane,slate-prick-zones-crane,4,True,True
crank,slate-churn-crank,3,True,True
crans,slate-curbs-crass-crags-craps-crams-crans,7,False,False
crape,slate-prick-crape,3,False,True
craps,slate-curbs-crass-crags-craps,5,True,True
crapy,slate-churn-yikes-crazy-crapy,5,False,True
crare,slate-prick-zones-crave-crame-crare,6,False,True
crash,slate-curbs-crash,3,True,True
crass,slate-curbs-crass,3,True,True
crate,slate-corgi-crate,3,True,True
crave,slate-prick-zones-crave,4,True,True
crawl,slate-curia-crawl,3,True,True
craws,slate-curbs-crass-crags-craps-crams-crans-craws,8,False,False
crays,slate-curbs-crass-crags-craps-crams-crans-craws-crays,9,False,False
craze,slate-prick-zones-craze,4,True,True
crazy,slate-churn-yikes-crazy,4,True,True
creak,slate-radar-wombs-freak-creak,5,True,True
cream,slate-radar-wombs-cream,4,True,True
credo,slate-diner-redux-credo,4,True,True
creds,slate-runes-press-crews-creds,5,False,True
creed,slate-diner-befog-creed,4,True,True
creek,slate-diner-creek,3,True,True
creel,slate-never-creel,3,False,True
creep,slate-diner-creek-creep,4,True,True
crees,slate-runes-porch-cries-crees,5,False,True
crein,slate-diner-reign-crein,4,False,True
crema,slate-radar-opera-crema,4,True,True
creme,slate-doing-scrum-creme,4,True,True
crems,slate-runes-press-crews-creds-crems,6,False,True
crena,slate-radar-opera-crema-crena,5,False,True
crepe,slate-doing-scrum-crepe,4,True,True
creps,slate-runes-press-creps,4,False,True
crept,slate-titer-erect-crept,4,True,True
crepy,slate-diner-merry-crepy,4,False,True
cress,slate-runes-press-dress-cress,5,True,True
crest,slate-cruet-crest,3,True,True
crewe,slate-doing-scrum-crepe-crewe,5,True,True
crews,slate-runes-press-crews,4,True,True
crias,slate-oasis-minas-arias-crias,5,False,True
cribo,slate-crony-cribo,3,False,True
cribs,slate-hokum-crisp-cribs,4,True,True
crick,slate-crony-crumb-crick,4,True,True
cried,slate-diner-pricy-cried,4,True,True
crier,slate-diner-crier,3,True,True
cries,slate-runes-porch-cries,4,True,True
crime,slate-doing-crumb-crime,4,True,True
crimp,slate-crony-crumb-crimp,4,True,True
crims,slate-hokum-missy-brims-crims,5,False,True
crine,slate-doing-urine-brine-crine,5,False,True
crink,slate-crony-crink,3,False,True
crins,slate-hokum-crisp-cribs-crins,5,False,True
crios,slate-hokum-cross-crios,4,False,True
cripe,slate-doing-crumb-cripe,4,False,True
crips,slate-hokum-crisp-crips,4,True,True
crise,slate-rosin-frise-prise-brise-crise,6,False,True
crisp,slate-hokum-crisp,3,True,True
criss,slate-hokum-crisp-criss,4,True,True
crith,slate-briny-fritz-crith,4,False,True
crits,slate-forum-brits-grits-crits,5,False,True
croak,slate-corny-croak,3,True,True
croci,slate-crony-crock-croci,4,False,True
crock,slate-crony-crock,3,True,True
crocs,slate-hokum-cross-crops-crows-crocs,6,False,True
croft,slate-count-croft,3,False,True
crogs,slate-hokum-cross-crops-crows-crocs-crogs,7,False,False
cromb,slate-crony-crock-crowd-croup-cromb,6,False,True
crome,slate-doing-probe-froze-crome,5,False,True
crone,slate-doing-prone-crone,4,True,True
cronk,slate-crony-cronk,3,False,True
crons,slate-hokum-cross-crops-crows-crocs-crogs-crons,8,False,False
crony,slate-crony,2,True,True
crook,slate-crony-crock-crook,4,True,True
crool,slate-dilly-prowl-brool-crool,5,False,True
croon,slate-crony-croon,3,True,True
crops,slate-hokum-cross-crops,4,True,True
crore,slate-doing-probe-froze-crome-crore,6,False,True
cross,slate-hokum-cross,3,True,True
crost,slate-trout-frost-crost,4,False,True
croup,slate-crony-crock-crowd-croup,5,True,True
crout,slate-count-chout-crout,4,False,True
crowd,slate-crony-crock-crowd,4,True,True
crowl,slate-dilly-prowl-growl-crowl,5,False,True
crown,slate-crony-croon-crown,4,True,True
crows,slate-hokum-cross-crops-crows,5,True,True
croze,slate-doing-probe-froze-croze,5,False,True
cruck,slate-crony-crumb-cruck,4,False,True
crude,slate-doing-crude,3,True,True
crudo,slate-crony-cribo-crudo,4,False,True
cruds,slate-hokum-gussy-usurp-bruvs-cruds,6,False,True
crudy,slate-crony-crudy,3,False,True
cruel,slate-never-cruel,3,True,True
crues,slate-runes-urges-crues,4,False,True
cruet,slate-titer-greet-cruet,4,True,True
cruft,slate-count-cruft,3,False,True
crumb,slate-crony-crumb,3,True,True
crump,slate-crony-crumb-crump,4,True,True
crunk,slate-crony-crink-crunk,4,False,True
cruor,slate-crony-cribo-cruor,4,False,True
crura,slate-corny-cigar-crura,4,False,True
cruse,slate-rosin-purse-cruse,4,False,True
crush,slate-hokum-pubic-crush,4,True,True
crust,slate-trout-crust,3,True,True
crusy,slate-hokum-gussy-crusy,4,False,True
cruve,slate-doing-scrum-cruve,4,False,True
crwth,slate-briny-truth-froth-crwth,5,False,True
cryer,slate-diner-whomp-fryer-cryer,5,False,True
cryne,slate-doing-penne-cryne,4,False,True
crypt,slate-count-crypt,3,True,True
ctene,slate-chirp-ctene,3,False,True
cubby,slate-crony-cubby,3,True,True
cubeb,slate-diner-chomp-cubeb,4,False,True
cubed,slate-diner-moped-gecko-cubed,5,True,True
cuber,slate-diner-whomp-fryer-queer-cuber,6,False,True
cubes,slate-runes-bosom-cubes,4,True,True
cubic,slate-crony-cubic,3,True,True
cubit,slate-count-cubit,3,True,True
cucks,slate-hokum-dusky-pubic-fucks-cucks,6,False,True
cudda,slate-corny-chica-cauda-cudda,5,False,True
cuddy,slate-crony-cubby-cuddy,4,True,True
cueca,slate-radar-hyena-omega-cueca,5,False,True
cuffo,slate-crony-couch-cuffo,4,False,True
cuffs,slate-hokum-gussy-bronc-cuffs,5,True,True
cuifs,slate-hokum-gussy-bronc-cuffs-cuifs,6,False,True
cuing,slate-crony-chunk-cuing,4,True,True
cuish,slate-hokum-pubic-cuish,4,False,True
cuits,slate-forum-dusty-witch-cuits,5,False,True
cukes,slate-runes-bosom-dudes-cukes,5,False,True
culch,slate-dilly-color-culch,4,False,True
culet,slate-intel-tyler-bolet-culet,5,False,True
culex,slate-never-dumpy-kugel-culex,5,False,True
culls,slate-locus-curls-culls,4,False,True
cully,slate-dilly-befog-cully,4,True,True
culms,slate-locus-curls-culms,4,False,True
culpa,slate-molar-dally-cilia-culpa,5,True,True
culti,slate-lofty-culti,3,False,True
cults,slate-lusty-cults,3,True,True
culty,slate-lofty-culty,3,False,True
cumec,slate-diner-chomp-cumec,4,False,True
cumin,slate-crony-cinch-cumin,4,True,True
cundy,slate-crony-cundy,3,False,True
cunei,slate-diner-cunei,3,False,True
cunit,slate-count-cunit,3,False,True
cunny,slate-crony-cunny,3,False,True
cunts,slate-forum-dusty-witch-cunts,5,True,True
cupel,slate-never-dumpy-julep-cupel,5,False,True
cupid,slate-crony-cubic-cupid,4,True,True
cuppa,slate-corny-chica-cauda-cuppa,5,False,True
cuppy,slate-crony-cubby-cuddy-cuppy,5,False,True
cupro,slate-crony-curio-cupro,4,False,True
curat,slate-tabor-atria-curat,4,False,True
curbs,slate-hokum-gussy-bronc-curbs,5,True,True
curch,slate-crony-chirp-curch,4,False,True
curds,slate-hokum-gussy-bronc-curds,5,True,True
curdy,slate-crony-curry-curvy-curdy,5,False,True
cured,slate-diner-befog-creed-cured,5,True,True
curer,slate-diner-whomp-fryer-curer,5,True,True
cures,slate-runes-cures,3,True,True
curet,slate-titer-greet-buret-curet,5,False,True
curfs,slate-hokum-gussy-bronc-curds-curfs,6,False,True
curia,slate-corny-circa-curia,4,True,True
curie,slate-doing-puree-curie,4,True,True
curio,slate-crony-curio,3,True,True
curli,slate-dilly-chili-curli,4,False,True
curls,slate-locus-curls,3,True,True
curly,slate-dilly-scowl-curly,4,True,True
curns,slate-hokum-gussy-bronc-curns,5,False,True
curny,slate-crony-curny,3,False,True
currs,slate-hokum-gussy-bronc-curds-curfs-currs,7,False,False
curry,slate-crony-curry,3,True,True
curse,slate-rosin-purse-curse,4,True,True
cursi,slate-hokum-gussy-cursi,4,False,True
curst,slate-trout-burst-wurst-durst-hurst-curst,7,False,False
curve,slate-doing-scrum-curve,4,True,True
curvy,slate-crony-curry-curvy,4,True,True
cusec,slate-runes-wombs-fused-cusec,5,False,True
cushy,slate-hokum-pubic-cushy,4,True,True
cusks,slate-hokum-dusky-busks-cusks,5,False,True
cusps,slate-hokum-gussy-cusps,4,False,True
cuspy,slate-hokum-gussy-busby-cuspy,5,False,True
cusso,slate-hokum-buoys-cusso,4,False,True
cusum,slate-hokum-cusum,3,False,True
cutch,slate-count-cutup-cutch,4,False,True
cuter,slate-titer-pound-cuter,4,True,True
cutes,slate-cruet-cutes,3,False,True
cutey,slate-titer-often-meted-cutey,5,False,True
cutie,slate-chirp-cutie,3,True,True
cutin,slate-count-cutin,3,False,True
cutis,slate-trout-gutsy-cutis,4,False,True
cutto,slate-briny-mouth-cutto,4,False,True
cutty,slate-briny-potty-gutty-cutty,5,True,True
cutup,slate-count-cutup,3,True,True
cuvee,slate-doing-scrum-cuvee,4,False,True
cuzes,slate-runes-bosom-dudes-cukes-cuzes,6,False,True
cwtch,slate-count-cwtch,3,False,True
cyano,slate-churn-cyano,3,False,True
cyans,slate-curbs-chaos-cyans,4,False,True
cyber,slate-diner-whomp-fryer-cyber,5,True,True
cycad,slate-corny-cycad,3,False,True
cycas,slate-oasis-wrung-abbas-cycas,5,False,True
cycle,slate-bingo-levee-cycle,4,True,True
cyclo,slate-dilly-cyclo,3,False,True
cyder,slate-diner-odder-ruder-ceder-cyder,6,False,True
cylix,slate-dilly-cylix,3,False,True
cymae,slate-corgi-cache-cymae,4,False,True
cymar,slate-corny-cymar,3,False,True
cymas,slate-oasis-wrung-abbas-cycas-cymas,6,False,True
cymes,slate-runes-feces-vodka-cymes,5,False,True
cymol,slate-dilly-lymph-cymol,4,False,True
cynic,slate-crony-cynic,3,True,True
cysts,slate-forum-whips-cysts,4,True,True
cytes,slate-cruet-cites-cetes-cotes-cytes,6,False,True
cyton,slate-count-cyton,3,False,True
czars,slate-curbs-crass-chars-czars,5,False,True
daals,slate-psalm-defog-dials-daals,5,False,True
dabba,slate-corny-mafia-babka-dabba,5,False,True
daces,slate-ashen-frock-vapid-cades-daces,6,False,True
dacha,slate-corny-magic-dacha,4,True,True
dacks,slate-oasis-brand-dacks,4,False,True
dadah,slate-corny-mafia-dadah,4,False,True
dadas,slate-oasis-brand-dacks-dadas,5,False,True
daddy,slate-corny-budge-daddy,4,True,True
dadis,slate-oasis-mavis-nazis-cadis-dadis,6,False,True
dadla,slate-molar-daily-dadla,4,False,True
dados,slate-oasis-baons-camos-dados,5,False,True
daffs,slate-oasis-brand-dacks-dadas-daffs,6,False,True
daffy,slate-corny-budge-daffy,4,True,True
dagga,slate-corny-mafia-babka-dagga,5,False,True
daggy,slate-corny-budge-daggy,4,False,True
dagos,slate-oasis-baons-camos-dados-dagos,6,False,True
dahis,slate-oasis-mavis-nazis-cadis-dahis,6,False,True
dahls,slate-balsa-pinch-hauls-dahls,5,False,True
daiko,slate-corny-adobo-daiko,4,False,True
daily,slate-molar-daily,3,True,True
daine,slate-corgi-naive-daine,4,False,True
daint,slate-tabor-humph-faint-daint,5,False,True
dairy,slate-corny-width-dairy,4,True,True
daisy,slate-oasis-daisy,3,True,True
daker,slate-radar-daker,3,False,True
daled,slate-rangy-label-paled-daled,5,False,True
dalek,slate-rangy-label-paled-dalek,5,False,True
dales,slate-laser-whomp-vying-bales-dales,6,False,True
dalis,slate-balsa-whomp-ficus-dalis,5,False,True
dalle,slate-bangs-mulch-valve-dalle,5,False,True
dally,slate-molar-dally,3,True,True
dalts,slate-lasts-dalts,3,False,True
daman,slate-corny-admin-daman,4,False,True
damar,slate-corny-rabid-damar,4,False,True
dames,slate-ashen-frock-gumbo-dames,5,True,True
damme,slate-corgi-maybe-damme,4,True,True
damna,slate-corny-mixup-damna,4,False,True
damns,slate-oasis-brand-dawns-damns,5,False,True
damps,slate-oasis-brand-dacks-dadas-daffs-damps,7,False,False
dampy,slate-corny-budge-daffy-dampy,5,False,True
dance,slate-corgi-dance,3,True,True
dancy,slate-corny-fancy-dancy,4,False,True
danda,slate-corny-admin-panda-banda-danda,6,False,True
dandy,slate-corny-handy-dandy,4,True,True
dangs,slate-oasis-brand-hands-dangs,5,False,True
danio,slate-corny-wagon-banjo-panko-danio,6,False,True
danks,slate-oasis-brand-hands-dangs-danks,6,False,True
danny,slate-corny-nanny-danny,4,True,True
danse,slate-crump-anise-danse,4,False,True
dants,slate-nymph-wants-rants-bants-cants-dants,7,False,False
dappy,slate-corny-budge-daffy-dampy-dappy,6,False,True
daraf,slate-corny-parka-aargh-daraf,5,False,True
darbs,slate-oasis-brand-darbs,4,False,True
darcy,slate-corny-darcy,3,True,True
dared,slate-radar-epoch-faded-dared,5,True,True
darer,slate-radar-darer,3,False,True
dares,slate-ashen-frock-wormy-dares,5,True,True
darga,slate-corny-parka-barra-darga,5,False,True
dargs,slate-oasis-brand-yucky-wards-dargs,6,False,True
daric,slate-corny-march-baric-daric,5,False,True
daris,slate-oasis-mavis-nazis-cadis-dahis-daris,7,False,False
darks,slate-oasis-brand-yucky-darks,5,False,True
darky,slate-corny-parry-hardy-darky,5,False,True
darls,slate-balsa-pinch-larks-darls,5,False,True
darns,slate-oasis-brand-darns,4,False,True
darre,slate-corgi-barre-darre,4,False,True
darts,slate-nymph-vista-dwarf-darts,5,True,True
darzi,slate-corny-parka-barfi-darzi,5,False,True
dashi,slate-oasis-dashi,3,False,True
dashy,slate-oasis-raspy-washy-dashy,5,False,True
datal,slate-taint-fatal-datal,4,False,True
dated,slate-treed-gated-thumb-dated,5,True,True
dater,slate-treed-dater,3,True,True
dates,slate-asset-butch-groom-dates,5,True,True
datil,slate-taint-datil,3,False,True
datos,slate-antsy-wombs-oaths-datos,5,False,True
datto,slate-taint-scrap-fatty-batta-datto,6,False,True
datum,slate-tabor-humph-datum,4,True,True
daube,slate-corgi-maybe-daube,4,False,True
daubs,slate-oasis-brand-daubs,4,False,True
dauby,slate-corny-budge-dauby,4,False,True
dauds,slate-oasis-brand-dacks-dadas-dauds,6,False,True
dault,slate-taint-fault-vault-dault,5,False,True
daunt,slate-tabor-humph-judgy-daunt,5,True,True
daurs,slate-oasis-brand-yucky-daurs,5,False,True
dauts,slate-nymph-vista-dwarf-dauts,5,False,True
daven,slate-radar-funky-named-daven,5,False,True
davit,slate-tabor-humph-faint-davit,5,False,True
dawah,slate-corny-mafia-dadah-dawah,5,False,True
dawds,slate-oasis-brand-dacks-dadas-dauds-dawds,7,False,False
dawed,slate-radar-funky-caped-wight-jawed-dawed,7,False,False
dawen,slate-radar-funky-named-daven-dawen,6,False,True
dawgs,slate-oasis-brand-dacks-dadas-daffs-damps-dawgs,8,False,False
dawks,slate-oasis-brand-dacks-dawks,5,False,True
dawns,slate-oasis-brand-dawns,4,True,True
dawts,slate-nymph-vista-dwarf-dawts,5,False,True
dayal,slate-molar-canal-papal-dayal,5,False,True
dayan,slate-corny-mayan-dayan,4,False,True
daych,slate-corny-yucca-daych,4,False,True
daynt,slate-tabor-humph-faint-daynt,5,False,True
dazed,slate-radar-funky-caped-wight-dazed,6,True,True
dazer,slate-radar-daker-dazer,4,False,True
dazes,slate-ashen-frock-gumbo-waves-eases-dazes,7,False,False
dbags,slate-curbs-baaps-dbags,4,False,True
deads,slate-redub-heads-meads-deads,5,False,True
deair,slate-derby-deair,3,False,True
deals,slate-leash-verde-deals,4,True,True
dealt,slate-leapt-dealt,3,True,True
deans,slate-redub-heads-deans,4,False,True
deare,slate-prick-aware-deare,4,True,True
dearn,slate-derby-deair-dearn,4,False,True
dears,slate-redub-dears,3,True,True
deary,slate-derby-deary,3,False,True
deash,slate-redub-heads-deash,4,False,True
death,slate-heath-death,3,True,True
deave,slate-prick-mewed-deave,4,False,True
deaws,slate-redub-heads-deans-deaws,5,False,True
deawy,slate-derby-deawy,3,False,True
debag,slate-radar-decay-debag,4,False,True
debar,slate-radar-debar,3,True,True
debby,slate-diner-decoy-debby,4,False,True
debel,slate-never-jewel-bezel-debel,5,False,True
debes,slate-runes-feces-bedes-debes,5,False,True
debit,slate-titer-edict-debit,4,True,True
debts,slate-testy-grind-debts,4,True,True
debud,slate-diner-decoy-debug-debud,5,False,True
debug,slate-diner-decoy-debug,4,True,True
debur,slate-diner-decor-demur-debur,5,False,True
debus,slate-runes-feuds-debus,4,False,True
debut,slate-titer-pouch-debut,4,True,True
debye,slate-doing-deuce-debye,4,False,True
decad,slate-radar-decay-decaf-decad,5,False,True
decaf,slate-radar-decay-decaf,4,True,True
decal,slate-rangy-medal-decal,4,True,True
decan,slate-radar-decay-decaf-decad-decan,6,False,True
decay,slate-radar-decay,3,True,True
decim,slate-diner-deify-decim,4,False,True
decko,slate-diner-decoy-decko,4,False,True
decks,slate-runes-chess-wiped-decks,5,True,True
decor,slate-diner-decor,3,True,True
decos,slate-runes-chess-wiped-decks-decos,6,False,True
decoy,slate-diner-decoy,3,True,True
decry,slate-diner-derby-decry,4,True,True
decyl,slate-never-bough-jelly-decyl,5,False,True
dedal,slate-rangy-medal-pedal-dedal,5,False,True
deeds,slate-runes-chess-dweeb-deeds,5,True,True
deedy,slate-diner-decoy-debby-deedy,5,False,True
deely,slate-never-leech-deely,4,False,True
deems,slate-runes-chess-dweeb-deeds-deems,6,True,True
deens,slate-runes-peeve-needs-deens,5,False,True
deeps,slate-runes-chess-dweeb-deeds-deems-deeps,7,False,False
deere,slate-doing-deuce-debye-deere,5,False,True
deers,slate-runes-press-verbs-jeers-deers,6,False,True
deets,slate-testy-grind-debts-deets,5,False,True
deeve,slate-doing-deuce-debye-deere-deeve,6,False,True
deevs,slate-runes-chess-dweeb-deeds-deems-deeps-deevs,8,False,False
defat,slate-treed-defat,3,False,True
defer,slate-diner-zippy-defer,4,True,True
deffo,slate-diner-decoy-deffo,4,False,True
defis,slate-runes-chess-demos-defis,5,False,True
defog,slate-diner-decoy-defog,4,True,True
degas,slate-ashen-resaw-degas,4,True,True
degum,slate-diner-decoy-debug-degum,5,False,True
degus,slate-runes-feuds-debus-degus,5,False,True
deice,slate-doing-drive-deice,4,False,True
deids,slate-runes-chess-demos-defis-deids,6,False,True
deify,slate-diner-deify,3,True,True
deign,slate-diner-deign,3,True,True
deils,slate-loser-cheep-belay-veils-deils,6,False,True
deink,slate-diner-deign-deink,4,False,True
deism,slate-runes-messy-deism,4,False,True
deist,slate-cruet-heist-deist,4,True,True
deity,slate-pinch-deity,3,True,True
deked,slate-diner-domed-duked-deked,5,False,True
dekes,slate-runes-feces-bedes-dekes,5,False,True
dekko,slate-diner-decoy-deffo-dekko,5,False,True
delay,slate-rangy-delay,3,True,True
deled,slate-never-jewel-celeb-deled,5,False,True
deles,slate-loser-wimpy-deles,4,False,True
delfs,slate-loser-cheep-belay-wells-delfs,6,False,True
delft,slate-intel-dwelt-delft,4,False,True
delis,slate-loser-cheep-belay-wells-delfs-delis,7,False,False
della,slate-rangy-medal-della,4,True,True
dells,slate-loser-cheep-belay-wells-dells,6,False,True
delly,slate-never-bough-jelly-kelly-celly-delly,7,False,False
delos,slate-loser-delos,3,False,True
delph,slate-never-bough-delph,4,False,True
delta,slate-delta,2,True,True
delts,slate-plumb-lefts-celts-delts,5,False,True
delve,slate-bingo-levee-delve,4,True,True
deman,slate-radar-decay-debag-deman,5,False,True
demes,slate-runes-feces-bedes-dekes-demes,6,False,True
demic,slate-diner-deify-decim-demic,5,False,True
demit,slate-titer-edict-debit-demit,5,False,True
demob,slate-diner-decoy-defog-demob,5,False,True
demoi,slate-diner-deify-decim-demoi,5,False,True
demon,slate-diner-demon,3,True,True
demos,slate-runes-chess-demos,4,True,True
demot,slate-titer-pouch-begot-demot,5,False,True
dempt,slate-titer-pouch-kempt-dempt,5,False,True
demur,slate-diner-decor-demur,4,True,True
denar,slate-radar-debar-denar,4,False,True
denay,slate-radar-decay-denay,4,False,True
dench,slate-diner-dench,3,False,True
denes,slate-runes-crimp-jumbo-genes-denes,6,False,True
denet,slate-titer-venue-benet-denet,5,False,True
denim,slate-diner-denim,3,True,True
denis,slate-runes-bends-denis,4,False,True
dense,slate-rosin-dense,3,True,True
dente,slate-turbo-white-dente,4,False,True
dents,slate-testy-grind-dents,4,True,True
deoch,slate-diner-decoy-deoch,4,False,True
deoxy,slate-diner-decoy-deoxy,4,False,True
depot,slate-titer-pouch-depot,4,True,True
depth,slate-pinch-depth,3,True,True
derat,slate-treed-derat,3,False,True
deray,slate-radar-dream-deray,4,False,True
derby,slate-diner-derby,3,True,True
dered,slate-diner-dered,3,False,True
deres,slate-runes-porch-fires-beres-deres,6,False,True
derig,slate-diner-derig,3,False,True
derma,slate-radar-armed-derma,4,False,True
derms,slate-runes-press-throb-germs-derms,6,False,True
derns,slate-runes-ferns-derns,4,False,True
derny,slate-diner-derny,3,False,True
deros,slate-runes-press-throb-zeros-ceros-deros,7,False,False
derpy,slate-diner-derby-derry-derpy,5,False,True
derro,slate-diner-derby-derro,4,False,True
derry,slate-diner-derby-derry,4,True,True
derth,slate-pinch-teeth-berth-derth,5,False,True
dervs,slate-runes-press-throb-germs-jerks-dervs,7,False,False
desex,slate-runes-mosey-desex,4,False,True
deshi,slate-runes-messy-deshi,4,False,True
desis,slate-runes-chess-desks-desis,5,False,True
desks,slate-runes-chess-desks,4,True,True
desse,slate-rosin-besee-cesse-desse,5,False,True
detag,slate-treed-defat-detag,4,False,True
deter,slate-titer-pound-deter,4,True,True
detox,slate-titer-fetch-detox,4,True,True
deuce,slate-doing-deuce,3,True,True
devas,slate-ashen-resaw-degas-devas,5,False,True
devel,slate-never-level-bevel-devel,5,False,True
devil,slate-never-devil,3,True,True
devis,slate-runes-chess-demos-defis-devis,6,False,True
devon,slate-diner-demon-devon,4,True,True
devos,slate-runes-chess-demos-devos,5,False,True
devot,slate-titer-pouch-begot-demot-devot,6,False,True
dewan,slate-radar-decay-debag-deman-dewan,6,False,True
dewar,slate-radar-debar-denar-dewar,5,False,True
dewax,slate-radar-decay-debag-deman-dewax,6,False,True
dewed,slate-diner-domed-duked-dewed,5,False,True
dexes,slate-runes-feces-bedes-dekes-demes-dexes,7,False,False
dexie,slate-doing-dixie-dexie,4,False,True
dexys,slate-runes-chess-demos-defis-dexys,6,False,True
dhaba,slate-churn-khaki-bhava-dhaba,5,False,True
dhaks,slate-curbs-amass-dhaks,4,False,True
dhals,slate-psalm-defog-dials-daals-dhals,6,False,True
dhikr,slate-crony-quirk-dhikr,4,False,True
dhobi,slate-crony-whoop-dhobi,4,False,True
dhole,slate-bingo-whole-dhole,4,False,True
dholl,slate-dilly-droll-dholl,4,False,True
dhols,slate-locus-idols-dhols,4,False,True
dhoni,slate-crony-boong-dhoni,4,False,True
dhoti,slate-briny-width-dhoti,4,False,True
dhows,slate-hokum-frosh-chops-dhows,5,False,True
dhuti,slate-briny-width-dhoti-dhuti,5,False,True
diact,slate-grunt-adapt-diact,4,False,True
dials,slate-psalm-defog-dials,4,True,True
diana,slate-churn-piano-diana,4,False,True
diane,slate-prick-image-diane,4,True,True
diary,slate-churn-award-diary,4,True,True
diazo,slate-churn-foamy-okapi-diazo,5,False,True
dibbs,slate-hokum-crisp-dweeb-dibbs,5,False,True
diced,slate-diner-dicey-diced,4,True,True
dicer,slate-diner-diver-dicer,4,True,True
dices,slate-runes-feces-vices-bices-dices,6,False,True
dicey,slate-diner-dicey,3,True,True
dicht,slate-count-dicht,3,False,True
dicks,slate-hokum-frisk-kinds-dicks,5,True,True
dicky,slate-crony-mucky-picky-dicky,5,True,True
dicot,slate-count-dicot,3,False,True
dicta,slate-taint-aguti-biota-dicta,5,False,True
dicto,slate-briny-width-ditto-dicto,5,False,True
dicts,slate-forum-whips-tints-cists-dicts,6,False,True
dictu,slate-briny-width-ditto-dictu,5,False,True
dicty,slate-briny-waked-ditty-dicty,5,False,True
diddy,slate-crony-dumpy-dizzy-divvy-diddy,6,True,True
didie,slate-doing-dixie-didie,4,False,True
didis,slate-hokum-crisp-dweeb-dings-didis,6,False,True
didos,slate-hokum-cross-bigos-didos,5,False,True
didst,slate-trout-midst-didst,4,True,True
diebs,slate-runes-chess-dweeb-diebs,5,False,True
diels,slate-loser-cheep-duels-diels,5,False,True
diene,slate-doing-diene,3,False,True
diets,slate-testy-oxide-diets,4,True,True
diffs,slate-hokum-crisp-dweeb-dings-didis-diffs,7,False,False
dight,slate-count-dwarf-digit-dight,5,False,True
digit,slate-count-dwarf-digit,4,True,True
dikas,slate-oasis-minas-aidas-dikas,5,False,True
diked,slate-diner-dicey-diked,4,True,True
diker,slate-diner-diver-dicer-diker,5,False,True
dikes,slate-runes-feces-moped-hides-dives-dikes,7,False,False
dikey,slate-diner-dicey-dikey,4,False,True
dildo,slate-dilly-dildo,3,True,True
dilli,slate-dilly-dilli,3,False,True
dills,slate-locus-whomp-rugby-fills-kills-dills,7,False,False
dilly,slate-dilly,2,True,True
dimbo,slate-crony-bough-oxbow-dimbo,5,False,True
dimer,slate-diner-diver-dicer-diker-dimer,6,False,True
dimes,slate-runes-feces-moped-dimes,5,True,True
dimly,slate-dilly-dimly,3,True,True
dimps,slate-hokum-missy-wimps-pimps-dimps,6,False,True
dinar,slate-corny-urban-dinar,4,True,True
dined,slate-diner-dined,3,True,True
diner,slate-diner,2,True,True
dines,slate-runes-crimp-vowed-dines,5,True,True
dinge,slate-doing-dinge,3,False,True
dingo,slate-crony-bough-dingo,4,True,True
dings,slate-hokum-crisp-dweeb-dings,5,True,True
dingy,slate-crony-pudgy-dingy,4,True,True
dinic,slate-crony-blimp-winch-dinic,5,False,True
dinks,slate-hokum-frisk-kinds-dinks,5,False,True
dinky,slate-crony-pudgy-windy-dinky,5,True,True
dinlo,slate-dilly-dinlo,3,False,True
dinna,slate-corny-mixup-dinna,4,False,True
dinos,slate-hokum-cross-bigos-didos-dinos,6,False,True
dints,slate-forum-whips-tints-bints-dints,6,False,True
dioch,slate-crony-pooch-dioch,4,False,True
diode,slate-doing-diode,3,True,True
diols,slate-locus-idols-diols,4,False,True
diota,slate-taint-aguti-biota-diota,5,False,True
dippy,slate-crony-dumpy-dippy,4,True,True
dipso,slate-hokum-cross-dipso,4,False,True
diram,slate-corny-parka-abrim-diram,5,False,True
direr,slate-diner-diver-dicer-diker-dimer-direr,7,False,False
dirge,slate-doing-dirge,3,True,True
dirke,slate-doing-dixie-dirke,4,False,True
dirks,slate-hokum-frisk-risky-birks-dirks,6,False,True
dirls,slate-locus-whomp-rugby-dirls,5,False,True
dirts,slate-forum-dirts,3,False,True
dirty,slate-briny-dirty,3,True,True
disas,slate-oasis-visas-disas,4,False,True
disci,slate-hokum-crisp-discs-disci,5,False,True
disco,slate-hokum-cross-disco,4,True,True
discs,slate-hokum-crisp-discs,4,True,True
dishy,slate-hokum-fishy-dishy,4,True,True
disks,slate-hokum-frisk-kinds-dicks-disks,6,True,True
disme,slate-rosin-issue-disme,4,False,True
dital,slate-taint-vital-cital-dital,5,False,True
ditas,slate-antsy-wombs-paths-ditas,5,False,True
ditch,slate-count-howdy-ditch,4,True,True
dited,slate-titer-cited-dited,4,False,True
dites,slate-cruet-timon-bites-kites-dites,6,False,True
ditsy,slate-trout-ditsy,3,True,True
ditto,slate-briny-width-ditto,4,True,True
ditts,slate-forum-whips-tints-bitts-ditts,6,False,True
ditty,slate-briny-waked-ditty,4,True,True
ditzy,slate-count-ritzy-ditzy,4,True,True
divan,slate-corny-admin-divan,4,True,True
divas,slate-oasis-minas-aidas-dikas-divas,6,False,True
dived,slate-diner-dicey-diked-dived,5,True,True
diver,slate-diner-diver,3,True,True
dives,slate-runes-feces-moped-hides-dives,6,True,True
divey,slate-diner-dicey-dikey-divey,5,False,True
divis,slate-hokum-crisp-dweeb-dings-didis-divis,7,False,False
divna,slate-corny-mixup-dinna-divna,5,False,True
divos,slate-hokum-cross-bigos-didos-dinos-divos,7,False,False
divot,slate-count-divot,3,True,True
divvy,slate-crony-dumpy-dizzy-divvy,5,True,True
diwan,slate-corny-admin-divan-diwan,5,False,True
dixie,slate-doing-dixie,3,True,True
dixit,slate-count-dwarf-digit-dixit,5,False,True
diyas,slate-oasis-minas-aidas-dikas-divas-diyas,7,False,False
dizen,slate-diner-dizen,3,False,True
dizzy,slate-crony-dumpy-dizzy,4,True,True
djinn,slate-crony-djinn,3,False,True
djins,slate-hokum-crisp-djins,4,False,True
doabs,slate-curbs-boabs-doabs,4,False,True
doats,slate-combo-goats-doats,4,False,True
dobby,slate-crony-budge-dobby,4,False,True
dobes,slate-runes-feces-moped-doses-doves-dobes,7,False,False
dobie,slate-doing-dobie,3,False,True
dobla,slate-molar-voila-doula-dobla,5,False,True
doble,slate-bingo-coble-doble,4,False,True
dobra,slate-corny-moira-dobra,4,False,True
dobro,slate-crony-furor-dobro,4,False,True
docht,slate-count-docht,3,False,True
docks,slate-hokum-crowd-docks,4,True,True
docos,slate-hokum-boson-cocos-docos,5,False,True
docus,slate-hokum-bonus-focus-cocus-docus,6,False,True
doddy,slate-crony-budge-doddy,4,False,True
dodge,slate-doing-dodge,3,True,True
dodgy,slate-crony-budge-dodgy,4,True,True
dodos,slate-hokum-boson-cocos-dodos,5,False,True
doeks,slate-runes-chess-dweeb-doeks,5,False,True
doers,slate-runes-press-verbs-doers,5,True,True
doest,slate-cruet-heist-doest,4,False,True
doeth,slate-pinch-teeth-doeth,4,True,True
doffs,slate-hokum-boson-corps-doffs,5,False,True
dogal,slate-molar-local-zonal-dogal,5,False,True
dogan,slate-corny-woman-hogan-bogan-dogan,6,False,True
doges,slate-runes-feces-moped-doses-doves-dobes-doges,8,False,False
dogey,slate-diner-domed-dopey-dogey,5,False,True
doggo,slate-crony-bough-doggo,4,False,True
doggy,slate-crony-budge-doggy,4,True,True
dogie,slate-doing-dogie,3,False,True
dogly,slate-dilly-dryly-dogly,4,False,True
dogma,slate-corny-dogma,3,True,True
dohyo,slate-crony-dohyo,3,False,True
doilt,slate-guilt-doilt,3,False,True
doily,slate-dilly-doily,3,True,True
doing,slate-crony-bound-doing,4,True,True
doits,slate-forum-tooth-costs-doits,5,False,True
dojos,slate-hokum-boson-cocos-dodos-dojos,6,False,True
dolce,slate-bingo-whole-loupe-dolce,5,True,True
dolci,slate-dilly-dolci,3,False,True
doled,slate-never-dumpy-dowel-doled,5,True,True
dolee,slate-bingo-whole-loupe-dolce-dolee,6,False,True
doles,slate-loser-whomp-coles-boles-doles,6,False,True
doley,slate-never-dumpy-doley,4,False,True
dolia,slate-molar-polka-holla-colza-dolia,6,False,True
dolie,slate-bingo-voile-louie-dolie,5,False,True
dolls,slate-locus-polis-defog-dolls,5,True,True
dolly,slate-dilly-dolly,3,True,True
dolma,slate-molar-dolma,3,False,True
dolor,slate-dilly-dolor,3,False,True
dolos,slate-locus-polis-defog-dolos,5,False,True
dolts,slate-lusty-vouch-bolts-jolts-dolts,6,False,True
domal,slate-molar-comal-domal,4,False,True
domed,slate-diner-domed,3,True,True
domes,slate-runes-feces-moped-domes,5,True,True
domic,slate-crony-pouch-jocko-domic,5,False,True
donah,slate-corny-woman-gonad-donah,5,False,True
donas,slate-oasis-comas-bobas-donas,5,False,True
donee,slate-doing-donee,3,False,True
doner,slate-diner-doner,3,False,True
donga,slate-corny-woman-honda-donga,5,False,True
dongs,slate-hokum-boson-noisy-dongs,5,True,True
donko,slate-crony-bough-mondo-donko,5,False,True
donna,slate-corny-gonna-donna,4,True,True
donne,slate-doing-donne,3,True,True
donny,slate-crony-downy-donny,4,True,True
donor,slate-crony-mondo-donor,4,True,True
donsy,slate-hokum-boson-noisy-donsy,5,False,True
donut,slate-count-donut,3,True,True
doobs,slate-hokum-boson-doobs,4,False,True
dooce,slate-doing-dooce,3,False,True
doody,slate-crony-dough-doozy-doody,5,False,True
doofs,slate-hokum-boson-dwarf-doofs,5,False,True
dooks,slate-hokum-crowd-dooks,4,False,True
dooky,slate-crony-dough-doozy-doody-dooky,6,False,True
doole,slate-bingo-whole-prole-doole,5,False,True
dools,slate-locus-polis-whiff-bools-dools,6,False,True
dooly,slate-dilly-dryly-dogly-dooly,5,False,True
dooms,slate-hokum-mossy-brown-cooms-dooms,6,False,True
doomy,slate-crony-dough-doozy-doody-dooky-doomy,7,False,False
doona,slate-corny-gonna-doona,4,False,True
doorn,slate-crony-doorn,3,False,True
doors,slate-hokum-boson-dwarf-doors,5,True,True
doozy,slate-crony-dough-doozy,4,True,True
dopas,slate-oasis-comas-bobas-donas-dopas,6,False,True
doped,slate-diner-domed-doped,4,True,True
doper,slate-diner-zippy-doper,4,True,True
dopes,slate-runes-feces-moped-dopes,5,True,True
dopey,slate-diner-domed-dopey,4,True,True
doppe,slate-doing-dooce-doppe,4,False,True
dorad,slate-corny-borax-dorad,4,False,True
dorba,slate-corny-borax-dorba,4,False,True
dorbs,slate-hokum-boson-cobbs-dorbs,5,False,True
doree,slate-doing-dooce-doppe-doree,5,False,True
dores,slate-runes-porch-bores-dores,5,False,True
doric,slate-crony-micro-boric-doric,5,False,True
doris,slate-hokum-boson-corps-words-doris,6,True,True
dorje,slate-doing-dooce-doppe-doree-dorje,6,False,True
dorks,slate-hokum-crowd-dorks,4,True,True
dorky,slate-crony-dowry-dorky,4,True,True
dorms,slate-hokum-mossy-brown-dorms,5,True,True
dormy,slate-crony-dowry-dorky-dormy,5,False,True
dorps,slate-hokum-boson-corps-dorps,5,False,True
dorrs,slate-hokum-boson-corps-words-doris-dorrs,7,False,False
dorsa,slate-oasis-ascon-dorsa,4,False,True
dorse,slate-rosin-worse-horse-gorse-morse-corse-dorse,8,False,False
dorts,slate-forum-ports-borts-dorts,5,False,True
dorty,slate-briny-forty-dorty,4,False,True
dosai,slate-oasis-dosai,3,False,True
dosas,slate-oasis-apsos-dosas,4,False,True
dosed,slate-runes-mosey-whips-dosed,5,True,True
doseh,slate-runes-mosey-whips-hosed-doseh,6,False,True
doser,slate-runes-wiser-poser-doser,5,False,True
doses,slate-runes-feces-moped-doses,5,True,True
dosha,slate-oasis-arson-dosha,4,False,True
dotal,slate-taint-aptly-octal-dotal,5,False,True
doted,slate-titer-often-doted,4,True,True
doter,slate-titer-pound-doter,4,False,True
dotes,slate-cruet-timon-dotes,4,True,True
dotty,slate-briny-potty-dotty,4,True,True
douar,slate-corny-moira-douar,4,False,True
doubt,slate-count-doubt,3,True,True
douce,slate-doing-dooce-douce,4,False,True
doucs,slate-hokum-unify-pours-doucs,5,False,True
dough,slate-crony-bough-dough,4,True,True
douks,slate-hokum-bouks-douks,4,False,True
doula,slate-molar-voila-doula,4,True,True
douma,slate-corny-dogma-douma,4,False,True
doums,slate-hokum-mousy-doums,4,False,True
doups,slate-hokum-unify-pours-coups-doups,6,False,True
doura,slate-corny-moira-dobra-doura,5,False,True
douse,slate-rosin-dumpy-douse,4,True,True
douts,slate-forum-bouts-douts,4,False,True
doved,slate-diner-domed-doped-dozed-doved,6,False,True
doven,slate-diner-dozen-doven,4,False,True
dover,slate-diner-zippy-defer-dover,5,False,True
doves,slate-runes-feces-moped-doses-doves,6,True,True
dovie,slate-doing-dobie-dovie,4,False,True
dowak,slate-corny-dogma-dowak,4,False,True
dowar,slate-corny-moira-douar-dowar,5,False,True
dowds,slate-hokum-boson-corps-doffs-dowds,6,False,True
dowdy,slate-crony-budge-dowdy,4,True,True
dowed,slate-diner-domed-doped-dozed-doved-dowed,7,False,False
dowel,slate-never-dumpy-dowel,4,True,True
dower,slate-diner-zippy-defer-dover-dower,6,False,True
dowfs,slate-hokum-boson-corps-doffs-dowfs,6,False,True
dowie,slate-doing-dobie-dovie-dowie,5,False,True
dowle,slate-bingo-whole-dowle,4,False,True
dowls,slate-locus-polis-whiff-bowls-dowls,6,False,True
dowly,slate-dilly-dryly-dogly-dooly-dowly,6,False,True
downa,slate-corny-gonna-doona-downa,5,False,True
downs,slate-hokum-boson-noisy-dongs-downs,6,True,True
downy,slate-crony-downy,3,True,True
dowps,slate-hokum-boson-corps-dowps,5,False,True
dowry,slate-crony-dowry,3,True,True
dowse,slate-rosin-dumpy-dowse,4,True,True
dowts,slate-forum-tooth-costs-doits-dowts,6,False,True
doxed,slate-diner-domed-doped-dozed-doved-dowed-doxed,8,False,False
doxes,slate-runes-feces-moped-doses-doves-dobes-doges-doxes,9,False,False
doxie,slate-doing-dobie-dovie-dowie-doxie,6,False,True
doyen,slate-diner-dozen-doven-doyen,5,False,True
doyly,slate-dilly-dryly-doyly,4,False,True
dozed,slate-diner-domed-doped-dozed,5,True,True
dozen,slate-diner-dozen,3,True,True
dozer,slate-diner-zippy-dozer,4,True,True
dozes,slate-runes-feces-moped-doses-doves-dobes-doges-doxes-dozes,10,False,False
drabs,slate-curbs-grabs-drabs,4,False,True
drack,slate-churn-frack-wrack-brack-drack,6,False,True
draco,slate-churn-frack-draco,4,True,True
draff,slate-churn-bravo-drama-draff,5,False,True
draft,slate-grunt-tract-draft,4,True,True
drags,slate-curbs-grass-drags,4,True,True
drail,slate-curia-frail-grail-brail-drail,6,False,True
drain,slate-churn-rebid-drain,4,True,True
drake,slate-prick-brake-drake,4,True,True
drama,slate-churn-bravo-drama,4,True,True
drams,slate-curbs-grass-wraps-araks-drams,6,False,True
drank,slate-churn-gaped-drank,4,True,True
drant,slate-grunt-brant-drant,4,False,True
drape,slate-prick-drape,3,True,True
draps,slate-curbs-grass-wraps-draps,5,False,True
drapy,slate-churn-bravo-drama-draff-drapy,6,False,True
drats,slate-combo-whats-adats-drats,5,False,True
drave,slate-prick-grave-brave-drave,5,False,True
drawl,slate-curia-drawl,3,True,True
drawn,slate-churn-rebid-drawn,4,True,True
draws,slate-curbs-grass-wraps-draws,5,True,True
drays,slate-curbs-grass-wraps-araks-drams-drays,7,False,False
dread,slate-radar-dream-dread,4,True,True
dream,slate-radar-dream,3,True,True
drear,slate-radar-drear,3,False,True
dreck,slate-diner-derby-dreck,4,True,True
dreed,slate-diner-dered-dreed,4,False,True
dreer,slate-diner-zippy-defer-dreer,5,False,True
drees,slate-runes-porch-fries-brees-drees,6,False,True
dregs,slate-runes-press-crews-dregs,5,True,True
dreks,slate-runes-press-crews-dregs-dreks,6,False,True
drent,slate-titer-erect-brent-drent,5,False,True
drere,slate-doing-deuce-drere,4,False,True
dress,slate-runes-press-dress,4,True,True
drest,slate-cruet-wrest-drest,4,False,True
dreys,slate-runes-press-crews-dregs-dreks-dreys,7,False,False
dribs,slate-hokum-crisp-grids-dribs,5,False,True
drice,slate-doing-drive-drice,4,False,True
dried,slate-diner-dried,3,True,True
drier,slate-diner-drier,3,True,True
dries,slate-runes-porch-fries-dries,5,True,True
drift,slate-count-dwarf-drift,4,True,True
drill,slate-dilly-drill,3,True,True
drily,slate-dilly-doily-drily,4,False,True
drink,slate-crony-bring-drink,4,True,True
drips,slate-hokum-crisp-drips,4,True,True
dript,slate-count-dwarf-dript,4,False,True
drive,slate-doing-drive,3,True,True
drock,slate-crony-frock-brock-drock,5,False,True
droid,slate-crony-dumbo-droop-droid,5,True,True
droil,slate-dilly-droil,3,False,True
droit,slate-count-divot-droit,4,True,True
droke,slate-doing-drove-droke,4,False,True
drole,slate-bingo-whole-prole-drole,5,False,True
droll,slate-dilly-droll,3,True,True
drome,slate-doing-drove-droke-drome,5,False,True
drone,slate-doing-drone,3,True,True
drony,slate-crony-irony-drony,4,False,True
droob,slate-crony-dumbo-droob,4,False,True
droog,slate-crony-dumbo-droop-droog,5,False,True
drook,slate-crony-dumbo-droop-droog-drook,6,False,True
drool,slate-dilly-drool,3,True,True
droop,slate-crony-dumbo-droop,4,True,True
drops,slate-hokum-cross-pongo-drops,5,True,True
dropt,slate-count-divot-dropt,4,False,True
dross,slate-hokum-cross-gross-dross,5,True,True
drouk,slate-crony-dumbo-drouk,4,False,True
drove,slate-doing-drove,3,True,True
drown,slate-crony-gibed-drown,4,True,True
drows,slate-hokum-cross-pongo-brows-drows,6,False,True
drubs,slate-hokum-gussy-usurp-bruvs-drubs,6,False,True
drugs,slate-hokum-gussy-using-drugs,5,True,True
druid,slate-crony-gruff-druid,4,True,True
drums,slate-hokum-music-drums,4,True,True
drunk,slate-crony-bring-drunk,4,True,True
drupe,slate-doing-deuce-drupe,4,False,True
druse,slate-rosin-purse-cruse-druse,5,False,True
drusy,slate-hokum-gussy-crusy-drusy,5,False,True
druxy,slate-crony-grimy-druxy,4,False,True
dryad,slate-corny-hydra-dryad,4,False,True
dryas,slate-oasis-wrung-arras-dryas,5,False,True
dryer,slate-diner-zippy-dryer,4,True,True
dryly,slate-dilly-dryly,3,True,True
dsobo,slate-hokum-cross-dsobo,4,False,True
dsomo,slate-hokum-dsomo,3,False,True
duads,slate-curbs-quads-duads,4,False,True
duals,slate-psalm-defog-dials-daals-dhals-duals,7,False,False
duans,slate-curbs-quads-duans,4,False,True
duars,slate-curbs-duars,3,False,True
dubbo,slate-crony-bough-jumbo-dubbo,5,False,True
dubby,slate-crony-dumpy-dubby,4,False,True
ducal,slate-molar-canal-ducal,4,False,True
ducat,slate-tabor-untag-ducat,4,True,True
duces,slate-runes-bosom-dudes-dukes-duces,6,False,True
duchy,slate-crony-mucky-duchy,4,True,True
ducks,slate-hokum-dusky-ducks,4,True,True
ducky,slate-crony-mucky-yucky-ducky,5,True,True
ducti,slate-briny-width-ducti,4,False,True
ducts,slate-forum-dusty-ducts,4,True,True
duddy,slate-crony-dumpy-dubby-duddy,5,False,True
duded,slate-diner-domed-duked-duped-duded,6,False,True
dudes,slate-runes-bosom-dudes,4,True,True
duels,slate-loser-cheep-duels,4,True,True
duets,slate-testy-oxide-duets,4,False,True
duett,slate-pinch-jetty-duett,4,False,True
duffs,slate-hokum-gussy-bronc-puffs-duffs,6,False,True
dufus,slate-hokum-virus-bubus-dufus,5,False,True
duing,slate-crony-djinn-duing,4,False,True
duits,slate-forum-dusty-ducts-duits,5,False,True
dukas,slate-oasis-wrung-bubas-dukas,5,False,True
duked,slate-diner-domed-duked,4,True,True
dukes,slate-runes-bosom-dudes-dukes,5,True,True
dukka,slate-corny-mafia-bubba-dukka,5,False,True
dukun,slate-crony-unzip-bundh-dukun,5,False,True
dulce,slate-bingo-levee-cycle-dulce,5,False,True
dules,slate-loser-wimpy-deles-dules,5,False,True
dulia,slate-molar-dally-dulia,4,False,True
dulls,slate-locus-whelp-bulls-gulls-dulls,6,False,True
dully,slate-dilly-dolly-dully,4,True,True
dulse,slate-pulse-bulse-dulse,4,False,True
dumas,slate-oasis-wrung-bubas-dukas-dumas,6,False,True
dumbo,slate-crony-bough-jumbo-dumbo,5,True,True
dumbs,slate-hokum-music-jibed-dumbs,5,False,True
dumka,slate-corny-mafia-dumka,4,False,True
dumky,slate-crony-dumpy-dummy-dumky,5,False,True
dummy,slate-crony-dumpy-dummy,4,True,True
dumps,slate-hokum-music-jibed-dumps,5,True,True
dumpy,slate-crony-dumpy,3,True,True
dunam,slate-corny-admin-dunam,4,False,True
dunce,slate-doing-dunce,3,True,True
dunch,slate-crony-blimp-hunch-dunch,5,False,True
dunes,slate-runes-dunes,3,True,True
dungs,slate-hokum-gussy-bungs-dungs,5,False,True
dungy,slate-crony-pudgy-dungy,4,False,True
dunks,slate-hokum-dusky-ducks-dunks,5,False,True
dunno,slate-crony-bound-dunno,4,True,True
dunny,slate-crony-funny-bunny-punny-dunny,6,False,True
dunsh,slate-hokum-pubic-gushy-dunsh,5,False,True
dunts,slate-forum-dusty-ducts-duits-dunts,6,False,True
duomi,slate-crony-whoop-duomi,4,False,True
duomo,slate-crony-whoop-ovoid-duomo,5,False,True
duped,slate-diner-domed-duked-duped,5,True,True
duper,slate-diner-zippy-doper-duper,5,False,True
dupes,slate-runes-bosom-dudes-dukes-duces-dupes,7,False,False
duple,slate-bingo-levee-cycle-duple,5,False,True
duply,slate-dilly-dryly-dogly-duply,5,False,True
duppy,slate-crony-dumpy-duppy,4,False,True
dural,slate-molar-rural-aural-dural,5,False,True
duras,slate-oasis-wrung-auras-buras-duras,6,False,True
dured,slate-diner-dered-dured,4,False,True
dures,slate-runes-cures-dures,4,False,True
durgy,slate-crony-mired-purdy-durgy,5,False,True
durns,slate-hokum-gussy-bronc-ruins-durns,6,False,True
duroc,slate-crony-micro-porch-duroc,5,False,True
duros,slate-hokum-buoys-duros,4,False,True
duroy,slate-crony-dowry-duroy,4,False,True
durra,slate-corny-parka-firma-burqa-durra,6,False,True
durrs,slate-hokum-gussy-bronc-purrs-durrs,6,False,True
durry,slate-crony-mired-purdy-durgy-durry,6,False,True
durst,slate-trout-burst-wurst-durst,5,True,True
durum,slate-crony-quirk-burgh-durum,5,False,True
durzi,slate-crony-quirk-burfi-durzi,5,False,True
dusks,slate-hokum-dusky-dusks,4,False,True
dusky,slate-hokum-dusky,3,True,True
dusts,slate-forum-dusty-dusts,4,False,True
dusty,slate-forum-dusty,3,True,True
dutch,slate-count-butch-hutch-dutch,5,True,True
duvet,slate-titer-venue-duvet,4,True,True
duxes,slate-runes-bosom-dudes-dukes-duces-dupes-duxes,8,False,False
dwaal,slate-curia-loamy-afald-dwaal,5,False,True
dwale,slate-leave-whale-dwale,4,False,True
dwalm,slate-curia-loamy-dwalm,4,False,True
dwams,slate-curbs-amass-foams-dwams,5,False,True
dwamy,slate-churn-foamy-agamy-dwamy,5,False,True
dwang,slate-churn-piano-aband-dwang,5,False,True
dwarf,slate-churn-award-dwarf,4,True,True
dwaum,slate-churn-guava-umami-dwaum,5,False,True
dweeb,slate-diner-domed-dweeb,4,True,True
dwell,slate-never-wispy-dwell,4,True,True
dwelt,slate-intel-dwelt,3,True,True
dwile,slate-bingo-while-dwile,4,False,True
dwine,slate-doing-dwine,3,False,True
dyads,slate-curbs-amass-dhaks-dyads,5,False,True
dyers,slate-runes-press-verbs-doers-dyers,6,False,True
dying,slate-crony-dying,3,True,True
dyked,slate-diner-domed-duked-deked-dyked,6,False,True
dykes,slate-runes-feces-moped-hides-dykes,6,True,True
dykey,slate-diner-domed-dweeb-dykey,5,False,True
dykon,slate-crony-dykon,3,False,True
dynel,slate-never-linen-dynel,4,False,True
dynes,slate-runes-crimp-jumbo-genes-dynes,6,False,True
dynos,slate-hokum-cross-bigos-dynos,5,False,True
dzhos,slate-hokum-frosh-dzhos,4,False,True
eager,slate-radar-pygmy-eager,4,True,True
eagle,slate-bangs-eagle,3,True,True
eagly,slate-rangy-eagly,3,False,True
eagre,slate-corgi-argue-eagre,4,False,True
ealed,slate-rangy-label-paled-daled-ealed,6,False,True
eales,slate-laser-whomp-vying-bales-dales-eales,7,False,False
eaned,slate-radar-funky-caned-waned-baned-eaned,7,False,False
eards,slate-ashen-resaw-eards,4,False,True
eared,slate-radar-epoch-eared,4,True,True
earls,slate-laser-earls,3,True,True
early,slate-rangy-early,3,True,True
earns,slate-ashen-earns,3,True,True
earnt,slate-treed-extra-earnt,4,False,True
earst,slate-asset-earst,3,False,True
earth,slate-earth,2,True,True
eased,slate-ashen-frock-gumbo-waves-eased,6,True,True
easel,slate-laser-easel,3,True,True
easer,slate-ashen-frock-wormy-rages-baser-easer,7,False,False
eases,slate-ashen-frock-gumbo-waves-eases,6,True,True
easle,slate-lapse-easle,3,False,True
easts,slate-abets-easts,3,False,True
eaten,slate-treed-eaten,3,True,True
eater,slate-treed-eater,3,True,True
eathe,slate-bathe-eathe,3,False,True
eatin,slate-treed-expat-eatin,4,False,True
eaved,slate-radar-funky-caped-wight-dazed-maxed-eaved,8,False,False
eaver,slate-radar-pygmy-wafer-baker-caner-eaver,7,False,False
eaves,slate-ashen-frock-gumbo-waves-paves-eaves,7,False,False
ebank,slate-derby-ebank,3,False,True
ebbed,slate-diner-moped-gecko-ebbed,5,True,True
ebbet,slate-titer-venue-emmet-ebbet,5,False,True
ebena,slate-radar-hyena-buena-ebena,5,False,True
ebene,slate-doing-penne-ebene,4,False,True
ebike,slate-doing-crumb-ebike,4,False,True
ebons,slate-runes-peeve-ebons,4,False,True
ebony,slate-diner-enjoy-ebony,4,True,True
ebook,slate-diner-geeky-ebook,4,True,True
ecads,slate-redub-ecads,3,False,True
ecard,slate-derby-ecard,3,False,True
ecash,slate-redub-exams-ecash,4,False,True
eched,slate-diner-moped-gecko-cubed-eched,6,False,True
eches,slate-runes-feces-eches,4,False,True
echos,slate-runes-chess-echos,4,False,True
ecigs,slate-runes-chess-wiped-ecigs,5,False,True
eclat,slate-paler-eclat,3,True,True
ecole,slate-bingo-whole-prole-doole-ecole,6,False,True
ecrus,slate-runes-users-ecrus,4,False,True
edema,slate-radar-amend-edema,4,True,True
edged,slate-diner-moped-gecko-edged,5,True,True
edger,slate-diner-odder-edger,4,True,True
edges,slate-runes-feces-edges,4,True,True
edict,slate-titer-edict,3,True,True
edify,slate-diner-medic-edify,4,True,True
edile,slate-bingo-while-exile-edile,5,False,True
edits,slate-testy-oxide-edits,4,True,True
educe,slate-doing-crude-educe,4,True,True
educt,slate-titer-pouch-educt,4,False,True
eejit,slate-titer-edict-eejit,4,False,True
eensy,slate-runes-eensy,3,False,True
eerie,slate-doing-puree-eerie,4,True,True
eeven,slate-diner-smock-queen-eeven,5,False,True
eever,slate-diner-whomp-fryer-queer-bever-eever,7,False,False
eevns,slate-runes-peeve-eevns,4,False,True
effed,slate-diner-moped-gecko-ebbed-effed,6,False,True
effer,slate-diner-whomp-fryer-effer,5,False,True
efits,slate-testy-oxide-emits-efits,5,False,True
egads,slate-redub-ecads-egads,4,False,True
egers,slate-runes-press-verbs-doers-egers,6,False,True
egest,slate-cruet-heist-doest-egest,5,False,True
eggar,slate-radar-begar-eggar,4,False,True
egged,slate-diner-moped-gecko-edged-egged,6,True,True
egger,slate-diner-whomp-fryer-queer-bever-egger,7,False,False
egmas,slate-ashen-resaw-ideas-egmas,5,False,True
egret,slate-titer-greet-egret,4,True,True
ehing,slate-diner-eking-eying-ehing,5,False,True
eider,slate-diner-crewe-eider,4,True,True
eidos,slate-runes-chess-demos-eidos,5,False,True
eight,slate-titer-eight,3,True,True
eigne,slate-doing-eigne,3,False,True
eiked,slate-diner-video-biped-remix-hiked-eiked,7,False,False
eikon,slate-diner-eikon,3,False,True
eilds,slate-loser-cheep-belay-eilds,5,False,True
eiron,slate-diner-eiron,3,False,True
eisel,slate-loser-eisel,3,False,True
eject,slate-titer-pouch-eject,4,True,True
ejido,slate-diner-medic-edify-ejido,5,False,True
ekdam,slate-radar-bedad-ekdam,4,False,True
eking,slate-diner-eking,3,True,True
ekkas,slate-ashen-resaw-ideas-egmas-ekkas,6,False,True
elain,slate-blaer-elain,3,False,True
eland,slate-blaer-elain-eland,4,False,True
elans,slate-blaes-elans,3,False,True
elate,slate-plate-elate,3,True,True
elbow,slate-freed-elbow,3,True,True
elchi,slate-freed-elbow-elchi,4,False,True
elder,slate-freed-elder,3,True,True
eldin,slate-freed-eldin,3,False,True
elect,slate-fleet-elect,3,True,True
eleet,slate-fleet-eleet,3,False,True
elegy,slate-freed-elegy,3,True,True
elemi,slate-freed-elegy-elemi,4,False,True
elfed,slate-freed-elfed,3,False,True
elfin,slate-freed-elfin,3,True,True
eliad,slate-gonad-plead-eliad,4,False,True
elide,slate-bipod-glide-elide,4,True,True
elint,slate-fleet-elint,3,False,True
elite,slate-flute-elite,3,True,True
elmen,slate-freed-elmen,3,False,True
eloge,slate-bipod-glove-eloge,4,False,True
elogy,slate-freed-elbow-elogy,4,False,True
eloin,slate-freed-elbow-elogy-eloin,5,False,True
elope,slate-bipod-elope,3,True,True
elops,slate-flesh-vouch-elops,4,False,True
elpee,slate-bipod-elpee,3,False,True
elsin,slate-flesh-vouch-plies-elsin,5,False,True
elude,slate-bipod-elude,3,True,True
elute,slate-flute-glute-elute,4,False,True
elvan,slate-gonad-clean-elvan,4,False,True
elven,slate-freed-elmen-elven,4,False,True
elver,slate-freed-elver,3,False,True
elves,slate-flesh-vouch-elves,4,True,True
emacs,slate-redub-exams-emacs,4,False,True
email,slate-leary-email,3,True,True
embar,slate-radar-begar-embar,4,False,True
embay,slate-radar-began-embay,4,False,True
embed,slate-diner-moped-embed,4,True,True
ember,slate-diner-whomp-ember,4,True,True
embog,slate-diner-geeky-embog,4,False,True
embow,slate-diner-geeky-epoch-embow,5,False,True
embox,slate-diner-geeky-epoch-embow-embox,6,False,True
embus,slate-runes-feuds-embus,4,False,True
emcee,slate-doing-scrum-emcee,4,True,True
emeer,slate-diner-whomp-ember-emeer,5,False,True
emend,slate-diner-needy-emend,4,False,True
emerg,slate-diner-merry-emerg,4,False,True
emery,slate-diner-merry-emery,4,True,True
emeus,slate-runes-feuds-embus-emeus,5,False,True
emics,slate-runes-chess-wiped-ecigs-emics,6,False,True
emirs,slate-runes-press-throb-emirs,5,False,True
emits,slate-testy-oxide-emits,4,True,True
emmas,slate-ashen-resaw-ideas-egmas-emmas,6,False,True
emmer,slate-diner-whomp-ember-emeer-emmer,6,False,True
emmet,slate-titer-venue-emmet,4,True,True
emmew,slate-diner-chomp-begem-emmew,5,False,True
emmys,slate-runes-chess-demos-emmys,5,False,True
emoji,slate-diner-emoji,3,True,True
emong,slate-diner-enjoy-emong,4,False,True
emote,slate-turbo-emote,3,True,True
emove,slate-doing-probe-choke-emove,5,False,True
empts,slate-testy-oxide-frets-empts,5,False,True
empty,slate-pinch-empty,3,True,True
emule,slate-bingo-levee-emule,4,False,True
emure,slate-doing-scrum-brume-emure,5,False,True
emyde,slate-doing-crude-emyde,4,False,True
emyds,slate-runes-chess-demos-emyds,5,False,True
enact,slate-enact,2,True,True
enarm,slate-derby-enarm,3,False,True
enate,slate-corgi-abate-enate,4,False,True
ended,slate-diner-unwed-ended,4,True,True
ender,slate-diner-under-ender,4,False,True
endew,slate-diner-unwed-endew,4,False,True
endow,slate-diner-needy-endow,4,True,True
endue,slate-doing-undue-endue,4,False,True
enema,slate-radar-hyena-enema,4,True,True
enemy,slate-diner-enjoy-enemy,4,True,True
enews,slate-runes-peeve-enews,4,False,True
enfix,slate-diner-eking-enfix,4,False,True
eniac,slate-radar-began-eniac,4,False,True
enjoy,slate-diner-enjoy,3,True,True
enlit,slate-intel-enlit,3,False,True
enmew,slate-diner-smock-hymen-enmew,5,False,True
ennog,slate-diner-xenon-ennog,4,False,True
ennui,slate-diner-ennui,3,True,True
enoki,slate-diner-eking-enoki,4,False,True
enols,slate-loser-delos-enols,4,False,True
enorm,slate-diner-rerun-enorm,4,False,True
enows,slate-runes-peeve-ebons-enows,5,False,True
enrol,slate-never-enrol,3,False,True
ensew,slate-runes-nosey-ensew,4,False,True
ensky,slate-runes-newsy-ensky,4,False,True
ensue,slate-rosin-ensue,3,True,True
enter,slate-titer-pound-enter,4,True,True
entia,slate-treed-expat-eatin-entia,5,False,True
entre,slate-chirp-outre-metre-entre,5,False,True
entry,slate-titer-retry-entry,4,True,True
enure,slate-doing-punch-enure,4,False,True
enurn,slate-diner-rerun-enurn,4,False,True
envoi,slate-diner-eking-enfix-envoi,5,False,True
envoy,slate-diner-enjoy-envoy,4,True,True
enzym,slate-diner-enjoy-enzym,4,False,True
eolid,slate-never-wispy-eolid,4,False,True
eorls,slate-loser-eorls,3,False,True
eosin,slate-runes-newsy-eosin,4,False,True
epact,slate-enact-exact-epact,4,False,True
epees,slate-runes-feces-edges-epees,5,False,True
epena,slate-radar-hyena-buena-epena,5,False,True
epene,slate-doing-penne-epene,4,False,True
ephah,slate-radar-began-cheap-ephah,5,False,True
ephas,slate-ashen-ephas,3,False,True
ephod,slate-diner-weedy-ephod,4,False,True
ephor,slate-diner-recur-ephor,4,False,True
epics,slate-runes-chess-wiped-epics,5,True,True
epoch,slate-diner-geeky-epoch,4,True,True
epode,slate-doing-erode-epode,4,False,True
epopt,slate-titer-pouch-depot-epopt,5,False,True
epoxy,slate-diner-geeky-epoxy,4,True,True
eppie,slate-doing-puree-eppie,4,False,True
epris,slate-runes-press-epris,4,False,True
equal,slate-rangy-medal-equal,4,True,True
eques,slate-runes-eques,3,False,True
equid,slate-diner-medic-equid,4,False,True
equip,slate-diner-emoji-equip,4,True,True
erase,slate-cease-erase,3,True,True
erbia,slate-radar-opera-erica-erbia,5,False,True
erect,slate-titer-erect,3,True,True
erevs,slate-runes-press-crews-dregs-breis-erevs,7,False,False
ergon,slate-diner-rerun-ergon,4,False,True
ergos,slate-runes-press-ergos,4,False,True
ergot,slate-titer-erect-erupt-ergot,5,False,True
erhus,slate-runes-users-ecrus-erhus,5,False,True
erica,slate-radar-opera-erica,4,True,True
erick,slate-diner-reiki-erick,4,False,True
erics,slate-runes-press-ergos-erics,5,False,True
ering,slate-diner-reign-ering,4,False,True
erned,slate-diner-erned,3,False,True
ernes,slate-runes-ernes,3,False,True
erode,slate-doing-erode,3,True,True
erose,slate-rosin-prose-brose-erose,5,False,True
erred,slate-diner-befog-creed-erred,5,True,True
error,slate-diner-recur-error,4,True,True
erses,slate-runes-porch-fries-brees-erses,6,False,True
eruct,slate-titer-erect-eruct,4,False,True
erugo,slate-diner-merry-wreck-erugo,5,False,True
erupt,slate-titer-erect-erupt,4,True,True
eruvs,slate-runes-users-ecrus-eruvs,5,False,True
erven,slate-diner-green-erven,4,False,True
ervil,slate-never-ervil,3,False,True
escar,slate-ashen-essay-escar,4,False,True
escot,slate-cruet-escot,3,False,True
esile,slate-pulse-esile,3,False,True
eskar,slate-ashen-essay-escar-eskar,5,False,True
esker,slate-runes-wiser-esker,4,False,True
esnes,slate-runes-crimp-jumbo-genes-esnes,6,False,True
esrog,slate-runes-fresh-esrog,4,False,True
essay,slate-ashen-essay,3,True,True
esses,slate-runes-feces-edges-epees-esses,6,False,True
ester,slate-cruet-ester,3,True,True
estoc,slate-cruet-techs-estoc,4,False,True
estop,slate-cruet-ethos-estop,4,False,True
estro,slate-cruet-terms-estro,4,False,True
etage,slate-trade-etage,3,False,True
etape,slate-trade-etage-etape,4,False,True
etats,slate-thumb-feats-etats,4,False,True
etens,slate-cruet-ethos-etens,4,False,True
ethal,slate-paler-fetal-ethal,4,False,True
ether,slate-titer-ether,3,True,True
ethic,slate-titer-edict-ethic,4,True,True
ethne,slate-chirp-ethne,3,False,True
ethos,slate-cruet-ethos,3,True,True
ethyl,slate-intel-ethyl,3,True,True
etics,slate-cruet-techs-etics,4,False,True
etnas,slate-asset-betas-etnas,4,False,True
etrog,slate-titer-erect-etrog,4,False,True
ettin,slate-titer-petit-ettin,4,False,True
ettle,slate-lithe-butle-ettle,4,False,True
etude,slate-chirp-etude,3,True,True
etuis,slate-cruet-etuis,3,False,True
etwee,slate-chirp-etude-etwee,4,False,True
etyma,slate-treed-expat-eatin-etyma,5,False,True
eughs,slate-runes-guess-eughs,4,False,True
euked,slate-diner-moped-gecko-juked-euked,6,False,True
eupad,slate-radar-decay-knead-eupad,5,False,True
euros,slate-runes-euros,3,True,True
eusol,slate-loser-eusol,3,False,True
evade,slate-prick-mewed-evade,4,True,True
evegs,slate-runes-chess-dweeb-pokey-evegs,6,False,True
evens,slate-runes-peeve-evens,4,True,True
event,slate-titer-pouch-event,4,True,True
evert,slate-titer-erect-exert-evert,5,True,True
every,slate-diner-merry-every,4,True,True
evets,slate-testy-oxide-frets-evets,5,False,True
evhoe,slate-doing-probe-evhoe,4,False,True
evict,slate-titer-edict-evict,4,True,True
evils,slate-loser-cheep-belay-evils,5,True,True
evite,slate-turbo-white-evite,4,False,True
evohe,slate-doing-probe-choke-evohe,5,False,True
evoke,slate-doing-probe-choke-evoke,5,True,True
ewers,slate-runes-press-verbs-doers-egers-ewers,7,False,False
ewest,slate-cruet-heist-doest-egest-ewest,6,False,True
ewhow,slate-diner-geeky-epoch-ewhow,5,False,True
ewked,slate-diner-moped-gecko-juked-byked-ewked,7,False,False
exact,slate-enact-exact,3,True,True
exalt,slate-leapt-exalt,3,True,True
exams,slate-redub-exams,3,True,True
excel,slate-never-excel,3,True,True
exeat,slate-treed-exeat,3,False,True
execs,slate-runes-chess-execs,4,True,True
exeem,slate-diner-chomp-begem-exeem,5,False,True
exeme,slate-doing-scrum-femme-exeme,5,False,True
exert,slate-titer-erect-exert,4,True,True
exfil,slate-never-wispy-eolid-exfil,5,False,True
exier,slate-diner-crier-exier,4,False,True
exies,slate-runes-feces-edges-epees-esses-exies,7,False,False
exile,slate-bingo-while-exile,4,True,True
exine,slate-doing-urine-whine-exine,5,False,True
exing,slate-diner-eking-eying-ehing-exing,6,False,True
exist,slate-cruet-heist-exist,4,True,True
exite,slate-turbo-white-evite-exite,5,False,True
exits,slate-testy-oxide-exits,4,True,True
exode,slate-doing-erode-epode-exode,5,False,True
exome,slate-doing-probe-choke-emove-exome,6,False,True
exons,slate-runes-peeve-ebons-exons,5,False,True
expat,slate-treed-expat,3,True,True
expel,slate-never-excel-expel,4,True,True
expos,slate-runes-chess-demos-expos,5,False,True
extol,slate-intel-extol,3,True,True
extra,slate-treed-extra,3,True,True
exude,slate-doing-crude-exude,4,True,True
exuls,slate-loser-cheep-belay-evils-exuls,6,False,True
exult,slate-intel-dwelt-exult,4,True,True
exurb,slate-diner-merry-exurb,4,True,True
eyass,slate-redub-exams-eyass,4,False,True
eyers,slate-runes-press-verbs-doers-egers-ewers-eyers,8,False,False
eying,slate-diner-eking-eying,4,True,True
eyots,slate-testy-eyots,3,False,True
eyras,slate-ashen-resaw-eyras,4,False,True
eyres,slate-runes-porch-fires-beres-eyres,6,False,True
eyrie,slate-doing-puree-eerie-eyrie,5,False,True
eyrir,slate-diner-kefir-eyrir,4,False,True
ezine,slate-doing-urine-whine-exine-ezine,6,False,True
fabbo,slate-corny-adobo-mambo-fabbo,5,False,True
fabby,slate-corny-budge-fabby,4,False,True
fable,slate-bangs-cable-fable,4,True,True
faced,slate-radar-funky-famed-toxic-faced,6,True,True
facer,slate-radar-pygmy-wafer-faker-facer,6,False,True
faces,slate-ashen-frock-faces,4,True,True
facet,slate-treed-facet,3,True,True
facey,slate-radar-cameo-facey,4,False,True
facia,slate-corny-magic-facia,4,False,True
facie,slate-corgi-amice-facie,4,False,True
facta,slate-taint-party-facto-facta,5,False,True
facto,slate-taint-party-facto,4,True,True
facts,slate-nymph-vista-dwarf-facts,5,True,True
facty,slate-taint-party-bawty-facty,5,False,True
faddy,slate-corny-budge-daddy-paddy-faddy,6,False,True
faded,slate-radar-jaded-faded,4,True,True
fader,slate-radar-fader,3,True,True
fades,slate-ashen-frock-fades,4,True,True
fadge,slate-corgi-badge-madge-fadge,5,False,True
fados,slate-oasis-baons-camos-dados-fados,6,False,True
faena,slate-radar-caeca-faena,4,False,True
faery,slate-radar-harem-faery,4,False,True
faffs,slate-oasis-brand-pouch-mamas-faffs,6,False,True
faffy,slate-corny-budge-hammy-jazzy-yappy-faffy,7,False,False
faggy,slate-corny-budge-azygy-faggy,5,False,True
fagin,slate-corny-admin-fagin,4,True,True
fagot,slate-tabor-cagot-fagot,4,False,True
faiks,slate-oasis-ripen-maids-baiks-faiks,6,False,True
fails,slate-balsa-pinch-wormy-fails,5,True,True
faine,slate-corgi-naive-daine-faine,5,False,True
fains,slate-oasis-ripen-gains-mains-cains-fains,7,False,False
faint,slate-tabor-humph-faint,4,True,True
faire,slate-corgi-afire-faire,4,True,True
fairs,slate-oasis-ripen-fairs,4,True,True
fairy,slate-corny-width-fairy,4,True,True
faith,slate-taint-faith,3,True,True
faked,slate-radar-funky-faked,4,True,True
faker,slate-radar-pygmy-wafer-faker,5,True,True
fakes,slate-ashen-frock-fakes,4,True,True
fakey,slate-radar-cameo-waxen-fakey,5,False,True
fakie,slate-corgi-naive-mamie-fakie,5,False,True
fakir,slate-corny-rabid-fakir,4,True,True
falaj,slate-molar-lilac-gulag-bylaw-aflaj-falaj,7,False,False
fales,slate-laser-whomp-vying-bales-dales-eales-fales,8,False,False
falls,slate-balsa-whomp-ficus-falls,5,True,True
false,slate-lapse-false,3,True,True
falsy,slate-balsa-palsy-falsy,4,False,True
famed,slate-radar-funky-famed,4,True,True
fames,slate-ashen-frock-fades-faxes-fames,6,False,True
fanal,slate-molar-canal-banal-fanal,5,False,True
fancy,slate-corny-fancy,3,True,True
fands,slate-oasis-brand-hands-wands-fands,6,False,True
fanes,slate-ashen-wanes-canes-banes-fanes,6,False,True
fanga,slate-corny-admin-ganja-fanga,5,False,True
fango,slate-corny-wagon-mango-fango,5,False,True
fangs,slate-oasis-brand-graph-fangs,5,True,True
fanks,slate-oasis-brand-graph-yanks-fanks,6,False,True
fanny,slate-corny-nanny-danny-manny-fanny,6,False,True
fanon,slate-corny-wagon-fanon,4,False,True
fanos,slate-oasis-baons-fanos,4,False,True
fanum,slate-corny-admin-manga-fanum,5,False,True
faqir,slate-corny-rabid-fakir-faqir,5,False,True
farad,slate-corny-parka-aargh-daraf-farad,6,False,True
farce,slate-corgi-farce,3,True,True
farci,slate-corny-march-barca-farci,5,False,True
farcy,slate-corny-darcy-farcy,4,False,True
fards,slate-oasis-brand-yucky-wards-fards,6,False,True
fared,slate-radar-epoch-faded-fared,5,True,True
farer,slate-radar-carer-barer-parer-farer,6,False,True
fares,slate-ashen-frock-fares,4,True,True
farle,slate-bangs-mulch-ladle-parle-farle,6,False,True
farls,slate-balsa-pinch-larks-darls-farls,6,False,True
farms,slate-oasis-brand-whomp-farms,5,True,True
faros,slate-oasis-baons-camos-dados-faros,6,False,True
farro,slate-corny-arrow-barro-farro,5,False,True
farse,slate-crump-raise-farse,4,False,True
farts,slate-nymph-vista-dwarf-farts,5,True,True
fasci,slate-oasis-dashi-fasci,4,False,True
fasti,slate-nymph-vista-basti-fasti,5,False,True
fasts,slate-nymph-vista-casts-basts-fasts,6,False,True
fatal,slate-taint-fatal,3,True,True
fated,slate-treed-gated-thumb-dated-fated,6,True,True
fates,slate-asset-butch-groom-dates-fates,6,True,True
fatly,slate-taint-fatal-fatly,4,False,True
fatso,slate-antsy-fatso,3,True,True
fatty,slate-taint-scrap-fatty,4,True,True
fatwa,slate-tabor-humph-faint-fatwa,5,True,True
fauch,slate-corny-magic-dacha-fauch,5,False,True
faugh,slate-corny-mafia-faugh,4,False,True
fauld,slate-molar-daily-cauld-fauld,5,False,True
fault,slate-taint-fault,3,True,True
fauna,slate-corny-mixup-fauna,4,True,True
fauns,slate-oasis-brand-pawns-canns-fauns,6,False,True
faurd,slate-corny-rabid-faurd,4,False,True
faute,slate-acute-haute-faute,4,False,True
fauts,slate-nymph-vista-dwarf-facts-fauts,6,False,True
fauve,slate-corgi-maybe-fauve,4,False,True
favas,slate-oasis-brand-pouch-mamas-favas,6,False,True
favel,slate-rangy-label-hazel-camel-favel,6,False,True
faver,slate-radar-pygmy-wafer-faker-facer-faver,7,False,False
faves,slate-ashen-frock-fades-faxes-fames-faves,7,False,False
favor,slate-corny-armor-favor,4,True,True
favus,slate-oasis-brand-pouch-favus,5,False,True
fawns,slate-oasis-brand-pawns-yawns-fawns,6,False,True
fawny,slate-corny-nanny-fawny,4,False,True
faxed,slate-radar-funky-famed-toxic-faxed,6,True,True
faxes,slate-ashen-frock-fades-faxes,5,True,True
fayed,slate-radar-funky-fayed,4,True,True
fayer,slate-radar-pygmy-bayer-fayer,5,False,True
fayne,slate-corgi-maybe-payee-fayne,5,False,True
fayre,slate-corgi-azure-padre-fayre,5,False,True
fazed,slate-radar-funky-famed-toxic-fazed,6,True,True
fazes,slate-ashen-frock-fades-faxes-fames-faves-fazes,8,False,False
feals,slate-leash-verde-meals-beals-feals,6,False,True
feard,slate-derby-heard-feard,4,False,True
feare,slate-prick-aware-deare-beare-feare,6,False,True
fears,slate-redub-glyph-fears,4,True,True
feart,slate-enact-heart-feart,4,False,True
fease,slate-cease-fease,3,False,True
feast,slate-tufty-feast,3,True,True
feats,slate-thumb-feats,3,True,True
feaze,slate-prick-mewed-heave-feaze,5,False,True
fecal,slate-rangy-medal-fecal,4,True,True
feces,slate-runes-feces,3,True,True
fecht,slate-titer-pouch-hecht-fecht,5,False,True
fecit,slate-titer-edict-fecit,4,False,True
fecks,slate-runes-chess-wiped-becks-fecks,6,False,True
fedai,slate-radar-bedad-fedai,4,False,True
fedex,slate-diner-moped-bedew-fedex,5,False,True
feebs,slate-runes-chess-dweeb-beefs-feebs,6,False,True
feeds,slate-runes-chess-dweeb-feeds,5,True,True
feels,slate-loser-cheep-feels,4,True,True
feely,slate-never-leech-deely-feely,5,False,True
feens,slate-runes-peeve-needs-feens,5,False,True
feers,slate-runes-press-verbs-jeers-deers-feers,7,False,False
feese,slate-rosin-geese-feese,4,False,True
feeze,slate-doing-scrum-peeve-feeze,5,False,True
fehme,slate-doing-scrum-femme-fehme,5,False,True
feign,slate-diner-eking-feign,4,True,True
feint,slate-titer-edict-feint,4,True,True
feist,slate-cruet-heist-deist-feist,5,False,True
felch,slate-never-bough-delph-felch,5,False,True
felid,slate-never-bough-jelly-felid,5,False,True
felix,slate-never-bough-jelly-felid-felix,6,False,True
fella,slate-rangy-medal-fella,4,True,True
fells,slate-loser-cheep-belay-wells-dells-fells,7,False,False
felly,slate-never-bough-jelly-kelly-celly-delly-felly,8,False,False
felon,slate-never-melon-felon,4,True,True
felts,slate-plumb-lefts-felts,4,False,True
felty,slate-lefty-felty,3,False,True
femal,slate-rangy-medal-femal,4,False,True
femes,slate-runes-feces-femes,4,False,True
femic,slate-diner-emoji-bemix-femic,5,False,True
femme,slate-doing-scrum-femme,4,True,True
femmy,slate-diner-geeky-peppy-jemmy-femmy,6,False,True
femur,slate-diner-recur-femur,4,True,True
fence,slate-doing-punch-fence,4,True,True
fends,slate-runes-bends-fends,4,False,True
fendy,slate-diner-bendy-fendy,4,False,True
fenis,slate-runes-bends-penis-fenis,5,False,True
fenks,slate-runes-bends-penis-fenks,5,False,True
fenny,slate-diner-xenon-penny-benny-henny-fenny,7,False,False
fents,slate-testy-grind-cents-vents-bents-fents,7,False,False
feods,slate-runes-chess-demos-feods,5,False,True
feoff,slate-diner-geeky-bebop-mezzo-feoff,6,False,True
feral,slate-rangy-feral,3,True,True
ferer,slate-diner-whomp-fryer-ferer,5,False,True
feres,slate-runes-porch-fires-feres,5,False,True
feria,slate-radar-opera-erica-feria,5,False,True
ferly,slate-never-reply-ferly,4,False,True
fermi,slate-diner-reiki-cerci-fermi,5,False,True
ferms,slate-runes-press-throb-germs-derms-ferms,7,False,False
ferns,slate-runes-ferns,3,True,True
ferny,slate-diner-rerun-nervy-ferny,5,False,True
ferox,slate-diner-merry-perch-xerox-ferox,6,False,True
ferry,slate-diner-merry-berry-ferry,5,True,True
fesse,slate-rosin-besee-cesse-desse-fesse,6,False,True
festa,slate-abets-cesta-festa,4,False,True
fests,slate-testy-pesto-yearn-vests-bests-fests,7,False,False
festy,slate-testy-zesty-festy,4,False,True
fetal,slate-paler-fetal,3,True,True
fetas,slate-asset-betas-fetas,4,False,True
fetch,slate-titer-fetch,3,True,True
feted,slate-titer-often-feted,4,True,True
fetes,slate-cruet-timon-bytes-fetes,5,False,True
fetid,slate-titer-fetid,3,True,True
fetor,slate-titer-fetor,3,False,True
fetta,slate-earth-aceta-betta-fetta,5,False,True
fetts,slate-testy-fetts,3,False,True
fetus,slate-cruet-fetus,3,True,True
fetwa,slate-treed-expat-fetwa,4,False,True
feuar,slate-radar-begar-feuar,4,False,True
feuds,slate-runes-feuds,3,True,True
feued,slate-diner-moped-gecko-vexed-hewed-feued,7,False,False
fever,slate-diner-whomp-fryer-fever,5,True,True
fewer,slate-diner-whomp-fewer,4,True,True
feyed,slate-diner-moped-gecko-vexed-hewed-feued-feyed,8,False,False
feyer,slate-diner-whomp-fryer-feyer,5,False,True
feyly,slate-never-bough-jelly-feyly,5,False,True
fezes,slate-runes-feces-femes-fezes,5,False,True
fezzy,slate-diner-geeky-peppy-jemmy-bevvy-fezzy,7,False,False
fiars,slate-curbs-grass-padre-roars-afars-fiars,7,False,False
fiats,slate-combo-whats-adats-fiats,5,False,True
fiber,slate-diner-parka-fixer-fiber,5,True,True
fibre,slate-doing-puree-fibre,4,True,True
fibro,slate-crony-furor-fibro,4,False,True
fices,slate-runes-feces-fices,4,False,True
fiche,slate-doing-puree-bikie-fiche,5,False,True
fichu,slate-crony-quick-fichu,4,False,True
ficin,slate-crony-blimp-winch-ficin,5,False,True
ficos,slate-hokum-cross-ficos,4,False,True
ficta,slate-taint-aguti-biota-dicta-ficta,6,False,True
ficus,slate-hokum-virus-ficus,4,True,True
fides,slate-runes-feces-foxes-fives-fides,6,False,True
fidge,slate-doing-ridge-midge-fidge,5,False,True
fidos,slate-hokum-cross-bigos-didos-fidos,6,False,True
fidus,slate-hokum-virus-ficus-fidus,5,False,True
fiefs,slate-runes-chess-dweeb-poems-fiefs,6,False,True
field,slate-never-wispy-field,4,True,True
fiend,slate-diner-fiend,3,True,True
fient,slate-titer-eight-fient,4,False,True
fiere,slate-doing-puree-fiere,4,False,True
fieri,slate-diner-fiery-fieri,4,False,True
fiers,slate-runes-press-verbs-doers-egers-fiers,7,False,False
fiery,slate-diner-fiery,3,True,True
fiest,slate-cruet-heist-fiest,4,False,True
fifed,slate-diner-video-biped-remix-hiked-fifed,7,False,False
fifer,slate-diner-parka-fixer-fiber-fiver-fifer,7,False,False
fifes,slate-runes-feces-foxes-fives-fides-fifes,7,False,False
fifis,slate-hokum-crisp-dweeb-finis-fifis,6,False,True
fifth,slate-briny-width-fifth,4,True,True
fifty,slate-briny-waked-fifty,4,True,True
figgy,slate-crony-dumpy-jiffy-fizzy-figgy,6,False,True
fight,slate-count-dwarf-fight,4,True,True
figos,slate-hokum-cross-bigos-figos,5,False,True
fiked,slate-diner-video-biped-remix-hiked-eiked-fiked,8,False,False
fikes,slate-runes-feces-foxes-fives-fides-fifes-fikes,8,False,False
filar,slate-molar-pilar-filar,4,False,True
filch,slate-dilly-zilch-filch,4,True,True
filed,slate-never-dumpy-oiled-filed,5,True,True
filer,slate-never-limbo-filer,4,True,True
files,slate-loser-wimpy-files,4,True,True
filet,slate-intel-filet,3,True,True
filii,slate-dilly-zilch-bilbo-filii,5,False,True
filks,slate-locus-whomp-rugby-fills-filks,6,False,True
fille,slate-bingo-rifle-fille,4,False,True
fillo,slate-dilly-fillo,3,False,True
fills,slate-locus-whomp-rugby-fills,5,True,True
filly,slate-dilly-whiff-filly,4,True,True
filmi,slate-dilly-zilch-bilbo-filii-filmi,6,False,True
films,slate-locus-whomp-films,4,True,True
filmy,slate-dilly-milky-filmy,4,True,True
filon,slate-dilly-zilch-bilbo-filon,5,False,True
filos,slate-locus-idols-kilos-filos,5,False,True
filth,slate-lofty-filth,3,True,True
filum,slate-dilly-zilch-bilbo-filii-filum,6,False,True
final,slate-molar-canal-final,4,True,True
finca,slate-corny-manic-finca,4,False,True
finch,slate-crony-blimp-winch-finch,5,True,True
finds,slate-hokum-crisp-dweeb-finds,5,True,True
fined,slate-diner-wimpy-fined,4,True,True
finer,slate-diner-finer,3,True,True
fines,slate-runes-crimp-vowed-fines,5,True,True
finis,slate-hokum-crisp-dweeb-finis,5,True,True
finks,slate-hokum-frisk-finks,4,False,True
finny,slate-crony-funny-finny,4,False,True
finos,slate-hokum-cross-bigos-didos-finos,6,False,True
fiord,slate-crony-fjord-fiord,4,False,True
fiqhs,slate-hokum-fishy-fiqhs,4,False,True
fique,slate-doing-puree-imbue-fique,5,False,True
fired,slate-diner-whomp-fired,4,True,True
firer,slate-diner-parka-hirer-firer,5,False,True
fires,slate-runes-porch-fires,4,True,True
firie,slate-doing-puree-kyrie-firie,5,False,True
firks,slate-hokum-frisk-firks,4,False,True
firma,slate-corny-parka-firma,4,True,True
firms,slate-hokum-missy-wimps-firms,5,True,True
firni,slate-crony-ruing-firni,4,False,True
firns,slate-hokum-crisp-rings-firns,5,False,True
firry,slate-crony-mired-kirby-firry,5,False,True
first,slate-trout-first,3,True,True
firth,slate-briny-girth-mirth-firth,5,True,True
fiscs,slate-hokum-crisp-discs-fiscs,5,False,True
fisho,slate-hokum-frosh-fisho,4,False,True
fishy,slate-hokum-fishy,3,True,True
fisks,slate-hokum-frisk-finks-fisks,5,False,True
fists,slate-forum-fists,3,True,True
fisty,slate-forum-fists-fisty,4,False,True
fitch,slate-count-howdy-pitch-fitch,5,True,True
fitly,slate-guilt-tilly-fitly,4,False,True
fitna,slate-tabor-untag-actin-fitna,5,False,True
fitte,slate-turbo-white-fitte,4,False,True
fitts,slate-forum-fists-fitts,4,False,True
fiver,slate-diner-parka-fixer-fiber-fiver,6,True,True
fives,slate-runes-feces-foxes-fives,5,True,True
fixed,slate-diner-video-biped-remix-fixed,6,True,True
fixer,slate-diner-parka-fixer,4,True,True
fixes,slate-runes-feces-foxes-fixes,5,True,True
fixie,slate-doing-puree-bikie-civie-fixie,6,False,True
fixit,slate-count-dwarf-fight-fixit,5,False,True
fizzy,slate-crony-dumpy-jiffy-fizzy,5,True,True
fjeld,slate-never-wispy-quell-fjeld,5,False,True
fjord,slate-crony-fjord,3,True,True
flabs,slate-pecks-glass-flaws-flabs,5,False,True
flack,slate-prick-black-flack,4,True,True
flaff,slate-prick-gland-llama-blaff-flaff,6,False,True
flags,slate-pecks-glass-flags,4,True,True
flail,slate-prick-flail,3,True,True
flair,slate-prick-flair,3,True,True
flake,slate-crumb-pudgy-flake,4,True,True
flaks,slate-pecks-flaks,3,False,True
flaky,slate-prick-flaky,3,True,True
flame,slate-crumb-flame,3,True,True
flamm,slate-prick-gland-llama-flamm,5,False,True
flams,slate-pecks-glass-flaws-flabs-flams,6,False,True
flamy,slate-prick-gland-llama-flamm-flamy,6,False,True
flane,slate-crumb-pudgy-flake-flane,5,False,True
flank,slate-prick-blank-flank,4,True,True
flans,slate-pecks-glass-flaws-flabs-flams-flans,7,False,False
flaps,slate-pecks-flaps,3,True,True
flare,slate-crumb-flare,3,True,True
flary,slate-prick-alarm-flary,4,False,True
flash,slate-pecks-flash,3,True,True
flask,slate-pecks-flask,3,True,True
flats,slate-flats,2,True,True
flava,slate-prick-gland-llama-flava,5,False,True
flawn,slate-prick-gland-blawn-flawn,5,False,True
flaws,slate-pecks-glass-flaws,4,True,True
flawy,slate-prick-gland-llama-blaff-flawy,6,False,True
flaxy,slate-prick-gland-llama-blaff-flawy-flaxy,7,False,False
flays,slate-pecks-glass-flaws-flabs-flams-flans-flays,8,False,False
fleam,slate-gonad-bleak-clear-fleam,5,False,True
fleas,slate-fleas,2,True,True
fleck,slate-freed-fleck,3,True,True
fleek,slate-freed-fleek,3,False,True
fleer,slate-freed-fleer,3,False,True
flees,slate-flesh-flees,3,True,True
fleet,slate-fleet,2,True,True
flegs,slate-flesh-flees-flegs,4,False,True
fleme,slate-bipod-fluke-fleme,4,False,True
flesh,slate-flesh,2,True,True
fleur,slate-freed-fleur,3,True,True
flews,slate-flesh-flees-flegs-flews,5,False,True
flexi,slate-freed-fleck-flexi,4,False,True
flexo,slate-freed-fleck-flexi-flexo,5,False,True
fleys,slate-flesh-flees-flegs-flews-fleys,6,False,True
flick,slate-bipod-flick,3,True,True
flics,slate-floss-flips-flics,4,False,True
flied,slate-freed-flied,3,True,True
flier,slate-freed-flier,3,True,True
flies,slate-flesh-flies,3,True,True
flimp,slate-bipod-plink-flimp,4,False,True
flims,slate-floss-flips-flics-flims,5,False,True
fling,slate-bipod-flick-fling,4,True,True
flint,slate-flung-flint,3,True,True
flips,slate-floss-flips,3,True,True
flirs,slate-floss-flips-flics-flims-flirs,6,False,True
flirt,slate-flung-flirt,3,True,True
flisk,slate-floss-flush-flisk,4,False,True
flite,slate-flute-flite,3,False,True
flits,slate-uncap-blots-flits,4,False,True
flitt,slate-glitz-flitt,3,False,True
float,slate-float,2,True,True
flobs,slate-floss-flops-flows-flobs,5,False,True
flock,slate-bipod-frank-flock,4,True,True
flocs,slate-floss-flops-flows-flobs-flocs,6,False,True
floes,slate-flesh-flies-floes,4,False,True
flogs,slate-floss-flops-flows-flobs-flocs-flogs,7,False,False
flong,slate-bipod-frank-flong,4,False,True
flood,slate-bipod-flood,3,True,True
floor,slate-bipod-floor,3,True,True
flops,slate-floss-flops,3,True,True
flora,slate-agora-flora,3,True,True
flore,slate-bipod-glove-clone-flore,5,False,True
flors,slate-floss-flops-flows-flobs-flocs-flogs-flors,8,False,False
flory,slate-bipod-frank-flour-flory,5,False,True
flosh,slate-floss-flosh,3,False,True
floss,slate-floss,2,True,True
flota,slate-flota,2,False,True
flote,slate-flute-flite-flote,4,False,True
flour,slate-bipod-frank-flour,4,True,True
flout,slate-flung-flout,3,True,True
flown,slate-bipod-frank-flown,4,True,True
flows,slate-floss-flops-flows,4,True,True
flowy,slate-bipod-frank-flowy,4,True,True
flubs,slate-floss-flips-flubs,4,False,True
flued,slate-freed-flied-flued,4,False,True
flues,slate-flesh-flies-floes-flues,5,False,True
fluey,slate-freed-fluey,3,False,True
fluff,slate-bipod-flunk-fluff,4,True,True
fluid,slate-bipod-fluid,3,True,True
fluke,slate-bipod-fluke,3,True,True
fluky,slate-bipod-flunk-fluky,4,True,True
flume,slate-bipod-fluke-flume,4,True,True
flump,slate-bipod-plunk-clump-flump,5,False,True
flung,slate-bipod-flunk-flung,4,True,True
flunk,slate-bipod-flunk,3,True,True
fluor,slate-bipod-floor-fluor,4,False,True
flurr,slate-bipod-flunk-fluff-flurr,5,False,True
flush,slate-floss-flush,3,True,True
flute,slate-flute,2,True,True
fluty,slate-glitz-cloth-fluty,4,False,True
fluyt,slate-flung-fluyt,3,False,True
flyby,slate-bipod-flyby,3,True,True
flyer,slate-freed-flier-flyer,4,True,True
flyin,slate-bipod-flick-flyin,4,False,True
flype,slate-bipod-plume-clepe-flype,5,False,True
flyte,slate-flute-flite-flote-flyte,5,False,True
fnarr,slate-churn-fnarr,3,False,True
foals,slate-psalm-defog-foals,4,True,True
foams,slate-curbs-amass-foams,4,True,True
foamy,slate-churn-foamy,3,True,True
focal,slate-molar-local-focal,4,True,True
focus,slate-hokum-bonus-focus,4,True,True
foehn,slate-diner-enjoy-foehn,4,False,True
fogey,slate-diner-chomp-bogey-fogey,5,True,True
foggy,slate-crony-budge-foggy,4,True,True
fogie,slate-doing-bogie-cogie-fogie,5,False,True
fogle,slate-bingo-fogle,3,False,True
fogos,slate-hokum-boson-cocos-dodos-fogos,6,False,True
fogou,slate-crony-bough-fogou,4,False,True
fohns,slate-hokum-johns-fohns,4,False,True
foids,slate-hokum-boson-corps-doffs-foids,6,False,True
foils,slate-locus-polis-boils-foils,5,False,True
foins,slate-hokum-boson-noisy-coins-joins-foins,7,False,False
foist,slate-trout-whomp-foist,4,True,True
folds,slate-locus-polis-defog-folds,5,True,True
foley,slate-never-dumpy-holey-coley-foley,6,False,True
folia,slate-molar-polka-holla-colza-dolia-folia,7,False,False
folic,slate-dilly-folic,3,True,True
folie,slate-bingo-voile-louie-dolie-folie,6,False,True
folio,slate-dilly-folic-folio,4,True,True
folks,slate-locus-polis-defog-folks,5,True,True
folky,slate-dilly-bulky-folky,4,True,True
folly,slate-dilly-befog-folly,4,True,True
fomes,slate-runes-feces-foxes-fomes,5,False,True
fonda,slate-corny-woman-honda-fonda,5,False,True
fonds,slate-hokum-boson-noisy-dongs-ponds-fonds,7,False,False
fondu,slate-crony-bough-fondu,4,False,True
fones,slate-runes-crimp-jumbo-zones-fones,6,False,True
fonio,slate-crony-bough-mondo-fonio,5,False,True
fonly,slate-dilly-scowl-nobly-fonly,5,False,True
fonts,slate-forum-foots-fonts,4,False,True
foods,slate-hokum-boson-dwarf-foods,5,True,True
foody,slate-crony-dough-moody-woody-boody-foody,7,False,False
fools,slate-locus-polis-whiff-fools,5,True,True
foots,slate-forum-foots,3,True,True
footy,slate-briny-potty-cooty-footy,5,False,True
foram,slate-corny-borax-dorad-foram,5,False,True
foray,slate-corny-foray,3,True,True
forbs,slate-hokum-boson-cobbs-dorbs-forbs,6,False,True
forby,slate-crony-dowry-porky-forby,5,False,True
force,slate-doing-bocce-force,4,True,True
fordo,slate-crony-furor-forgo-fordo,5,False,True
fords,slate-hokum-boson-corps-words-fords,6,True,True
forel,slate-never-cruel-morel-borel-forel,6,False,True
fores,slate-runes-porch-bores-dores-fores,6,False,True
forex,slate-diner-creek-forex,4,False,True
forge,slate-doing-gorge-forge,4,True,True
forgo,slate-crony-furor-forgo,4,True,True
forks,slate-hokum-crowd-forks,4,True,True
forky,slate-crony-dowry-porky-forky,5,False,True
forma,slate-corny-borax-forma,4,False,True
forme,slate-doing-bocce-homme-forme,5,False,True
forms,slate-hokum-mossy-brown-dorms-forms,6,True,True
forte,slate-turbo-forte,3,True,True
forth,slate-briny-forth,3,True,True
forts,slate-forum-forts,3,True,True
forty,slate-briny-forty,3,True,True
forum,slate-crony-furor-forum,4,True,True
forza,slate-corny-borax-forma-forza,5,False,True
forze,slate-doing-bocce-homme-roque-forze,6,False,True
fossa,slate-oasis-bossa-fossa,4,False,True
fosse,slate-rosin-posse-fosse,4,False,True
fouat,slate-tabor-adopt-fouat,4,False,True
fouds,slate-hokum-unify-fours-fouds,5,False,True
fouer,slate-diner-whomp-rocky-boxer-gofer-fouer,7,False,False
fouet,slate-titer-venue-fouet,4,False,True
foule,slate-bingo-whole-joule-foule,5,False,True
fouls,slate-locus-fouls,3,True,True
found,slate-crony-bound-whomp-found,5,True,True
fount,slate-count-mount-fount,4,True,True
fours,slate-hokum-unify-fours,4,True,True
fouth,slate-briny-mouth-couth-fouth,5,False,True
fovea,slate-radar-hyena-mecca-fovea,5,False,True
fowls,slate-locus-polis-whiff-fowls,5,True,True
fowth,slate-briny-mouth-tooth-fowth,5,False,True
foxed,slate-diner-moped-oxbow-coxed-foxed,6,False,True
foxes,slate-runes-feces-foxes,4,True,True
foxie,slate-doing-moxie-foxie,4,False,True
foyer,slate-diner-whomp-rocky-foyer,5,True,True
foyle,slate-bingo-whole-joule-colle-foyle,6,False,True
foyne,slate-doing-borne-conne-foyne,5,False,True
frabs,slate-curbs-grabs-drabs-frabs,5,False,True
frack,slate-churn-frack,3,True,True
fract,slate-grunt-tract-bract-fract,5,False,True
frags,slate-curbs-grass-drags-frags,5,False,True
frail,slate-curia-frail,3,True,True
fraim,slate-churn-bravo-drama-fraim,5,False,True
frais,slate-curbs-grass-wraps-araks-drams-frais,7,False,False
frame,slate-prick-grave-frame,4,True,True
franc,slate-churn-franc,3,True,True
frank,slate-churn-gaped-frank,4,True,True
frape,slate-prick-drape-grape-frape,5,False,True
fraps,slate-curbs-grass-wraps-draps-fraps,6,False,True
frass,slate-curbs-grass-frass,4,False,True
frate,slate-corgi-prate-frate,4,False,True
frati,slate-wrath-grata-frati,4,False,True
frats,slate-combo-whats-adats-fiats-frats,6,False,True
fraud,slate-churn-fraud,3,True,True
fraus,slate-curbs-fraus,3,False,True
frays,slate-curbs-grass-wraps-araks-drams-frais-frays,8,False,False
freak,slate-radar-wombs-freak,4,True,True
freed,slate-diner-befog-freed,4,True,True
freer,slate-diner-whomp-fryer-freer,5,True,True
frees,slate-runes-porch-fries-frees,5,True,True
freet,slate-titer-greet-freet,4,False,True
freit,slate-titer-merit-freit,4,False,True
fremd,slate-diner-redux-credo-fremd,5,False,True
frena,slate-radar-opera-crema-frena,5,False,True
freon,slate-diner-rerun-ergon-freon,5,False,True
frere,slate-doing-scrum-where-brere-frere,6,False,True
fresh,slate-runes-fresh,3,True,True
frets,slate-testy-oxide-frets,4,True,True
friar,slate-corny-rabid-prima-friar,5,True,True
fribs,slate-hokum-crisp-grids-brins-fribs,6,False,True
fried,slate-diner-pricy-fried,4,True,True
frier,slate-diner-crier-brier-frier,5,False,True
fries,slate-runes-porch-fries,4,True,True
frigs,slate-hokum-crisp-grids-brigs-frigs,6,False,True
frill,slate-dilly-gruff-frill,4,True,True
frise,slate-rosin-frise,3,True,True
frisk,slate-hokum-frisk,3,True,True
frist,slate-trout-grist-wrist-frist,5,False,True
frita,slate-taint-agita-frita,4,False,True
frite,slate-turbo-write-frite,4,False,True
frith,slate-briny-fritz-frith,4,False,True
frits,slate-forum-frits,3,False,True
fritt,slate-briny-fritz-frith-fritt,5,False,True
fritz,slate-briny-fritz,3,True,True
frize,slate-doing-crumb-prize-frize,5,False,True
frizz,slate-crony-gruff-frizz,4,True,True
frock,slate-crony-frock,3,True,True
froes,slate-runes-porch-froes,4,False,True
frogs,slate-hokum-cross-pongo-frogs,5,True,True
fromm,slate-crony-dumbo-groom-fromm,5,False,True
frond,slate-crony-wrong-frond,4,True,True
frons,slate-hokum-cross-pongo-irons-frons,6,False,True
front,slate-count-front,3,True,True
froom,slate-crony-dumbo-groom-vroom-froom,6,False,True
frore,slate-doing-probe-froze-frore,5,False,True
frorn,slate-crony-gibed-frown-frorn,5,False,True
frory,slate-crony-proxy-frory,4,False,True
frosh,slate-hokum-frosh,3,True,True
frost,slate-trout-frost,3,True,True
froth,slate-briny-truth-froth,4,True,True
frown,slate-crony-gibed-frown,4,True,True
frows,slate-hokum-cross-pongo-brows-drows-frows,7,False,False
frowy,slate-crony-proxy-frory-frowy,5,False,True
froyo,slate-crony-froyo,3,False,True
froze,slate-doing-probe-froze,4,True,True
frugs,slate-hokum-gussy-using-drugs-frugs,6,False,True
fruit,slate-count-fruit,3,True,True
frump,slate-crony-gruff-frump,4,True,True
frush,slate-hokum-pubic-frush,4,False,True
frust,slate-trout-crust-brust-frust,5,False,True
fryer,slate-diner-whomp-fryer,4,True,True
fubar,slate-corny-rabid-umbra-fubar,5,False,True
fubby,slate-crony-dumpy-buzzy-hubby-fubby,6,False,True
fubsy,slate-hokum-gussy-fubsy,4,False,True
fucks,slate-hokum-dusky-pubic-fucks,5,True,True
fucus,slate-hokum-virus-bubus-dufus-fucus,6,False,True
fuddy,slate-crony-dumpy-fudgy-fuddy,5,False,True
fudge,slate-doing-jumbo-fudge,4,True,True
fudgy,slate-crony-dumpy-fudgy,4,True,True
fuels,slate-loser-cheep-duels-fuels,5,True,True
fuero,slate-diner-merry-exurb-fuero,5,False,True
fuffs,slate-hokum-gussy-bronc-puffs-duffs-fuffs,7,False,False
fuffy,slate-crony-dumpy-buzzy-huffy-fuffy,6,False,True
fugal,slate-molar-canal-fugal,4,True,True
fuggy,slate-crony-dumpy-buzzy-huffy-fuggy,6,False,True
fugie,slate-doing-gimme-fugie,4,False,True
fugio,slate-crony-bough-fugio,4,False,True
fugis,slate-hokum-gussy-bungs-fugis,5,False,True
fugle,slate-bingo-fugle,3,False,True
fugly,slate-dilly-scowl-burly-fugly,5,False,True
fugue,slate-doing-verge-fugue,4,True,True
fugus,slate-hokum-virus-bubus-dufus-fucus-fugus,7,False,False
fujis,slate-hokum-gussy-bronc-puffs-fujis,6,False,True
fulla,slate-molar-dally-villa-bulla-fulla,6,False,True
fulls,slate-locus-whelp-bulls-gulls-dulls-fulls,7,False,False
fully,slate-dilly-befog-fully,4,True,True
fulth,slate-lofty-filth-fulth,4,False,True
fulwa,slate-molar-dally-cilia-fulwa,5,False,True
fumed,slate-diner-moped-embed-fumed,5,True,True
fumer,slate-diner-whomp-ember-fumer,5,False,True
fumes,slate-runes-bosom-fumes,4,True,True
fumet,slate-titer-venue-fouet-fumet,5,False,True
funda,slate-corny-admin-panda-funda,5,False,True
fundi,slate-crony-unzip-fungi-fundi,5,False,True
fundo,slate-crony-bough-union-fundo,5,False,True
funds,slate-hokum-gussy-bronc-funds,5,True,True
fundy,slate-crony-pudgy-bundy-fundy,5,False,True
fungi,slate-crony-unzip-fungi,4,True,True
fungo,slate-crony-bough-fungo,4,True,True
fungs,slate-hokum-gussy-bungs-dungs-fungs,6,False,True
funic,slate-crony-blimp-winch-funic,5,False,True
funis,slate-hokum-gussy-bronc-funds-funis,6,False,True
funks,slate-hokum-dusky-pubic-junks-funks,6,False,True
funky,slate-crony-pudgy-hunky-funky,5,True,True
funny,slate-crony-funny,3,True,True
funsy,slate-hokum-gussy-fubsy-funsy,5,False,True
funts,slate-forum-fusty-funts,4,False,True
fural,slate-molar-rural-aural-dural-fural,6,False,True
furan,slate-corny-quran-buran-furan,5,False,True
furca,slate-corny-march-furca,4,False,True
furls,slate-locus-whelp-bulls-furls,5,False,True
furol,slate-dilly-prowl-furol,4,False,True
furor,slate-crony-furor,3,True,True
furos,slate-hokum-buoys-duros-furos,5,False,True
furrs,slate-hokum-gussy-bronc-purrs-durrs-furrs,7,False,False
furry,slate-crony-mired-furry,4,True,True
furth,slate-briny-forth-furth,4,False,True
furze,slate-doing-scrum-puree-burke-furze,6,False,True
furzy,slate-crony-mired-furry-furzy,5,False,True
fused,slate-runes-wombs-fused,4,True,True
fusee,slate-rosin-besee-fusee,4,False,True
fusel,slate-loser-eisel-fusel,4,False,True
fuses,slate-runes-bosom-fuses,4,True,True
fusil,slate-locus-fusil,3,False,True
fusks,slate-hokum-dusky-busks-cusks-fusks,6,False,True
fussy,slate-hokum-gussy-fussy,4,True,True
fusts,slate-forum-fusty-fusts,4,False,True
fusty,slate-forum-fusty,3,True,True
futon,slate-count-futon,3,True,True
fuzed,slate-diner-moped-gecko-ebbed-fuzed,6,False,True
fuzee,slate-doing-scrum-bubbe-fuzee,5,False,True
fuzes,slate-runes-bosom-dudes-cukes-fuzes,6,False,True
fuzil,slate-dilly-logic-pupil-fuzil,5,False,True
fuzzy,slate-crony-dumpy-buzzy-fuzzy,5,True,True
fyces,slate-runes-feces-fices-fyces,5,False,True
fyked,slate-diner-moped-gecko-juked-byked-fyked,7,False,False
fykes,slate-runes-feces-foxes-fives-fykes,6,False,True
fyles,slate-loser-wimpy-fyles,4,False,True
fyrds,slate-hokum-crisp-fyrds,4,False,True
fytte,slate-turbo-white-dente-fytte,5,False,True
gabba,slate-corny-mafia-babka-dabba-gabba,6,False,True
gabby,slate-corny-budge-gabby,4,True,True
gable,slate-bangs-gable,3,True,True
gaddi,slate-corny-mafia-haiku-gaddi,5,False,True
gades,slate-ashen-frock-gumbo-gases-gazes-gades,7,False,False
gadge,slate-corgi-badge-madge-fadge-gadge,6,False,True
gadgy,slate-corny-budge-gadgy,4,False,True
gadid,slate-corny-mafia-vapid-gadid,5,False,True
gadis,slate-oasis-mavis-nazis-cadis-dadis-gadis,7,False,False
gadje,slate-corgi-vague-gaffe-gadje,5,False,True
gadjo,slate-corny-adobo-daiko-gadjo,5,False,True
gadso,slate-oasis-canso-gadso,4,False,True
gaffe,slate-corgi-vague-gaffe,4,True,True
gaffs,slate-oasis-brand-pouch-mamas-faffs-gaffs,7,False,False
gaged,slate-radar-funky-caped-wight-gaged,6,False,True
gager,slate-radar-pygmy-eager-wager-cager-gager,7,False,False
gages,slate-ashen-frock-gumbo-gases-gazes-gades-gages,8,False,False
gaids,slate-oasis-ripen-maids-caids-gaids,6,False,True
gaily,slate-molar-daily-gaily,4,True,True
gains,slate-oasis-ripen-gains,4,True,True
gairs,slate-oasis-ripen-fairs-hairs-gairs,6,False,True
gaita,slate-taint-faith-gaita,4,False,True
gaits,slate-nymph-vista-baits-waits-gaits,6,False,True
gaitt,slate-taint-gaitt,3,False,True
gajos,slate-oasis-baons-camos-dados-faros-gajos,7,False,False
galah,slate-molar-lilac-gulag-galah,5,False,True
galas,slate-balsa-galas,3,False,True
galax,slate-molar-lilac-gulag-galah-galax,6,False,True
galea,slate-rangy-bagel-galea,4,False,True
galed,slate-rangy-bagel-galea-galed,5,False,True
gales,slate-laser-whomp-vying-gales,5,True,True
galia,slate-molar-dally-aalii-galia,5,False,True
galis,slate-balsa-whomp-ficus-dalis-galis,6,False,True
galls,slate-balsa-whomp-ficus-galls,5,True,True
gally,slate-molar-dally-wombs-pally-gally,6,False,True
galop,slate-molar-aglow-galop,4,False,True
galut,slate-taint-fault-balut-galut,5,False,True
galvo,slate-molar-aglow-galvo,4,False,True
gamas,slate-oasis-brand-pouch-mamas-gamas,6,False,True
gamay,slate-corny-budge-gawky-gamay,5,False,True
gamba,slate-corny-mafia-gamma-gamba,5,False,True
gambe,slate-corgi-vague-gaffe-gadje-gambe,6,False,True
gambo,slate-corny-adobo-mambo-gambo,5,False,True
gambs,slate-oasis-brand-cabas-gambs,5,False,True
gamed,slate-radar-funky-caped-wight-gamed,6,True,True
gamer,slate-radar-pygmy-gamer,4,True,True
games,slate-ashen-frock-gumbo-games,5,True,True
gamey,slate-radar-cameo-gamey,4,True,True
gamic,slate-corny-magic-gamic,4,False,True
gamin,slate-corny-admin-gamin,4,False,True
gamma,slate-corny-mafia-gamma,4,True,True
gamme,slate-corgi-vague-gaffe-gadje-gambe-gamme,7,False,False
gammy,slate-corny-budge-gawky-gamay-gammy,6,False,True
gamps,slate-oasis-brand-pouch-vamps-gamps,6,False,True
gamut,slate-tabor-humph-gamut,4,True,True
ganch,slate-corny-manic-ganch,4,False,True
gandy,slate-corny-handy-dandy-bandy-gandy,6,False,True
ganef,slate-radar-cameo-waxen-ganef,5,False,True
ganev,slate-radar-cameo-waxen-ganef-ganev,6,False,True
gangs,slate-oasis-brand-graph-gangs,5,True,True
ganja,slate-corny-admin-ganja,4,True,True
ganks,slate-oasis-brand-graph-gangs-ganks,6,False,True
ganof,slate-corny-wagon-ganof,4,False,True
gants,slate-nymph-wants-rants-bants-cants-dants-gants,8,False,False
gaols,slate-balsa-pinch-larks-gaols,5,False,True
gaped,slate-radar-funky-caped-gaped,5,True,True
gaper,slate-radar-pygmy-gaper,4,False,True
gapes,slate-ashen-frock-gumbo-gases-gazes-gades-gages-gapes,9,False,False
gapos,slate-oasis-baons-camos-dados-faros-gajos-gapos,8,False,False
gappy,slate-corny-budge-gawky-gamay-gappy,6,False,True
garam,slate-corny-parka-aargh-garam,5,False,True
garba,slate-corny-parka-barra-garba,5,False,True
garbe,slate-corgi-agree-garde-garbe,5,False,True
garbo,slate-corny-arrow-bardo-garbo,5,True,True
garbs,slate-oasis-brand-carbs-garbs,5,False,True
garda,slate-corny-parka-barra-darga-garda,6,False,True
garde,slate-corgi-agree-garde,4,True,True
gares,slate-ashen-frock-wormy-dares-bares-gares,7,False,False
garis,slate-oasis-mavis-nazis-cadis-garis,6,False,True
garms,slate-oasis-brand-whomp-farms-garms,6,False,True
garni,slate-corny-varna-garni,4,False,True
garre,slate-corgi-agree-garde-garbe-garre,6,False,True
garri,slate-corny-parka-barfi-darzi-garri,6,False,True
garth,slate-taint-party-garth,4,True,True
garum,slate-corny-parka-barfi-garum,5,False,True
gases,slate-ashen-frock-gumbo-gases,5,True,True
gashy,slate-oasis-raspy-washy-dashy-gashy,6,False,True
gasps,slate-oasis-wreck-gasps,4,True,True
gaspy,slate-oasis-raspy-gaspy,4,False,True
gassy,slate-oasis-gassy,3,True,True
gasts,slate-nymph-vista-casts-basts-fasts-gasts,7,False,False
gatch,slate-tabor-humph-catch-watch-gatch,6,False,True
gated,slate-treed-gated,3,True,True
gater,slate-treed-watch-rater-mater-gater,6,False,True
gates,slate-asset-butch-groom-gates,5,True,True
gaths,slate-antsy-wombs-paths-gaths,5,False,True
gator,slate-tabor-gator,3,True,True
gauch,slate-corny-magic-gauch,4,False,True
gaucy,slate-corny-wacky-gaucy,4,False,True
gauds,slate-oasis-brand-dacks-gauds,5,False,True
gaudy,slate-corny-budge-gaudy,4,True,True
gauge,slate-corgi-badge-gauge,4,True,True
gauje,slate-corgi-vague-gauze-gauje,5,False,True
gault,slate-taint-fault-vault-dault-gault,6,False,True
gaums,slate-oasis-brand-pouch-gaums,5,False,True
gaumy,slate-corny-budge-gauzy-gaumy,5,False,True
gaunt,slate-tabor-humph-judgy-gaunt,5,True,True
gaups,slate-oasis-brand-pouch-gaups,5,False,True
gaurs,slate-oasis-brand-whomp-racks-gaurs,6,False,True
gauss,slate-oasis-gauss,3,True,True
gauze,slate-corgi-vague-gauze,4,True,True
gauzy,slate-corny-budge-gauzy,4,True,True
gavel,slate-rangy-bagel-gavel,4,True,True
gavot,slate-tabor-cagot-gavot,4,False,True
gawcy,slate-corny-wacky-gawcy,4,False,True
gawds,slate-oasis-brand-dacks-gauds-gawds,6,False,True
gawks,slate-oasis-brand-pouch-mamas-faffs-gawks,7,False,False
gawky,slate-corny-budge-gawky,4,True,True
gawps,slate-oasis-brand-pouch-vamps-gawps,6,False,True
gawsy,slate-oasis-marsh-pansy-bagsy-gawsy,6,False,True
gayal,slate-molar-canal-papal-dayal-gayal,6,False,True
gayer,slate-radar-pygmy-gayer,4,True,True
gayly,slate-molar-daily-wanly-gayly,5,True,True
gazal,slate-molar-canal-papal-dayal-gazal,6,False,True
gazar,slate-corny-rabid-gazar,4,False,True
gazed,slate-radar-funky-caped-wight-gamed-gazed,7,True,False
gazer,slate-radar-pygmy-gazer,4,True,True
gazes,slate-ashen-frock-gumbo-gases-gazes,6,True,True
gazon,slate-corny-wagon-gazon,4,False,True
gazoo,slate-corny-adobo-kazoo-wazoo-gazoo,6,False,True
geals,slate-leash-verde-meals-beals-feals-geals,7,False,False
geans,slate-redub-wimpy-jeans-geans,5,False,True
geare,slate-prick-aware-deare-beare-feare-geare,7,False,False
gears,slate-redub-glyph-gears,4,True,True
geasa,slate-redub-wimpy-jeans-geasa,5,False,True
geats,slate-thumb-feats-geats,4,False,True
gebur,slate-diner-recur-femur-gebur,5,False,True
gecko,slate-diner-geeky-gecko,4,True,True
gecks,slate-runes-chess-wiped-becks-fecks-gecks,7,False,False
geeks,slate-runes-chess-dweeb-pokey-geeks,6,True,True
geeky,slate-diner-geeky,3,True,True
geeps,slate-runes-chess-dweeb-pokey-jeeps-geeps,7,False,False
geese,slate-rosin-geese,3,True,True
geest,slate-cruet-heist-geest,4,False,True
geist,slate-cruet-heist-deist-feist-geist,6,False,True
geits,slate-testy-grind-geits,4,False,True
gelds,slate-loser-cheep-belay-wells-delfs-gelds,7,False,False
gelee,slate-bingo-fugle-gelee,4,False,True
gelid,slate-never-bough-gelid,4,False,True
gelly,slate-never-bough-gelid-gelly,5,False,True
gelts,slate-plumb-lefts-celts-delts-gelts,6,False,True
gemel,slate-never-jewel-bezel-gemel,5,False,True
gemma,slate-radar-hyena-mecca-gemma,5,True,True
gemmy,slate-diner-geeky-gemmy,4,False,True
gemot,slate-titer-pouch-begot-gemot,5,False,True
genae,slate-corgi-vague-agene-genae,5,False,True
genal,slate-rangy-genal,3,False,True
genas,slate-ashen-earns-genas,4,False,True
genes,slate-runes-crimp-jumbo-genes,5,True,True
genet,slate-titer-venue-benet-denet-genet,6,False,True
genic,slate-diner-ennui-genic,4,False,True
genie,slate-doing-hinge-genie,4,True,True
genii,slate-diner-ennui-benji-genii,5,False,True
genin,slate-diner-ennui-genin,4,False,True
genio,slate-diner-ennui-genic-genio,5,False,True
genip,slate-diner-ennui-genic-genio-genip,6,False,True
genny,slate-diner-xenon-penny-benny-henny-fenny-genny,8,False,False
genoa,slate-radar-hyena-genoa,4,True,True
genom,slate-diner-xenon-venom-genom,5,False,True
genre,slate-doing-genre,3,True,True
genro,slate-diner-genro,3,False,True
gents,slate-testy-grind-gents,4,True,True
genty,slate-pinch-bento-genty,4,False,True
genua,slate-radar-hyena-genoa-genua,5,False,True
genus,slate-runes-genus,3,True,True
geode,slate-doing-geode,3,True,True
geoid,slate-diner-medic-geoid,4,False,True
gerah,slate-radar-wombs-freak-gerah,5,False,True
gerbe,slate-doing-verge-gerbe,4,False,True
geres,slate-runes-porch-fires-beres-deres-geres,7,False,False
gerle,slate-bingo-fugle-gerle,4,False,True
germs,slate-runes-press-throb-germs,5,True,True
germy,slate-diner-merry-germy,4,True,True
gerne,slate-doing-gerne,3,False,True
gesse,slate-rosin-besee-cesse-desse-fesse-gesse,7,False,False
gesso,slate-runes-messy-gesso,4,False,True
geste,slate-piste-coste-geste,4,False,True
gests,slate-testy-pesto-yearn-vests-bests-fests-gests,8,False,False
getas,slate-asset-betas-fetas-getas,5,False,True
getup,slate-titer-fetch-detox-getup,5,True,True
geums,slate-runes-feuds-geums,4,False,True
geyan,slate-radar-began-geyan,4,False,True
geyer,slate-diner-whomp-fryer-buyer-geyer,6,False,True
ghast,slate-bronc-avast-ghast,4,False,True
ghats,slate-combo-whats-ghats,4,False,True
ghaut,slate-grunt-ghaut,3,False,True
ghazi,slate-churn-khaki-bhaji-ghazi,5,False,True
ghees,slate-runes-feces-edges-ghees,5,False,True
ghest,slate-cruet-heist-ghest,4,False,True
ghost,slate-trout-boost-ghost,4,True,True
ghoul,slate-dilly-prowl-ghoul,4,True,True
ghusl,slate-locus-fusil-ghusl,4,False,True
ghyll,slate-dilly-ghyll,3,False,True
giant,slate-grunt-giant,3,True,True
gibed,slate-diner-video-biped-gibed,5,True,True
gibel,slate-never-dumpy-bowel-libel-gibel,6,False,True
giber,slate-diner-parka-fixer-giver-giber,6,False,True
gibes,slate-runes-feces-moped-vichy-bikes-gibes,7,False,False
gibli,slate-dilly-gibli,3,False,True
gibus,slate-hokum-virus-ficus-gibus,5,False,True
giddy,slate-crony-dumpy-giddy,4,True,True
gifts,slate-forum-gifts,3,True,True
gigas,slate-oasis-minas-aidas-gigas,5,False,True
gighe,slate-doing-gimme-gighe,4,False,True
gigot,slate-count-divot-bigot-gigot,5,False,True
gigue,slate-doing-gimme-gighe-gigue,5,False,True
gilas,slate-balsa-aglus-gilas,4,False,True
gilds,slate-locus-whomp-rugby-gills-gilds,6,False,True
gilet,slate-intel-filet-gilet,4,False,True
gilia,slate-molar-dally-cilia-gilia,5,False,True
gills,slate-locus-whomp-rugby-gills,5,True,True
gilly,slate-dilly-whiff-billy-gilly,5,True,True
gilpy,slate-dilly-milky-bilby-gilpy,5,False,True
gilts,slate-lusty-vouch-tilts-gilts,5,False,True
gimel,slate-never-dumpy-gimel,4,False,True
gimme,slate-doing-gimme,3,True,True
gimps,slate-hokum-missy-wimps-pimps-dimps-gimps,7,False,False
gimpy,slate-crony-dumpy-wimpy-gimpy,5,False,True
ginch,slate-crony-blimp-winch-finch-ginch,6,False,True
ginga,slate-corny-admin-ninja-ginga,5,False,True
ginge,slate-doing-hinge-binge-ginge,5,False,True
gings,slate-hokum-crisp-dweeb-finis-gings,6,False,True
ginks,slate-hokum-frisk-kinds-wraps-jinks-binks-ginks,8,False,False
ginny,slate-crony-funny-ninny-ginny,5,True,True
ginzo,slate-crony-bough-ginzo,4,False,True
gipon,slate-crony-bough-ginzo-gipon,5,False,True
gippo,slate-crony-bough-gizmo-gippo,5,False,True
gippy,slate-crony-dumpy-zippy-hippy-bippy-gippy,7,False,False
gipsy,slate-hokum-crisp-gipsy,4,True,True
girds,slate-hokum-crisp-rings-girds,5,False,True
girlf,slate-dilly-gibli-girlf,4,False,True
girls,slate-locus-whomp-rugby-girls,5,True,True
girly,slate-dilly-girly,3,True,True
girns,slate-hokum-crisp-rings-girns,5,False,True
giron,slate-crony-mondo-giron,4,False,True
giros,slate-hokum-cross-biros-giros,5,False,True
girrs,slate-hokum-crisp-rings-girds-girrs,6,False,True
girsh,slate-hokum-fishy-girsh,4,False,True
girth,slate-briny-girth,3,True,True
girts,slate-forum-dirts-girts,4,False,True
gismo,slate-hokum-dsomo-gismo,4,False,True
gisms,slate-hokum-missy-gisms,4,False,True
gists,slate-forum-whips-tints-cists-gists,6,False,True
gitch,slate-count-howdy-pitch-fitch-mitch-bitch-gitch,8,False,False
gites,slate-cruet-timon-bites-kites-dites-gites,7,False,False
giust,slate-trout-buist-giust,4,False,True
gived,slate-diner-video-hived-gived,5,False,True
given,slate-diner-given,3,True,True
giver,slate-diner-parka-fixer-giver,5,True,True
gives,slate-runes-feces-moped-vichy-gives,6,True,True
gizmo,slate-crony-bough-gizmo,4,True,True
glace,slate-crumb-place-glace,4,True,True
glade,slate-crumb-pudgy-glade,4,True,True
glads,slate-pecks-glass-glads,4,False,True
glady,slate-prick-gland-glady,4,False,True
glaik,slate-prick-glaik,3,False,True
glair,slate-prick-flair-glair,4,False,True
glamp,slate-prick-glamp,3,True,True
glams,slate-pecks-glass-glads-glams,5,False,True
gland,slate-prick-gland,3,True,True
glans,slate-pecks-glass-glads-glams-glans,6,False,True
glare,slate-crumb-flare-glare,4,True,True
glary,slate-prick-alarm-flary-glary,5,False,True
glass,slate-pecks-glass,3,True,True
glatt,slate-alata-blatt-glatt,4,False,True
glaum,slate-prick-gland-glaum,4,False,True
glaur,slate-prick-alarm-glaur,4,False,True
glaze,slate-crumb-pudgy-glaze,4,True,True
glazy,slate-prick-gland-glaum-glazy,5,False,True
gleam,slate-gonad-gleam,3,True,True
glean,slate-gonad-glean,3,True,True
gleba,slate-gonad-gleba,3,False,True
glebe,slate-bipod-glebe,3,False,True
gleby,slate-freed-blech-gleby,4,False,True
glede,slate-bipod-elude-glede,4,False,True
gleds,slate-flesh-blebs-clegs-gleds,5,False,True
gleed,slate-freed-bleed-gleed,4,False,True
gleek,slate-freed-bleep-cleek-gleek,5,False,True
glees,slate-flesh-blebs-clegs-gleds-glees,6,False,True
gleet,slate-fleet-eleet-gleet,4,False,True
gleis,slate-flesh-blebs-clegs-gleds-glees-gleis,7,False,False
glens,slate-flesh-blebs-clegs-gleds-glees-gleis-glens,8,False,False
glent,slate-fleet-blent-glent,4,False,True
gleys,slate-flesh-blebs-clegs-gleds-glees-gleis-glens-gleys,9,False,False
glial,slate-agora-glial,3,False,True
glias,slate-alias-glias,3,False,True
glibs,slate-floss-plums-blins-glibs,5,False,True
glide,slate-bipod-glide,3,True,True
gliff,slate-bipod-flick-gliff,4,False,True
glift,slate-flung-glift,3,False,True
glike,slate-bipod-clime-glike,4,False,True
glime,slate-bipod-clime-glime,4,False,True
glims,slate-floss-plums-glims,4,False,True
glint,slate-flung-glint,3,True,True
glisk,slate-floss-blush-glisk,4,False,True
glits,slate-uncap-blots-flits-glits,5,False,True
glitz,slate-glitz,2,True,True
gloam,slate-agora-gloam,3,True,True
gloat,slate-float-bloat-gloat,4,True,True
globe,slate-bipod-globe,3,True,True
globi,slate-bipod-globi,3,False,True
globs,slate-floss-clogs-glows-globs,5,False,True
globy,slate-bipod-clomb-globy,4,False,True
glode,slate-bipod-glode,3,False,True
glogg,slate-bipod-frank-glowy-glogg,5,False,True
gloms,slate-floss-clogs-glows-globs-gloms,6,False,True
gloom,slate-bipod-floor-gloom,4,True,True
gloop,slate-bipod-gloop,3,True,True
glops,slate-floss-clogs-glows-globs-gloms-glops,7,False,False
glory,slate-bipod-frank-glory,4,True,True
gloss,slate-floss-gloss,3,True,True
glost,slate-blist-glost,3,False,True
glout,slate-flung-glout,3,False,True
glove,slate-bipod-glove,3,True,True
glows,slate-floss-clogs-glows,4,True,True
glowy,slate-bipod-frank-glowy,4,True,True
gloze,slate-bipod-glove-gloze,4,False,True
glued,slate-freed-glued,3,True,True
gluer,slate-freed-ulcer-bluer-gluer,5,False,True
glues,slate-flesh-vouch-blues-glues,5,False,True
gluey,slate-freed-gluey,3,True,True
glugg,slate-bipod-flunk-glugg,4,False,True
glugs,slate-floss-plums-clubs-glugs,5,False,True
glume,slate-bipod-fluke-glume,4,False,True
glums,slate-floss-plums-glums,4,False,True
gluon,slate-bipod-floor-gluon,4,False,True
glute,slate-flute-glute,3,True,True
gluts,slate-uncap-gluts,3,False,True
glyph,slate-bipod-plunk-glyph,4,True,True
gnapi,slate-churn-piano-gnapi,4,False,True
gnarl,slate-curia-drawl-gnarl,4,True,True
gnarr,slate-churn-fnarr-gnarr,4,False,True
gnars,slate-curbs-grass-gnars,4,False,True
gnash,slate-curbs-awash-gnash,4,True,True
gnats,slate-combo-whats-adats-fiats-gnats,6,False,True
gnawn,slate-churn-again-gnawn,4,False,True
gnaws,slate-curbs-amass-dhaks-gnaws,5,False,True
gnome,slate-doing-gnome,3,True,True
gnows,slate-hokum-cross-biogs-gnows,5,False,True
goads,slate-curbs-amass-dhaks-goads,5,False,True
goafs,slate-curbs-amass-dhaks-gnaws-goafs,6,False,True
goaft,slate-grunt-goaft,3,False,True
goals,slate-psalm-defog-goals,4,True,True
goary,slate-churn-award-ovary-goary,5,False,True
goats,slate-combo-goats,3,True,True
goaty,slate-wrath-coati-boaty-goaty,5,False,True
goave,slate-prick-mewed-agave-goave,5,False,True
goban,slate-corny-woman-hogan-goban,5,False,True
gobar,slate-corny-moira-douar-gobar,5,False,True
gobbe,slate-doing-gorge-gobbe,4,False,True
gobbi,slate-crony-bough-gobbi,4,False,True
gobbo,slate-crony-bough-gobbi-gobbo,5,False,True
gobby,slate-crony-budge-gobby,4,False,True
gobis,slate-hokum-boson-cobbs-gobis,5,False,True
gobos,slate-hokum-boson-gobos,4,False,True
godet,slate-titer-venue-comet-bowet-godet,6,False,True
godly,slate-dilly-oddly-godly,4,True,True
godso,slate-hokum-boson-dwarf-goods-godso,6,False,True
goels,slate-loser-goels,3,False,True
goers,slate-runes-press-verbs-doers-goers,6,False,True
goest,slate-cruet-heist-doest-goest,5,False,True
goeth,slate-pinch-teeth-doeth-goeth,5,False,True
goety,slate-pinch-jetty-goety,4,False,True
gofer,slate-diner-whomp-rocky-boxer-gofer,6,True,True
goffs,slate-hokum-boson-corps-doffs-goffs,6,False,True
gogga,slate-corny-dogma-gogga,4,False,True
gogos,slate-hokum-boson-cocos-dodos-fogos-gogos,7,False,False
goier,slate-diner-crier-exier-goier,5,False,True
going,slate-crony-bound-going,4,True,True
gojis,slate-hokum-boson-corps-doffs-gojis,6,False,True
gokes,slate-runes-feces-moped-shook-jokes-bokes-gokes,8,False,False
golds,slate-locus-polis-defog-golds,5,True,True
goldy,slate-dilly-moldy-goldy,4,False,True
golem,slate-never-dumpy-golem,4,True,True
goles,slate-loser-whomp-coles-boles-doles-goles,7,False,False
golfs,slate-locus-polis-defog-golfs,5,False,True
golly,slate-dilly-befog-golly,4,True,True
golpe,slate-bingo-fogle-golpe,4,False,True
golps,slate-locus-polis-golps,4,False,True
gombo,slate-crony-bough-gobbi-gombo,5,False,True
gomer,slate-diner-whomp-mover-comer-gomer,6,True,True
gompa,slate-corny-dogma-gompa,4,False,True
gonad,slate-corny-woman-gonad,4,True,True
gonch,slate-crony-ionic-gonch,4,False,True
gonef,slate-diner-honey-conex-gonef,5,False,True
goner,slate-diner-goner,3,True,True
gongs,slate-hokum-boson-noisy-dongs-gongs,6,True,True
gonia,slate-corny-woman-honda-bonza-gonia,6,False,True
gonif,slate-crony-bough-gonzo-gonif,5,False,True
gonks,slate-hokum-crowd-bonks-gonks,5,False,True
gonna,slate-corny-gonna,3,True,True
gonof,slate-crony-bough-gonzo-gonof,5,False,True
gonys,slate-hokum-boson-noisy-gonys,5,False,True
gonzo,slate-crony-bough-gonzo,4,True,True
gooby,slate-crony-dough-goofy-goopy-gooby,6,False,True
goodo,slate-crony-whoop-ovoid-duomo-goodo,6,False,True
goods,slate-hokum-boson-dwarf-goods,5,True,True
goody,slate-crony-dough-goody,4,True,True
gooey,slate-diner-chomp-gooey,4,True,True
goofs,slate-hokum-boson-dwarf-coofs-goofs,6,False,True
goofy,slate-crony-dough-goofy,4,True,True
googs,slate-hokum-boson-dwarf-poops-googs,6,False,True
gooks,slate-hokum-crowd-books-nooks-gooks,6,False,True
gooky,slate-crony-dough-goofy-goopy-gooby-gooky,7,False,False
goold,slate-dilly-would-goold,4,False,True
gools,slate-locus-polis-whiff-bools-dools-gools,7,False,False
gooly,slate-dilly-scowl-gooly,4,False,True
goomy,slate-crony-dough-goofy-goopy-gooby-gooky-goomy,8,False,False
goons,slate-hokum-boson-coons-goons,5,True,True
goony,slate-crony-phony-moony-goony,5,False,True
goops,slate-hokum-boson-dwarf-poops-coops-goops,7,False,False
goopy,slate-crony-dough-goofy-goopy,5,True,True
goors,slate-hokum-boson-dwarf-goors,5,False,True
goory,slate-crony-ivory-goory,4,False,True
goose,slate-rosin-dumpy-goose,4,True,True
goosy,slate-hokum-boson-dwarf-poops-goosy,6,False,True
gopak,slate-corny-dogma-gopak,4,False,True
gopik,slate-crony-bough-gopik,4,False,True
goral,slate-molar-coral-boral-goral,5,False,True
goras,slate-oasis-comas-bobas-donas-goras,6,False,True
goray,slate-corny-foray-moray-goray,5,False,True
gorbs,slate-hokum-boson-cobbs-dorbs-forbs-gorbs,7,False,False
gordo,slate-crony-furor-morph-borgo-gordo,6,False,True
gored,slate-diner-befog-gored,4,True,True
gores,slate-runes-porch-bores-dores-fores-gores,7,False,False
gorge,slate-doing-gorge,3,True,True
goris,slate-hokum-boson-corps-words-goris,6,False,True
gorms,slate-hokum-mossy-brown-dorms-forms-corms-gorms,8,False,False
gormy,slate-crony-dowry-porky-forby-gormy,6,False,True
gorps,slate-hokum-boson-corps-dorps-gorps,6,False,True
gorse,slate-rosin-worse-horse-gorse,5,True,True
gorsy,slate-hokum-boson-corps-gorsy,5,False,True
gosht,slate-trout-whomp-hoist-gosht,5,False,True
gosse,slate-rosin-posse-fosse-gosse,5,False,True
gotch,slate-count-toxic-botch-gotch,5,False,True
goths,slate-trout-goths,3,True,True
gothy,slate-count-motor-bothy-gothy,5,False,True
gotta,slate-taint-gotta,3,True,True
gouch,slate-crony-pouch-vouch-gouch,5,False,True
gouge,slate-doing-gorge-gouge,4,True,True
gouks,slate-hokum-bouks-douks-gouks,5,False,True
goura,slate-corny-moira-dobra-goura,5,False,True
gourd,slate-crony-furor-rough-gourd,5,True,True
gouts,slate-forum-bouts-douts-gouts,5,False,True
gouty,slate-briny-potty-cooty-gouty,5,False,True
goved,slate-diner-moped-oxbow-yoked-coded-goved,7,False,False
goves,slate-runes-feces-moped-shook-boxes-goves,7,False,False
gowan,slate-corny-woman-gowan,4,False,True
gowds,slate-hokum-boson-corps-doffs-gowds,6,False,True
gowfs,slate-hokum-boson-corps-doffs-gowfs,6,False,True
gowks,slate-hokum-crowd-gowks,4,False,True
gowls,slate-locus-polis-whiff-bowls-dowls-gowls,7,False,False
gowns,slate-hokum-boson-noisy-dongs-gowns,6,True,True
goxes,slate-runes-feces-moped-shook-boxes-goxes,7,False,False
goyim,slate-crony-dohyo-goyim,4,False,True
goyle,slate-bingo-fogle-goyle,4,False,True
graal,slate-curia-drawl-graal,4,False,True
grabs,slate-curbs-grabs,3,True,True
grace,slate-prick-brace-grace,4,True,True
grade,slate-prick-grave-grade,4,True,True
grads,slate-curbs-grass-yummy-grads,5,True,True
graff,slate-churn-bravo-drama-graff,5,False,True
graft,slate-grunt-graft,3,True,True
grail,slate-curia-frail-grail,4,True,True
grain,slate-churn-rebid-grain,4,True,True
graip,slate-churn-bravo-drama-graff-graip,6,False,True
grama,slate-churn-bravo-drama-grama,5,False,True
grame,slate-prick-grave-grade-graze-grame,6,False,True
gramp,slate-churn-bravo-drama-gramp,5,False,True
grams,slate-curbs-grass-yummy-grams,5,True,True
grana,slate-churn-gaped-grana,4,False,True
grand,slate-churn-gaped-grand,4,True,True
grano,slate-churn-gaped-grana-grano,5,False,True
grans,slate-curbs-grass-yummy-grads-grans,6,False,True
grant,slate-grunt-grant,3,True,True
grape,slate-prick-drape-grape,4,True,True
graph,slate-churn-graph,3,True,True
grapy,slate-churn-bravo-drama-graff-graip-grapy,7,False,False
grasp,slate-curbs-grasp,3,True,True
grass,slate-curbs-grass,3,True,True
grata,slate-wrath-grata,3,True,True
grate,slate-corgi-grate,3,True,True
grats,slate-combo-whats-adats-fiats-gnats-grats,7,False,False
grave,slate-prick-grave,3,True,True
gravs,slate-curbs-grass-yummy-grads-grans-gravs,7,False,False
gravy,slate-churn-bravo-gravy,4,True,True
grays,slate-curbs-grass-yummy-grays,5,True,True
graze,slate-prick-grave-grade-graze,5,True,True
great,slate-treed-great,3,True,True
grebe,slate-doing-verge-grebe,4,False,True
grebo,slate-diner-merry-wreck-grebo,5,False,True
grece,slate-doing-verge-grebe-grece,5,False,True
greed,slate-diner-befog-greed,4,True,True
greek,slate-diner-creek-greek,4,False,True
green,slate-diner-green,3,True,True
grees,slate-runes-porch-fries-brees-drees-grees,7,False,False
greet,slate-titer-greet,3,True,True
grege,slate-doing-verge-grege,4,False,True
grego,slate-diner-merry-wreck-grebo-grego,6,False,True
grein,slate-diner-reign-grein,4,False,True
grens,slate-runes-ferns-brens-grens,5,False,True
greps,slate-runes-press-creps-greps,5,False,True
grese,slate-rosin-purse-grese,4,False,True
greve,slate-doing-verge-greve,4,False,True
grews,slate-runes-press-crews-brews-grews,6,False,True
greys,slate-runes-press-crews-dregs-greys,6,False,True
grice,slate-doing-gripe-grime-grice,5,False,True
gride,slate-doing-guide-gride,4,False,True
grids,slate-hokum-crisp-grids,4,True,True
grief,slate-diner-brief-grief,4,True,True
griff,slate-crony-gruff-griff,4,True,True
grift,slate-count-dwarf-grift,4,True,True
grigs,slate-hokum-crisp-grids-grins-grigs,6,False,True
grike,slate-doing-gripe-grime-grice-grike,6,False,True
grill,slate-dilly-gruff-grill,4,True,True
grime,slate-doing-gripe-grime,4,True,True
grimy,slate-crony-grimy,3,True,True
grind,slate-crony-bring-grind,4,True,True
grins,slate-hokum-crisp-grids-grins,5,True,True
griot,slate-count-divot-griot,4,False,True
gripe,slate-doing-gripe,3,True,True
grips,slate-hokum-crisp-drips-grips,5,True,True
gript,slate-count-dwarf-right-gript,5,False,True
gripy,slate-crony-grimy-gripy,4,False,True
grise,slate-rosin-frise-prise-brise-crise-grise,7,False,False
grist,slate-trout-grist,3,True,True
grisy,slate-hokum-crisp-briss-grisy,5,False,True
grith,slate-briny-fritz-crith-grith,5,False,True
grits,slate-forum-brits-grits,4,True,True
grize,slate-doing-gripe-grime-grice-grike-grize,7,False,False
groan,slate-corny-adorn-groan,4,True,True
groat,slate-tabor-amort-groat,4,False,True
grody,slate-crony-proxy-frory-grody,5,False,True
grogs,slate-hokum-cross-pongo-frogs-brogs-grogs,7,False,False
groin,slate-crony-gibed-groin,4,True,True
groks,slate-hokum-kiosk-groks,4,False,True
groma,slate-corny-armor-groma,4,False,True
groms,slate-hokum-dsomo-groms,4,False,True
grone,slate-doing-grone,3,False,True
groof,slate-crony-dumbo-proof-groof,5,False,True
groom,slate-crony-dumbo-groom,4,True,True
grope,slate-doing-grope,3,True,True
gross,slate-hokum-cross-gross,4,True,True
grosz,slate-hokum-cross-brosy-grosz,5,False,True
grots,slate-forum-riots-trots-grots,5,False,True
grouf,slate-crony-dumbo-group-grouf,5,False,True
group,slate-crony-dumbo-group,4,True,True
grout,slate-count-trout-grout,4,True,True
grove,slate-doing-grope-grove,4,True,True
grovy,slate-crony-proxy-frory-grody-grovy,6,False,True
growl,slate-dilly-prowl-growl,4,True,True
grown,slate-crony-gibed-grown,4,True,True
grows,slate-hokum-cross-pongo-grows,5,True,True
grrls,slate-locus-whomp-rugby-girls-grrls,6,False,True
grrrl,slate-dilly-prowl-grrrl,4,False,True
grubs,slate-hokum-gussy-grubs,4,True,True
grued,slate-diner-befog-greed-grued,5,False,True
gruel,slate-never-cruel-gruel,4,True,True
grues,slate-runes-urges-grues,4,False,True
grufe,slate-doing-verge-grufe,4,False,True
gruff,slate-crony-gruff,3,True,True
grume,slate-doing-verge-grufe-grume,5,False,True
grump,slate-crony-gruff-grump,4,True,True
grund,slate-crony-bring-grund,4,False,True
grunt,slate-count-brunt-grunt,4,True,True
gryce,slate-doing-verge-grufe-gryce,5,False,True
gryde,slate-doing-jumbo-hedge-gryde,5,False,True
gryke,slate-doing-verge-grufe-gryce-gryke,6,False,True
grype,slate-doing-verge-grufe-gryce-gryke-grype,7,False,False
grypt,slate-count-dwarf-right-grypt,5,False,True
guaco,slate-churn-quack-guaco,4,False,True
guana,slate-churn-guano-guana,4,False,True
guano,slate-churn-guano,3,True,True
guans,slate-curbs-quads-guans,4,False,True
guard,slate-churn-guard,3,True,True
guars,slate-curbs-duars-guars,4,False,True
guava,slate-churn-guava,3,True,True
gubba,slate-corny-mafia-bubba-gubba,5,False,True
gucks,slate-hokum-dusky-pubic-fucks-cucks-gucks,7,False,False
gucky,slate-crony-mucky-yucky-ducky-gucky,6,False,True
gudes,slate-runes-bosom-dudes-gudes,5,False,True
guess,slate-runes-guess,3,True,True
guest,slate-cruet-guest,3,True,True
guffs,slate-hokum-gussy-guffs,4,False,True
gugas,slate-oasis-wrung-gugas,4,False,True
guggl,slate-dilly-prowl-guggl,4,False,True
guide,slate-doing-guide,3,True,True
guido,slate-crony-bough-fugio-guido,5,False,True
guids,slate-hokum-gussy-guffs-guids,5,False,True
guild,slate-dilly-guild,3,True,True
guile,slate-bingo-guile,3,True,True
guilt,slate-guilt,2,True,True
guimp,slate-crony-kudzu-humph-guimp,5,False,True
guiro,slate-crony-furor-guiro,4,False,True
guise,slate-rosin-guise,3,True,True
gulab,slate-molar-lilac-gulag-gulab,5,False,True
gulag,slate-molar-lilac-gulag,4,True,True
gular,slate-molar-pilar-gular,4,False,True
gulas,slate-balsa-aglus-gulas,4,False,True
gulch,slate-dilly-color-mulch-gulch,5,True,True
gules,slate-loser-wimpy-deles-gules,5,False,True
gulet,slate-intel-tyler-bolet-culet-gulet,6,False,True
gulfs,slate-locus-whelp-bulbs-gulfs,5,False,True
gulfy,slate-dilly-bulky-pulpy-gulfy,5,False,True
gulls,slate-locus-whelp-bulls-gulls,5,True,True
gully,slate-dilly-befog-gully,4,True,True
gulph,slate-dilly-color-gulph,4,False,True
gulps,slate-locus-whelp-gulps,4,False,True
gulpy,slate-dilly-bulky-pulpy-gulpy,5,False,True
gumbo,slate-crony-bough-gumbo,4,True,True
gumma,slate-corny-mafia-dumka-gumma,5,False,True
gummi,slate-crony-kudzu-humph-gummi,5,False,True
gummy,slate-crony-dumpy-young-gummy,5,True,True
gumps,slate-hokum-music-jibed-pumps-gumps,6,False,True
gunas,slate-oasis-wrung-gunas,4,False,True
gundi,slate-crony-unzip-fungi-gundi,5,False,True
gundy,slate-crony-pudgy-gundy,4,False,True
gunge,slate-doing-genre-gunge,4,False,True
gungy,slate-crony-pudgy-bungy-gungy,5,False,True
gunks,slate-hokum-dusky-pubic-junks-funks-gunks,7,False,False
gunky,slate-crony-pudgy-gunky,4,True,True
gunny,slate-crony-funny-bunny-punny-dunny-gunny,7,False,False
guppy,slate-crony-dumpy-puppy-guppy,5,True,True
guqin,slate-crony-unzip-guqin,4,False,True
gurdy,slate-crony-mired-purdy-gurdy,5,False,True
gurge,slate-doing-verge-purge-gurge,5,False,True
gurks,slate-hokum-dusky-pubic-junks-gurks,6,False,True
gurls,slate-locus-whelp-bulls-furls-gurls,6,False,True
gurly,slate-dilly-scowl-burly-gurly,5,False,True
gurns,slate-hokum-gussy-guffs-guids-gurns,6,False,True
gurry,slate-crony-mired-furry-hurry-burry-gurry,7,False,False
gursh,slate-hokum-pubic-gushy-gursh,5,False,True
gurus,slate-hokum-virus-gurus,4,True,True
gushy,slate-hokum-pubic-gushy,4,True,True
gusla,slate-balsa-gusla,3,False,True
gusle,slate-pulse-gusle,3,False,True
gusli,slate-locus-fusil-gusli,4,False,True
gussy,slate-hokum-gussy,3,True,True
gusto,slate-forum-gusto,3,True,True
gusts,slate-forum-dusty-busts-gusts,5,True,True
gusty,slate-forum-dusty-gusty,4,True,True
gutsy,slate-trout-gutsy,3,True,True
gutta,slate-taint-gotta-gutta,4,False,True
gutty,slate-briny-potty-gutty,4,True,True
guyed,slate-diner-moped-gecko-guyed,5,False,True
guyle,slate-bingo-fugle-guyle,4,False,True
guyot,slate-count-trout-ought-guyot,5,False,True
guyse,slate-rosin-geese-guyse,4,False,True
gwine,slate-doing-gwine,3,False,True
gyals,slate-psalm-defog-agals-gyals,5,False,True
gyans,slate-curbs-amass-dhaks-gnaws-gyans,6,False,True
gybed,slate-diner-moped-gecko-guyed-gybed,6,False,True
gybes,slate-runes-feces-moped-vichy-bykes-gybes,7,False,False
gyeld,slate-never-wispy-gyeld,4,False,True
gymps,slate-hokum-missy-gymps,4,False,True
gynae,slate-corgi-vague-agene-gynae,5,False,True
gynie,slate-doing-hinge-genie-gynie,5,False,True
gynny,slate-crony-funny-ninny-gynny,5,False,True
gynos,slate-hokum-cross-bigos-gynos,5,False,True
gyoza,slate-corny-bayou-akoya-gyoza,5,False,True
gypes,slate-runes-feces-moped-pipes-gypes,6,False,True
gypos,slate-hokum-cross-bigos-gynos-gypos,6,False,True
gyppo,slate-crony-dohyo-gyppo,4,False,True
gyppy,slate-crony-dumpy-zippy-gyppy,5,False,True
gypsy,slate-hokum-crisp-gypsy,4,True,True
gyral,slate-molar-rural-viral-acral-gyral,6,False,True
gyred,slate-diner-befog-greed-gyred,5,False,True
gyres,slate-runes-porch-fires-beres-gyres,6,False,True
gyron,slate-crony-gyron,3,False,True
gyros,slate-hokum-cross-biros-gyros,5,False,True
gyrus,slate-hokum-virus-gurus-gyrus,5,False,True
gytes,slate-cruet-timon-bytes-gytes,5,False,True
gyved,slate-diner-moped-gecko-guyed-gybed-gyved,7,False,False
gyver,slate-diner-whomp-fryer-cyber-gyver,6,False,True
gyves,slate-runes-feces-moped-vichy-gyves,6,False,True
haafs,slate-curbs-amass-haafs,4,False,True
haars,slate-curbs-grass-padre-haars,5,False,True
haats,slate-combo-whats-haats,4,False,True
habit,slate-tabor-habit,3,True,True
hable,slate-bangs-cable-fable-hable,5,False,True
habus,slate-oasis-brand-cabas-habus,5,False,True
hacek,slate-radar-cameo-facey-hacek,5,False,True
hacks,slate-oasis-brand-pouch-hacks,5,True,True
hacky,slate-corny-wacky-hacky,4,True,True
hadal,slate-molar-canal-papal-dayal-hadal,6,False,True
haded,slate-radar-jaded-faded-waded-haded,6,False,True
hades,slate-ashen-wordy-hades,4,True,True
hadji,slate-corny-mafia-haiku-hadji,5,False,True
hadst,slate-antsy-waist-hadst,4,True,True
haems,slate-ashen-haems,3,False,True
haere,slate-corgi-azure-padre-fayre-haere,6,False,True
haets,slate-abets-haets,3,False,True
haffs,slate-oasis-brand-pouch-hawks-haffs,6,False,True
hafiz,slate-corny-mafia-hafiz,4,False,True
hafta,slate-taint-party-facto-bafta-hafta,6,False,True
hafts,slate-nymph-harts-hafts,4,False,True
haggs,slate-oasis-brand-pouch-hawks-haffs-haggs,7,False,False
haham,slate-corny-mafia-badam-haham,5,False,True
hahas,slate-oasis-brand-pouch-hawks-haffs-haggs-hahas,8,False,False
haick,slate-corny-magic-haick,4,False,True
haika,slate-corny-mafia-baiza-haika,5,False,True
haiks,slate-oasis-ripen-maids-baiks-faiks-haiks,7,False,False
haiku,slate-corny-mafia-haiku,4,True,True
hails,slate-balsa-pinch-hails,4,True,True
haily,slate-molar-daily-gaily-haily,5,False,True
hains,slate-oasis-ripen-gains-mains-cains-fains-hains,8,False,False
haint,slate-tabor-humph-haint,4,False,True
hairs,slate-oasis-ripen-fairs-hairs,5,True,True
hairy,slate-corny-width-hairy,4,True,True
haith,slate-taint-faith-baith-haith,5,False,True
hajes,slate-ashen-wordy-haves-hajes,5,False,True
hajis,slate-oasis-mavis-nazis-cadis-garis-hajis,7,False,False
hajji,slate-corny-mafia-haiku-hadji-hajji,6,False,True
hakam,slate-corny-mafia-badam-haham-hakam,6,False,True
hakas,slate-oasis-brand-pouch-hawks-hakas,6,False,True
hakea,slate-radar-caeca-hakea,4,False,True
hakes,slate-ashen-wordy-haves-hajes-hakes,6,False,True
hakim,slate-corny-mafia-hakim,4,True,True
hakus,slate-oasis-brand-pouch-hakus,5,False,True
halal,slate-molar-lilac-halal,4,True,True
haldi,slate-molar-dally-valid-haldi,5,False,True
haled,slate-rangy-label-paled-daled-ealed-haled,7,False,False
haler,slate-rangy-paler-baler-haler,5,False,True
hales,slate-laser-whomp-hales,4,True,True
halfa,slate-molar-dally-aalii-calpa-halfa,6,False,True
halfs,slate-balsa-whomp-halls-halfs,5,False,True
halid,slate-molar-dally-valid-calid-halid,6,False,True
hallo,slate-molar-aglow-ballo-hallo,5,False,True
halls,slate-balsa-whomp-halls,4,True,True
halma,slate-molar-balmy-halma,4,False,True
halms,slate-balsa-whomp-halms,4,False,True
halon,slate-molar-aglow-baloi-halon,5,False,True
halos,slate-balsa-whomp-halos,4,False,True
halse,slate-lapse-false-halse,4,False,True
halsh,slate-balsa-palsy-halsh,4,False,True
halts,slate-lasts-dalts-halts,4,False,True
halva,slate-molar-dally-aalii-calpa-halfa-halva,7,False,False
halve,slate-bangs-mulch-halve,4,True,True
halwa,slate-molar-dally-aalii-calpa-halfa-halva-halwa,8,False,False
hamal,slate-molar-hamal,3,False,True
hamba,slate-corny-mafia-gamma-hamza-hamba,6,False,True
hamed,slate-radar-funky-caped-wight-hazed-hamed,7,False,False
hamel,slate-rangy-label-hazel-hamel,5,False,True
hames,slate-ashen-wordy-haves-hajes-hakes-hames,7,False,False
hammy,slate-corny-budge-hammy,4,True,True
hamza,slate-corny-mafia-gamma-hamza,5,True,True
hanap,slate-corny-admin-ganja-banak-hanap,6,False,True
hance,slate-corgi-dance-nance-hance,5,False,True
hanch,slate-corny-manic-ganch-hanch,5,False,True
handi,slate-corny-admin-kinda-handi,5,False,True
hands,slate-oasis-brand-hands,4,True,True
handy,slate-corny-handy,3,True,True
hangi,slate-corny-admin-ninja-hangi,5,False,True
hangs,slate-oasis-brand-graph-hangs,5,True,True
hanks,slate-oasis-brand-graph-hanks,5,True,True
hanky,slate-corny-handy-hanky,4,True,True
hansa,slate-oasis-marsh-hansa,4,False,True
hanse,slate-crump-anise-danse-hanse,5,False,True
hants,slate-nymph-hants,3,False,True
haole,slate-bangs-mulch-haole,4,False,True
haoma,slate-corny-adobo-haoma,4,False,True
hapas,slate-oasis-brand-pouch-hapas,5,False,True
hapax,slate-corny-mafia-dadah-hapax,5,False,True
haply,slate-molar-daily-wanly-gayly-haply,6,False,True
happi,slate-corny-mafia-haiku-hadji-happi,6,False,True
happy,slate-corny-budge-hammy-happy,5,True,True
hapus,slate-oasis-brand-pouch-hapus,5,False,True
haram,slate-corny-parka-aargh-haram,5,False,True
hards,slate-oasis-brand-yucky-wards-fards-hards,7,False,False
hardy,slate-corny-parry-hardy,4,True,True
hared,slate-radar-epoch-hared,4,False,True
harem,slate-radar-harem,3,True,True
hares,slate-ashen-wordy-hares,4,True,True
harim,slate-corny-parka-barfi-harim,5,False,True
harks,slate-oasis-brand-whomp-harks,5,False,True
harls,slate-balsa-pinch-hauls-harls,5,False,True
harms,slate-oasis-brand-whomp-harms,5,True,True
harns,slate-oasis-brand-warns-yarns-carns-harns,7,False,False
haros,slate-oasis-baons-camos-dados-faros-haros,7,False,False
harps,slate-oasis-brand-whomp-harps,5,True,True
harpy,slate-corny-parry-harpy,4,True,True
harry,slate-corny-parry-marry-harry,5,True,True
harsh,slate-oasis-marsh-harsh,4,True,True
harts,slate-nymph-harts,3,True,True
hashy,slate-oasis-raspy-washy-dashy-gashy-hashy,7,False,False
hasks,slate-oasis-wreck-masks-basks-hasks,6,False,True
hasps,slate-oasis-wreck-gasps-hasps,5,False,True
hasta,slate-nymph-harts-hasta,4,True,True
haste,slate-teach-haste,3,True,True
hasty,slate-nymph-hasty,3,True,True
hatch,slate-tabor-humph-hatch,4,True,True
hated,slate-treed-gated-thumb-hated,5,True,True
hater,slate-treed-watch-hater,4,True,True
hates,slate-asset-butch-hates,4,True,True
hatha,slate-tabor-humph-hatha,4,False,True
hathi,slate-tabor-humph-hatha-hathi,5,False,True
hatty,slate-taint-scrap-fatty-batty-hatty,6,False,True
hauds,slate-oasis-brand-dacks-gauds-hauds,6,False,True
haufs,slate-oasis-brand-pouch-haufs,5,False,True
haugh,slate-corny-mafia-bappu-haugh,5,False,True
haugo,slate-corny-adobo-haugo,4,False,True
hauld,slate-molar-daily-cauld-fauld-hauld,6,False,True
haulm,slate-molar-amply-haulm,4,False,True
hauls,slate-balsa-pinch-hauls,4,True,True
hault,slate-taint-fault-vault-dault-gault-hault,7,False,False
hauns,slate-oasis-brand-pawns-canns-fauns-hauns,7,False,False
haunt,slate-tabor-humph-haunt,4,True,True
hause,slate-crump-abuse-hause,4,False,True
haute,slate-acute-haute,3,True,True
havan,slate-corny-admin-pagan-bajan-havan,6,False,True
havel,slate-rangy-label-hazel-hamel-havel,6,False,True
haven,slate-radar-cameo-waxen-haven,5,True,True
haver,slate-radar-pygmy-wafer-baker-caner-eaver-haver,8,False,False
haves,slate-ashen-wordy-haves,4,True,True
havoc,slate-corny-macho-havoc,4,True,True
hawed,slate-radar-funky-caped-wight-hawed,6,False,True
hawks,slate-oasis-brand-pouch-hawks,5,True,True
hawms,slate-oasis-brand-pouch-hawks-hawms,6,False,True
hawse,slate-crump-anise-basse-hawse,5,False,True
hayed,slate-radar-funky-bayed-payed-hayed,6,False,True
hayer,slate-radar-pygmy-bayer-fayer-hayer,6,False,True
hayey,slate-radar-cameo-waxen-fakey-hayey,6,False,True
hayle,slate-bangs-mulch-haole-hayle,5,False,True
hazan,slate-corny-admin-pagan-bajan-havan-hazan,7,False,False
hazed,slate-radar-funky-caped-wight-hazed,6,True,True
hazel,slate-rangy-label-hazel,4,True,True
hazer,slate-radar-pygmy-wafer-baker-caner-eaver-hazer,8,False,False
hazes,slate-ashen-wordy-haves-hajes-hakes-hames-hazes,8,False,False
hazle,slate-bangs-mulch-haole-hayle-hazle,6,False,True
heads,slate-redub-heads,3,True,True
heady,slate-derby-heady,3,True,True
heald,slate-leary-heald,3,False,True
heals,slate-leash-heals,3,True,True
heame,slate-prick-mewed-heame,4,False,True
heaps,slate-redub-wimpy-heaps,4,True,True
heapy,slate-derby-heavy-heapy,4,False,True
heard,slate-derby-heard,3,True,True
heare,slate-prick-aware-deare-beare-feare-geare-heare,8,False,False
hears,slate-redub-glyph-hears,4,True,True
heart,slate-enact-heart,3,True,True
heast,slate-tufty-beast-heast,4,False,True
heath,slate-heath,2,True,True
heats,slate-thumb-heats,3,True,True
heaty,slate-heath-heaty,3,False,True
heave,slate-prick-mewed-heave,4,True,True
heavy,slate-derby-heavy,3,True,True
heben,slate-diner-smock-queen-eeven-heben,6,False,True
hebes,slate-runes-feces-bedes-hebes,5,False,True
hecht,slate-titer-pouch-hecht,4,True,True
hecks,slate-runes-chess-echos-hecks,5,False,True
heder,slate-diner-odder-ruder-ceder-heder,6,False,True
hedge,slate-doing-jumbo-hedge,4,True,True
hedgy,slate-diner-weedy-hedgy,4,False,True
heeds,slate-runes-chess-heeds,4,False,True
heedy,slate-diner-weedy-heedy,4,False,True
heels,slate-loser-cheep-heels,4,True,True
heeze,slate-doing-scrum-peeve-feeze-heeze,6,False,True
hefte,slate-turbo-white-hefte,4,False,True
hefts,slate-testy-grind-beets-hefts,5,False,True
hefty,slate-pinch-hefty,3,True,True
heiau,slate-radar-began-heiau,4,False,True
heids,slate-runes-chess-heids,4,False,True
heigh,slate-diner-emoji-weigh-heigh,5,True,True
heils,slate-loser-cheep-hells-heils,5,False,True
heirs,slate-runes-press-throb-heirs,5,True,True
heist,slate-cruet-heist,3,True,True
hejab,slate-radar-began-kebab-hejab,5,False,True
hejra,slate-radar-opera-zebra-hejra,5,False,True
heled,slate-never-jewel-celeb-deled-heled,6,False,True
heles,slate-loser-wimpy-deles-heles,5,False,True
helio,slate-never-bough-hello-helio,5,False,True
helix,slate-never-bough-helix,4,True,True
hella,slate-rangy-medal-fella-cella-hella,6,False,True
hello,slate-never-bough-hello,4,True,True
hells,slate-loser-cheep-hells,4,True,True
helly,slate-never-bough-helix-helly,5,False,True
helms,slate-loser-cheep-hells-helms,5,True,True
helos,slate-loser-delos-helos,4,False,True
helot,slate-intel-dwelt-helot,4,False,True
helps,slate-loser-cheep-helps,4,True,True
helve,slate-bingo-levee-delve-helve,5,False,True
hemal,slate-rangy-medal-femal-hemal,5,False,True
hemes,slate-runes-feces-bedes-hemes,5,False,True
hemic,slate-diner-emoji-bemix-femic-hemic,6,False,True
hemin,slate-diner-eking-hemin,4,False,True
hemps,slate-runes-chess-heids-hemps,5,False,True
hempy,slate-diner-geeky-peppy-hempy,5,False,True
hence,slate-doing-punch-hence,4,True,True
hench,slate-diner-xenon-bench-wench-hench,6,False,True
hends,slate-runes-bends-fends-hends,5,False,True
henge,slate-doing-genre-henge,4,False,True
henna,slate-radar-hyena-henna,4,True,True
henny,slate-diner-xenon-penny-benny-henny,6,True,True
henry,slate-diner-genro-henry,4,False,True
hents,slate-testy-grind-cents-vents-bents-fents-hents,8,False,False
hepar,slate-radar-begar-feuar-hepar,5,False,True
herbs,slate-runes-press-throb-herbs,5,True,True
herby,slate-diner-merry-perky-herby,5,True,True
herds,slate-runes-press-throb-herds,5,True,True
heres,slate-runes-porch-heres,4,True,True
herls,slate-loser-reels-herls,4,False,True
herma,slate-radar-opera-erica-herma,5,False,True
herms,slate-runes-press-throb-herds-herms,6,False,True
herns,slate-runes-ferns-derns-herns,5,False,True
heron,slate-diner-rerun-heron,4,True,True
heros,slate-runes-press-throb-heros,5,False,True
herps,slate-runes-press-epris-herps,5,False,True
herry,slate-diner-merry-berry-ferry-kerry-herry,7,False,False
herse,slate-rosin-purse-verse-herse,5,False,True
hertz,slate-pinch-hefty-hertz,4,True,True
herye,slate-doing-scrum-verve-herye,5,False,True
hesps,slate-runes-chess-hesps,4,False,True
hests,slate-testy-pesto-yearn-vests-bests-fests-gests-hests,9,False,False
hetes,slate-cruet-timon-bytes-fetes-hetes,6,False,True
heths,slate-cruet-ethos-beths-heths,5,False,True
heuch,slate-diner-geeky-bebop-cecum-heuch,6,False,True
heugh,slate-diner-geeky-befog-heugh,5,False,True
hevea,slate-radar-hyena-hevea,4,False,True
hevel,slate-never-level-bevel-devel-hevel,6,False,True
hewed,slate-diner-moped-gecko-vexed-hewed,6,True,True
hewer,slate-diner-whomp-hewer,4,False,True
hewgh,slate-diner-geeky-befog-heugh-hewgh,6,False,True
hexad,slate-radar-decay-begad-hexad,5,False,True
hexed,slate-diner-moped-gecko-vexed-hexed,6,True,True
hexer,slate-diner-whomp-hexer,4,False,True
hexes,slate-runes-feces-bedes-hemes-hexes,6,False,True
hexyl,slate-never-bough-helix-hexyl,5,False,True
heyed,slate-diner-moped-gecko-vexed-hewed-heyed,7,False,False
hiant,slate-grunt-chant-hiant,4,False,True
hibas,slate-oasis-minas-aidas-gigas-hibas,6,False,True
hicks,slate-hokum-hicks,3,True,True
hided,slate-diner-video-bided-cided-hided,6,False,True
hider,slate-diner-crewe-rider-hider,5,True,True
hides,slate-runes-feces-moped-hides,5,True,True
hiems,slate-runes-chess-heeds-hiems,5,False,True
hifis,slate-hokum-hissy-highs-hifis,5,False,True
highs,slate-hokum-hissy-highs,4,True,True
hight,slate-count-dwarf-might-tight-bight-hight,7,False,False
hijab,slate-corny-mafia-hijab,4,True,True
hijra,slate-corny-rabid-prima-hijra,5,False,True
hiked,slate-diner-video-biped-remix-hiked,6,True,True
hiker,slate-diner-parka-biker-hiker,5,True,True
hikes,slate-runes-feces-moped-vichy-hikes,6,True,True
hikoi,slate-crony-bough-hippo-hikoi,5,False,True
hilar,slate-molar-pilar-filar-hilar,5,False,True
hilch,slate-dilly-zilch-filch-hilch,5,False,True
hillo,slate-dilly-fillo-hillo,4,False,True
hills,slate-locus-whomp-hills,4,True,True
hilly,slate-dilly-whiff-hilly,4,True,True
hilsa,slate-balsa-hilsa,3,False,True
hilts,slate-lusty-vouch-hilts,4,True,True
hilum,slate-dilly-zilch-hilum,4,False,True
hilus,slate-locus-hilus,3,False,True
himbo,slate-crony-bough-himbo,4,False,True
hinau,slate-corny-admin-ninja-hinau,5,False,True
hinds,slate-hokum-hissy-highs-hifis-hinds,6,False,True
hinge,slate-doing-hinge,3,True,True
hings,slate-hokum-hissy-highs-hings,5,False,True
hinky,slate-crony-pudgy-kinky-hinky,5,True,True
hinny,slate-crony-funny-ninny-ginny-vinny-hinny,7,False,False
hints,slate-forum-whips-hints,4,True,True
hiois,slate-hokum-hiois,3,False,True
hiped,slate-diner-video-biped-piped-wiped-hiped,7,False,False
hiper,slate-diner-parka-wiper-viper-riper-hiper,7,False,False
hipes,slate-runes-feces-moped-pipes-wipes-hipes,7,False,False
hiply,slate-dilly-girly-hiply,4,False,True
hippo,slate-crony-bough-hippo,4,True,True
hippy,slate-crony-dumpy-zippy-hippy,5,True,True
hired,slate-diner-whomp-hired,4,True,True
hiree,slate-doing-puree-hiree,4,False,True
hirer,slate-diner-parka-hirer,4,True,True
hires,slate-runes-porch-heres-hires,5,True,True
hissy,slate-hokum-hissy,3,True,True
hists,slate-forum-whips-hints-hists,5,False,True
hitch,slate-count-howdy-hitch,4,True,True
hithe,slate-chirp-tithe-hithe,4,False,True
hived,slate-diner-video-hived,4,True,True
hiver,slate-diner-parka-fixer-giver-river-hiver,7,False,False
hives,slate-runes-feces-moped-vichy-hives,6,True,True
hizen,slate-diner-given-hizen,4,False,True
hoach,slate-churn-poach-hoach,4,False,True
hoaed,slate-derby-caaed-hoaed,4,False,True
hoagy,slate-churn-hoagy,3,False,True
hoard,slate-churn-hoard,3,True,True
hoars,slate-curbs-grass-padre-roars-hoars,6,False,True
hoary,slate-churn-hoard-hoary,4,True,True
hoast,slate-bronc-toast-hoast,4,False,True
hobby,slate-crony-budge-hobby,4,True,True
hobos,slate-hokum-upend-hoofs-hobos,5,False,True
hocks,slate-hokum-honks-hooks-hocks,5,False,True
hocus,slate-hokum-hocus,3,True,True
hodad,slate-corny-dogma-hodad,4,False,True
hodja,slate-corny-dogma-vodka-hodja,5,False,True
hoers,slate-runes-press-verbs-doers-goers-hoers,7,False,False
hogan,slate-corny-woman-hogan,4,True,True
hogen,slate-diner-smock-woven-boxen-hogen,6,False,True
hoggs,slate-hokum-upend-hoofs-hoggs,5,False,True
hoghs,slate-hokum-upend-hoofs-hoggs-hoghs,6,False,True
hogoh,slate-crony-bough-hogoh,4,False,True
hogos,slate-hokum-upend-hoofs-hobos-hogos,6,False,True
hohed,slate-diner-moped-oxbow-yoked-coded-goved-hohed,8,False,False
hoick,slate-crony-pouch-hoick,4,False,True
hoied,slate-diner-ivied-hoied,4,False,True
hoiks,slate-hokum-honks-hooks-hocks-hoiks,6,False,True
hoing,slate-crony-bound-going-hoing,5,False,True
hoise,slate-rosin-poise-hoise,4,False,True
hoist,slate-trout-whomp-hoist,4,True,True
hokas,slate-oasis-comas-bobas-donas-goras-hokas,7,False,False
hoked,slate-diner-moped-oxbow-yoked-joked-coked-hoked,8,False,False
hokes,slate-runes-feces-moped-shook-hokes,6,False,True
hokey,slate-diner-chomp-hokey,4,True,True
hokis,slate-hokum-hokis,3,False,True
hokku,slate-crony-bough-hokum-hokku,5,False,True
hokum,slate-crony-bough-hokum,4,True,True
holds,slate-locus-polis-defog-holds,5,True,True
holed,slate-never-dumpy-oiled-holed,5,True,True
holes,slate-loser-whomp-holes,4,True,True
holey,slate-never-dumpy-holey,4,True,True
holks,slate-locus-polis-defog-rolls-bolks-holks,7,False,False
holla,slate-molar-polka-holla,4,True,True
hollo,slate-dilly-hollo,3,False,True
holly,slate-dilly-befog-lymph-holly,5,True,True
holme,slate-bingo-whole-holme,4,False,True
holms,slate-locus-polis-defog-rolls-bolks-holms,7,False,False
holon,slate-dilly-color-holon,4,False,True
holos,slate-locus-polis-defog-bolos-holos,6,False,True
holts,slate-lusty-vouch-holts,4,False,True
homas,slate-oasis-comas-bomas-homas,5,False,True
homed,slate-diner-moped-homed,4,True,True
homer,slate-diner-whomp-homer,4,True,True
homes,slate-runes-feces-moped-homes,5,True,True
homey,slate-diner-chomp-homey,4,True,True
homie,slate-doing-moxie-homie,4,True,True
homme,slate-doing-bocce-homme,4,True,True
homos,slate-hokum-homos,3,True,True
honan,slate-corny-woman-hogan-honan,5,False,True
honda,slate-corny-woman-honda,4,True,True
honds,slate-hokum-upend-honds,4,False,True
honed,slate-diner-botch-honed,4,True,True
honer,slate-diner-goner-boner-honer,5,False,True
hones,slate-runes-crimp-jumbo-zones-fones-hones,7,False,False
honey,slate-diner-honey,3,True,True
hongi,slate-crony-bough-hongi,4,False,True
hongs,slate-hokum-upend-hongs,4,False,True
honks,slate-hokum-honks,3,True,True
honky,slate-crony-wonky-honky,4,True,True
honor,slate-crony-mondo-honor,4,True,True
hooch,slate-crony-pooch-hooch,4,True,True
hoods,slate-hokum-upend-hoods,4,True,True
hoody,slate-crony-dough-hoody,4,True,True
hooey,slate-diner-chomp-hooey,4,True,True
hoofs,slate-hokum-upend-hoofs,4,True,True
hoogo,slate-crony-whoop-hoogo,4,False,True
hooha,slate-corny-dogma-poppa-hooha,5,False,True
hooka,slate-corny-dogma-poppa-hooha-hooka,6,False,True
hooks,slate-hokum-honks-hooks,4,True,True
hooky,slate-crony-dough-hooky,4,True,True
hooly,slate-dilly-scowl-gooly-hooly,5,False,True
hoons,slate-hokum-upend-horns-hoons,5,False,True
hoops,slate-hokum-upend-hoops,4,True,True
hoord,slate-crony-fjord-boord-hoord,5,False,True
hoors,slate-hokum-upend-hoofs-hoors,5,False,True
hoosh,slate-hokum-upend-hoofs-hoosh,5,False,True
hoots,slate-forum-tooth-hoots,4,True,True
hooty,slate-briny-potty-cooty-footy-hooty,6,False,True
hoove,slate-doing-bocce-homme-hoove,5,False,True
hopak,slate-corny-dogma-bobak-hopak,5,False,True
hoped,slate-diner-moped-coped-hoped,5,True,True
hoper,slate-diner-whomp-hoper,4,False,True
hopes,slate-runes-feces-moped-hopes,5,True,True
hoppy,slate-crony-budge-poppy-hoppy,5,True,True
horah,slate-corny-borax-dorad-foram-horah,6,False,True
horal,slate-molar-coral-boral-goral-horal,6,False,True
horas,slate-oasis-comas-bobas-donas-goras-horas,7,False,False
horde,slate-doing-horde,3,True,True
horis,slate-hokum-upend-hoofs-hoggs-horis,6,False,True
horks,slate-hokum-honks-hooks-hocks-hoiks-horks,7,False,False
horme,slate-doing-bocce-homme-horme,5,False,True
horns,slate-hokum-upend-horns,4,True,True
horny,slate-crony-horny,3,True,True
horse,slate-rosin-worse-horse,4,True,True
horst,slate-trout-worst-horst,4,True,True
horsy,slate-hokum-upend-hoofs-horsy,5,False,True
hosed,slate-runes-mosey-whips-hosed,5,True,True
hosel,slate-loser-hosel,3,False,True
hosen,slate-runes-nosey-hosen,4,False,True
hoser,slate-runes-wiser-poser-doser-hoser,6,False,True
hoses,slate-runes-feces-moped-shook-hoses,6,True,True
hosey,slate-runes-mosey-posey-bosey-cosey-hosey,7,False,False
hosta,slate-nymph-harts-hosta,4,False,True
hosts,slate-forum-tooth-hosts,4,True,True
hotch,slate-count-toxic-botch-gotch-hotch,6,False,True
hotel,slate-intel-motel-hotel,4,True,True
hoten,slate-titer-often-hoten,4,False,True
hotis,slate-trout-goths-hotis,4,False,True
hotly,slate-guilt-hotly,3,True,True
hotte,slate-turbo-emote-conte-hotte,5,False,True
hotty,slate-briny-potty-dotty-hotty,5,False,True
houff,slate-crony-bough-houff,4,False,True
houfs,slate-hokum-hours-houfs,4,False,True
hough,slate-crony-bough-dough-hough,5,False,True
hound,slate-crony-bound-whomp-hound,5,True,True
houri,slate-crony-furor-rough-houri,5,False,True
hours,slate-hokum-hours,3,True,True
house,slate-rosin-dumpy-house,4,True,True
houts,slate-forum-bouts-douts-gouts-houts,6,False,True
hovea,slate-radar-hyena-hevea-hovea,5,False,True
hoved,slate-diner-moped-oxbow-yoked-coded-goved-hoved,8,False,False
hovel,slate-never-hovel,3,True,True
hoven,slate-diner-smock-woven-hoven,5,False,True
hover,slate-diner-whomp-hover,4,True,True
hoves,slate-runes-feces-moped-shook-hoses-hoves,7,False,False
howay,slate-corny-booay-howay,4,False,True
howbe,slate-doing-bocce-howbe,4,False,True
howdy,slate-crony-budge-dowdy-howdy,5,True,True
howes,slate-runes-feces-moped-shook-hoses-hoves-howes,8,False,False
howff,slate-crony-bough-howff,4,False,True
howfs,slate-hokum-upend-hoofs-howfs,5,False,True
howks,slate-hokum-honks-hooks-hocks-hoiks-horks-howks,8,False,False
howls,slate-locus-polis-whiff-howls,5,True,True
howre,slate-doing-bocce-homme-hoove-howre,6,False,True
howso,slate-hokum-upend-hoofs-howso,5,False,True
howto,slate-briny-mouth-howto,4,False,True
hoxed,slate-diner-moped-oxbow-coxed-foxed-hoxed,7,False,False
hoxes,slate-runes-feces-moped-shook-hoses-hoves-howes-hoxes,9,False,False
hoyas,slate-oasis-comas-bobas-donas-goras-hokas-hoyas,8,False,False
hoyed,slate-diner-moped-oxbow-yoked-coyed-hoyed,7,False,False
hoyle,slate-bingo-whole-hoyle,4,True,True
hubba,slate-corny-mafia-bubba-gubba-hubba,6,False,True
hubby,slate-crony-dumpy-buzzy-hubby,5,True,True
hucks,slate-hokum-husky-hunks-hucks,5,False,True
hudna,slate-corny-mixup-fauna-hudna,5,False,True
hudud,slate-crony-kudzu-hudud,4,False,True
huers,slate-runes-euros-huers,4,False,True
huffs,slate-hokum-hussy-huffs,4,False,True
huffy,slate-crony-dumpy-buzzy-huffy,5,True,True
huger,slate-diner-whomp-hexer-huger,5,False,True
huggy,slate-crony-dumpy-buzzy-huffy-huggy,6,True,True
huhus,slate-hokum-huhus,3,False,True
huias,slate-oasis-minas-arias-chias-huias,6,False,True
huies,slate-runes-bosom-dudes-cukes-fuzes-huies,7,False,False
hukou,slate-crony-bough-hukou,4,False,True
hulas,slate-balsa-aglus-hulas,4,False,True
hules,slate-loser-wimpy-deles-gules-hules,6,False,True
hulks,slate-locus-whelp-hulks,4,False,True
hulky,slate-dilly-bulky-hulky,4,True,True
hullo,slate-dilly-hollo-hullo,4,False,True
hulls,slate-locus-whelp-hulls,4,True,True
hully,slate-dilly-befog-cully-hully,5,False,True
human,slate-corny-admin-human,4,True,True
humas,slate-oasis-wrung-bubas-dukas-humas,6,False,True
humfs,slate-hokum-humps-humfs,4,False,True
humic,slate-crony-quick-pubic-humic,5,False,True
humid,slate-crony-kudzu-humid,4,True,True
humor,slate-crony-furor-humor,4,True,True
humph,slate-crony-kudzu-humph,4,True,True
humps,slate-hokum-humps,3,True,True
humpy,slate-crony-dumpy-bumpy-jumpy-humpy,6,False,True
humus,slate-hokum-humus,3,True,True
hunch,slate-crony-blimp-hunch,4,True,True
hundo,slate-crony-bough-hundo,4,False,True
hunks,slate-hokum-husky-hunks,4,True,True
hunky,slate-crony-pudgy-hunky,4,True,True
hunts,slate-forum-dusty-witch-hunts,5,True,True
hurds,slate-hokum-hussy-huffs-hurds,5,False,True
hurls,slate-locus-whelp-hulls-hurls,5,False,True
hurly,slate-dilly-scowl-burly-gurly-hurly,6,False,True
hurra,slate-corny-parka-firma-burqa-durra-hurra,7,False,False
hurry,slate-crony-mired-furry-hurry,5,True,True
hurst,slate-trout-burst-wurst-durst-hurst,6,True,True
hurts,slate-forum-hurts,3,True,True
hurty,slate-briny-forty-purty-hurty,5,False,True
hushy,slate-hokum-hussy-hushy,4,False,True
husks,slate-hokum-husky-husks,4,True,True
husky,slate-hokum-husky,3,True,True
husos,slate-hokum-husos,3,False,True
hussy,slate-hokum-hussy,3,True,True
hutch,slate-count-butch-hutch,4,True,True
hutia,slate-tabor-untag-hutia,4,False,True
huzza,slate-corny-mafia-bubba-dukka-huzza,6,False,True
huzzy,slate-crony-dumpy-buzzy-fuzzy-huzzy,6,False,True
hwyls,slate-locus-whomp-hwyls,4,False,True
hydel,slate-never-dumpy-yodel-hydel,5,False,True
hydra,slate-corny-hydra,3,True,True
hydro,slate-crony-hydro,3,True,True
hyena,slate-radar-hyena,3,True,True
hyens,slate-runes-peeve-omens-hyens,5,False,True
hygge,slate-doing-verge-hygge,4,False,True
hying,slate-crony-dying-vying-hying,5,False,True
hykes,slate-runes-feces-moped-vichy-hykes,6,False,True
hylas,slate-balsa-aglus-colas-hylas,5,False,True
hyleg,slate-never-dumpy-yokel-hyleg,5,False,True
hyles,slate-loser-wimpy-fyles-hyles,5,False,True
hylic,slate-dilly-cylix-hylic,4,False,True
hymen,slate-diner-smock-hymen,4,True,True
hymns,slate-hokum-hymns,3,True,True
hynde,slate-doing-undue-hynde,4,False,True
hyoid,slate-crony-hyoid,3,False,True
hyped,slate-diner-moped-hyped,4,True,True
hyper,slate-diner-whomp-hyper,4,True,True
hypes,slate-runes-feces-moped-pipes-gypes-hypes,7,False,False
hypha,slate-corny-kayak-hypha,4,False,True
hyphy,slate-crony-dumpy-piggy-hyphy,5,False,True
hypos,slate-hokum-hiois-hypos,4,False,True
hyrax,slate-corny-hyrax,3,False,True
hyson,slate-hokum-hiois-hyson,4,False,True
hythe,slate-chirp-ethne-hythe,4,False,True
iambi,slate-corny-mafia-bambi-iambi,5,False,True
iambs,slate-oasis-ripen-maids-iambs,5,False,True
ibrik,slate-crony-quirk-ibrik,4,False,True
icers,slate-runes-press-verbs-doers-egers-fiers-icers,8,False,False
iched,slate-diner-ivied-imbed-iched,5,False,True
iches,slate-runes-feces-vodka-cymes-iches,6,False,True
ichor,slate-crony-micro-boric-ichor,5,False,True
icier,slate-diner-crier-icier,4,True,True
icily,slate-dilly-imply-icily,4,True,True
icing,slate-crony-icing,3,True,True
icker,slate-diner-crier-icker,4,False,True
ickle,slate-bingo-while-ickle,4,False,True
icons,slate-hokum-cross-icons,4,True,True
ictal,slate-taint-vital-ictal,4,False,True
ictic,slate-count-howdy-trick-ictic,5,False,True
ictus,slate-trout-ictus,3,False,True
idant,slate-grunt-chant-avant-idant,5,False,True
iddah,slate-corny-mafia-hijab-iddah,5,False,True
iddat,slate-tabor-untag-iddat,4,False,True
iddut,slate-count-butut-iddut,4,False,True
ideal,slate-rangy-medal-ideal,4,True,True
ideas,slate-ashen-resaw-ideas,4,True,True
idees,slate-runes-feces-edges-idees,5,False,True
ident,slate-titer-edict-ident,4,False,True
idiom,slate-crony-bough-widow-idiom,5,True,True
idiot,slate-count-divot-idiot,4,True,True
idled,slate-never-dumpy-oiled-idled,5,True,True
idler,slate-never-limbo-idler,4,True,True
idles,slate-loser-wimpy-isles-idles,5,False,True
idlis,slate-locus-whomp-rugby-fills-idlis,6,False,True
idola,slate-molar-aioli-idola,4,False,True
idols,slate-locus-idols,3,True,True
idyll,slate-dilly-idyll,3,True,True
idyls,slate-locus-whomp-rugby-idyls,5,False,True
iftar,slate-tabor-antar-iftar,4,False,True
igapo,slate-churn-foamy-okapi-igapo,5,False,True
igged,slate-diner-ivied-imbed-iched-igged,6,False,True
igloo,slate-dilly-folic-igloo,4,True,True
iglus,slate-locus-hilus-iglus,4,False,True
ignis,slate-hokum-crisp-dweeb-finis-ignis,6,False,True
ihram,slate-corny-parka-abrim-diram-ihram,6,False,True
iiwis,slate-hokum-crisp-dweeb-wings-iiwis,6,False,True
ikans,slate-curbs-amass-dhaks-ikans,5,False,True
ikats,slate-combo-whats-adats-fiats-ikats,6,False,True
ikons,slate-hokum-kiosk-ikons,4,False,True
ileac,slate-gonad-bleak-clear-ileac,5,False,True
ileal,slate-gonad-bleak-clear-fleam-ileal,6,False,True
ileum,slate-freed-blech-ileum,4,False,True
ileus,slate-flesh-blebs-clegs-ileus,5,False,True
iliac,slate-agora-iliac,3,True,True
iliad,slate-agora-iliac-iliad,4,False,True
ilial,slate-agora-iliac-iliad-ilial,5,False,True
ilium,slate-bipod-flick-ilium,4,False,True
iller,slate-freed-ulcer-plier-iller,5,False,True
illth,slate-glitz-illth,3,False,True
image,slate-prick-image,3,True,True
imago,slate-churn-foamy-imago,4,False,True
imagy,slate-churn-foamy-imagy,4,False,True
imams,slate-curbs-amass-imams,4,False,True
imari,slate-churn-award-ovary-imari,5,False,True
imaum,slate-churn-guava-umami-imaum,5,False,True
imbar,slate-corny-rabid-imbar,4,False,True
imbed,slate-diner-ivied-imbed,4,True,True
imbos,slate-hokum-dsomo-imbos,4,False,True
imbue,slate-doing-puree-imbue,4,True,True
imide,slate-doing-pride-chide-imide,5,False,True
imido,slate-crony-bough-widow-imido,5,False,True
imids,slate-hokum-missy-brims-imids,5,False,True
imine,slate-doing-urine-whine-exine-imine,6,False,True
imino,slate-crony-bound-owing-imino,5,False,True
imlis,slate-locus-whomp-mills-imlis,5,False,True
immew,slate-diner-chief-immew,4,False,True
immit,slate-count-dwarf-might-immit,5,False,True
immix,slate-crony-kudzu-whiff-immix,5,False,True
imped,slate-diner-ivied-imbed-imped,5,False,True
impel,slate-never-dumpy-impel,4,True,True
impis,slate-hokum-missy-brims-impis,5,False,True
imply,slate-dilly-imply,3,True,True
impot,slate-count-divot-griot-impot,5,False,True
impro,slate-crony-furor-dobro-impro,5,False,True
imshi,slate-hokum-whims-imshi,4,False,True
imshy,slate-hokum-whims-imshi-imshy,5,False,True
inane,slate-prick-image-inane,4,True,True
inapt,slate-grunt-inapt,3,True,True
inarm,slate-churn-fnarr-inarm,4,False,True
inbox,slate-crony-bough-inbox,4,True,True
inbye,slate-doing-wince-inure-inbye,5,False,True
incas,slate-oasis-minas-incas,4,False,True
incel,slate-never-linen-incel,4,True,True
incle,slate-bingo-incle,3,False,True
incog,slate-crony-ionic-incog,4,False,True
incur,slate-crony-incur,3,True,True
incus,slate-hokum-virus-incus,4,False,True
incut,slate-count-uncut-incut,4,False,True
indew,slate-diner-index-indew,4,False,True
index,slate-diner-index,3,True,True
india,slate-corny-admin-india,4,False,True
indie,slate-doing-indie,3,True,True
indol,slate-dilly-lucid-indol,4,False,True
indow,slate-crony-bough-onion-indow,5,False,True
indri,slate-crony-mirin-indri,4,False,True
indue,slate-doing-indie-indue,4,False,True
inept,slate-titer-edict-inept,4,True,True
inerm,slate-diner-reign-inerm,4,False,True
inert,slate-titer-merit-inert,4,True,True
infer,slate-diner-infer,3,True,True
infix,slate-crony-unzip-infix,4,False,True
infos,slate-hokum-cross-bigos-infos,5,False,True
infra,slate-corny-urban-nadir-infra,5,False,True
ingan,slate-corny-admin-wigan-ingan,5,False,True
ingle,slate-bingo-ingle,3,False,True
ingot,slate-count-pinot-ingot,4,True,True
inion,slate-crony-bough-onion-inion,5,False,True
inked,slate-diner-index-inked,4,True,True
inker,slate-diner-infer-inker,4,False,True
inkle,slate-bingo-incle-inkle,4,False,True
inlay,slate-molar-lilac-inlay,4,True,True
inlet,slate-intel-inlet,3,True,True
inned,slate-diner-inned,3,False,True
inner,slate-diner-inner,3,True,True
innie,slate-doing-wince-innie,4,False,True
innit,slate-count-night-innit,4,True,True
inorb,slate-crony-doorn-inorb,4,False,True
input,slate-count-unfit-input,4,True,True
inros,slate-hokum-cross-biros-inros,5,False,True
inrun,slate-crony-mirin-inrun,4,False,True
insee,slate-rosin-insee,3,False,True
inset,slate-cruet-onset-inset,4,True,True
inspo,slate-hokum-cross-bison-inspo,5,False,True
intel,slate-intel,2,True,True
inter,slate-titer-inter,3,True,True
intil,slate-guilt-intil,3,False,True
intis,slate-trout-ditsy-intis,4,False,True
intra,slate-tabor-atria-intra,4,False,True
intro,slate-count-intro,3,True,True
inula,slate-molar-daily-inula,4,False,True
inure,slate-doing-wince-inure,4,True,True
inurn,slate-crony-mirin-inurn,4,False,True
inust,slate-trout-buist-giust-inust,5,False,True
invar,slate-corny-urban-dinar-invar,5,False,True
inver,slate-diner-infer-inker-inver,5,False,True
inwit,slate-count-night-innit-inwit,5,False,True
iodic,slate-crony-pouch-jocko-domic-iodic,6,False,True
iodid,slate-crony-bough-iodid,4,False,True
iodin,slate-crony-bough-mondo-iodin,5,False,True
ionic,slate-crony-ionic,3,True,True
ioras,slate-oasis-adios-ioras,4,False,True
iotas,slate-antsy-wombs-iotas,4,False,True
ippon,slate-crony-bough-onion-ippon,5,False,True
irade,slate-prick-irade,3,False,True
irate,slate-corgi-irate,3,True,True
irids,slate-hokum-crisp-grids-irids,5,False,True
iring,slate-crony-bring-wring-iring,5,False,True
irked,slate-diner-pricy-irked,4,True,True
iroko,slate-crony-dumbo-iroko,4,False,True
irone,slate-doing-irone,3,False,True
irons,slate-hokum-cross-pongo-irons,5,True,True
irony,slate-crony-irony,3,True,True
isbas,slate-oasis-amiss-isbas,4,False,True
ishes,slate-runes-feces-moped-vichy-ishes,6,False,True
isled,slate-loser-wimpy-isles-isled,5,False,True
isles,slate-loser-wimpy-isles,4,True,True
islet,slate-islet,2,True,True
isnae,slate-crump-anise-isnae,4,False,True
issei,slate-runes-mosey-desex-issei,5,False,True
issue,slate-rosin-issue,3,True,True
istle,slate-istle,2,False,True
itchy,slate-count-howdy-itchy,4,True,True
items,slate-cruet-ethos-items,4,True,True
ither,slate-titer-ither,3,False,True
ivied,slate-diner-ivied,3,True,True
ivies,slate-runes-feces-moped-vichy-ivies,6,False,True
ivory,slate-crony-ivory,3,True,True
ixias,slate-oasis-minas-arias-chias-ixias,6,False,True
ixnay,slate-corny-handy-ixnay,4,False,True
ixora,slate-corny-armor-radio-ixora,5,False,True
ixtle,slate-lithe-ixtle,3,False,True
izard,slate-churn-award-board-izard,5,False,True
izars,slate-curbs-grass-padre-roars-afars-izars,7,False,False
izzat,slate-tabor-untag-iddat-izzat,5,False,True
jaaps,slate-curbs-amass-haafs-jaaps,5,False,True
jabot,slate-tabor-jabot,3,False,True
jacal,slate-molar-canal-jacal,4,False,True
jacet,slate-treed-facet-jacet,4,False,True
jacks,slate-oasis-brand-pouch-jacks,5,True,True
jacky,slate-corny-wacky-hacky-jacky,5,True,True
jaded,slate-radar-jaded,3,True,True
jades,slate-ashen-frock-gumbo-waves-eases-dazes-jades,8,False,False
jafas,slate-oasis-brand-pouch-mamas-favas-jafas,7,False,False
jaffa,slate-corny-mafia-jaffa,4,False,True
jagas,slate-oasis-brand-pouch-mamas-favas-jagas,7,False,False
jager,slate-radar-pygmy-eager-wager-cager-gager-jager,8,False,False
jaggs,slate-oasis-brand-pouch-mamas-faffs-gawks-jaggs,8,False,False
jaggy,slate-corny-budge-azygy-faggy-jaggy,6,False,True
jagir,slate-corny-rabid-fakir-jagir,5,False,True
jagra,slate-corny-rabid-gazar-jagra,5,False,True
jails,slate-balsa-pinch-wormy-fails-jails,6,True,True
jaker,slate-radar-pygmy-wafer-baker-jaker,6,False,True
jakes,slate-ashen-frock-wimpy-bakes-jakes,6,False,True
jakey,slate-radar-cameo-waxen-fakey-jakey,6,False,True
jakie,slate-corgi-naive-mamie-fakie-jakie,6,False,True
jalap,slate-molar-lilac-gulag-bylaw-aflaj-jalap,7,False,False
jaleo,slate-rangy-label-paled-jaleo,5,False,True
jalop,slate-molar-aglow-baloi-halon-jalop,6,False,True
jambe,slate-corgi-maybe-jambe,4,False,True
jambo,slate-corny-adobo-mambo-gambo-jambo,6,False,True
jambs,slate-oasis-brand-cabas-gambs-jambs,6,False,True
jambu,slate-corny-mafia-jambu,4,False,True
james,slate-ashen-frock-gumbo-dames-james,6,True,True
jammy,slate-corny-budge-hammy-jammy,5,True,True
jamon,slate-corny-wagon-fanon-jamon,5,False,True
jamun,slate-corny-admin-human-jamun,5,False,True
janes,slate-ashen-wanes-canes-banes-fanes-janes,7,False,False
janky,slate-corny-handy-mangy-janky,5,True,True
janns,slate-oasis-brand-pawns-canns-janns,6,False,True
janny,slate-corny-nanny-danny-manny-fanny-janny,7,False,False
janty,slate-taint-panty-banty-canty-janty,6,False,True
japan,slate-corny-admin-pagan-japan,5,False,True
japed,slate-radar-funky-caped-gaped-vaped-japed,7,False,False
japer,slate-radar-pygmy-caper-japer,5,False,True
japes,slate-ashen-frock-gumbo-waves-eases-dazes-japes,8,False,False
jarks,slate-oasis-brand-whomp-racks-jarks,6,False,True
jarls,slate-balsa-pinch-larks-darls-farls-jarls,7,False,False
jarps,slate-oasis-brand-whomp-parks-carps-jarps,7,False,False
jarta,slate-taint-party-garth-carta-jarta,6,False,True
jarul,slate-molar-larva-jarul,4,False,True
jasey,slate-ashen-frock-gumbo-waves-eased-jasey,7,False,False
jaspe,slate-crump-passe-jaspe,4,False,True
jasps,slate-oasis-wreck-gasps-hasps-jasps,6,False,True
jatha,slate-tabor-humph-yacht-jatha,5,False,True
jatis,slate-antsy-wombs-paths-jatis,5,False,True
jatos,slate-antsy-wombs-oaths-datos-jatos,6,False,True
jauks,slate-oasis-brand-pouch-gaums-jauks,6,False,True
jaune,slate-corgi-maybe-fauve-jaune,5,False,True
jaunt,slate-tabor-humph-judgy-jaunt,5,True,True
jaups,slate-oasis-brand-pouch-gaups-jaups,6,False,True
javas,slate-oasis-brand-pouch-mamas-favas-javas,7,False,False
javel,slate-rangy-label-hazel-camel-favel-javel,7,False,False
jawan,slate-corny-admin-pagan-bajan-jawan,6,False,True
jawed,slate-radar-funky-caped-wight-jawed,6,True,True
jawns,slate-oasis-brand-pawns-yawns-fawns-jawns,7,False,False
jaxie,slate-corgi-naive-mamie-fakie-jaxie,6,False,True
jazzy,slate-corny-budge-hammy-jazzy,5,True,True
jeans,slate-redub-wimpy-jeans,4,True,True
jeats,slate-thumb-feats-geats-jeats,5,False,True
jebel,slate-never-jewel-jebel,4,False,True
jedis,slate-runes-chess-demos-jedis,5,False,True
jeels,slate-loser-cheep-feels-keels-jeels,6,False,True
jeely,slate-never-leech-deely-feely-jeely,6,False,True
jeeps,slate-runes-chess-dweeb-pokey-jeeps,6,True,True
jeera,slate-radar-opera-jeera,4,False,True
jeers,slate-runes-press-verbs-jeers,5,True,True
jeeze,slate-doing-scrum-peeve-feeze-heeze-jeeze,7,False,False
jefes,slate-runes-feces-jefes,4,False,True
jeffs,slate-runes-chess-demos-jeffs,5,False,True
jehad,slate-radar-decay-begad-hexad-jehad,6,False,True
jehus,slate-runes-feuds-jehus,4,False,True
jelab,slate-rangy-medal-belah-jelab,5,False,True
jello,slate-never-bough-cello-jello,5,True,True
jells,slate-loser-cheep-belay-wells-dells-fells-jells,8,False,False
jelly,slate-never-bough-jelly,4,True,True
jembe,slate-doing-scrum-femme-jembe,5,False,True
jemmy,slate-diner-geeky-peppy-jemmy,5,True,True
jenny,slate-diner-xenon-penny-benny-henny-fenny-genny-jenny,9,False,False
jeons,slate-runes-peeve-necks-beins-jeons,6,False,True
jerid,slate-diner-redid-jerid,4,False,True
jerks,slate-runes-press-throb-germs-jerks,6,True,True
jerky,slate-diner-merry-perky-jerky,5,True,True
jerry,slate-diner-merry-berry-ferry-kerry-herry-jerry,8,False,False
jesse,slate-rosin-besee-cesse-desse-fesse-gesse-jesse,8,False,False
jessy,slate-runes-messy-jessy,4,False,True
jests,slate-testy-pesto-yearn-vests-bests-fests-gests-hests-jests,10,False,False
jesus,slate-runes-feuds-jehus-jesus,5,False,True
jetee,slate-chirp-etude-jetee,4,False,True
jetes,slate-cruet-timon-bytes-fetes-hetes-jetes,7,False,False
jeton,slate-titer-fetch-detox-beton-jeton,6,False,True
jetty,slate-pinch-jetty,3,True,True
jeune,slate-doing-penne-cerne-jeune,5,False,True
jewed,slate-diner-moped-gecko-vexed-hewed-jewed,7,False,False
jewel,slate-never-jewel,3,True,True
jewie,slate-doing-puree-jewie,4,False,True
jhala,slate-curia-koala-jhala,4,False,True
jheel,slate-never-excel-wheel-jheel,5,False,True
jhils,slate-locus-whomp-jhils,4,False,True
jiaos,slate-curbs-amass-dhaks-gnaws-jiaos,6,False,True
jibba,slate-corny-mafia-pizza-bigha-jibba,6,False,True
jibbs,slate-hokum-crisp-dweeb-bibbs-jibbs,6,False,True
jibed,slate-diner-video-biped-gibed-jibed,6,True,True
jiber,slate-diner-parka-fixer-giver-jiber,6,False,True
jibes,slate-runes-feces-moped-vichy-bikes-gibes-jibes,8,False,False
jiffs,slate-hokum-crisp-dweeb-finis-jiffs,6,False,True
jiffy,slate-crony-dumpy-jiffy,4,True,True
jiggy,slate-crony-dumpy-jiffy-jiggy,5,True,True
jigot,slate-count-divot-bigot-gigot-jigot,6,False,True
jihad,slate-corny-mafia-hijab-jihad,5,True,True
jills,slate-locus-whomp-rugby-fills-kills-dills-jills,8,False,False
jilts,slate-lusty-vouch-tilts-gilts-jilts,6,False,True
jimmy,slate-crony-dumpy-jimmy,4,True,True
jimpy,slate-crony-dumpy-wimpy-gimpy-jimpy,6,False,True
jingo,slate-crony-bough-dingo-jingo,5,False,True
jings,slate-hokum-crisp-dweeb-finis-gings-jings,7,False,False
jinks,slate-hokum-frisk-kinds-wraps-jinks,6,True,True
jinne,slate-doing-jinne,3,False,True
jinni,slate-crony-djinn-jinni,4,False,True
jinns,slate-hokum-crisp-dweeb-finis-gings-jinns,7,False,False
jirds,slate-hokum-crisp-rings-birds-jirds,6,False,True
jirga,slate-corny-parka-firma-jirga,5,False,True
jirre,slate-doing-puree-kyrie-birze-jirre,6,False,True
jisms,slate-hokum-missy-gisms-jisms,5,False,True
jitis,slate-trout-ditsy-jitis,4,False,True
jitty,slate-briny-waked-fifty-titty-jitty,6,False,True
jived,slate-diner-video-hived-gived-jived,6,False,True
jiver,slate-diner-parka-fixer-giver-river-hiver-jiver,8,False,False
jives,slate-runes-feces-moped-vichy-gives-wives-jives,8,False,False
jivey,slate-diner-bicep-jivey,4,False,True
jnana,slate-churn-piano-aband-jnana,5,False,True
jobed,slate-diner-moped-oxbow-jobed,5,False,True
jobes,slate-runes-feces-moped-shook-boxes-jobes,7,False,False
jocko,slate-crony-pouch-jocko,4,True,True
jocks,slate-hokum-crowd-jocks,4,True,True
jocky,slate-crony-jocky,3,False,True
jocos,slate-hokum-boson-cocos-docos-jocos,6,False,True
jodel,slate-never-dumpy-oiled-jodel,5,False,True
joeys,slate-runes-chess-dweeb-poems-joeys,6,False,True
johns,slate-hokum-johns,3,True,True
joins,slate-hokum-boson-noisy-coins-joins,6,True,True
joint,slate-count-joint,3,True,True
joist,slate-trout-whomp-foist-joist,5,True,True
joked,slate-diner-moped-oxbow-yoked-joked,6,True,True
joker,slate-diner-whomp-rocky-joker,5,True,True
jokes,slate-runes-feces-moped-shook-jokes,6,True,True
jokey,slate-diner-chomp-bogey-jokey,5,True,True
jokol,slate-dilly-prowl-mogul-bobol-jokol,6,False,True
joled,slate-never-dumpy-oiled-holed-coled-joled,7,False,False
joles,slate-loser-whomp-coles-boles-doles-goles-joles,8,False,False
jolie,slate-bingo-voile-louie-dolie-folie-jolie,7,False,False
jollo,slate-dilly-hollo-jollo,4,False,True
jolls,slate-locus-polis-defog-rolls-bolls-jolls,7,False,False
jolly,slate-dilly-befog-lymph-jolly,5,True,True
jolts,slate-lusty-vouch-bolts-jolts,5,True,True
jolty,slate-lofty-jolty,3,False,True
jomon,slate-crony-bough-mondo-jomon,5,False,True
jomos,slate-hokum-mossy-brown-comps-jomos,6,False,True
jones,slate-runes-crimp-jumbo-jones,5,True,True
jongs,slate-hokum-boson-noisy-dongs-gongs-jongs,7,False,False
jonty,slate-briny-nutty-jonty,4,False,True
jooks,slate-hokum-crowd-books-nooks-gooks-jooks,7,False,False
joram,slate-corny-borax-dorad-foram-joram,6,False,True
jorts,slate-forum-ports-borts-dorts-jorts,6,False,True
jorum,slate-crony-furor-jorum,4,False,True
jotas,slate-antsy-wombs-iotas-jotas,5,False,True
jotty,slate-briny-potty-dotty-hotty-jotty,6,False,True
jotun,slate-count-jotun,3,False,True
joual,slate-molar-local-zonal-dogal-joual,6,False,True
jougs,slate-hokum-unify-pours-doucs-jougs,6,False,True
jouks,slate-hokum-bouks-douks-gouks-jouks,6,False,True
joule,slate-bingo-whole-joule,4,True,True
jours,slate-hokum-unify-pours-cours-jours,6,False,True
joust,slate-trout-joust,3,True,True
jowar,slate-corny-moira-douar-gobar-jowar,6,False,True
jowed,slate-diner-moped-oxbow-wives-cowed-jowed,7,False,False
jowls,slate-locus-polis-whiff-bowls-dowls-gowls-jowls,8,False,False
jowly,slate-dilly-scowl-jowly,4,True,True
joyed,slate-diner-moped-oxbow-yoked-coyed-hoyed-joyed,8,False,False
jubas,slate-oasis-wrung-bubas-jubas,5,False,True
jubes,slate-runes-bosom-cubes-pubes-jubes,6,False,True
jucos,slate-hokum-buoys-duros-jucos,5,False,True
judas,slate-oasis-wrung-bubas-dukas-judas,6,False,True
judge,slate-doing-jumbo-judge,4,True,True
judgy,slate-crony-dumpy-fudgy-judgy,5,True,True
judos,slate-hokum-buoys-duros-judos,5,False,True
jugal,slate-molar-canal-fugal-jugal,5,False,True
jugum,slate-crony-kudzu-jugum,4,False,True
juice,slate-doing-crumb-juice,4,True,True
juicy,slate-crony-mucky-juicy,4,True,True
jujus,slate-hokum-virus-bubus-dufus-jujus,6,False,True
juked,slate-diner-moped-gecko-juked,5,True,True
jukes,slate-runes-bosom-dudes-cukes-jukes,6,False,True
jukus,slate-hokum-jukus,3,False,True
julep,slate-never-dumpy-julep,4,True,True
julia,slate-molar-dally-cilia-julia,5,False,True
jumar,slate-corny-rabid-augur-jumar,5,False,True
jumbo,slate-crony-bough-jumbo,4,True,True
jumby,slate-crony-dumpy-young-mummy-jumby,6,False,True
jumps,slate-hokum-music-jibed-jumps,5,True,True
jumpy,slate-crony-dumpy-bumpy-jumpy,5,True,True
junco,slate-crony-ionic-bunco-junco,5,False,True
junks,slate-hokum-dusky-pubic-junks,5,True,True
junky,slate-crony-pudgy-hunky-funky-junky,6,True,True
junta,slate-taint-junta,3,True,True
junto,slate-briny-month-junto,4,True,True
jupes,slate-runes-bosom-dudes-cukes-fuzes-huies-jupes,8,False,False
jupon,slate-crony-bough-union-jupon,5,False,True
jural,slate-molar-rural-aural-dural-fural-jural,7,False,False
jurat,slate-tabor-atria-curat-jurat,5,False,True
jurel,slate-never-cruel-jurel,4,False,True
jures,slate-runes-cures-dures-jures,5,False,True
juris,slate-hokum-gussy-bronc-purrs-juris,6,False,True
juror,slate-crony-furor-juror,4,True,True
juste,slate-piste-coste-geste-juste,5,False,True
justs,slate-forum-dusty-busts-gusts-justs,6,False,True
jutes,slate-cruet-tunes-mutes-butes-jutes,6,False,True
jutty,slate-briny-potty-gutty-cutty-jutty,6,False,True
juves,slate-runes-bosom-dudes-cukes-fuzes-huies-jupes-juves,9,False,False
juvie,slate-doing-puree-juvie,4,False,True
kaama,slate-churn-foamy-abamp-kaama,5,False,True
kabab,slate-corny-mafia-dadah-kabab,5,False,True
kabar,slate-corny-rabid-kabar,4,False,True
kabob,slate-corny-adobo-kabob,4,True,True
kacha,slate-corny-magic-dacha-bacha-kacha,6,False,True
kacks,slate-oasis-brand-pouch-jacks-cacks-kacks,7,False,False
kadai,slate-corny-mafia-kadai,4,False,True
kades,slate-ashen-frock-wimpy-bakes-kades,6,False,True
kadis,slate-oasis-mavis-nazis-cadis-dadis-gadis-kadis,8,False,False
kafir,slate-corny-rabid-fakir-kafir,5,False,True
kagos,slate-oasis-baons-camos-dados-faros-gajos-kagos,8,False,False
kagus,slate-oasis-brand-pouch-favus-kagus,6,False,True
kahal,slate-molar-canal-papal-dayal-gazal-kahal,7,False,False
kaiak,slate-corny-mafia-kadai-kaiak,5,False,True
kaids,slate-oasis-ripen-maids-caids-gaids-kaids,7,False,False
kaies,slate-ashen-frock-wimpy-kaies,5,False,True
kaifs,slate-oasis-ripen-maids-baiks-kaifs,6,False,True
kaika,slate-corny-mafia-baiza-haika-kaika,6,False,True
kaiks,slate-oasis-ripen-maids-baiks-faiks-haiks-kaiks,8,False,False
kails,slate-balsa-pinch-wormy-fails-jails-kails,7,False,False
kaims,slate-oasis-ripen-maids-kaims,5,False,True
kaing,slate-corny-mixup-aging-kaing,5,False,True
kains,slate-oasis-ripen-gains-mains-cains-fains-hains-kains,9,False,False
kajal,slate-molar-canal-papal-dayal-gazal-kahal-kajal,8,False,False
kakas,slate-oasis-brand-pouch-mamas-favas-jagas-kakas,8,False,False
kakis,slate-oasis-mavis-nazis-cadis-garis-hajis-kakis,8,False,False
kalam,slate-molar-kalam,3,False,True
kalas,slate-balsa-galas-kalas,4,False,True
kales,slate-laser-whomp-vying-bales-dales-eales-fales-kales,9,False,False
kalif,slate-molar-dally-aalii-calif-kalif,6,False,True
kalis,slate-balsa-whomp-ficus-dalis-galis-kalis,7,False,False
kalpa,slate-molar-dally-aalii-calpa-kalpa,6,False,True
kalua,slate-molar-dally-aalii-calpa-halfa-kalua,7,False,False
kamas,slate-oasis-brand-pouch-mamas-gamas-kamas,7,False,False
kames,slate-ashen-frock-wimpy-kames,5,False,True
kamik,slate-corny-mafia-hakim-kamik,5,False,True
kamis,slate-oasis-mavis-camis-kamis,5,False,True
kamme,slate-corgi-maybe-damme-kamme,5,False,True
kanae,slate-corgi-maybe-fauve-kanae,5,False,True
kanal,slate-molar-canal-banal-fanal-kanal,6,False,True
kanas,slate-oasis-brand-graph-yanks-kanas,6,False,True
kanat,slate-tabor-humph-faint-kanat,5,False,True
kandy,slate-corny-handy-dandy-bandy-gandy-kandy,7,False,False
kaneh,slate-radar-cameo-waxen-ganef-kaneh,6,False,True
kanes,slate-ashen-wanes-canes-banes-fanes-janes-kanes,8,False,False
kanga,slate-corny-admin-ganja-fanga-kanga,6,False,True
kangs,slate-oasis-brand-graph-fangs-cangs-kangs,7,False,False
kanji,slate-corny-admin-ninja-kanji,5,True,True
kants,slate-nymph-wants-rants-bants-cants-dants-gants-kants,9,False,False
kanzu,slate-corny-admin-ganja-kanzu,5,False,True
kaons,slate-oasis-baons-kaons,4,False,True
kapai,slate-corny-mafia-kadai-kapai,5,False,True
kapas,slate-oasis-brand-pouch-vamps-aapas-kapas,7,False,False
kapha,slate-corny-mafia-babka-kappa-kapha,6,False,True
kaphs,slate-oasis-brand-pouch-hapas-kaphs,6,False,True
kapok,slate-corny-adobo-ouija-kapok,5,False,True
kapow,slate-corny-adobo-ouija-kapok-kapow,6,False,True
kappa,slate-corny-mafia-babka-kappa,5,True,True
kapur,slate-corny-rabid-gazar-kapur,5,False,True
kapus,slate-oasis-brand-pouch-kapus,5,False,True
kaput,slate-tabor-humph-kaput,4,True,True
karai,slate-corny-parka-karai,4,False,True
karas,slate-oasis-brand-whomp-racks-karas,6,False,True
karat,slate-tabor-carat-karat,4,True,True
karee,slate-corgi-barre-karee,4,False,True
karez,slate-radar-harem-carex-karez,5,False,True
karks,slate-oasis-brand-whomp-racks-jarks-karks,7,False,False
karma,slate-corny-parka-karma,4,True,True
karns,slate-oasis-brand-warns-yarns-carns-harns-karns,8,False,False
karoo,slate-corny-arrow-karoo,4,False,True
karos,slate-oasis-baons-camos-dados-faros-haros-karos,8,False,False
karri,slate-corny-parka-karri,4,False,True
karst,slate-antsy-waist-hadst-karst,5,False,True
karsy,slate-oasis-marsh-karsy,4,False,True
karts,slate-nymph-vista-dwarf-carts-tarts-karts,7,False,False
karzy,slate-corny-parry-hardy-barby-karzy,6,False,True
kasha,slate-oasis-raspy-masha-basha-kasha,6,False,True
kasme,slate-crump-kasme,3,False,True
katal,slate-taint-fatal-datal-katal,5,False,True
katas,slate-antsy-wombs-paths-jatis-katas,6,False,True
katis,slate-antsy-wombs-paths-jatis-katis,6,False,True
katti,slate-taint-katti,3,False,True
kaugh,slate-corny-mafia-bappu-haugh-kaugh,6,False,True
kauri,slate-corny-rabid-kauri,4,False,True
kauru,slate-corny-rabid-gazar-kauru,5,False,True
kaury,slate-corny-width-aggry-kaury,5,False,True
kaval,slate-molar-canal-papal-dayal-gazal-kahal-kajal-kaval,9,False,False
kavas,slate-oasis-brand-pouch-mamas-favas-javas-kavas,8,False,False
kawas,slate-oasis-brand-pouch-mamas-favas-jagas-kakas-kawas,9,False,False
kawau,slate-corny-mafia-dadah-kabab-kawau,6,False,True
kawed,slate-radar-funky-baked-kawed,5,False,True
kayak,slate-corny-kayak,3,True,True
kayle,slate-bangs-mulch-ladle-parle-kayle,6,False,True
kayos,slate-oasis-baons-camos-dados-faros-gajos-kayos,8,False,False
kazis,slate-oasis-mavis-nazis-kazis,5,False,True
kazoo,slate-corny-adobo-kazoo,4,True,True
kbars,slate-curbs-brass-kbars,4,False,True
kcals,slate-psalm-defog-vials-baals-chals-kcals,7,False,False
keaki,slate-derby-peach-keaki,4,False,True
kebab,slate-radar-began-kebab,4,True,True
kebar,slate-radar-begar-kebar,4,False,True
kebob,slate-diner-geeky-kebob,4,False,True
kecks,slate-runes-chess-wiped-becks-fecks-gecks-kecks,8,False,False
kedge,slate-doing-jumbo-hedge-wedge-kedge,6,False,True
kedgy,slate-diner-weedy-hedgy-kedgy,5,False,True
keech,slate-diner-geeky-keech,4,False,True
keefs,slate-runes-chess-dweeb-pokey-geeks-keefs,7,False,False
keeks,slate-runes-chess-dweeb-pokey-geeks-keeks,7,False,False
keels,slate-loser-cheep-feels-keels,5,True,True
keema,slate-radar-hyena-omega-keema,5,False,True
keeno,slate-diner-enjoy-foehn-keeno,5,False,True
keens,slate-runes-peeve-needs-feens-keens,6,False,True
keeps,slate-runes-chess-dweeb-pokey-keeps,6,True,True
keets,slate-testy-grind-beets-meets-keets,6,False,True
keeve,slate-doing-scrum-peeve-keeve,5,False,True
kefir,slate-diner-kefir,3,True,True
kehua,slate-radar-hyena-bohea-kehua,5,False,True
keirs,slate-runes-press-throb-emirs-keirs,6,False,True
kelep,slate-never-jewel-celeb-deled-kelep,6,False,True
kelim,slate-never-bough-jelly-felid-kelim,6,False,True
kells,slate-loser-cheep-belay-wells-dells-fells-jells-kells,9,False,False
kelly,slate-never-bough-jelly-kelly,5,True,True
kelps,slate-loser-cheep-kelps,4,False,True
kelpy,slate-never-bough-jelly-kelpy,5,False,True
kelts,slate-plumb-lefts-celts-delts-gelts-kelts,7,False,False
kelty,slate-lefty-melty-kelty,4,False,True
kembo,slate-diner-geeky-kebob-kembo,5,False,True
kembs,slate-runes-chess-demos-kembs,5,False,True
kemps,slate-runes-chess-demos-kembs-kemps,6,False,True
kempt,slate-titer-pouch-kempt,4,True,True
kempy,slate-diner-geeky-kempy,4,False,True
kenaf,slate-radar-began-kenaf,4,False,True
kench,slate-diner-xenon-bench-wench-hench-kench,7,False,False
kendo,slate-diner-bendy-kendo,4,True,True
kenos,slate-runes-bends-penis-fenks-kenos,6,False,True
kente,slate-turbo-white-dente-kente,5,False,True
kents,slate-testy-grind-cents-vents-bents-fents-hents-kents,9,False,False
kepis,slate-runes-chess-demos-jeffs-kepis,6,False,True
kerbs,slate-runes-press-throb-verbs-kerbs,6,False,True
kerel,slate-never-rebel-kerel,4,False,True
kerfs,slate-runes-press-throb-germs-jerks-kerfs,7,False,False
kerky,slate-diner-merry-perky-jerky-kerky,6,False,True
kerma,slate-radar-opera-erica-herma-kerma,6,False,True
kerne,slate-doing-penne-cerne-kerne,5,False,True
kerns,slate-runes-ferns-derns-herns-kerns,6,False,True
keros,slate-runes-press-throb-zeros-ceros-deros-keros,8,False,False
kerry,slate-diner-merry-berry-ferry-kerry,6,True,True
kerve,slate-doing-scrum-verve-kerve,5,False,True
kesar,slate-ashen-resaw-kesar,4,False,True
kests,slate-testy-pesto-yearn-vests-bests-fests-gests-hests-jests-kests,11,False,False
ketas,slate-asset-betas-fetas-getas-ketas,6,False,True
ketch,slate-titer-fetch-ketch,4,False,True
ketes,slate-cruet-timon-bytes-fetes-hetes-jetes-ketes,8,False,False
ketol,slate-intel-extol-ketol,4,False,True
kevel,slate-never-level-bevel-devel-hevel-kevel,7,False,False
kevil,slate-never-devil-kevil,4,False,True
kexes,slate-runes-feces-bedes-hemes-kexes,6,False,True
keyed,slate-diner-moped-gecko-keyed,5,True,True
keyer,slate-diner-whomp-fryer-buyer-geyer-keyer,7,False,False
khadi,slate-churn-khaki-khadi,4,False,True
khads,slate-curbs-amass-dhaks-khads,5,False,True
khafs,slate-curbs-amass-dhaks-khafs,5,False,True
khaki,slate-churn-khaki,3,True,True
khana,slate-churn-whang-khana,4,False,True
khans,slate-curbs-amass-dhaks-khafs-khans,6,False,True
khaph,slate-churn-khaki-khaph,4,False,True
khats,slate-combo-whats-ghats-khats,5,False,True
khaya,slate-churn-khaki-khaph-khaya,5,False,True
khazi,slate-churn-khaki-khadi-khazi,5,False,True
kheda,slate-radar-amend-kheda,4,False,True
kheer,slate-diner-whomp-cheer-kheer,5,False,True
kheth,slate-pinch-teeth-doeth-kheth,5,False,True
khets,slate-testy-oxide-frets-evets-khets,6,False,True
khirs,slate-hokum-whisk-chiks-khirs,5,False,True
khoja,slate-corny-adobo-haoma-khoja,5,False,True
khors,slate-hokum-khors,3,False,True
khoum,slate-crony-whoop-dhobi-khoum,5,False,True
khuds,slate-hokum-khuds,3,False,True
khula,slate-molar-daily-uvula-khula,5,False,True
khyal,slate-molar-canal-fugal-khyal,5,False,True
kiaat,slate-grunt-adapt-chaat-kiaat,5,False,True
kiack,slate-churn-aback-kiack,4,False,True
kiaki,slate-churn-foamy-abaka-kiaki,5,False,True
kiang,slate-churn-piano-diana-kiang,5,False,True
kiasu,slate-curbs-kiasu,3,False,True
kibbe,slate-doing-puree-bikie-kibbe,5,False,True
kibbi,slate-crony-kudzu-kibbi,4,False,True
kibei,slate-diner-bicep-kibei,4,False,True
kibes,slate-runes-feces-moped-vichy-bikes-kibes,7,False,False
kibla,slate-molar-daily-inula-kibla,5,False,True
kicks,slate-hokum-frisk-kinds-kicks,5,True,True
kicky,slate-crony-mucky-picky-dicky-bicky-kicky,7,False,False
kiddo,slate-crony-bough-widow-kiddo,5,True,True
kiddy,slate-crony-dumpy-giddy-biddy-kiddy,6,True,True
kidel,slate-never-dumpy-oiled-kidel,5,False,True
kideo,slate-diner-video-kideo,4,False,True
kidge,slate-doing-ridge-midge-fidge-kidge,6,False,True
kiefs,slate-runes-chess-dweeb-poems-fiefs-kiefs,7,False,False
kiers,slate-runes-press-verbs-doers-egers-fiers-kiers,8,False,False
kieve,slate-doing-puree-jewie-kieve,5,False,True
kievs,slate-runes-chess-dweeb-poems-fiefs-kievs,7,False,False
kight,slate-count-dwarf-might-tight-bight-hight-kight,8,False,False
kikay,slate-corny-budge-hammy-appay-kikay,6,False,True
kikes,slate-runes-feces-moped-vichy-bikes-kikes,7,False,False
kikoi,slate-crony-bough-widow-kikoi,5,False,True
kiley,slate-never-dumpy-holey-kiley,5,False,True
kilig,slate-dilly-zilch-bilbo-filii-kilig,6,False,True
kilim,slate-dilly-zilch-bilbo-filii-kilig-kilim,7,False,False
kills,slate-locus-whomp-rugby-fills-kills,6,True,True
kilns,slate-locus-whomp-rugby-fills-kilns,6,False,True
kilos,slate-locus-idols-kilos,4,True,True
kilps,slate-locus-whomp-pills-kilps,5,False,True
kilts,slate-lusty-vouch-tilts-gilts-jilts-kilts,7,False,False
kilty,slate-lofty-culty-kilty,4,False,True
kimbo,slate-crony-bough-oxbow-dimbo-kimbo,6,False,True
kimet,slate-titer-bidet-civet-pipet-kimet,6,False,True
kinas,slate-oasis-minas-kinas,4,False,True
kinda,slate-corny-admin-kinda,4,True,True
kinds,slate-hokum-frisk-kinds,4,True,True
kindy,slate-crony-pudgy-windy-kindy,5,False,True
kines,slate-runes-crimp-vowed-fines-nines-bines-kines,8,False,False
kings,slate-hokum-frisk-kinds-kings,5,True,True
kingy,slate-crony-pudgy-bingy-kingy,5,False,True
kinin,slate-crony-unzip-minim-kinin,5,False,True
kinks,slate-hokum-frisk-kinds-kings-kinks,6,True,True
kinky,slate-crony-pudgy-kinky,4,True,True
kinos,slate-hokum-kiosk-kinos,4,False,True
kiore,slate-doing-biome-kiore,4,False,True
kiosk,slate-hokum-kiosk,3,True,True
kipah,slate-corny-mafia-hijab-kipah,5,False,True
kipas,slate-oasis-minas-aidas-gigas-hibas-kipas,7,False,False
kipes,slate-runes-feces-moped-pipes-wipes-hipes-kipes,8,False,False
kippa,slate-corny-mafia-pizza-kippa,5,False,True
kipps,slate-hokum-frisk-kinds-kicks-kipps,6,False,True
kipsy,slate-hokum-frisk-kissy-kipsy,5,False,True
kirby,slate-crony-mired-kirby,4,True,True
kirks,slate-hokum-frisk-risky-birks-dirks-kirks,7,False,False
kirns,slate-hokum-frisk-risky-kirns,5,False,True
kirri,slate-crony-quirk-kirri,4,False,True
kisan,slate-oasis-kisan,3,False,True
kissy,slate-hokum-frisk-kissy,4,True,True
kists,slate-forum-whips-tints-cists-gists-kists,7,False,False
kitab,slate-tabor-kitab,3,False,True
kited,slate-titer-cited-dited-kited,5,False,True
kiter,slate-titer-miter-biter-citer-kiter,6,False,True
kites,slate-cruet-timon-bites-kites,5,True,True
kithe,slate-chirp-tithe-hithe-kithe,5,False,True
kiths,slate-trout-ditsy-jitis-kiths,5,False,True
kitke,slate-chirp-tinge-kitke,4,False,True
kitty,slate-briny-waked-kitty,4,True,True
kitul,slate-guilt-until-kitul,4,False,True
kivas,slate-oasis-minas-aidas-gigas-hibas-kipas-kivas,8,False,False
kiwis,slate-hokum-frisk-kinds-kicks-kipps-kiwis,7,False,False
klang,slate-prick-flaky-klang,4,False,True
klaps,slate-pecks-klaps,3,False,True
klett,slate-klett,2,False,True
klick,slate-bipod-flick-click-klick,5,False,True
klieg,slate-freed-gluey-klieg,4,False,True
kliks,slate-floss-plums-blins-kliks,5,False,True
klong,slate-bipod-frank-klong,4,False,True
kloof,slate-bipod-floor-kloof,4,False,True
kluge,slate-bipod-fluke-kluge,4,False,True
klutz,slate-glitz-klutz,3,True,True
knack,slate-churn-knack,3,True,True
knags,slate-curbs-amass-dhaks-ikans-knags,6,False,True
knaps,slate-curbs-amass-dhaks-ikans-knags-knaps,7,False,False
knarl,slate-curia-drawl-gnarl-knarl,5,False,True
knars,slate-curbs-grass-padre-roars-afars-izars-knars,8,False,False
knaur,slate-churn-knaur,3,False,True
knave,slate-prick-quake-knave,4,True,True
knawe,slate-prick-quake-knave-knawe,5,False,True
knead,slate-radar-decay-knead,4,True,True
kneed,slate-diner-unwed-ended-kneed,5,True,True
kneel,slate-never-kneel,3,True,True
knees,slate-runes-noses-knees,4,True,True
knell,slate-never-knell,3,True,True
knelt,slate-intel-knelt,3,True,True
knick,slate-crony-blimp-knick,4,True,True
knife,slate-doing-knife,3,True,True
knish,slate-hokum-whisk-knish,4,True,True
knits,slate-forum-whips-knits,4,True,True
knive,slate-doing-knife-knive,4,False,True
knobs,slate-hokum-kiosk-knobs,4,True,True
knock,slate-crony-knock,3,True,True
knoll,slate-dilly-knoll,3,True,True
knoop,slate-crony-known-knoop,4,False,True
knops,slate-hokum-kiosk-knobs-knows-knops,6,False,True
knosp,slate-hokum-kiosk-knosp,4,False,True
knots,slate-forum-knots,3,True,True
knoud,slate-crony-known-knoop-knoud,5,False,True
knout,slate-count-knout,3,False,True
knowd,slate-crony-known-knowd,4,False,True
knowe,slate-doing-ounce-knowe,4,False,True
known,slate-crony-known,3,True,True
knows,slate-hokum-kiosk-knobs-knows,5,True,True
knubs,slate-hokum-dusky-brusk-knubs,5,False,True
knule,slate-bingo-uncle-knule,4,False,True
knurl,slate-dilly-prowl-churl-knurl,5,False,True
knurr,slate-crony-mirin-runup-knurr,5,False,True
knurs,slate-hokum-dusky-brusk-knurs,5,False,True
knuts,slate-forum-dusty-units-knuts,5,False,True
koala,slate-curia-koala,3,True,True
koans,slate-curbs-amass-dhaks-ikans-koans,6,False,True
koaps,slate-curbs-amass-dhaks-ikans-koaps,6,False,True
koban,slate-corny-woman-hogan-koban,5,False,True
kobos,slate-hokum-crowd-bonks-kobos,5,False,True
koels,slate-loser-goels-koels,4,False,True
koffs,slate-hokum-crowd-bonks-koffs,5,False,True
kofta,slate-taint-aorta-couta-kofta,5,False,True
kogal,slate-molar-local-zonal-dogal-kogal,6,False,True
kohas,slate-oasis-comas-bobas-donas-goras-hokas-kohas,8,False,False
kohen,slate-diner-smock-woken-kohen,5,False,True
kohls,slate-locus-polis-whiff-kohls,5,False,True
koine,slate-doing-koine,3,False,True
koiwi,slate-crony-bough-iodid-koiwi,5,False,True
kojis,slate-hokum-crowd-bonks-koffs-kojis,6,False,True
kokam,slate-corny-dogma-kokam,4,False,True
kokas,slate-oasis-comas-bobas-donas-goras-hokas-kokas,8,False,False
koker,slate-diner-whomp-rocky-joker-koker,6,False,True
kokra,slate-corny-moira-dobra-goura-kokra,6,False,True
kokum,slate-crony-bough-popup-kokum,5,False,True
kolas,slate-balsa-aglus-colas-kolas,5,False,True
kolos,slate-locus-polis-defog-bolos-holos-kolos,7,False,False
kombi,slate-crony-bough-kombi,4,False,True
kombu,slate-crony-bough-kombu,4,False,True
konbu,slate-crony-bough-konbu,4,False,True
kondo,slate-crony-bough-mondo-kondo,5,False,True
konks,slate-hokum-crowd-bonks-gonks-konks,6,False,True
kooks,slate-hokum-crowd-books-nooks-gooks-jooks-kooks,8,False,False
kooky,slate-crony-dough-boozy-kooky,5,True,True
koori,slate-crony-fjord-koori,4,False,True
kopek,slate-diner-chomp-pokey-kopek,5,False,True
kophs,slate-hokum-kophs,3,False,True
kopje,slate-doing-bocce-homme-roque-kopje,6,False,True
koppa,slate-corny-dogma-poppa-koppa,5,False,True
korai,slate-corny-borax-dorad-foram-horah-korai,7,False,False
koran,slate-corny-koran,3,True,True
koras,slate-oasis-comas-bobas-donas-goras-horas-koras,8,False,False
korat,slate-tabor-amort-korat,4,False,True
kores,slate-runes-porch-bores-dores-fores-gores-kores,8,False,False
koris,slate-hokum-crowd-forks-koris,5,False,True
korma,slate-corny-borax-forma-korma,5,False,True
koros,slate-hokum-crowd-forks-koris-koros,6,False,True
korun,slate-crony-mondo-robin-korun,5,False,True
korus,slate-hokum-korus,3,False,True
koses,slate-runes-feces-moped-shook-jokes-koses,7,False,False
kotch,slate-count-toxic-botch-gotch-hotch-kotch,7,False,False
kotos,slate-trout-goths-botos-kotos,5,False,True
kotow,slate-count-motor-kotow,4,False,True
koura,slate-corny-moira-dobra-goura-koura,6,False,True
kraal,slate-curia-drawl-graal-kraal,5,False,True
krabs,slate-curbs-grabs-drabs-frabs-krabs,6,False,True
kraft,slate-grunt-tract-draft-kraft,5,True,True
krais,slate-curbs-grass-wraps-araks-krais,6,False,True
krait,slate-grunt-tract-draft-krait,5,False,True
krang,slate-churn-gaped-krang,4,False,True
krans,slate-curbs-grass-wraps-araks-krais-krans,7,False,False
kranz,slate-churn-gaped-frank-kranz,5,False,True
kraut,slate-grunt-kraut,3,True,True
krays,slate-curbs-grass-wraps-araks-krais-krans-krays,8,False,False
kreef,slate-diner-creek-kreef,4,False,True
kreen,slate-diner-green-preen-kreen,5,False,True
kreep,slate-diner-creek-kreef-kreep,5,False,True
kreng,slate-diner-rerun-enorm-kreng,5,False,True
krewe,slate-doing-scrum-where-krewe,5,False,True
krill,slate-dilly-gruff-krill,4,True,True
kriol,slate-dilly-logic-kriol,4,False,True
krona,slate-corny-krona,3,False,True
krone,slate-doing-prone-crone-krone,5,True,True
kroon,slate-crony-gibed-frown-kroon,5,False,True
krubi,slate-crony-gruff-druid-krubi,5,False,True
krump,slate-crony-gruff-druid-krump,5,False,True
krunk,slate-crony-bring-drunk-krunk,5,False,True
ksars,slate-curbs-grass-ksars,4,False,True
kubie,slate-doing-puree-juvie-kubie,5,False,True
kudos,slate-hokum-kudos,3,True,True
kudus,slate-hokum-kudus,3,False,True
kudzu,slate-crony-kudzu,3,True,True
kufis,slate-hokum-dusky-kufis,4,False,True
kugel,slate-never-dumpy-kugel,4,True,True
kuias,slate-oasis-minas-arias-chias-ixias-kuias,7,False,False
kukri,slate-crony-quirk-kukri,4,False,True
kukus,slate-hokum-jukus-kukus,4,False,True
kulak,slate-molar-lilac-gulag-kulak,5,False,True
kulan,slate-molar-lilac-gulag-kulak-kulan,6,False,True
kulas,slate-balsa-aglus-hulas-kulas,5,False,True
kulfi,slate-dilly-folic-kulfi,4,False,True
kumis,slate-hokum-musky-kumis,4,False,True
kumys,slate-hokum-musky-kumys,4,False,True
kunas,slate-oasis-wrung-ankus-kunas,5,False,True
kunds,slate-hokum-dusky-kunds,4,False,True
kuris,slate-hokum-dusky-kufis-kuris,5,False,True
kurre,slate-doing-scrum-puree-burke-kurre,6,False,True
kurta,slate-taint-aorta-kurta,4,False,True
kurus,slate-hokum-kudus-kurus,4,False,True
kusso,slate-hokum-kudos-kusso,4,False,True
kusti,slate-forum-dusty-busts-kusti,5,False,True
kutai,slate-tabor-untag-kutai,4,False,True
kutas,slate-antsy-wombs-paths-ditas-kutas,6,False,True
kutch,slate-count-butch-hutch-dutch-kutch,6,False,True
kutis,slate-trout-gutsy-cutis-kutis,5,False,True
kutus,slate-trout-ictus-kutus,4,False,True
kuyas,slate-oasis-wrung-bubas-dukas-kuyas,6,False,True
kuzus,slate-hokum-kudus-kurus-kuzus,5,False,True
kvass,slate-curbs-amass-kvass,4,False,True
kvell,slate-never-kvell,3,True,True
kwaai,slate-churn-foamy-abaka-kwaai,5,False,True
kwela,slate-rangy-medal-akela-kwela,5,False,True
kwink,slate-crony-djinn-kwink,4,False,True
kwirl,slate-dilly-logic-whirl-kwirl,5,False,True
kyack,slate-churn-aback-kiack-kyack,5,False,True
kyaks,slate-curbs-amass-dhaks-kyaks,5,False,True
kyang,slate-churn-piano-aband-kyang,5,False,True
kyars,slate-curbs-grass-padre-roars-afars-izars-knars-kyars,9,False,False
kyats,slate-combo-whats-adats-fiats-gnats-kyats,7,False,False
kybos,slate-hokum-kiosk-kybos,4,False,True
kydst,slate-trout-midst-kydst,4,False,True
kyles,slate-loser-wimpy-fyles-hyles-kyles,6,False,True
kylie,slate-bingo-while-kylie,4,True,True
kylin,slate-dilly-cylix-kylin,4,False,True
kylix,slate-dilly-cylix-kylix,4,False,True
kyloe,slate-bingo-whole-loupe-kyloe,5,False,True
kynde,slate-doing-undue-hynde-kynde,5,False,True
kynds,slate-hokum-frisk-kynds,4,False,True
kypes,slate-runes-feces-moped-pipes-gypes-hypes-kypes,8,False,False
kyrie,slate-doing-puree-kyrie,4,True,True
kytes,slate-cruet-timon-bytes-gytes-kytes,6,False,True
kythe,slate-chirp-ethne-hythe-kythe,5,False,True
kyudo,slate-crony-dohyo-kyudo,4,False,True
laarf,slate-curia-drawl-laarf,4,False,True
laari,slate-curia-laari,3,False,True
labda,slate-molar-daily-labda,4,False,True
label,slate-rangy-label,3,True,True
labia,slate-molar-daily-cavil-labia,5,False,True
labis,slate-balsa-lambs-labis,4,False,True
labne,slate-bangs-labne,3,False,True
labor,slate-molar-labor,3,True,True
labra,slate-molar-larva-labra,4,False,True
laccy,slate-molar-daily-lanky-laccy,5,False,True
laced,slate-rangy-label-zilch-laced,5,True,True
lacer,slate-rangy-paler-lamer-laker-laver-lacer,7,False,False
laces,slate-laser-yanks-laces,4,True,True
lacet,slate-paler-latex-lacet,4,False,True
lacey,slate-rangy-lacey,3,True,True
lacis,slate-balsa-pinch-lacis,4,False,True
lacka,slate-molar-daily-laugh-lacka,5,False,True
lacks,slate-balsa-pinch-lacks,4,True,True
lacky,slate-molar-daily-lanky-lacky,5,False,True
laddu,slate-molar-daily-labda-laddu,5,False,True
laddy,slate-molar-daily-laddy,4,False,True
laded,slate-rangy-label-zilch-lamed-laved-laded,7,False,False
ladee,slate-bangs-mulch-ladle-ladee,5,False,True
laden,slate-rangy-laden,3,True,True
lader,slate-rangy-paler-lamer-laker-laver-lacer-lader,8,False,False
lades,slate-laser-yanks-laces-lades,5,False,True
ladle,slate-bangs-mulch-ladle,4,True,True
ladoo,slate-molar-aioli-ladoo,4,False,True
laers,slate-laser-laers,3,False,True
laevo,slate-rangy-label-laevo,4,False,True
lagan,slate-molar-canal-lagan,4,False,True
lagar,slate-molar-lunar-lazar-lagar,5,False,True
lager,slate-rangy-lager,3,True,True
laggy,slate-molar-daily-lanky-laccy-laggy,6,False,True
lahal,slate-molar-canal-papal-dayal-gazal-kahal-lahal,8,False,False
lahar,slate-molar-lunar-lazar-lagar-lahar,6,False,True
laich,slate-molar-daily-laich,4,False,True
laics,slate-balsa-pinch-laics,4,False,True
laide,slate-bangs-mulch-ladle-laide,5,False,True
laids,slate-balsa-pinch-wormy-fails-laids,6,False,True
laigh,slate-molar-daily-laich-laigh,5,False,True
laika,slate-molar-daily-laich-laika,5,False,True
laiks,slate-balsa-pinch-wormy-fails-laids-laiks,7,False,False
laird,slate-molar-larva-laird,4,True,True
lairs,slate-balsa-pinch-wormy-rails-lairs,6,False,True
lairy,slate-molar-larva-laird-lairy,5,False,True
laith,slate-waltz-laity-laith,4,False,True
laity,slate-waltz-laity,3,True,True
laked,slate-rangy-label-zilch-lamed-laved-laded-laked,8,False,False
laker,slate-rangy-paler-lamer-laker,5,True,True
lakes,slate-laser-yanks-lakes,4,True,True
lakhs,slate-balsa-pinch-hauls-lakhs,5,False,True
lakin,slate-molar-daily-cavil-labia-lakin,6,False,True
laksa,slate-balsa-laksa,3,False,True
laldy,slate-molar-dally-laldy,4,False,True
lalls,slate-balsa-whomp-ficus-galls-lalls,6,False,True
lamas,slate-balsa-nasal-lamas,4,False,True
lambs,slate-balsa-lambs,3,True,True
lamby,slate-molar-amply-lamby,4,False,True
lamed,slate-rangy-label-zilch-lamed,5,True,True
lamer,slate-rangy-paler-lamer,4,True,True
lames,slate-laser-yanks-laces-lades-lames,6,False,True
lamia,slate-molar-amply-lamia,4,False,True
lammy,slate-molar-amply-lamby-lammy,5,False,True
lamps,slate-balsa-pinch-lamps,4,True,True
lanai,slate-molar-canal-lanai,4,False,True
lanas,slate-balsa-nasal-lanas,4,False,True
lance,slate-bangs-lance,3,True,True
lanch,slate-molar-daily-laugh-lanch,5,False,True
lande,slate-bangs-lance-lande,4,False,True
lands,slate-balsa-pinch-lands,4,True,True
laned,slate-rangy-panel-laned,4,False,True
lanes,slate-laser-yanks-lanes,4,True,True
lanks,slate-balsa-pinch-lands-lanks,5,False,True
lanky,slate-molar-daily-lanky,4,True,True
lants,slate-lasts-lants,3,False,True
lapas,slate-balsa-nasal-lamas-lapas,5,False,True
lapel,slate-rangy-label-lapel,4,True,True
lapin,slate-molar-daily-cavil-labia-lakin-lapin,7,False,False
lapis,slate-balsa-pinch-lapis,4,False,True
lapje,slate-bangs-mulch-ladle-lapje,5,False,True
lappa,slate-molar-daily-laugh-lacka-lappa,6,False,True
lappy,slate-molar-daily-lanky-laccy-laggy-lappy,7,False,False
lapse,slate-lapse,2,True,True
larch,slate-molar-larva-larch,4,True,True
lards,slate-balsa-pinch-larks-lards,5,False,True
lardy,slate-molar-larva-larch-lardy,5,False,True
laree,slate-bangs-mulch-ladle-lapje-laree,6,False,True
lares,slate-laser-lares,3,False,True
larfs,slate-balsa-pinch-larks-lards-larfs,6,False,True
larga,slate-molar-larva-larga,4,False,True
large,slate-bangs-large,3,True,True
largo,slate-molar-carol-largo,4,True,True
laris,slate-balsa-pinch-wormy-laris,5,False,True
larks,slate-balsa-pinch-larks,4,True,True
larky,slate-molar-larva-larch-lardy-larky,6,False,True
larns,slate-balsa-pinch-lawns-larns,5,False,True
larnt,slate-taint-larnt,3,False,True
larum,slate-molar-armil-larum,4,False,True
larva,slate-molar-larva,3,True,True
lased,slate-laser-lased,3,False,True
laser,slate-laser,2,True,True
lases,slate-laser-lased-lases,4,False,True
lassi,slate-balsa-lasso-lassi,4,False,True
lasso,slate-balsa-lasso,3,True,True
lassu,slate-balsa-lasso-lassi-lassu,5,False,True
lassy,slate-balsa-lasso-lassi-lassu-lassy,6,False,True
lasts,slate-lasts,2,True,True
latah,slate-taint-fatal-latah,4,False,True
latch,slate-taint-fatal-latch,4,True,True
lated,slate-paler-latex-lated,4,False,True
laten,slate-paler-latex-lated-laten,5,False,True
later,slate-paler-later,3,True,True
latex,slate-paler-latex,3,True,True
lathe,slate-lathe,2,True,True
lathi,slate-taint-datil-lathi,4,False,True
laths,slate-atlas-tails-laths,4,False,True
lathy,slate-taint-fatal-latch-lathy,5,False,True
latke,slate-lathe-latke,3,True,True
latte,slate-latte,2,True,True
latus,slate-atlas-tails-laths-latus,5,False,True
lauan,slate-molar-canal-lagan-lauan,5,False,True
lauch,slate-molar-daily-laugh-lauch,5,False,True
laude,slate-bangs-mulch-laude,4,True,True
lauds,slate-balsa-pinch-larks-lauds,5,False,True
laufs,slate-balsa-pinch-larks-lauds-laufs,6,False,True
laugh,slate-molar-daily-laugh,4,True,True
laund,slate-molar-daily-labda-laund,5,False,True
laura,slate-molar-larva-labra-laura,5,False,True
laval,slate-molar-canal-papal-dayal-gazal-kahal-laval,8,False,False
lavas,slate-balsa-nasal-lamas-lapas-lavas,6,False,True
laved,slate-rangy-label-zilch-lamed-laved,6,True,True
laver,slate-rangy-paler-lamer-laker-laver,6,True,True
laves,slate-laser-yanks-laces-lades-lames-laves,7,False,False
lavra,slate-molar-larva-lavra,4,False,True
lavvy,slate-molar-daily-lanky-laccy-laggy-lappy-lavvy,8,False,False
lawed,slate-rangy-label-zilch-lamed-laved-laded-laked-lawed,9,False,False
lawer,slate-rangy-paler-lamer-laker-laver-lacer-lader-lawer,9,False,False
lawin,slate-molar-daily-cavil-labia-lakin-lapin-lawin,8,False,False
lawks,slate-balsa-pinch-larks-lawks,5,False,True
lawns,slate-balsa-pinch-lawns,4,True,True
lawny,slate-molar-daily-lanky-lawny,5,False,True
lawsy,slate-balsa-lasso-lawsy,4,False,True
laxed,slate-rangy-label-zilch-lamed-laved-laded-laked-lawed-laxed,10,False,False
laxer,slate-rangy-paler-lamer-laker-laver-lacer-lader-lawer-laxer,10,False,False
laxes,slate-laser-yanks-laces-lades-lames-laves-laxes,8,False,False
laxly,slate-molar-daily-wanly-gayly-haply-laxly,7,False,False
layby,slate-molar-daily-lanky-laccy-laggy-lappy-lavvy-layby,9,False,False
layed,slate-rangy-layed,3,False,True
layer,slate-rangy-layer,3,True,True
layin,slate-molar-daily-layin,4,False,True
layup,slate-molar-daily-layup,4,True,True
lazar,slate-molar-lunar-lazar,4,True,True
lazed,slate-rangy-label-zilch-lazed,5,True,True
lazes,slate-laser-yanks-laces-lades-lames-laves-laxes-lazes,9,False,False
lazos,slate-balsa-pinch-larks-lauds-lazos,6,False,True
lazzi,slate-molar-daily-cavil-lazzi,5,False,True
lazzo,slate-molar-aioli-ladoo-lazzo,5,False,True
leach,slate-leary-leach,3,True,True
leads,slate-leash-upend-leads,4,True,True
leady,slate-leary-leafy-leaky-leady,5,False,True
leafs,slate-leash-upend-leaks-leafs,5,False,True
leafy,slate-leary-leafy,3,True,True
leaks,slate-leash-upend-leaks,4,True,True
leaky,slate-leary-leafy-leaky,4,True,True
leams,slate-leash-upend-leaks-leafs-leams,6,False,True
leans,slate-leash-upend-leans,4,True,True
leant,slate-leapt-leant,3,True,True
leany,slate-leary-leafy-leaky-leady-leany,6,False,True
leaps,slate-leash-upend-leaps,4,True,True
leapt,slate-leapt,2,True,True
leare,slate-leave-leare,3,False,True
learn,slate-leary-learn,3,True,True
lears,slate-leash-upend-leaks-leafs-leams-lears,7,False,False
leary,slate-leary,2,True,True
lease,slate-lease,2,True,True
leash,slate-leash,2,True,True
least,slate-least,2,True,True
leats,slate-leats,2,False,True
leave,slate-leave,2,True,True
leavy,slate-leary-leafy-leaky-leady-leany-leavy,7,False,False
leaze,slate-leave-leare-leaze,4,False,True
leben,slate-never-leben,3,False,True
leccy,slate-never-bough-jelly-leccy,5,False,True
leche,slate-bingo-levee-leche,4,False,True
ledes,slate-loser-venom-ledes,4,False,True
ledge,slate-bingo-ledge,3,True,True
ledgy,slate-never-bough-leggy-ledgy,5,False,True
ledum,slate-never-bough-ledum,4,False,True
leear,slate-rangy-feral-belar-leear,5,False,True
leech,slate-never-leech,3,True,True
leeks,slate-loser-lexis-lends-leeks,5,False,True
leeps,slate-loser-lexis-lends-leeks-leeps,6,False,True
leers,slate-loser-leers,3,False,True
leery,slate-never-leery,3,True,True
leese,slate-pulse-loose-leese,4,False,True
leets,slate-plumb-lefts-leets,4,False,True
leeze,slate-bingo-levee-leeze,4,False,True
lefte,slate-lefte,2,False,True
lefts,slate-plumb-lefts,3,True,True
lefty,slate-lefty,2,True,True
legal,slate-rangy-legal,3,True,True
leger,slate-never-leper-leger,4,False,True
leges,slate-loser-venom-ledes-leges,5,False,True
legge,slate-bingo-ledge-legge,4,False,True
leggo,slate-never-bough-leggo,4,False,True
leggy,slate-never-bough-leggy,4,True,True
legit,slate-intel-legit,3,True,True
legno,slate-never-melon-legno,4,False,True
lehrs,slate-loser-leers-lehrs,4,False,True
lehua,slate-rangy-medal-fella-lehua,5,False,True
leirs,slate-loser-leers-lehrs-leirs,5,False,True
leish,slate-loser-lexis-leish,4,False,True
leman,slate-rangy-leman,3,False,True
lemed,slate-never-jewel-celeb-lemed,5,False,True
lemel,slate-never-jewel-bezel-gemel-lemel,6,False,True
lemes,slate-loser-venom-lemes,4,False,True
lemma,slate-rangy-medal-lemma,4,True,True
lemme,slate-bingo-levee-leche-lemme,5,False,True
lemon,slate-never-melon-lemon,4,True,True
lemur,slate-never-lemur,3,True,True
lends,slate-loser-lexis-lends,4,True,True
lenes,slate-loser-venom-lenes,4,False,True
lengs,slate-loser-lexis-lends-lengs,5,False,True
lenis,slate-loser-lexis-lewis-lenis,5,False,True
lenos,slate-loser-lenos,3,False,True
lense,slate-pulse-loose-leese-lense,5,False,True
lenti,slate-lefty-lenti,3,False,True
lento,slate-lefty-lenti-lento,4,False,True
leone,slate-bingo-leone,3,True,True
lepak,slate-rangy-medal-belah-lepak,5,False,True
leper,slate-never-leper,3,True,True
lepid,slate-never-bough-jelly-lepid,5,False,True
lepra,slate-rangy-feral-lepra,4,False,True
lepta,slate-delta-lepta,3,False,True
lered,slate-never-rebel-lered,4,False,True
leres,slate-loser-lures-leres,4,False,True
lerps,slate-loser-leers-lerps,4,False,True
lesbo,slate-loser-lesbo,3,False,True
leses,slate-loser-leses,3,False,True
lesos,slate-loser-lesbo-lesos,4,False,True
lests,slate-plumb-lefts-leets-lests,5,False,True
letch,slate-intel-letup-letch,4,False,True
lethe,slate-lithe-lethe,3,False,True
letty,slate-lefty-letty,3,False,True
letup,slate-intel-letup,3,True,True
leuch,slate-never-bough-leuch,4,False,True
leuco,slate-never-bough-leuco,4,False,True
leuds,slate-loser-lexis-lends-leuds,5,False,True
leugh,slate-never-bough-leugh,4,False,True
levas,slate-laser-levas,3,False,True
levee,slate-bingo-levee,3,True,True
level,slate-never-level,3,True,True
lever,slate-never-lever,3,True,True
leves,slate-loser-venom-leves,4,False,True
levin,slate-never-levin,3,True,True
levis,slate-loser-lexis-lewis-lenis-levis,6,False,True
lewis,slate-loser-lexis-lewis,4,True,True
lexes,slate-loser-venom-ledes-leges-lexes,6,False,True
lexis,slate-loser-lexis,3,True,True
lezes,slate-loser-venom-ledes-leges-lexes-lezes,7,False,False
lezza,slate-rangy-medal-fella-lehua-lezza,6,False,True
lezzo,slate-never-bough-cello-lezzo,5,False,True
lezzy,slate-never-bough-jelly-leccy-lezzy,6,False,True
liana,slate-curia-liana,3,False,True
liane,slate-leave-liane,3,False,True
liang,slate-curia-liang,3,True,True
liard,slate-curia-laari-liard,4,False,True
liars,slate-psalm-loans-liars,4,True,True
liart,slate-trail-liart,3,False,True
libel,slate-never-dumpy-bowel-libel,5,True,True
liber,slate-never-limbo-liber,4,False,True
libor,slate-dilly-vigil-limbo-libor,5,False,True
libra,slate-molar-larva-libra,4,True,True
libre,slate-bingo-libre,3,True,True
libri,slate-dilly-vigil-libri,4,False,True
licet,slate-intel-filet-licet,4,False,True
lichi,slate-dilly-vigil-libri-lichi,5,False,True
licht,slate-guilt-limit-licht,4,False,True
licit,slate-guilt-limit-licit,4,True,True
licks,slate-locus-licks,3,True,True
lidar,slate-molar-lunar-lazar-lidar,5,False,True
lidos,slate-locus-lions-lidos,4,False,True
liefs,slate-loser-lexis-liefs,4,False,True
liege,slate-bingo-liege,3,True,True
liens,slate-loser-lexis-liefs-liens,5,False,True
liers,slate-loser-leers-liers,4,False,True
lieus,slate-loser-lexis-liefs-liens-lieus,6,False,True
lieve,slate-bingo-rifle-lieve,4,False,True
lifer,slate-never-limbo-lifer,4,True,True
lifes,slate-loser-venom-likes-lifes,5,False,True
lifey,slate-never-dumpy-holey-lifey,5,False,True
lifts,slate-lusty-lifts,3,True,True
ligan,slate-molar-canal-ligan,4,False,True
liger,slate-never-limbo-lifer-liger,5,False,True
ligge,slate-bingo-liege-ligge,4,False,True
light,slate-guilt-light,3,True,True
ligne,slate-bingo-ligne,3,False,True
liked,slate-never-dumpy-oiled-liked,5,True,True
liken,slate-never-linen-liken,4,True,True
liker,slate-never-limbo-lifer-liger-liker,6,False,True
likes,slate-loser-venom-likes,4,True,True
likin,slate-dilly-vigil-likin,4,False,True
lilac,slate-molar-lilac,3,True,True
lills,slate-locus-limbs-links-lills,5,False,True
lilos,slate-locus-lions-lidos-lilos,5,False,True
lilts,slate-lusty-lifts-lilts,4,False,True
lilty,slate-lofty-lilty,3,False,True
liman,slate-molar-hamal-liman,4,False,True
limas,slate-balsa-usual-limas,4,False,True
limax,slate-molar-hamal-liman-limax,5,False,True
limba,slate-molar-amply-lamia-limba,5,False,True
limbi,slate-dilly-vigil-libri-limbi,5,False,True
limbo,slate-dilly-vigil-limbo,4,True,True
limbs,slate-locus-limbs,3,True,True
limby,slate-dilly-lippy-limby,4,False,True
limed,slate-never-dumpy-limed,4,False,True
limen,slate-never-linen-liken-limen,5,False,True
limes,slate-loser-venom-limes,4,True,True
limey,slate-never-dumpy-limey,4,True,True
limit,slate-guilt-limit,3,True,True
limma,slate-molar-amply-lamia-limba-limma,6,False,True
limns,slate-locus-limbs-limns,4,False,True
limos,slate-locus-lions-lidos-lilos-limos,6,False,True
limpa,slate-molar-amply-limpa,4,False,True
limps,slate-locus-limbs-limns-limps,5,False,True
linac,slate-molar-canal-linac,4,False,True
linch,slate-dilly-vigil-limbo-linch,5,False,True
linds,slate-locus-limbs-links-linds,5,False,True
lindy,slate-dilly-lindy,3,True,True
lined,slate-never-linen-lined,4,True,True
linen,slate-never-linen,3,True,True
liner,slate-never-liner,3,True,True
lines,slate-loser-venom-lines,4,True,True
liney,slate-never-linen-lined-liney,5,False,True
linga,slate-molar-daily-anvil-linga,5,False,True
lingo,slate-dilly-vigil-lingo,4,True,True
lings,slate-locus-limbs-links-linds-lings,6,False,True
lingy,slate-dilly-lippy-limby-lingy,5,False,True
linin,slate-dilly-vigil-likin-linin,5,False,True
links,slate-locus-limbs-links,4,True,True
linky,slate-dilly-lippy-limby-lingy-linky,6,False,True
linns,slate-locus-limbs-links-linds-lings-linns,7,False,False
linny,slate-dilly-lippy-limby-lingy-linky-linny,7,False,False
linos,slate-locus-lions-linos,4,False,True
lints,slate-lusty-lifts-lilts-lints,5,False,True
linty,slate-lofty-lilty-linty,4,False,True
linum,slate-dilly-vigil-limbo-linum,5,False,True
linux,slate-dilly-vigil-limbo-linch-linux,6,False,True
lions,slate-locus-lions,3,True,True
lipas,slate-balsa-usual-limas-lipas,5,False,True
lipes,slate-loser-venom-likes-lifes-lipes,6,False,True
lipid,slate-dilly-livid-lipid,4,True,True
lipin,slate-dilly-vigil-likin-linin-lipin,6,False,True
lipos,slate-locus-lions-lidos-lilos-limos-lipos,7,False,False
lippy,slate-dilly-lippy,3,True,True
liras,slate-balsa-usual-limas-lipas-liras,6,False,True
lirks,slate-locus-limbs-links-lirks,5,False,True
lirot,slate-guilt-limit-licht-lirot,5,False,True
lises,slate-loser-leses-lises,4,False,True
lisks,slate-locus-limbs-links-lirks-lisks,6,False,True
lisle,slate-pulse-esile-lisle,4,False,True
lisps,slate-locus-limbs-links-lills-lisps,6,False,True
lists,slate-lusty-lists,3,True,True
litai,slate-taint-vital-litai,4,False,True
litas,slate-atlas-litas,3,False,True
lited,slate-intel-liter-lited,4,False,True
litem,slate-intel-liter-lited-litem,5,False,True
liter,slate-intel-liter,3,True,True
lites,slate-islet-lites,3,False,True
lithe,slate-lithe,2,True,True
litho,slate-guilt-intil-litho,4,False,True
liths,slate-lotus-liths,3,False,True
litie,slate-lithe-litre-litie,4,False,True
litre,slate-lithe-litre,3,True,True
lived,slate-never-hovel-lived,4,True,True
liven,slate-never-liven,3,True,True
liver,slate-never-liver,3,True,True
lives,slate-loser-venom-lives,4,True,True
livid,slate-dilly-livid,3,True,True
livor,slate-dilly-vigil-livor,4,False,True
livre,slate-bingo-rifle-livre,4,False,True
liwaa,slate-molar-canal-liwaa,4,False,True
liwas,slate-balsa-usual-limas-lipas-liras-liwas,7,False,False
llama,slate-prick-gland-llama,4,True,True
llano,slate-prick-gland-llano,4,False,True
loach,slate-curia-loach,3,False,True
loads,slate-psalm-loans-loads,4,True,True
loafs,slate-psalm-loans-loads-loafs,5,False,True
loams,slate-psalm-loams,3,False,True
loamy,slate-curia-loamy,3,True,True
loans,slate-psalm-loans,3,True,True
loast,slate-loast,2,False,True
loath,slate-loath,2,True,True
loave,slate-leave-loave,3,False,True
lobar,slate-molar-lobar,3,False,True
lobby,slate-dilly-loopy-lobby,4,True,True
lobed,slate-never-dumpy-oiled-lobed,5,True,True
lobes,slate-loser-lobes,3,True,True
lobos,slate-locus-loris-plonk-logos-lobos,6,False,True
lobus,slate-locus-lobus,3,False,True
local,slate-molar-local,3,True,True
loche,slate-bingo-whole-holme-loche,5,False,True
lochs,slate-locus-locks-lochs,4,False,True
lochy,slate-dilly-loopy-lobby-lorry-lochy,6,False,True
locie,slate-bingo-voile-louie-locie,5,False,True
locis,slate-locus-locks-lochs-locis,5,False,True
locks,slate-locus-locks,3,True,True
locky,slate-dilly-loopy-lobby-lorry-lochy-locky,7,False,False
locos,slate-locus-locks-lochs-locis-locos,6,False,True
locum,slate-dilly-prowl-logon-locum,5,False,True
locus,slate-locus,2,True,True
loden,slate-never-linen-lumen-loden,5,False,True
lodes,slate-loser-lobes-loves-lodes,5,False,True
lodge,slate-bingo-lodge,3,True,True
loess,slate-loser-loess,3,True,True
lofts,slate-lusty-lifts-lofts,4,False,True
lofty,slate-lofty,2,True,True
logan,slate-molar-local-logan,4,True,True
loges,slate-loser-lobes-loves-lodes-loges,6,False,True
loggy,slate-dilly-loopy-lobby-lorry-lochy-loggy,7,False,False
logia,slate-molar-voila-logia,4,False,True
logic,slate-dilly-logic,3,True,True
logie,slate-bingo-logie,3,False,True
login,slate-dilly-logic-login,4,True,True
logoi,slate-dilly-logic-logoi,4,False,True
logon,slate-dilly-prowl-logon,4,True,True
logos,slate-locus-loris-plonk-logos,5,True,True
lohan,slate-molar-local-logan-lohan,5,True,True
loids,slate-locus-loris-loins-loids,5,False,True
loins,slate-locus-loris-loins,4,True,True
loipe,slate-bingo-voile-loipe,4,False,True
loirs,slate-locus-loris-loirs,4,False,True
lokes,slate-loser-lobes-loves-lodes-loges-lokes,7,False,False
lokey,slate-never-dumpy-holey-lokey,5,False,True
lokum,slate-dilly-prowl-logon-locum-lokum,6,False,True
lolas,slate-balsa-aglus-colas-kolas-lolas,6,False,True
loled,slate-never-dumpy-oiled-holed-coled-joled-loled,8,False,False
lollo,slate-dilly-hollo-jollo-lollo,5,False,True
lolls,slate-locus-loris-plonk-logos-lolls,6,False,True
lolly,slate-dilly-befog-lymph-lolly,5,True,True
lolog,slate-dilly-lolog,3,False,True
lolos,slate-locus-loris-plonk-logos-lobos-lolos,7,False,False
lomas,slate-balsa-usual-limas-lomas,5,False,True
lomed,slate-never-dumpy-limed-lomed,5,False,True
lomes,slate-loser-lobes-loves-lodes-loges-lokes-lomes,8,False,False
loner,slate-never-liner-loner,4,True,True
longa,slate-molar-voila-longa,4,False,True
longe,slate-bingo-longe,3,False,True
longs,slate-locus-loris-plonk-longs,5,True,True
looby,slate-dilly-loopy-loony-looky-looby,6,False,True
looed,slate-never-dumpy-oiled-lobed-looed,6,False,True
looey,slate-never-dumpy-holey-lokey-looey,6,False,True
loofa,slate-molar-voila-longa-loofa,5,False,True
loofs,slate-locus-loris-plonk-looms-loofs,6,False,True
looie,slate-bingo-voile-louie-locie-looie,6,False,True
looks,slate-locus-loris-plonk-looks,5,True,True
looky,slate-dilly-loopy-loony-looky,5,True,True
looms,slate-locus-loris-plonk-looms,5,True,True
loons,slate-locus-loris-plonk-loons,5,True,True
loony,slate-dilly-loopy-loony,4,True,True
loops,slate-locus-loris-plonk-loops,5,True,True
loopy,slate-dilly-loopy,3,True,True
loord,slate-dilly-loord,3,False,True
loose,slate-pulse-loose,3,True,True
loots,slate-lusty-lifts-loots,4,False,True
loped,slate-never-dumpy-poled-loped,5,True,True
loper,slate-never-limbo-lower-loper,5,False,True
lopes,slate-loser-lobes-loves-lodes-loges-lokes-lomes-lopes,9,False,False
loppy,slate-dilly-loopy-loppy,4,False,True
loral,slate-molar-coral-boral-goral-horal-loral,7,False,False
loran,slate-molar-coral-loran,4,False,True
lords,slate-locus-loris-lords,4,True,True
lordy,slate-dilly-lordy,3,True,True
lorel,slate-never-cruel-morel-borel-forel-lorel,7,False,False
lores,slate-loser-lores,3,False,True
loric,slate-dilly-logic-loric,4,False,True
loris,slate-locus-loris,3,True,True
lorry,slate-dilly-loopy-lobby-lorry,5,True,True
losed,slate-loser-loses-losed,4,False,True
losel,slate-loser-loses-losed-losel,5,False,True
losen,slate-loser-loses-losed-losel-losen,6,False,True
loser,slate-loser,2,True,True
loses,slate-loser-loses,3,True,True
lossy,slate-locus-lossy,3,False,True
lotah,slate-taint-aptly-octal-lotah,5,False,True
lotas,slate-atlas-litas-lotas,4,False,True
lotes,slate-islet-lotes,3,False,True
lotic,slate-guilt-intil-lotic,4,False,True
lotos,slate-lotus-lotos,3,False,True
lotsa,slate-atlas-lotsa,3,False,True
lotta,slate-waltz-lotta,3,False,True
lotte,slate-lefte-lotte,3,False,True
lotto,slate-lofty-lotto,3,True,True
lotus,slate-lotus,2,True,True
loued,slate-never-dumpy-loued,4,False,True
lough,slate-dilly-prowl-logon-lough,5,False,True
louie,slate-bingo-voile-louie,4,True,True
louis,slate-locus-louis,3,False,True
louma,slate-molar-louma,3,False,True
lound,slate-dilly-loord-lound,4,False,True
louns,slate-locus-louis-louns,4,False,True
loupe,slate-bingo-whole-loupe,4,True,True
loups,slate-locus-louis-louns-loups,5,False,True
loure,slate-bingo-whole-loupe-loure,5,False,True
lours,slate-locus-louis-louns-loups-lours,6,False,True
loury,slate-dilly-loopy-lobby-lorry-lowry-loury,7,False,False
louse,slate-pulse-louse,3,True,True
lousy,slate-locus-lousy,3,True,True
louts,slate-lusty-louts,3,False,True
lovat,slate-taint-adult-lovat,4,False,True
loved,slate-never-hovel-loved,4,True,True
lovee,slate-bingo-whole-loupe-lovee,5,False,True
lover,slate-never-liver-lover,4,True,True
loves,slate-loser-lobes-loves,4,True,True
lovey,slate-never-hovel-loved-lovey,5,True,True
lovie,slate-bingo-voile-lovie,4,False,True
lowan,slate-molar-local-logan-lohan-lowan,6,False,True
lowed,slate-never-dumpy-oiled-lobed-looed-lowed,7,False,False
lowen,slate-never-linen-lumen-loden-lowen,6,False,True
lower,slate-never-limbo-lower,4,True,True
lowes,slate-loser-lobes-loves-lodes-loges-lokes-lomes-lopes-lowes,10,False,False
lowly,slate-dilly-lowly,3,True,True
lownd,slate-dilly-loord-lound-lownd,5,False,True
lowne,slate-bingo-leone-lowne,4,False,True
lowns,slate-locus-loris-plonk-lowns,5,False,True
lowps,slate-locus-loris-plonk-lowps,5,False,True
lowry,slate-dilly-loopy-lobby-lorry-lowry,6,True,True
lowse,slate-pulse-loose-lowse,4,False,True
lowth,slate-lofty-lotto-lowth,4,False,True
lowts,slate-lusty-lifts-loots-lowts,5,False,True
loxed,slate-never-dumpy-oiled-lobed-looed-lowed-loxed,8,False,False
loxes,slate-loser-lobes-loves-lodes-loges-lokes-lomes-lopes-lowes-loxes,11,False,False
loyal,slate-molar-local-loyal,4,True,True
lozen,slate-never-linen-lumen-loden-lowen-lozen,7,False,False
luach,slate-curia-luach,3,False,True
luaus,slate-psalm-loans-liars-luaus,5,False,True
lubed,slate-never-dumpy-lubed,4,True,True
lubes,slate-loser-venom-likes-lubes,5,False,True
lubra,slate-molar-larva-libra-lubra,5,False,True
luces,slate-loser-venom-likes-lubes-luces,6,False,True
lucid,slate-dilly-lucid,3,True,True
lucks,slate-locus-lucks,3,False,True
lucky,slate-dilly-loopy-lucky,4,True,True
lucre,slate-bingo-levee-lucre,4,True,True
ludes,slate-loser-venom-likes-lubes-luces-ludes,7,False,False
ludic,slate-dilly-lucid-ludic,4,False,True
ludos,slate-locus-ludos,3,False,True
luffa,slate-molar-daily-annul-luffa,5,False,True
luffs,slate-locus-unarm-lulls-luffs,5,False,True
luged,slate-never-dumpy-lubed-luged,5,False,True
luger,slate-never-limbo-luger,4,True,True
luges,slate-loser-venom-likes-lubes-luces-ludes-luges,8,False,False
lulls,slate-locus-unarm-lulls,4,True,True
lulus,slate-locus-lupus-lulus,4,False,True
lumas,slate-balsa-usual-lumas,4,False,True
lumbi,slate-dilly-logic-lumbi,4,False,True
lumen,slate-never-linen-lumen,4,True,True
lumme,slate-bingo-levee-lucre-lumme,5,False,True
lummy,slate-dilly-loopy-lucky-lummy,5,False,True
lumps,slate-locus-unarm-lumps,4,True,True
lumpy,slate-dilly-loopy-lumpy,4,True,True
lunar,slate-molar-lunar,3,True,True
lunas,slate-balsa-usual-lumas-lunas,5,False,True
lunch,slate-dilly-prowl-lunch,4,True,True
lunes,slate-loser-venom-lines-lunes,5,False,True
lunet,slate-intel-lunet,3,False,True
lunge,slate-bingo-lunge,3,True,True
lungi,slate-dilly-logic-lungi,4,False,True
lungs,slate-locus-unarm-lungs,4,True,True
lunks,slate-locus-unarm-lungs-lunks,5,False,True
lunts,slate-lusty-lunts,3,False,True
lupin,slate-dilly-logic-lupin,4,False,True
lupus,slate-locus-lupus,3,True,True
lurch,slate-dilly-prowl-lurch,4,True,True
lured,slate-never-cruel-lured,4,True,True
lurer,slate-never-limbo-luger-lurer,5,False,True
lures,slate-loser-lures,3,True,True
lurex,slate-never-cruel-lured-lurex,5,False,True
lurgi,slate-dilly-logic-lungi-lurgi,5,False,True
lurgy,slate-dilly-loopy-lucky-lummy-lurgy,6,False,True
lurid,slate-dilly-lucid-lurid,4,True,True
lurks,slate-locus-unarm-lurks,4,True,True
lurry,slate-dilly-loopy-lucky-lummy-lurgy-lurry,7,False,False
lurve,slate-bingo-levee-lurve,4,False,True
luser,slate-loser-luser,3,False,True
lushy,slate-locus-lushy,3,False,True
lusks,slate-locus-unarm-lulls-luffs-lusks,6,False,True
lusts,slate-lusty-lusts,3,True,True
lusty,slate-lusty,2,True,True
lusus,slate-locus-lupus-lulus-lusus,5,False,True
lutea,slate-paler-lutea,3,False,True
luted,slate-intel-luted,3,True,True
luter,slate-intel-luted-luter,4,False,True
lutes,slate-islet-lotes-lutes,4,False,True
luvvy,slate-dilly-loopy-lucky-lummy-lurgy-luvvy,7,False,False
luxed,slate-never-dumpy-lubed-luged-luxed,6,False,True
luxer,slate-never-limbo-luger-lurer-luxer,6,False,True
luxes,slate-loser-venom-likes-lubes-luces-ludes-luges-luxes,9,False,False
lweis,slate-loser-lexis-lweis,4,False,True
lyams,slate-psalm-loams-lyams,4,False,True
lyard,slate-curia-drawl-lyard,4,False,True
lyart,slate-trail-lyart,3,False,True
lyase,slate-lease-lyase,3,False,True
lycea,slate-rangy-ayelp-lycea,4,False,True
lycee,slate-bingo-levee-lycee,4,False,True
lycra,slate-molar-larva-libra-lycra,5,False,True
lying,slate-dilly-lying,3,True,True
lymes,slate-loser-venom-limes-lymes,5,False,True
lymph,slate-dilly-lymph,3,True,True
lynch,slate-dilly-lymph-lynch,4,True,True
lynes,slate-loser-venom-lines-lunes-lynes,6,False,True
lyres,slate-loser-lures-leres-lyres,5,False,True
lyric,slate-dilly-lying-lyric,4,True,True
lysed,slate-loser-leses-lysed,4,False,True
lyses,slate-loser-leses-lises-lyses,5,False,True
lysin,slate-locus-lysin,3,False,True
lysis,slate-locus-limbs-lysis,4,False,True
lysol,slate-locus-lysol,3,False,True
lyssa,slate-balsa-lyssa,3,False,True
lyted,slate-intel-luted-lyted,4,False,True
lytes,slate-islet-lotes-lutes-lytes,5,False,True
lythe,slate-lithe-lethe-lythe,4,False,True
lytic,slate-guilt-intil-lotic-lytic,5,False,True
lytta,slate-waltz-lotta-lytta,4,False,True
maaed,slate-derby-caaed-maaed,4,False,True
maare,slate-prick-aware-maare,4,False,True
maars,slate-curbs-grass-padre-haars-maars,6,False,True
maban,slate-corny-admin-maban,4,False,True
mabes,slate-ashen-frock-gumbo-mabes,5,False,True
macas,slate-oasis-brand-pouch-jacks-cacas-macas,7,False,False
macaw,slate-corny-magic-macaw,4,True,True
macca,slate-corny-magic-macaw-macca,5,False,True
maced,slate-radar-funky-caped-maced,5,False,True
macer,slate-radar-pygmy-maker-macer,5,False,True
maces,slate-ashen-frock-vapid-cages-maces,6,False,True
mache,slate-corgi-dance-mache,4,False,True
machi,slate-corny-magic-machi,4,False,True
macho,slate-corny-macho,3,True,True
machs,slate-oasis-brand-pouch-hacks-machs,6,False,True
macka,slate-corny-magic-macaw-macca-macka,6,False,True
macks,slate-oasis-brand-pouch-jacks-cacks-kacks-macks,8,False,False
macle,slate-bangs-mulch-macle,4,False,True
macon,slate-corny-bacon-macon,4,False,True
macro,slate-corny-macro,3,True,True
macte,slate-acute-carte-macte,4,False,True
madal,slate-molar-mahal-madal,4,False,True
madam,slate-corny-mafia-madam,4,True,True
madar,slate-corny-rabid-damar-madar,5,False,True
maddy,slate-corny-budge-daddy-paddy-faddy-maddy,7,False,False
madge,slate-corgi-badge-madge,4,True,True
madid,slate-corny-mafia-maxim-madid,5,False,True
madly,slate-molar-madly,3,True,True
mados,slate-oasis-baons-camos-mados,5,False,True
madre,slate-corgi-azure-padre-madre,5,True,True
maedi,slate-radar-funky-caped-maedi,5,False,True
maerl,slate-rangy-paler-maerl,4,False,True
mafia,slate-corny-mafia,3,True,True
mafic,slate-corny-magic-mafic,4,False,True
mafts,slate-nymph-marts-masts-mafts,5,False,True
magas,slate-oasis-brand-pouch-mamas-magas,6,False,True
mages,slate-ashen-frock-gumbo-mages,5,False,True
maggs,slate-oasis-brand-pouch-mamas-maggs,6,False,True
magic,slate-corny-magic,3,True,True
magma,slate-corny-mafia-magma,4,True,True
magna,slate-corny-mixup-manna-magna,5,True,True
magot,slate-tabor-cagot-fagot-magot,5,False,True
magus,slate-oasis-brand-pouch-favus-kagus-magus,7,False,False
mahal,slate-molar-mahal,3,True,True
mahem,slate-radar-cameo-maven-mahem,5,False,True
mahis,slate-oasis-mavis-mahis,4,False,True
mahoe,slate-corgi-abode-mahoe,4,False,True
mahrs,slate-oasis-brand-whomp-mahrs,5,False,True
mahua,slate-corny-mafia-magma-mahua,5,False,True
mahwa,slate-corny-mafia-magma-mahua-mahwa,6,False,True
maids,slate-oasis-ripen-maids,4,True,True
maiko,slate-corny-adobo-haugo-maiko,5,False,True
maiks,slate-oasis-ripen-maids-maiks,5,False,True
maile,slate-bangs-mulch-maple-maile,5,False,True
maill,slate-molar-madly-maill,4,False,True
mailo,slate-molar-mailo,3,False,True
mails,slate-balsa-pinch-wormy-mails,5,True,True
maims,slate-oasis-ripen-maids-maiks-maims,6,False,True
mains,slate-oasis-ripen-gains-mains,5,True,True
maire,slate-corgi-afire-zaire-maire,5,False,True
mairs,slate-oasis-ripen-fairs-hairs-gairs-mairs,7,False,False
maise,slate-crump-masse-manse-maise,5,False,True
maist,slate-antsy-waist-maist,4,False,True
maize,slate-corgi-naive-maize,4,True,True
majas,slate-oasis-brand-pouch-mamas-magas-majas,7,False,False
majat,slate-tabor-humph-majat,4,False,True
majoe,slate-corgi-abode-mahoe-majoe,5,False,True
major,slate-corny-armor-major,4,True,True
majos,slate-oasis-baons-camos-mados-majos,6,False,True
makaf,slate-corny-mafia-makaf,4,False,True
makai,slate-corny-mafia-makai,4,False,True
makan,slate-corny-admin-maban-makan,5,False,True
makar,slate-corny-rabid-gazar-makar,5,False,True
makee,slate-corgi-maybe-mauve-makee,5,False,True
maker,slate-radar-pygmy-maker,4,True,True
makes,slate-ashen-frock-wimpy-makes,5,True,True
makie,slate-corgi-naive-mamie-makie,5,False,True
makis,slate-oasis-mavis-mahis-makis,5,False,True
makos,slate-oasis-baons-camos-mados-majos-makos,7,False,False
malae,slate-bangs-mulch-malae,4,False,True
malai,slate-molar-malai,3,False,True
malam,slate-molar-malai-malam,4,False,True
malar,slate-molar-malar,3,False,True
malas,slate-balsa-galas-kalas-malas,5,False,True
malax,slate-molar-malai-malam-malax,5,False,True
maleo,slate-rangy-label-paled-jaleo-maleo,6,False,True
males,slate-laser-whomp-males,4,True,True
malic,slate-molar-malic,3,True,True
malik,slate-molar-malic-malik,4,True,True
malis,slate-balsa-whomp-malls-malis,5,False,True
malky,slate-molar-malic-malky,4,False,True
malls,slate-balsa-whomp-malls,4,True,True
malms,slate-balsa-whomp-calms-malms,5,False,True
malmy,slate-molar-malic-malky-malmy,5,False,True
malts,slate-lasts-dalts-halts-malts,5,False,True
malty,slate-waltz-malty,3,True,True
malus,slate-balsa-whomp-malls-malis-malus,6,False,True
malva,slate-molar-malic-malky-malva,5,False,True
malwa,slate-molar-malic-malky-malva-malwa,6,False,True
mamak,slate-corny-mafia-madam-mamak,5,False,True
mamas,slate-oasis-brand-pouch-mamas,5,True,True
mamba,slate-corny-mafia-magma-mamba,5,True,True
mambo,slate-corny-adobo-mambo,4,True,True
mambu,slate-corny-mafia-mambu,4,False,True
mamee,slate-corgi-maybe-mauve-makee-mamee,6,False,True
mamey,slate-radar-cameo-gamey-mamey,5,False,True
mamie,slate-corgi-naive-mamie,4,True,True
mamil,slate-molar-madly-mamil,4,False,True
mamma,slate-corny-mafia-magma-mamma,5,True,True
mammy,slate-corny-budge-hammy-jammy-mammy,6,False,True
manas,slate-oasis-brand-graph-yanks-manas,6,False,True
manat,slate-tabor-humph-majat-manat,5,False,True
mandi,slate-corny-admin-mandi,4,False,True
mands,slate-oasis-brand-hands-wands-fands-mands,7,False,False
mandy,slate-corny-handy-dandy-bandy-gandy-kandy-mandy,8,False,False
maneb,slate-radar-cameo-maven-maneb,5,False,True
maned,slate-radar-funky-caned-waned-baned-eaned-maned,8,False,False
maneh,slate-radar-cameo-maven-maneb-maneh,6,False,True
manes,slate-ashen-wanes-canes-banes-fanes-janes-kanes-manes,9,False,False
manet,slate-treed-facet-manet,4,True,True
manga,slate-corny-admin-manga,4,True,True
mange,slate-corgi-badge-gauge-mange,5,True,True
mangi,slate-corny-admin-mangi,4,False,True
mango,slate-corny-wagon-mango,4,True,True
mangs,slate-oasis-brand-graph-fangs-cangs-kangs-mangs,8,False,False
mangy,slate-corny-handy-mangy,4,True,True
mania,slate-corny-admin-mania,4,True,True
manic,slate-corny-manic,3,True,True
manie,slate-corgi-naive-manie,4,False,True
manis,slate-oasis-mavis-mahis-makis-manis,6,False,True
manks,slate-oasis-brand-graph-yanks-fanks-manks,7,False,False
manky,slate-corny-handy-mangy-manky,5,False,True
manly,slate-molar-madly-manly,4,True,True
manna,slate-corny-mixup-manna,4,True,True
manny,slate-corny-nanny-danny-manny,5,True,True
manoa,slate-corny-wagon-nabob-manoa,5,False,True
manor,slate-corny-adorn-manor,4,True,True
manos,slate-oasis-baons-fanos-manos,5,False,True
manse,slate-crump-masse-manse,4,True,True
manso,slate-oasis-canso-manso,4,False,True
manta,slate-taint-panty-manta,4,True,True
mante,slate-acute-matte-mante,4,False,True
manto,slate-taint-panty-manta-manto,5,False,True
mants,slate-nymph-mants,3,False,True
manty,slate-taint-panty-banty-canty-janty-manty,7,False,False
manul,slate-molar-madly-mamil-manul,5,False,True
manus,slate-oasis-brand-graph-yanks-manas-manus,7,False,False
manzo,slate-corny-wagon-banjo-panko-danio-manzo,7,False,False
mapau,slate-corny-mafia-madam-mapau,5,False,True
mapes,slate-ashen-frock-gumbo-mazes-mapes,6,False,True
maple,slate-bangs-mulch-maple,4,True,True
mapou,slate-corny-adobo-ouija-mapou,5,False,True
mappy,slate-corny-budge-hammy-mappy,5,False,True
maqam,slate-corny-mafia-madam-maqam,5,False,True
maqui,slate-corny-mafia-maqui,4,False,True
marae,slate-corgi-barre-karee-marae,5,False,True
marah,slate-corny-parka-aargh-marah,5,False,True
maral,slate-molar-mural-maral,4,False,True
maran,slate-corny-quran-maran,4,False,True
maras,slate-oasis-brand-whomp-marks-maras,6,False,True
maray,slate-corny-parry-hardy-barby-karzy-maray,7,False,False
march,slate-corny-march,3,True,True
marcs,slate-oasis-brand-whomp-marks-maras-marcs,7,False,False
mards,slate-oasis-brand-yucky-wards-fards-hards-mards,8,False,False
mardy,slate-corny-parry-hardy-bardy-mardy,6,False,True
mares,slate-ashen-frock-wormy-mares,5,True,True
marga,slate-corny-parka-barra-darga-marga,6,False,True
marge,slate-corgi-barge-marge,4,False,True
margo,slate-corny-arrow-bardo-margo,5,False,True
margs,slate-oasis-brand-whomp-marks-maras-marcs-margs,8,False,False
maria,slate-corny-parka-barra-darga-maria,6,False,True
marid,slate-corny-parka-barfi-harim-marid,6,False,True
maril,slate-molar-maril,3,False,True
marka,slate-corny-parka-marka,4,False,True
marks,slate-oasis-brand-whomp-marks,5,True,True
marle,slate-bangs-mulch-maple-maile-marle,6,False,True
marls,slate-balsa-pinch-larks-darls-farls-jarls-marls,8,False,False
marly,slate-molar-maril-marly,4,False,True
marma,slate-corny-parka-barra-darga-maria-marma,7,False,False
marms,slate-oasis-brand-whomp-farms-garms-marms,7,False,False
maron,slate-corny-apron-baron-maron,5,False,True
maror,slate-corny-arrow-maror,4,False,True
marra,slate-corny-parka-barra-marra,5,False,True
marri,slate-corny-parka-barfi-darzi-garri-marri,7,False,False
marry,slate-corny-parry-marry,4,True,True
marse,slate-crump-marse,3,False,True
marsh,slate-oasis-marsh,3,True,True
marts,slate-nymph-marts,3,True,True
marua,slate-corny-parka-barra-darga-maria-marma-marua,8,False,False
marvy,slate-corny-parry-hardy-barby-karzy-maray-marvy,8,False,False
masas,slate-oasis-wreck-gasps-basas-masas,6,False,True
mased,slate-ashen-frock-gumbo-mazes-mased,6,False,True
maser,slate-ashen-frock-wormy-maser,5,False,True
mases,slate-ashen-frock-gumbo-mazes-mapes-mases,7,False,False
masha,slate-oasis-raspy-masha,4,True,True
mashy,slate-oasis-raspy-washy-dashy-gashy-hashy-mashy,8,False,False
masks,slate-oasis-wreck-masks,4,True,True
mason,slate-oasis-mason,3,True,True
massa,slate-oasis-gassy-massa,4,False,True
masse,slate-crump-masse,3,True,True
massy,slate-oasis-gassy-bassy-massy,5,False,True
masts,slate-nymph-marts-masts,4,True,True
masty,slate-nymph-masty,3,False,True
masur,slate-oasis-raspy-masur,4,False,True
masus,slate-oasis-wreck-gasps-basas-masus,6,False,True
masut,slate-antsy-tacks-masut,4,False,True
matai,slate-tabor-humph-majat-matai,5,False,True
match,slate-tabor-humph-match,4,True,True
mated,slate-treed-gated-thumb-mated,5,True,True
mater,slate-treed-watch-rater-mater,5,True,True
mates,slate-asset-butch-groom-mates,5,True,True
matey,slate-treed-facet-matey,4,True,True
mathe,slate-bathe-eathe-mathe,4,False,True
maths,slate-antsy-wombs-maths,4,True,True
matin,slate-tabor-humph-majat-matin,5,False,True
matlo,slate-taint-fatal-latch-matlo,5,False,True
matra,slate-tabor-carat-matra,4,False,True
matsu,slate-antsy-fatso-matsu,4,False,True
matte,slate-acute-matte,3,True,True
matts,slate-nymph-marts-masts-mafts-matts,6,False,True
matty,slate-taint-scrap-fatty-batty-hatty-matty,7,False,False
matza,slate-tabor-humph-majat-matza,5,False,True
matzo,slate-tabor-matzo,3,True,True
mauby,slate-corny-budge-mauby,4,False,True
mauds,slate-oasis-brand-dacks-gauds-hauds-mauds,7,False,False
mauka,slate-corny-mafia-magma-mahua-mauka,6,False,True
maula,slate-molar-madly-maill-maula,5,False,True
mauls,slate-balsa-pinch-larks-gaols-mauls,6,False,True
maums,slate-oasis-brand-pouch-gaums-maums,6,False,True
maumy,slate-corny-budge-appuy-maumy,5,False,True
maund,slate-corny-mixup-maund,4,False,True
maunt,slate-tabor-humph-datum-maunt,5,False,True
mauri,slate-corny-rabid-kauri-mauri,5,False,True
mausy,slate-oasis-marsh-mausy,4,False,True
mauts,slate-nymph-marts-masts-mafts-matts-mauts,7,False,False
mauve,slate-corgi-maybe-mauve,4,True,True
mauvy,slate-corny-budge-appuy-maumy-mauvy,6,False,True
mauzy,slate-corny-budge-appuy-maumy-mauvy-mauzy,7,False,False
maven,slate-radar-cameo-maven,4,True,True
mavie,slate-corgi-naive-mavie,4,False,True
mavin,slate-corny-admin-mavin,4,False,True
mavis,slate-oasis-mavis,3,True,True
mawed,slate-radar-funky-caped-wight-jawed-dawed-mawed,8,False,False
mawks,slate-oasis-brand-pouch-mamas-maggs-mawks,7,False,False
mawky,slate-corny-budge-hammy-mappy-mawky,6,False,True
mawla,slate-molar-madly-maill-maula-mawla,6,False,True
mawns,slate-oasis-brand-pawns-yawns-fawns-jawns-mawns,8,False,False
mawps,slate-oasis-brand-pouch-vamps-mawps,6,False,True
mawrs,slate-oasis-brand-whomp-mawrs,5,False,True
maxed,slate-radar-funky-caped-wight-dazed-maxed,7,True,False
maxes,slate-ashen-frock-gumbo-mazes-mapes-mases-maxes,8,False,False
maxim,slate-corny-mafia-maxim,4,True,True
maxis,slate-oasis-mavis-mahis-makis-manis-maxis,7,False,False
mayan,slate-corny-mayan,3,True,True
mayas,slate-oasis-brand-pouch-mamas-magas-majas-mayas,8,False,False
maybe,slate-corgi-maybe,3,True,True
mayed,slate-radar-funky-bayed-payed-hayed-mayed,7,False,False
mayor,slate-corny-mayor,3,True,True
mayos,slate-oasis-baons-camos-mados-majos-makos-mayos,8,False,False
mayst,slate-antsy-mayst,3,False,True
mazac,slate-corny-magic-mazac,4,False,True
mazak,slate-corny-mafia-madam-mapau-mazak,6,False,True
mazar,slate-corny-rabid-gazar-mazar,5,False,True
mazas,slate-oasis-brand-pouch-mamas-magas-majas-mayas-mazas,9,False,False
mazed,slate-radar-funky-caped-wight-dazed-mazed,7,False,False
mazel,slate-rangy-label-hazel-mazel,5,True,True
mazer,slate-radar-pygmy-maker-macer-mazer,6,False,True
mazes,slate-ashen-frock-gumbo-mazes,5,True,True
mazet,slate-treed-facet-manet-mazet,5,False,True
mazey,slate-radar-cameo-maven-mahem-mazey,6,False,True
mazut,slate-tabor-humph-datum-mazut,5,False,True
mbari,slate-churn-award-ovary-imari-mbari,6,False,True
mbars,slate-curbs-brass-kbars-mbars,5,False,True
mbila,slate-molar-madly-mbila,4,False,True
mbira,slate-corny-rabid-briar-mbira,5,False,True
mbret,slate-titer-greet-buret-mbret,5,False,True
mbube,slate-doing-scrum-mbube,4,False,True
mbuga,slate-corny-mafia-mbuga,4,False,True
meads,slate-redub-heads-meads,4,True,True
meake,slate-prick-quake-awake-meake,5,False,True
meaks,slate-redub-wimpy-means-meaks,5,False,True
meals,slate-leash-verde-meals,4,True,True
mealy,slate-leary-mealy,3,True,True
meane,slate-prick-mewed-meane,4,False,True
means,slate-redub-wimpy-means,4,True,True
meant,slate-enact-meant,3,True,True
meany,slate-derby-heavy-meany,4,False,True
meare,slate-prick-aware-deare-beare-feare-geare-heare-meare,9,False,False
mease,slate-cease-fease-mease,4,False,True
meath,slate-heath-death-neath-beath-meath,6,False,True
meats,slate-thumb-meats,3,True,True
meaty,slate-heath-meaty,3,True,True
mebbe,slate-doing-scrum-femme-mebbe,5,False,True
mebos,slate-runes-chess-demos-mebos,5,False,True
mecca,slate-radar-hyena-mecca,4,True,True
mecha,slate-radar-hyena-bohea-mecha,5,False,True
mechs,slate-runes-chess-echos-hecks-mechs,6,False,True
mecks,slate-runes-chess-wiped-becks-fecks-gecks-kecks-mecks,9,False,False
mecum,slate-diner-geeky-bebop-cecum-mecum,6,False,True
medal,slate-rangy-medal,3,True,True
media,slate-radar-media,3,True,True
medic,slate-diner-medic,3,True,True
medii,slate-diner-medic-medii,4,False,True
medin,slate-diner-medin,3,False,True
medle,slate-bingo-levee-merle-medle,5,False,True
meech,slate-diner-geeky-beech-meech,5,False,True
meeds,slate-runes-chess-dweeb-feeds-meeds,6,False,True
meeja,slate-radar-hyena-omega-keema-meeja,6,False,True
meeps,slate-runes-chess-dweeb-pokey-jeeps-geeps-meeps,8,False,False
meers,slate-runes-press-verbs-jeers-deers-feers-meers,8,False,False
meets,slate-testy-grind-beets-meets,5,True,True
meffs,slate-runes-chess-demos-meffs,5,False,True
meids,slate-runes-chess-demos-meids,5,False,True
meiko,slate-diner-emoji-meiko,4,False,True
meils,slate-loser-cheep-belay-veils-deils-meils,7,False,False
meins,slate-runes-peeve-necks-beins-meins,6,False,True
meint,slate-titer-edict-feint-meint,5,False,True
meiny,slate-diner-eking-veiny-meiny,5,False,True
meism,slate-runes-messy-meism,4,False,True
meith,slate-pinch-meith,3,False,True
mekka,slate-radar-hyena-mecca-mekka,5,False,True
melam,slate-rangy-medal-melam,4,False,True
melas,slate-laser-avels-melas,4,False,True
melba,slate-rangy-medal-melba,4,False,True
melch,slate-never-bough-delph-felch-melch,6,False,True
melds,slate-loser-cheep-belay-wells-delfs-gelds-melds,8,False,False
melee,slate-bingo-levee-melee,4,True,True
meles,slate-loser-wimpy-mules-meles,5,False,True
melic,slate-never-bough-jelly-felid-kelim-melic,7,False,False
melik,slate-never-bough-jelly-felid-kelim-melik,7,False,False
mells,slate-loser-cheep-belay-wells-dells-fells-jells-kells-mells,10,False,False
meloe,slate-bingo-whole-loupe-kyloe-meloe,6,False,True
melon,slate-never-melon,3,True,True
melos,slate-loser-delos-helos-melos,5,False,True
melts,slate-plumb-melts,3,True,True
melty,slate-lefty-melty,3,True,True
memes,slate-runes-feces-bedes-hemes-memes,6,False,True
memic,slate-diner-emoji-bemix-femic-hemic-memic,7,False,False
memos,slate-runes-chess-demos-memos,5,True,True
menad,slate-radar-decay-begad-hexad-menad,6,False,True
mence,slate-doing-punch-fence-mence,5,False,True
mends,slate-runes-bends-fends-hends-mends,6,False,True
mened,slate-diner-botch-mened,4,False,True
menes,slate-runes-crimp-omnes-menes,5,False,True
menge,slate-doing-genre-henge-menge,5,False,True
mengs,slate-runes-bends-penis-fenks-mengs,6,False,True
menil,slate-never-melon-menil,4,False,True
mensa,slate-ashen-earns-mensa,4,True,True
mense,slate-rosin-dense-cense-mense,5,False,True
mensh,slate-runes-eensy-mensh,4,False,True
menta,slate-earth-aceta-betta-menta,5,False,True
mento,slate-pinch-bento-mento,4,False,True
ments,slate-testy-grind-cents-vents-bents-fents-hents-kents-ments,10,False,False
menus,slate-runes-genus-menus,4,True,True
meous,slate-runes-feuds-jehus-meous,5,False,True
meows,slate-runes-chess-demos-meows,5,False,True
merch,slate-diner-merry-merch,4,True,True
mercs,slate-runes-press-throb-germs-mercs,6,False,True
mercy,slate-diner-merry-mercy,4,True,True
merde,slate-doing-crude-verde-merde,5,False,True
merds,slate-runes-press-throb-germs-mercs-merds,7,False,False
mered,slate-diner-befog-cered-mered,5,False,True
merel,slate-never-rebel-kerel-merel,5,False,True
merer,slate-diner-whomp-ember-merer,5,False,True
meres,slate-runes-porch-fires-beres-deres-geres-meres,8,False,False
merge,slate-doing-verge-merge,4,True,True
meril,slate-never-reply-ceorl-meril,5,False,True
meris,slate-runes-press-throb-germs-mercs-merds-meris,8,False,False
merit,slate-titer-merit,3,True,True
merks,slate-runes-press-throb-germs-mercs-merds-meris-merks,9,False,False
merle,slate-bingo-levee-merle,4,True,True
merls,slate-loser-reels-herls-merls,5,False,True
merry,slate-diner-merry,3,True,True
merse,slate-rosin-purse-verse-herse-merse,6,False,True
mersk,slate-runes-fresh-verso-mersk,5,False,True
mesad,slate-ashen-resaw-mesad,4,False,True
mesal,slate-laser-mesal,3,False,True
mesas,slate-ashen-resaw-mesad-mesas,5,False,True
mesca,slate-ashen-resaw-mesca,4,False,True
mesel,slate-loser-eisel-mesel,4,False,True
mesem,slate-runes-mosey-mesem,4,False,True
meses,slate-runes-feces-bedes-hemes-meses,6,False,True
meshy,slate-runes-messy-meshy,4,True,True
mesia,slate-ashen-resaw-mesca-mesia,5,False,True
mesic,slate-runes-messy-mesic,4,False,True
mesne,slate-rosin-ensue-mesne,4,False,True
meson,slate-runes-newsy-meson,4,False,True
messy,slate-runes-messy,3,True,True
mesto,slate-testy-pesto-mesto,4,False,True
mesyl,slate-loser-mesyl,3,False,True
metal,slate-paler-fetal-metal,4,True,True
metas,slate-asset-betas-fetas-getas-ketas-metas,7,False,False
meted,slate-titer-often-meted,4,True,True
meteg,slate-titer-often-meted-meteg,5,False,True
metel,slate-intel-motel-metel,4,False,True
meter,slate-titer-pound-meter,4,True,True
metes,slate-cruet-timon-metes,4,False,True
methi,slate-titer-fetid-methi,4,False,True
metho,slate-titer-fetch-metho,4,False,True
meths,slate-cruet-ethos-beths-heths-meths,6,False,True
methy,slate-titer-fetch-metho-methy,5,False,True
metic,slate-titer-fetid-metic,4,False,True
metif,slate-titer-fetid-metif,4,False,True
metis,slate-cruet-ethos-tends-metis,5,False,True
metol,slate-intel-extol-ketol-metol,5,False,True
metre,slate-chirp-outre-metre,4,True,True
metro,slate-titer-retry-metro,4,True,True
metta,slate-earth-aceta-betta-fetta-metta,6,False,True
meums,slate-runes-feuds-geums-meums,5,False,True
meuse,slate-rosin-geese-meuse,4,False,True
meved,slate-diner-moped-mewed-meved,5,False,True
meves,slate-runes-feces-bedes-hemes-meses-meves,7,False,False
mewed,slate-diner-moped-mewed,4,True,True
mewls,slate-loser-cheep-belay-veils-mewls,6,False,True
meynt,slate-titer-pouch-event-meynt,5,False,True
mezes,slate-runes-feces-bedes-hemes-meses-meves-mezes,8,False,False
mezza,slate-radar-hyena-mecca-mekka-mezza,6,False,True
mezze,slate-doing-scrum-femme-mebbe-mezze,6,False,True
mezzo,slate-diner-geeky-bebop-mezzo,5,True,True
mgals,slate-psalm-mgals,3,False,True
mhorr,slate-crony-fjord-koori-mhorr,5,False,True
miais,slate-curbs-amass-foams-miais,5,False,True
miaou,slate-churn-guava-umami-miaou,5,False,True
miaow,slate-churn-foamy-imago-miaow,5,False,True
miasm,slate-curbs-awash-miasm,4,False,True
miaul,slate-curia-miaul,3,False,True
micas,slate-oasis-minas-micas,4,False,True
miche,slate-doing-puree-bikie-fiche-miche,6,False,True
michi,slate-crony-quick-mimic-michi,5,False,True
micht,slate-count-dicht-micht,4,False,True
micks,slate-hokum-micks,3,False,True
micky,slate-crony-mucky-micky,4,True,True
micos,slate-hokum-dsomo-imbos-micos,5,False,True
micra,slate-corny-vicar-micra,4,False,True
micro,slate-crony-micro,3,True,True
middy,slate-crony-dumpy-middy,4,False,True
midge,slate-doing-ridge-midge,4,True,True
midgy,slate-crony-dumpy-middy-midgy,5,False,True
midis,slate-hokum-missy-minds-midis,5,False,True
midst,slate-trout-midst,3,True,True
miens,slate-runes-peeve-omens-miens,5,False,True
mieux,slate-diner-mieux,3,False,True
mieve,slate-doing-puree-jewie-kieve-mieve,6,False,True
miffs,slate-hokum-missy-minds-miffs,5,False,True
miffy,slate-crony-dumpy-miffy,4,False,True
mifty,slate-briny-waked-fifty-mifty,5,False,True
miggs,slate-hokum-missy-minds-miffs-miggs,6,False,True
might,slate-count-dwarf-might,4,True,True
migma,slate-corny-mafia-migma,4,False,True
migod,slate-crony-bough-gizmo-migod,5,False,True
mihas,slate-oasis-minas-micas-mihas,5,False,True
mihis,slate-hokum-whims-mihis,4,False,True
mikan,slate-corny-admin-mikan,4,False,True
miked,slate-diner-video-biped-remix-miked,6,True,True
mikes,slate-runes-feces-moped-mikes,5,True,True
mikos,slate-hokum-mikos,3,False,True
mikra,slate-corny-rabid-prima-mikra,5,False,True
mikva,slate-corny-mafia-migma-mikva,5,False,True
milch,slate-dilly-zilch-filch-hilch-milch,6,False,True
milds,slate-locus-whomp-mills-milds,5,False,True
miler,slate-never-limbo-miler,4,True,True
miles,slate-loser-wimpy-miles,4,True,True
milfs,slate-locus-whomp-mills-milds-milfs,6,False,True
milia,slate-molar-malic-milia,4,False,True
milko,slate-dilly-zilch-bilbo-milko,5,False,True
milks,slate-locus-whomp-mills-milds-milfs-milks,7,False,False
milky,slate-dilly-milky,3,True,True
mille,slate-bingo-rifle-mille,4,True,True
mills,slate-locus-whomp-mills,4,True,True
milly,slate-dilly-whiff-billy-gilly-milly,6,True,True
milor,slate-dilly-zilch-bilbo-filon-milor,6,False,True
milos,slate-locus-idols-kilos-filos-milos,6,False,True
milpa,slate-molar-malic-milpa,4,False,True
milts,slate-lusty-vouch-tilts-gilts-jilts-kilts-milts,8,False,False
milty,slate-lofty-culty-kilty-milty,5,False,True
miltz,slate-lofty-culti-miltz,4,False,True
mimed,slate-diner-video-biped-remix-mimed,6,True,True
mimeo,slate-diner-bicep-jivey-mimeo,5,False,True
mimer,slate-diner-parka-fixer-giver-jiber-mimer,7,False,False
mimes,slate-runes-feces-moped-mikes-mixes-mimes,7,False,False
mimic,slate-crony-quick-mimic,4,True,True
mimis,slate-hokum-missy-minds-miffs-miggs-mimis,7,False,False
mimsy,slate-hokum-missy-mimsy,4,False,True
minae,slate-corgi-naive-ainee-minae,5,False,True
minar,slate-corny-urban-dinar-minar,5,False,True
minas,slate-oasis-minas,3,True,True
mince,slate-doing-wince-mince,4,True,True
mincy,slate-crony-nicky-mincy,4,False,True
mindi,slate-crony-unzip-bindi-mindi,5,False,True
minds,slate-hokum-missy-minds,4,True,True
mined,slate-diner-wimpy-mined,4,True,True
miner,slate-diner-finer-miner,4,True,True
mines,slate-runes-crimp-mines,4,True,True
minge,slate-doing-hinge-binge-ginge-minge,6,False,True
mingi,slate-crony-unzip-bindi-mingi,5,False,True
mings,slate-hokum-missy-minds-mings,5,False,True
mingy,slate-crony-pudgy-bingy-kingy-mingy,6,False,True
minim,slate-crony-unzip-minim,4,True,True
minis,slate-hokum-missy-minds-mings-minis,6,False,True
minke,slate-doing-wince-minke,4,False,True
minks,slate-hokum-micks-minks,4,False,True
minny,slate-crony-funny-ninny-ginny-vinny-hinny-minny,8,False,False
minor,slate-crony-mondo-minor,4,True,True
minos,slate-hokum-dsomo-imbos-micos-minos,6,False,True
minse,slate-rosin-minse,3,False,True
mints,slate-forum-misty-mints,4,True,True
minty,slate-briny-minty,3,True,True
minus,slate-hokum-minus,3,True,True
minxy,slate-crony-pudgy-kinky-minxy,5,False,True
miraa,slate-corny-parka-agria-miraa,5,False,True
mirah,slate-corny-parka-abrim-mirah,5,False,True
mirch,slate-crony-birch-mirch,4,False,True
mired,slate-diner-whomp-mired,4,True,True
mires,slate-runes-porch-fires-wires-mires,6,False,True
mirex,slate-diner-mirex,3,False,True
mirid,slate-crony-quirk-rigid-mirid,5,False,True
mirin,slate-crony-mirin,3,True,True
mirkn,slate-crony-mirin-mirkn,4,False,True
mirks,slate-hokum-micks-minks-mirks,5,False,True
mirky,slate-crony-mired-mirky,4,False,True
mirls,slate-locus-whomp-mills-mirls,5,False,True
mirly,slate-dilly-girly-mirly,4,False,True
miros,slate-hokum-dsomo-imbos-micos-minos-miros,7,False,False
mirrl,slate-dilly-vigil-cibol-mirrl,5,False,True
mirrs,slate-hokum-missy-minds-miffs-miggs-mimis-mirrs,8,False,False
mirth,slate-briny-girth-mirth,4,True,True
mirvs,slate-hokum-missy-minds-miffs-miggs-mimis-mirrs-mirvs,9,False,False
mirza,slate-corny-parka-firma-mirza,5,False,True
misal,slate-balsa-usual-misal,4,False,True
misch,slate-hokum-whims-imshi-misch,5,False,True
misdo,slate-hokum-dsomo-misdo,4,False,True
miser,slate-runes-wiser-miser,4,True,True
mises,slate-runes-feces-moped-mikes-mixes-mimes-mises,8,False,False
misgo,slate-hokum-dsomo-misgo,4,False,True
misky,slate-hokum-micks-misky,4,False,True
misls,slate-locus-whomp-mills-mirls-misls,6,False,True
misos,slate-hokum-dsomo-imbos-micos-minos-miros-misos,8,False,False
missa,slate-oasis-assai-missa,4,False,True
missy,slate-hokum-missy,3,True,True
misto,slate-forum-misto,3,False,True
mists,slate-forum-misty-mists,4,True,True
misty,slate-forum-misty,3,True,True
mitas,slate-antsy-wombs-maths-mitas,5,False,True
mitch,slate-count-howdy-pitch-fitch-mitch,6,True,True
miter,slate-titer-miter,3,True,True
mites,slate-cruet-timon-mites,4,True,True
mitey,slate-titer-cited-bitey-mitey,5,False,True
mitie,slate-chirp-tinge-kitke-mitie,5,False,True
mitis,slate-trout-ditsy-jitis-mitis,5,False,True
mitre,slate-chirp-mitre,3,True,True
mitry,slate-count-ritzy-mitry,4,False,True
mitta,slate-taint-mitta,3,False,True
mitts,slate-forum-misty-mints-mitts,5,True,True
mivey,slate-diner-bicep-jivey-mivey,5,False,True
mivvy,slate-crony-dumpy-miffy-mivvy,5,False,True
mixed,slate-diner-video-biped-remix-mixed,6,True,True
mixen,slate-diner-given-hizen-mixen,5,False,True
mixer,slate-diner-parka-fixer-mixer,5,True,True
mixes,slate-runes-feces-moped-mikes-mixes,6,True,True
mixie,slate-doing-puree-bikie-civie-fixie-mixie,7,False,False
mixis,slate-hokum-missy-minds-miffs-miggs-mimis-mixis,8,False,False
mixte,slate-turbo-white-fitte-mixte,5,False,True
mixup,slate-crony-kudzu-mixup,4,True,True
miyas,slate-oasis-minas-micas-mihas-miyas,6,False,True
mizen,slate-diner-given-hizen-mizen,5,False,True
mizes,slate-runes-feces-moped-mikes-mixes-mimes-mises-mizes,9,False,False
mizzy,slate-crony-dumpy-miffy-mivvy-mizzy,6,False,True
mmkay,slate-corny-budge-hammy-mmkay,5,False,True
mneme,slate-doing-punch-nerve-mneme,5,False,True
moais,slate-curbs-amass-foams-moans-moais,6,False,True
moaky,slate-churn-foamy-moaky,4,False,True
moals,slate-psalm-mgals-moals,4,False,True
moana,slate-churn-piano-moana,4,False,True
moans,slate-curbs-amass-foams-moans,5,True,True
moany,slate-churn-piano-moana-moany,5,False,True
moars,slate-curbs-grass-padre-roars-hoars-moars,7,False,False
moats,slate-combo-moats,3,True,True
mobby,slate-crony-budge-hobby-mobby,5,False,True
mobed,slate-diner-moped-woven-mooed-mobed,6,False,True
mobee,slate-doing-bocce-howbe-mobee,5,False,True
mobes,slate-runes-feces-moped-moses-moves-mobes,7,False,False
mobey,slate-diner-chomp-mobey,4,False,True
mobie,slate-doing-moxie-movie-mobie,5,False,True
moble,slate-bingo-coble-doble-moble,5,False,True
mobos,slate-hokum-mossy-zoned-moors-mobos,6,False,True
mocap,slate-corny-mocha-mocap,4,False,True
mocha,slate-corny-mocha,3,True,True
mochi,slate-crony-pouch-mochi,4,True,True
mochs,slate-hokum-mochs,3,False,True
mochy,slate-crony-jocky-mochy,4,False,True
mocks,slate-hokum-mocks,3,True,True
mocky,slate-crony-jocky-mocky,4,False,True
mocos,slate-hokum-mossy-zoned-moors-mobos-mocos,7,False,False
mocus,slate-hokum-modus-mocus,4,False,True
modal,slate-molar-modal,3,True,True
model,slate-never-dumpy-model,4,True,True
modem,slate-diner-moped-modem,4,True,True
moder,slate-diner-odder-coder-moder,5,False,True
modes,slate-runes-feces-moped-modes,5,True,True
modge,slate-doing-bodge-modge,4,False,True
modii,slate-crony-bough-iodid-modii,5,False,True
modin,slate-crony-bough-mondo-modin,5,False,True
modoc,slate-crony-pouch-jocko-modoc,5,False,True
modom,slate-crony-bough-iodid-modom,5,False,True
modus,slate-hokum-modus,3,True,True
moeni,slate-diner-eking-moeni,4,False,True
moers,slate-runes-press-verbs-doers-goers-hoers-moers,8,False,False
mofos,slate-hokum-mossy-zoned-moors-mobos-mocos-mofos,8,False,False
mogar,slate-corny-moira-mogar,4,False,True
mogas,slate-oasis-comas-mogas,4,False,True
moggy,slate-crony-budge-foggy-moggy,5,False,True
mogos,slate-hokum-mossy-zoned-moors-mobos-mocos-mofos-mogos,9,False,False
mogra,slate-corny-moira-mogra,4,False,True
mogue,slate-doing-gorge-vogue-bogue-cogue-mogue,7,False,False
mogul,slate-dilly-prowl-mogul,4,True,True
mohar,slate-corny-moira-mogar-mohar,5,False,True
mohel,slate-never-dumpy-golem-mohel,5,False,True
mohos,slate-hokum-mochs-mohos,4,False,True
mohrs,slate-hokum-mochs-mohos-mohrs,5,False,True
mohua,slate-corny-dogma-mohua,4,False,True
mohur,slate-crony-furor-mohur,4,False,True
moile,slate-bingo-voile-moile,4,False,True
moils,slate-locus-polis-boils-foils-moils,6,False,True
moira,slate-corny-moira,3,True,True
moire,slate-doing-voice-moire,4,False,True
moist,slate-trout-whomp-moist,4,True,True
moits,slate-forum-moits,3,False,True
moity,slate-briny-moity,3,False,True
mojos,slate-hokum-mossy-zoned-moors-mobos-mocos-mofos-mogos-mojos,10,False,False
moker,slate-diner-whomp-mover-moker,5,False,True
mokes,slate-runes-feces-moped-moses-moves-mobes-mokes,8,False,False
mokey,slate-diner-chomp-mobey-mokey,5,False,True
mokis,slate-hokum-mokis,3,False,True
mokky,slate-crony-budge-poppy-mommy-mokky,6,False,True
mokos,slate-hokum-mokis-mokos,4,False,True
mokus,slate-hokum-mokus,3,False,True
molal,slate-molar-molal,3,False,True
molar,slate-molar,2,True,True
molas,slate-balsa-aglus-colas-kolas-lolas-molas,7,False,False
molds,slate-locus-polis-defog-holds-molds,6,True,True
moldy,slate-dilly-moldy,3,True,True
moled,slate-never-dumpy-model-moled,5,False,True
moler,slate-never-limbo-moler,4,False,True
moles,slate-loser-whomp-moles,4,True,True
moley,slate-never-dumpy-moley,4,False,True
molie,slate-bingo-voile-louie-dolie-folie-jolie-molie,8,False,False
molla,slate-molar-molla,3,False,True
molle,slate-bingo-whole-joule-colle-molle,6,False,True
mollo,slate-dilly-hollo-jollo-lollo-mollo,6,False,True
molls,slate-locus-polis-defog-rolls-bolls-jolls-molls,8,False,False
molly,slate-dilly-befog-lymph-molly,5,True,True
moloi,slate-dilly-folic-moloi,4,False,True
molos,slate-locus-polis-defog-bolos-holos-kolos-molos,8,False,False
molto,slate-lofty-molto,3,False,True
molts,slate-lusty-vouch-bolts-jolts-dolts-molts,7,False,False
molue,slate-bingo-whole-loupe-molue,5,False,True
molvi,slate-dilly-folic-moloi-molvi,5,False,True
molys,slate-locus-polis-defog-rolls-bolks-holms-molys,8,False,False
momes,slate-runes-feces-moped-moses-moves-mobes-mokes-momes,9,False,False
momie,slate-doing-moxie-movie-mobie-momie,6,False,True
momma,slate-corny-dogma-momma,4,True,True
momme,slate-doing-bocce-homme-momme,5,False,True
mommy,slate-crony-budge-poppy-mommy,5,True,True
momos,slate-hokum-mossy-zoned-moors-mobos-mocos-mofos-mogos-mojos-momos,11,False,False
mompe,slate-doing-bocce-homme-mompe,5,False,True
momus,slate-hokum-modus-mocus-momus,5,False,True
monad,slate-corny-woman-monad,4,False,True
monal,slate-molar-modal-monal,4,False,True
monas,slate-oasis-comas-mogas-monas,5,False,True
monde,slate-doing-monde,3,True,True
mondo,slate-crony-bough-mondo,4,True,True
moner,slate-diner-goner-boner-honer-moner,6,False,True
money,slate-diner-honey-money,4,True,True
mongo,slate-crony-bough-mongo,4,True,True
mongs,slate-hokum-mossy-zoned-mongs,5,False,True
monic,slate-crony-ionic-monic,4,False,True
monie,slate-doing-bonie-monie,4,False,True
monks,slate-hokum-mocks-monks,4,True,True
monos,slate-hokum-mossy-zoned-mongs-monos,6,False,True
monpe,slate-doing-nonce-bonze-monpe,5,False,True
monte,slate-turbo-emote-comte-monte,5,True,True
month,slate-briny-month,3,True,True
monty,slate-briny-nutty-jonty-monty,5,False,True
moobs,slate-hokum-mossy-zoned-moors-moobs,6,False,True
mooch,slate-crony-pooch-hooch-mooch,5,True,True
moods,slate-hokum-mossy-zoned-moods,5,True,True
moody,slate-crony-dough-moody,4,True,True
mooed,slate-diner-moped-woven-mooed,5,True,True
mooey,slate-diner-chomp-mooey,4,False,True
mooks,slate-hokum-mocks-monks-mooks,5,False,True
moola,slate-molar-moola,3,False,True
mooli,slate-dilly-chili-mooli,4,False,True
mools,slate-locus-polis-whiff-bools-dools-gools-mools,8,False,False
mooly,slate-dilly-scowl-gooly-hooly-mooly,6,False,True
moong,slate-crony-boong-moong,4,False,True
mooni,slate-crony-boong-mooni,4,False,True
moons,slate-hokum-mossy-zoned-moons,5,True,True
moony,slate-crony-phony-moony,4,True,True
moops,slate-hokum-mossy-zoned-moors-moobs-moops,7,False,False
moors,slate-hokum-mossy-zoned-moors,5,True,True
moory,slate-crony-ivory-goory-moory,5,False,True
moose,slate-rosin-dumpy-moose,4,True,True
mooth,slate-briny-mouth-mooth,4,False,True
moots,slate-forum-moits-moots,4,False,True
moove,slate-doing-bocce-homme-moove,5,False,True
moped,slate-diner-moped,3,True,True
moper,slate-diner-whomp-moper,4,True,True
mopes,slate-runes-feces-moped-mopes,5,False,True
mopey,slate-diner-chomp-mopey,4,True,True
moppy,slate-crony-budge-poppy-hoppy-moppy,6,False,True
mopsy,slate-hokum-mossy-mopsy,4,False,True
mopus,slate-hokum-modus-mocus-momus-mopus,6,False,True
morae,slate-corgi-morae,3,False,True
morah,slate-corny-borax-dorad-foram-morah,6,False,True
moral,slate-molar-moral,3,True,True
moran,slate-corny-koran-moran,4,False,True
moras,slate-oasis-comas-mogas-monas-moras,6,False,True
morat,slate-tabor-amort-morat,4,False,True
moray,slate-corny-foray-moray,4,True,True
moree,slate-doing-bocce-homme-moove-moree,6,False,True
morel,slate-never-cruel-morel,4,True,True
mores,slate-runes-porch-bores-dores-fores-gores-kores-mores,9,False,False
morgy,slate-crony-dowry-porky-forby-gormy-morgy,7,False,False
moria,slate-corny-borax-forma-moria,5,False,True
morin,slate-crony-mondo-mourn-morin,5,False,True
mormo,slate-crony-furor-morph-mormo,5,False,True
morna,slate-corny-borna-morna,4,False,True
morne,slate-doing-borne-morne,4,False,True
morns,slate-hokum-mossy-zoned-moons-morns,6,False,True
moron,slate-crony-mondo-moron,4,True,True
moror,slate-crony-furor-moror,4,False,True
morph,slate-crony-furor-morph,4,True,True
morra,slate-corny-borax-forma-moria-morra,6,False,True
morro,slate-crony-furor-zorro-morro,5,False,True
morse,slate-rosin-worse-horse-gorse-morse,6,True,True
morts,slate-forum-morts,3,False,True
moruk,slate-crony-furor-jorum-moruk,5,False,True
mosed,slate-runes-mosey-mosed,4,False,True
moses,slate-runes-feces-moped-moses,5,True,True
mosey,slate-runes-mosey,3,True,True
mosks,slate-hokum-mocks-monks-mooks-mosks,6,False,True
mosso,slate-hokum-mossy-mosso,4,False,True
mossy,slate-hokum-mossy,3,True,True
moste,slate-piste-coste-moste,4,False,True
mosto,slate-forum-moits-mosto,4,False,True
mosts,slate-forum-moits-moots-mosts,5,False,True
moted,slate-titer-often-doted-voted-coted-moted,7,False,False
motel,slate-intel-motel,3,True,True
moten,slate-titer-often-hoten-moten,5,False,True
motes,slate-cruet-timon-motes,4,False,True
motet,slate-titer-octet-motet,4,False,True
motey,slate-titer-often-doted-boteh-motey,6,False,True
moths,slate-trout-goths-moths,4,True,True
mothy,slate-count-motor-motif-mothy,5,False,True
motif,slate-count-motor-motif,4,True,True
motis,slate-trout-goths-botos-motis,5,False,True
moton,slate-count-toxin-moton,4,False,True
motor,slate-count-motor,3,True,True
motte,slate-turbo-emote-comte-monte-motte,6,False,True
motto,slate-briny-mouth-motto,4,True,True
motts,slate-forum-moits-moots-mosts-motts,6,False,True
motty,slate-briny-potty-dotty-hotty-jotty-motty,7,False,False
motus,slate-trout-motus,3,False,True
motza,slate-tabor-adopt-cotan-motza,5,False,True
mouch,slate-crony-pouch-vouch-gouch-mouch,6,False,True
moues,slate-runes-eques-moues,4,False,True
moufs,slate-hokum-mousy-moufs,4,False,True
mould,slate-dilly-would-could-mould,5,True,True
moule,slate-bingo-whole-joule-foule-moule,6,False,True
mouls,slate-locus-fouls-mouls,4,False,True
moult,slate-guilt-moult,3,True,True
mouly,slate-dilly-scowl-nobly-mouly,5,False,True
mound,slate-crony-bound-whomp-mound,5,True,True
mount,slate-count-mount,3,True,True
moups,slate-hokum-mousy-moufs-moups,5,False,True
mourn,slate-crony-mondo-mourn,4,True,True
mouse,slate-rosin-dumpy-mouse,4,True,True
moust,slate-trout-joust-moust,4,False,True
mousy,slate-hokum-mousy,3,True,True
mouth,slate-briny-mouth,3,True,True
moved,slate-diner-moped-woven-moved,5,True,True
mover,slate-diner-whomp-mover,4,True,True
moves,slate-runes-feces-moped-moses-moves,6,True,True
movie,slate-doing-moxie-movie,4,True,True
mowas,slate-oasis-comas-mogas-monas-moras-mowas,7,False,False
mowed,slate-diner-moped-woven-mowed,5,True,True
mower,slate-diner-whomp-mower,4,True,True
mowie,slate-doing-moxie-movie-mobie-momie-mowie,7,False,False
mowra,slate-corny-moira-mogra-mowra,5,False,True
moxas,slate-oasis-comas-mogas-monas-moras-mowas-moxas,8,False,False
moxie,slate-doing-moxie,3,True,True
moyas,slate-oasis-comas-mogas-monas-moras-mowas-moxas-moyas,9,False,False
moyle,slate-bingo-whole-joule-colle-foyle-moyle,7,False,False
moyls,slate-locus-polis-whiff-bools-moyls,6,False,True
mozed,slate-diner-moped-woven-mooed-mobed-mozed,7,False,False
mozes,slate-runes-feces-moped-moses-moves-mobes-mokes-momes-mozes,10,False,False
mozos,slate-hokum-mossy-zoned-mozos,5,False,True
mpret,slate-titer-greet-buret-mpret,5,False,True
mrads,slate-curbs-grass-wraps-araks-drams-mrads,7,False,False
msasa,slate-curbs-awash-msasa,4,False,True
mtepe,slate-chirp-tepee-mtepe,4,False,True
mucho,slate-crony-pouch-mucho,4,False,True
mucic,slate-crony-quick-pubic-humic-mucic,6,False,True
mucid,slate-crony-quick-pubic-mucid,5,False,True
mucin,slate-crony-blimp-mucin,4,False,True
mucko,slate-crony-pouch-bucko-mucko,5,False,True
mucks,slate-hokum-musky-mucks,4,False,True
mucky,slate-crony-mucky,3,True,True
mucor,slate-crony-micro-mucor,4,False,True
mucro,slate-crony-micro-mucro,4,False,True
mucus,slate-hokum-minus-mucus,4,True,True
mudar,slate-corny-rabid-addra-mudar,5,False,True
muddy,slate-crony-dumpy-muddy,4,True,True
mudge,slate-doing-jumbo-mudge,4,False,True
mudif,slate-crony-kudzu-mudif,4,False,True
mudim,slate-crony-kudzu-mudif-mudim,5,False,True
mudir,slate-crony-quirk-burfi-mudir,5,False,True
mudra,slate-corny-rabid-addra-mudra,5,False,True
muffs,slate-hokum-music-mumps-muffs,5,False,True
muffy,slate-crony-dumpy-muggy-muffy,5,False,True
mufti,slate-briny-width-tutti-mufti,5,False,True
mugga,slate-corny-mafia-mbuga-mugga,5,False,True
muggs,slate-hokum-music-mumps-muffs-muggs,6,False,True
muggy,slate-crony-dumpy-muggy,4,True,True
mugho,slate-crony-bough-mugho,4,False,True
mugil,slate-dilly-logic-mugil,4,False,True
mugos,slate-hokum-mugos,3,False,True
muhly,slate-dilly-scowl-burly-fugly-muhly,6,False,True
muids,slate-hokum-music-muids,4,False,True
muils,slate-locus-whelp-bulls-furls-muils,6,False,True
muirs,slate-hokum-music-muids-muirs,5,False,True
muiry,slate-crony-mired-muiry,4,False,True
muist,slate-trout-buist-muist,4,False,True
mujik,slate-crony-kudzu-mujik,4,False,True
mukim,slate-crony-kudzu-mujik-mukim,5,False,True
mukti,slate-briny-width-tutti-mufti-mukti,6,False,True
mulai,slate-molar-malai-mulai,4,False,True
mulch,slate-dilly-color-mulch,4,True,True
mulct,slate-guilt-mulct,3,False,True
muled,slate-never-dumpy-muled,4,False,True
mules,slate-loser-wimpy-mules,4,True,True
muley,slate-never-dumpy-muley,4,False,True
mulga,slate-molar-malic-mulga,4,False,True
mulie,slate-bingo-while-kylie-mulie,5,False,True
mulla,slate-molar-malic-mulga-mulla,5,False,True
mulls,slate-locus-whelp-bulls-gulls-dulls-fulls-mulls,8,False,False
mulse,slate-pulse-bulse-dulse-mulse,5,False,True
mulsh,slate-locus-fusil-mulsh,4,False,True
mumbo,slate-crony-bough-jumbo-dumbo-mumbo,6,True,True
mumms,slate-hokum-music-mumps-mumms,5,False,True
mummy,slate-crony-dumpy-young-mummy,5,True,True
mumph,slate-crony-kudzu-humph-bumph-mumph,6,False,True
mumps,slate-hokum-music-mumps,4,True,True
mumsy,slate-hokum-music-mumps-mumsy,5,False,True
mumus,slate-hokum-minus-mucus-mumus,5,False,True
munch,slate-crony-blimp-munch,4,True,True
munds,slate-hokum-music-mumps-muffs-muggs-munds,7,False,False
mundu,slate-crony-unzip-bundh-mundu,5,False,True
munga,slate-corny-admin-manga-munga,5,False,True
munge,slate-doing-genre-munge,4,False,True
mungi,slate-crony-unzip-fungi-mungi,5,False,True
mungo,slate-crony-bough-fungo-mungo,5,True,True
mungs,slate-hokum-music-mumps-muffs-muggs-mungs,7,False,False
mungy,slate-crony-pudgy-bungy-gungy-mungy,6,False,True
munia,slate-corny-admin-mania-munia,5,False,True
munis,slate-hokum-music-munis,4,False,True
munja,slate-corny-admin-manga-munja,5,False,True
munjs,slate-hokum-music-mumps-muffs-muggs-munds-munjs,8,False,False
munts,slate-forum-musty-mutts-munts,5,False,True
muntu,slate-briny-month-muntu,4,False,True
muons,slate-hokum-mugos-muons,4,False,True
mural,slate-molar-mural,3,True,True
muras,slate-oasis-wrung-auras-buras-duras-muras,7,False,False
mured,slate-diner-befog-creed-mured,5,False,True
mures,slate-runes-cures-dures-jures-mures,6,False,True
murex,slate-diner-creek-forex-murex,5,False,True
murgh,slate-crony-quirk-burgh-murgh,5,False,True
murgi,slate-crony-quirk-burfi-durzi-murgi,6,False,True
murid,slate-crony-quirk-burfi-murid,5,False,True
murks,slate-hokum-musky-mucks-murks,5,False,True
murky,slate-crony-mired-murky,4,True,True
murls,slate-locus-whelp-bulls-furls-gurls-murls,7,False,False
murly,slate-dilly-scowl-burly-gurly-hurly-murly,7,False,False
murra,slate-corny-parka-firma-murra,5,False,True
murre,slate-doing-scrum-murre,4,False,True
murri,slate-crony-quirk-murri,4,False,True
murrs,slate-hokum-music-mumps-muffs-muggs-munds-murrs,8,False,False
murry,slate-crony-mired-murky-murry,5,False,True
murth,slate-briny-forth-murth,4,False,True
murti,slate-briny-girth-murti,4,False,True
muruk,slate-crony-quirk-muruk,4,False,True
murva,slate-corny-parka-firma-murra-murva,6,False,True
musar,slate-oasis-unsay-musar,4,False,True
musca,slate-oasis-unsay-adsum-musca,5,False,True
mused,slate-runes-wombs-mused,4,True,True
musee,slate-rosin-besee-fusee-musee,5,False,True
muser,slate-runes-muser,3,False,True
muses,slate-runes-bosom-muses,4,True,True
muset,slate-cruet-upset-muset,4,False,True
musha,slate-oasis-unsay-adsum-musca-musha,6,False,True
mushy,slate-hokum-mushy,3,True,True
music,slate-hokum-music,3,True,True
musit,slate-trout-buist-musit,4,False,True
musks,slate-hokum-musky-musks,4,False,True
musky,slate-hokum-musky,3,True,True
musos,slate-hokum-mugos-musos,4,False,True
musse,slate-rosin-besee-musse,4,False,True
mussy,slate-hokum-music-mussy,4,False,True
musta,slate-nymph-marts-musta,4,False,True
musth,slate-forum-musty-musth,4,False,True
musts,slate-forum-musty-musth-musts,5,False,True
musty,slate-forum-musty,3,True,True
mutas,slate-antsy-wombs-maths-mitas-mutas,6,False,True
mutch,slate-count-butch-hutch-dutch-kutch-mutch,7,False,False
muted,slate-titer-often-meted-muted,5,True,True
muter,slate-titer-pound-cuter-muter,5,False,True
mutes,slate-cruet-tunes-mutes,4,True,True
mutha,slate-tabor-untag-hutia-mutha,5,False,True
mutic,slate-count-butch-mutic,4,False,True
mutis,slate-trout-gutsy-cutis-kutis-mutis,6,False,True
muton,slate-count-futon-muton,4,False,True
mutti,slate-briny-width-tutti-mutti,5,False,True
mutts,slate-forum-musty-mutts,4,True,True
mutum,slate-count-tummy-mutum,4,False,True
muvva,slate-corny-mafia-mbuga-muvva,5,False,True
muxed,slate-diner-moped-mewed-muxed,5,False,True
muxes,slate-runes-bosom-fumes-muxes,5,False,True
muzak,slate-corny-mafia-muzak,4,False,True
muzzy,slate-crony-dumpy-muggy-muffy-muzzy,6,False,True
mvula,slate-molar-madly-mbila-mvula,5,False,True
mvule,slate-bingo-levee-mvule,4,False,True
mvuli,slate-dilly-chili-mooli-mvuli,5,False,True
myall,slate-curia-loamy-myall,4,False,True
myals,slate-psalm-mgals-moals-myals,5,False,True
mylar,slate-molar-malar-mylar,4,False,True
mynah,slate-corny-mayan-mynah,4,False,True
mynas,slate-oasis-wrung-annas-mynas,5,False,True
myoid,slate-crony-hyoid-myoid,4,False,True
myoma,slate-corny-bayou-akoya-gyoza-myoma,6,False,True
myons,slate-hokum-dsomo-myons,4,False,True
myope,slate-doing-probe-myope,4,False,True
myops,slate-hokum-dsomo-myons-myops,5,False,True
myopy,slate-crony-dough-myopy,4,False,True
myrrh,slate-crony-myrrh,3,True,True
mysid,slate-hokum-missy-mysid,4,False,True
mysie,slate-rosin-mysie,3,False,True
mythi,slate-count-ritzy-mythi,4,False,True
myths,slate-trout-ditsy-myths,4,True,True
mythy,slate-count-ritzy-mythy,4,False,True
myxos,slate-hokum-dsomo-imbos-myxos,5,False,True
mzees,slate-runes-feces-edges-mzees,5,False,True
naams,slate-curbs-amass-naams,4,False,True
naans,slate-curbs-amass-haafs-jaaps-naans,6,False,True
naats,slate-combo-whats-adats-naats,5,False,True
nabam,slate-corny-admin-manga-nabam,5,False,True
nabby,slate-corny-handy-nappy-naggy-nabby,6,False,True
nabes,slate-ashen-wanes-names-nabes,5,False,True
nabis,slate-oasis-mavis-nazis-nabis,5,False,True
nabks,slate-oasis-brand-nabks,4,False,True
nabla,slate-molar-daily-caulk-nabla,5,False,True
nabob,slate-corny-wagon-nabob,4,True,True
nache,slate-corgi-dance-bacne-nache,5,False,True
nacho,slate-corny-bacon-nacho,4,True,True
nacre,slate-corgi-rance-nacre,4,False,True
nadas,slate-oasis-brand-hands-nadas,5,False,True
nadir,slate-corny-urban-nadir,4,True,True
naeve,slate-corgi-maybe-fauve-naeve,5,False,True
naevi,slate-radar-cameo-naevi,4,False,True
naffs,slate-oasis-brand-graph-yanks-naffs,6,False,True
nagar,slate-corny-urban-dinar-nagar,5,False,True
nagas,slate-oasis-brand-graph-fangs-nagas,6,False,True
nages,slate-ashen-wanes-names-nabes-nages,6,False,True
naggy,slate-corny-handy-nappy-naggy,5,True,True
nagor,slate-corny-adorn-manor-nagor,5,False,True
nahal,slate-molar-canal-naval-nahal,5,False,True
naiad,slate-corny-admin-kinda-naiad,5,False,True
naibs,slate-oasis-ripen-gains-naibs,5,False,True
naice,slate-corgi-amice-naice,4,False,True
naids,slate-oasis-ripen-gains-naibs-naids,6,False,True
naieo,slate-radar-cameo-naieo,4,False,True
naifs,slate-oasis-ripen-gains-naibs-naids-naifs,7,False,False
naiks,slate-oasis-ripen-gains-naibs-naids-naifs-naiks,8,False,False
nails,slate-balsa-pinch-nails,4,True,True
naily,slate-molar-daily-gaily-haily-naily,6,False,True
nains,slate-oasis-ripen-gains-mains-cains-fains-hains-kains-nains,10,False,False
naios,slate-oasis-naios,3,False,True
naira,slate-corny-urban-nadir-naira,5,False,True
nairu,slate-corny-urban-anura-nairu,5,False,True
naive,slate-corgi-naive,3,True,True
najib,slate-corny-admin-bania-najib,5,False,True
nakas,slate-oasis-brand-graph-yanks-nakas,6,False,True
naked,slate-radar-funky-naked,4,True,True
naker,slate-radar-pygmy-wafer-baker-jaker-naker,7,False,False
nakfa,slate-corny-admin-ganja-nakfa,5,False,True
nalas,slate-balsa-galas-kalas-malas-nalas,6,False,True
naled,slate-rangy-laden-naled,4,False,True
nalla,slate-molar-dally-walla-calla-nalla,6,False,True
namad,slate-corny-admin-namad,4,False,True
namak,slate-corny-admin-namak,4,False,True
namaz,slate-corny-admin-namak-namaz,5,False,True
named,slate-radar-funky-named,4,True,True
namer,slate-radar-pygmy-maker-namer,5,False,True
names,slate-ashen-wanes-names,4,True,True
namma,slate-corny-admin-namak-namma,5,False,True
namus,slate-oasis-brand-graph-yanks-naffs-namus,7,False,False
nanas,slate-oasis-brand-graph-yanks-manas-nanas,7,False,False
nance,slate-corgi-dance-nance,4,True,True
nancy,slate-corny-fancy-dancy-nancy,5,False,True
nandu,slate-corny-admin-panda-bandh-nandu,6,False,True
nanna,slate-corny-mixup-wanna-nanna,5,False,True
nanny,slate-corny-nanny,3,True,True
nanos,slate-oasis-baons-fanos-manos-nanos,6,False,True
nante,slate-acute-matte-parte-nante,5,False,True
nanti,slate-taint-canti-nanti,4,False,True
nanto,slate-taint-panty-manta-bantu-canto-nanto,7,False,False
nants,slate-nymph-nants,3,False,True
nanty,slate-taint-panty-banty-canty-janty-manty-nanty,8,False,False
nanua,slate-corny-admin-ganja-nanua,5,False,True
napas,slate-oasis-brand-graph-napas,5,False,True
naped,slate-radar-funky-named-naped,5,False,True
napes,slate-ashen-wanes-names-nabes-nages-napes,7,False,False
napoh,slate-corny-wagon-nabob-napoh,5,False,True
napoo,slate-corny-wagon-nabob-napoh-napoo,6,False,True
nappa,slate-corny-admin-ganja-nakfa-nappa,6,False,True
nappe,slate-corgi-maybe-fauve-kanae-nappe,6,False,True
nappy,slate-corny-handy-nappy,4,True,True
naras,slate-oasis-brand-ranks-naras,5,False,True
narco,slate-corny-narco,3,True,True
narcs,slate-oasis-brand-ranks-naras-narcs,6,False,True
nards,slate-oasis-brand-nards,4,False,True
nares,slate-ashen-wanes-names-nabes-nages-napes-nares,8,False,False
naric,slate-corny-naric,3,False,True
naris,slate-oasis-mavis-nazis-nabis-naris,6,False,True
narks,slate-oasis-brand-ranks-narks,5,False,True
narky,slate-corny-narky,3,False,True
narod,slate-corny-apron-narod,4,False,True
narra,slate-corny-quran-narra,4,False,True
narre,slate-corgi-barre-darre-narre,5,False,True
nasal,slate-balsa-nasal,3,True,True
nashi,slate-oasis-dashi-nashi,4,False,True
nasho,slate-oasis-mason-nasho,4,False,True
nasis,slate-oasis-basis-nasis,4,False,True
nason,slate-oasis-mason-bason-nason,5,False,True
nasty,slate-nymph-nasty,3,True,True
nasus,slate-oasis-wreck-gasps-basas-masus-nasus,7,False,False
natak,slate-tabor-humph-faint-natak,5,False,True
natal,slate-taint-natal,3,True,True
natch,slate-tabor-humph-catch-watch-gatch-natch,7,False,False
nates,slate-asset-butch-groom-dates-fates-nates,7,False,False
natis,slate-antsy-natis,3,False,True
natto,slate-taint-natty-natto,4,False,True
natty,slate-taint-natty,3,True,True
natya,slate-tabor-humph-faint-natak-natya,6,False,True
nauch,slate-corny-manic-nauch,4,False,True
naunt,slate-tabor-humph-judgy-vaunt-naunt,6,False,True
naval,slate-molar-canal-naval,4,True,True
navar,slate-corny-urban-dinar-nagar-navar,6,False,True
naved,slate-radar-funky-named-naped-naved,6,False,True
navel,slate-rangy-laden-navel,4,True,True
naves,slate-ashen-wanes-names-nabes-nages-napes-nares-naves,9,False,False
navew,slate-radar-cameo-waxen-navew,5,False,True
navvy,slate-corny-handy-nappy-naggy-nabby-navvy,7,False,False
nawab,slate-corny-admin-ganja-nawab,5,False,True
nawal,slate-molar-canal-naval-nahal-nawal,6,False,True
nazar,slate-corny-urban-dinar-nagar-navar-nazar,7,False,False
nazes,slate-ashen-wanes-names-nabes-nages-napes-nares-naves-nazes,10,False,False
nazir,slate-corny-urban-nadir-nazir,5,False,True
nazis,slate-oasis-mavis-nazis,4,True,True
nazzy,slate-corny-handy-nappy-naggy-nabby-navvy-nazzy,8,False,False
nduja,slate-corny-admin-nduja,4,False,True
neafe,slate-prick-mewed-heave-feaze-neafe,6,False,True
neals,slate-leash-verde-meals-beals-feals-geals-neals,8,False,False
neant,slate-enact-meant-neant,4,False,True
neaps,slate-redub-wimpy-heaps-neaps,5,False,True
nears,slate-redub-glyph-fears-wears-nears,6,False,True
neath,slate-heath-death-neath,4,True,True
neato,slate-heath-meaty-neato,4,False,True
neats,slate-thumb-feats-geats-jeats-neats,6,False,True
nebby,slate-diner-enjoy-weeny-nebby,5,False,True
nebek,slate-diner-smock-nebek,4,False,True
nebel,slate-never-nebel,3,False,True
neche,slate-doing-punch-neche,4,False,True
necks,slate-runes-peeve-necks,4,True,True
neddy,slate-diner-needy-neddy,4,True,True
neebs,slate-runes-peeve-needs-neebs,5,False,True
needs,slate-runes-peeve-needs,4,True,True
needy,slate-diner-needy,3,True,True
neefs,slate-runes-peeve-needs-neebs-neefs,6,False,True
neeld,slate-never-neeld,3,False,True
neele,slate-bingo-uncle-neele,4,False,True
neemb,slate-diner-enjoy-begun-neemb,5,False,True
neems,slate-runes-peeve-needs-neebs-neefs-neems,7,False,False
neeps,slate-runes-peeve-neeps,4,False,True
neese,slate-rosin-dense-neese,4,False,True
neeze,slate-doing-punch-nerve-neeze,5,False,True
nefie,slate-doing-wince-inure-nefie,5,False,True
negri,slate-diner-reign-negri,4,False,True
negro,slate-diner-rerun-negro,4,False,True
negus,slate-runes-nexus-negus,4,False,True
neifs,slate-runes-peeve-necks-neifs,5,False,True
neigh,slate-diner-eking-feign-neigh,5,True,True
neist,slate-cruet-heist-deist-feist-geist-neist,7,False,False
neive,slate-doing-knife-neive,4,False,True
nelia,slate-rangy-leman-nelia,4,False,True
nelis,slate-loser-cheep-belay-wells-delfs-nelis,7,False,False
nelly,slate-never-newly-nelly,4,True,True
nemas,slate-ashen-earns-genas-nemas,5,False,True
nemic,slate-diner-eking-hemin-nemic,5,False,True
nemns,slate-runes-peeve-necks-neifs-nemns,6,False,True
nempt,slate-titer-pouch-kempt-dempt-nempt,6,False,True
nenes,slate-runes-crimp-jumbo-genes-denes-nenes,7,False,False
nenta,slate-earth-aceta-betta-menta-nenta,6,False,True
neons,slate-runes-peeve-necks-neifs-nemns-neons,7,False,False
neosa,slate-ashen-earns-mensa-neosa,5,False,True
neoza,slate-radar-hyena-genoa-neoza,5,False,True
neper,slate-diner-never-newer-neper,5,False,True
nepit,slate-titer-edict-inept-nepit,5,False,True
neral,slate-rangy-neral,3,False,True
neram,slate-radar-wombs-cream-neram,5,False,True
nerds,slate-runes-ferns-nerds,4,True,True
nerdy,slate-diner-nerdy,3,True,True
nerfs,slate-runes-ferns-nerfs,4,False,True
nerka,slate-radar-opera-erica-herma-nerka,6,False,True
nerks,slate-runes-ferns-nerds-nerks,5,False,True
nerol,slate-never-nerol,3,False,True
nerts,slate-testy-grind-rents-nerts,5,False,True
nertz,slate-pinch-nertz,3,False,True
nerve,slate-doing-punch-nerve,4,True,True
nervy,slate-diner-rerun-nervy,4,True,True
neski,slate-runes-newsy-neski,4,False,True
nests,slate-testy-pesto-yearn-nests,5,True,True
nesty,slate-testy-zesty-festy-nesty,5,False,True
netas,slate-asset-betas-fetas-getas-ketas-metas-netas,8,False,False
netes,slate-cruet-timon-netes,4,False,True
netop,slate-titer-fetch-detox-beton-netop,6,False,True
netta,slate-earth-aceta-betta-fetta-metta-netta,7,False,False
netts,slate-testy-fetts-netts,4,False,True
netty,slate-pinch-nertz-netty,4,False,True
neuks,slate-runes-nexus-neuks,4,False,True
neume,slate-doing-punch-enure-neume,5,False,True
neums,slate-runes-nexus-neuks-neums,5,False,True
nevel,slate-never-nevel,3,False,True
never,slate-diner-never,3,True,True
neves,slate-runes-noses-neves,4,False,True
nevis,slate-runes-peeve-veins-nevis,5,False,True
nevus,slate-runes-nexus-negus-nevus,5,False,True
nevvy,slate-diner-enjoy-weeny-nebby-nevvy,6,False,True
newbs,slate-runes-peeve-necks-neifs-nemns-newbs,7,False,False
newed,slate-diner-unwed-newed,4,False,True
newel,slate-never-nebel-newel,4,False,True
newer,slate-diner-never-newer,4,True,True
newie,slate-doing-wince-newie,4,False,True
newly,slate-never-newly,3,True,True
newsy,slate-runes-newsy,3,True,True
newts,slate-testy-grind-cents-newts,5,False,True
nexal,slate-rangy-leman-nexal,4,False,True
nexin,slate-diner-eking-hemin-nexin,5,False,True
nexts,slate-testy-grind-cents-newts-nexts,6,False,True
nexum,slate-diner-enjoy-begun-nexum,5,False,True
nexus,slate-runes-nexus,3,True,True
ngaio,slate-churn-piano-ngaio,4,False,True
ngaka,slate-churn-piano-ngaka,4,False,True
ngana,slate-churn-piano-aband-jnana-ngana,6,False,True
ngapi,slate-churn-piano-gnapi-ngapi,5,False,True
ngati,slate-wrath-coati-ngati,4,False,True
ngege,slate-doing-genre-ngege,4,False,True
ngoma,slate-corny-wagon-ngoma,4,False,True
ngoni,slate-crony-boong-ngoni,4,False,True
ngram,slate-corny-quran-ngram,4,False,True
ngwee,slate-doing-genre-ngege-ngwee,5,False,True
nibby,slate-crony-pudgy-kinky-nibby,5,False,True
nicad,slate-corny-manic-nicad,4,False,True
niced,slate-diner-widen-nixed-niced,5,False,True
nicer,slate-diner-nicer,3,True,True
nicey,slate-diner-given-nicey,4,False,True
niche,slate-doing-wince-niche,4,True,True
nicht,slate-count-nicht,3,True,True
nicks,slate-hokum-frisk-kinds-nicks,5,True,True
nicky,slate-crony-nicky,3,True,True
nicol,slate-dilly-vigil-cibol-nicol,5,False,True
nidal,slate-molar-canal-nidal,4,False,True
nided,slate-diner-widen-nided,4,False,True
nides,slate-runes-noses-neves-nides,5,False,True
nidor,slate-crony-mondo-nidor,4,False,True
nidus,slate-hokum-virus-ficus-gibus-nidus,6,False,True
niece,slate-doing-wince-niece,4,True,True
niefs,slate-runes-peeve-omens-niefs,5,False,True
niess,slate-runes-peeve-omens-niefs-niess,6,False,True
nieve,slate-doing-wince-nieve,4,False,True
nifes,slate-runes-noses-neves-nides-nifes,6,False,True
niffs,slate-hokum-crisp-dweeb-finis-niffs,6,False,True
niffy,slate-crony-pudgy-kinky-nibby-niffy,6,False,True
nifle,slate-bingo-nifle,3,False,True
nifty,slate-briny-minty-nifty,4,True,True
niger,slate-diner-nicer-niger,4,False,True
nigga,slate-corny-admin-ninja-nigga,5,True,True
nighs,slate-hokum-fishy-nighs,4,False,True
night,slate-count-night,3,True,True
nigre,slate-doing-hinge-nigre,4,False,True
nigua,slate-corny-admin-ninja-nigga-nigua,6,False,True
nihil,slate-dilly-vigil-nihil,4,False,True
nikab,slate-corny-admin-ninja-nikab,5,False,True
nikah,slate-corny-admin-ninja-nikab-nikah,6,False,True
nikau,slate-corny-admin-ninja-nikab-nikah-nikau,7,False,False
nilas,slate-balsa-aglus-colas-hylas-nilas,6,False,True
nills,slate-locus-whomp-rugby-fills-kills-dills-jills-nills,9,False,False
nimbi,slate-crony-unzip-bindi-nimbi,5,False,True
nimbs,slate-hokum-missy-wimps-nimbs,5,False,True
nimby,slate-crony-pudgy-kinky-nibby-nimby,6,False,True
nimps,slate-hokum-missy-wimps-pimps-dimps-gimps-nimps,8,False,False
niner,slate-diner-finer-miner-biner-niner,6,False,True
nines,slate-runes-crimp-vowed-fines-nines,6,True,True
ninja,slate-corny-admin-ninja,4,True,True
ninny,slate-crony-funny-ninny,4,True,True
ninon,slate-crony-bough-onion-ninon,5,False,True
ninta,slate-taint-ninta,3,False,True
ninth,slate-briny-ninth,3,True,True
niopo,slate-crony-known-niopo,4,False,True
nioza,slate-corny-wagon-amnio-nioza,5,False,True
nipas,slate-oasis-minas-nipas,4,False,True
nipet,slate-titer-bidet-civet-pipet-nipet,6,False,True
nippy,slate-crony-pudgy-nippy,4,True,True
niqab,slate-corny-admin-ninja-nikab-niqab,6,False,True
nirls,slate-locus-whomp-rugby-dirls-nirls,6,False,True
nirly,slate-dilly-girly-mirly-nirly,5,False,True
nisei,slate-runes-nosey-nisei,4,False,True
nisin,slate-hokum-crisp-dweeb-finis-nisin,6,False,True
nisse,slate-rosin-insee-nisse,4,False,True
nisus,slate-hokum-virus-ficus-gibus-nidus-nisus,7,False,False
nital,slate-taint-nital,3,False,True
niter,slate-titer-miter-biter-citer-kiter-niter,7,False,False
nites,slate-cruet-timon-nites,4,False,True
nitid,slate-count-nitid,3,False,True
niton,slate-count-intro-niton,4,False,True
nitre,slate-chirp-mitre-nitre,4,False,True
nitro,slate-count-intro-nitro,4,True,True
nitry,slate-count-nitid-nitry,4,False,True
nitta,slate-taint-nitta,3,False,True
nitto,slate-briny-ninth-nitto,4,False,True
nitty,slate-briny-minty-nifty-nitty,5,False,True
nival,slate-molar-canal-nidal-nival,5,False,True
nivas,slate-oasis-minas-nipas-nivas,5,False,True
nivel,slate-never-novel-nivel,4,False,True
nixed,slate-diner-widen-nixed,4,True,True
nixer,slate-diner-nicer-niger-nixer,5,False,True
nixes,slate-runes-noses-neves-nides-nifes-nixes,7,False,False
nixie,slate-doing-wince-nieve-nixie,5,False,True
nizam,slate-corny-admin-mangi-nizam,5,False,True
njirl,slate-dilly-logic-whirl-njirl,5,False,True
nkosi,slate-hokum-kiosk-nkosi,4,False,True
nmoli,slate-dilly-chili-mooli-nmoli,5,False,True
nmols,slate-locus-idols-nmols,4,False,True
noahs,slate-curbs-amass-dhaks-noahs,5,False,True
nobby,slate-crony-wonky-nobby,4,False,True
noble,slate-bingo-noble,3,True,True
nobly,slate-dilly-scowl-nobly,4,True,True
nocks,slate-hokum-crowd-jocks-bocks-nocks,6,False,True
nodal,slate-molar-local-zonal-nodal,5,True,True
noddy,slate-crony-wonky-nobby-noddy,5,False,True
noded,slate-diner-unwed-noded,4,False,True
nodes,slate-runes-noses-nodes,4,True,True
nodum,slate-crony-bough-fondu-nodum,5,False,True
nodus,slate-hokum-bonus-nodus,4,False,True
noels,slate-loser-goels-koels-noels,5,False,True
noema,slate-radar-hyena-enema-noema,5,False,True
noeme,slate-doing-nonce-noeme,4,False,True
nogal,slate-molar-local-zonal-nodal-nogal,6,False,True
noggs,slate-hokum-boson-noisy-noggs,5,False,True
noggy,slate-crony-wonky-nobby-noddy-noggy,6,False,True
nohow,slate-crony-bough-nohow,4,False,True
noias,slate-oasis-adios-noias,4,False,True
noils,slate-locus-polis-boils-foils-moils-noils,7,False,False
noily,slate-dilly-imply-noily,4,False,True
noint,slate-count-joint-point-noint,5,False,True
noire,slate-doing-noire,3,False,True
noirs,slate-hokum-boson-noisy-noirs,5,False,True
noise,slate-rosin-noise,3,True,True
noisy,slate-hokum-boson-noisy,4,True,True
nokes,slate-runes-noses-nodes-nokes,5,False,True
noles,slate-loser-whomp-coles-boles-doles-goles-joles-noles,9,False,False
nolle,slate-bingo-leone-nolle,4,False,True
nolls,slate-locus-polis-defog-rolls-bolls-jolls-molls-nolls,9,False,False
nolos,slate-locus-polis-defog-bolos-holos-kolos-molos-nolos,9,False,False
nomad,slate-corny-woman-nomad,4,True,True
nomas,slate-oasis-comas-bomas-homas-nomas,6,False,True
nomen,slate-diner-smock-women-nomen,5,False,True
nomes,slate-runes-noses-nodes-nokes-nomes,6,False,True
nomic,slate-crony-ionic-nomic,4,False,True
nomoi,slate-crony-bough-mondo-jomon-nomoi,6,False,True
nomos,slate-hokum-mossy-brown-nomos,5,False,True
nonan,slate-corny-woman-hogan-koban-nonan,6,False,True
nonas,slate-oasis-comas-bobas-donas-nonas,6,False,True
nonce,slate-doing-nonce,3,True,True
noncy,slate-crony-noncy,3,False,True
nonda,slate-corny-woman-honda-fonda-nonda,6,False,True
nondo,slate-crony-bough-mondo-kondo-nondo,6,False,True
nones,slate-runes-crimp-jumbo-zones-fones-hones-nones,8,False,False
nonet,slate-titer-venue-nonet,4,False,True
nongs,slate-hokum-boson-noisy-noggs-nongs,6,False,True
nonic,slate-crony-ionic-monic-nonic,5,False,True
nonis,slate-hokum-boson-noisy-nonis,5,False,True
nonna,slate-corny-gonna-donna-nonna,5,False,True
nonno,slate-crony-bound-going-nonno,5,False,True
nonny,slate-crony-downy-bonny-nonny,5,False,True
nonyl,slate-dilly-lymph-nonyl,4,False,True
noobs,slate-hokum-boson-noobs,4,False,True
noois,slate-hokum-boson-coons-noois,5,False,True
nooit,slate-count-nooit,3,False,True
nooks,slate-hokum-crowd-books-nooks,5,True,True
nooky,slate-crony-nooky,3,False,True
noone,slate-doing-borne-conne-noone,5,False,True
noons,slate-hokum-boson-coons-goons-noons,6,False,True
noops,slate-hokum-boson-coons-noois-noops,6,False,True
noose,slate-rosin-noose,3,True,True
noove,slate-doing-nonce-noeme-noove,5,False,True
nopal,slate-molar-local-zonal-nodal-nogal-nopal,7,False,False
noria,slate-corny-koran-noria,4,False,True
norie,slate-doing-bonie-norie,4,False,True
noris,slate-hokum-boson-noisy-nonis-noris,6,False,True
norks,slate-hokum-crowd-forks-borks-norks,6,False,True
norma,slate-corny-koran-noria-norma,5,False,True
norms,slate-hokum-mossy-brown-norms,5,True,True
north,slate-briny-north,3,True,True
nosed,slate-runes-nosey-nosed,4,True,True
noser,slate-runes-noser,3,False,True
noses,slate-runes-noses,3,True,True
nosey,slate-runes-nosey,3,True,True
noshi,slate-hokum-johns-noshi,4,False,True
nosir,slate-hokum-boson-nosir,4,False,True
notal,slate-taint-notal,3,False,True
notam,slate-tabor-adopt-cotan-notam,5,False,True
notch,slate-count-notch,3,True,True
noted,slate-titer-often-noted,4,True,True
noter,slate-titer-pound-noter,4,False,True
notes,slate-cruet-timon-notes,4,True,True
notum,slate-count-jotun-notum,4,False,True
nougs,slate-hokum-unify-nouns-nougs,5,False,True
nouja,slate-corny-woman-honda-nouja,5,False,True
nould,slate-dilly-would-could-mould-nould,6,False,True
noule,slate-bingo-leone-nolle-noule,5,False,True
nouls,slate-locus-fouls-mouls-nouls,5,False,True
nouns,slate-hokum-unify-nouns,4,True,True
nouny,slate-crony-downy-bonny-nouny,5,False,True
noups,slate-hokum-unify-nouns-nougs-noups,6,False,True
noust,slate-trout-joust-moust-noust,5,False,True
novae,slate-corgi-novae,3,False,True
novas,slate-oasis-comas-bobas-donas-novas,6,False,True
novel,slate-never-novel,3,True,True
novia,slate-corny-woman-honda-nouja-novia,6,False,True
novio,slate-crony-bough-mondo-novio,5,False,True
novum,slate-crony-bough-fondu-novum,5,False,True
noway,slate-corny-noway,3,False,True
nowds,slate-hokum-boson-noisy-noggs-nowds,6,False,True
nowed,slate-diner-unwed-newed-nowed,5,False,True
nowls,slate-locus-polis-whiff-bowls-dowls-gowls-jowls-nowls,9,False,False
nowts,slate-forum-tooth-costs-doits-nowts,6,False,True
nowty,slate-briny-nutty-nowty,4,False,True
noxal,slate-molar-local-zonal-nodal-nogal-nopal-noxal,8,False,False
noxas,slate-oasis-comas-bobas-donas-novas-noxas,7,False,False
noxes,slate-runes-noses-nodes-nokes-nomes-noxes,7,False,False
noyau,slate-corny-noyau,3,False,True
noyed,slate-diner-unwed-noded-noyed,5,False,True
noyes,slate-runes-noses-nodes-nokes-nomes-noxes-noyes,8,False,False
nrtta,slate-taint-nrtta,3,False,True
nrtya,slate-tabor-atria-nrtya,4,False,True
nsima,slate-oasis-agism-nsima,4,False,True
nubby,slate-crony-pudgy-hunky-nubby,5,False,True
nubia,slate-corny-admin-bania-nubia,5,False,True
nucha,slate-corny-manic-uncap-nucha,5,False,True
nucin,slate-crony-blimp-winch-nucin,5,False,True
nuddy,slate-crony-pudgy-nuddy,4,False,True
nuder,slate-diner-under-nuder,4,False,True
nudes,slate-runes-nudes,3,True,True
nudge,slate-doing-nudge,3,True,True
nudgy,slate-crony-pudgy-nudgy,4,False,True
nudie,slate-doing-indie-nudie,4,True,True
nudzh,slate-crony-unzip-nudzh,4,False,True
nuevo,slate-diner-enjoy-foehn-keeno-nuevo,6,False,True
nuffs,slate-hokum-gussy-bronc-funds-nuffs,6,False,True
nugae,slate-corgi-vague-nugae,4,False,True
nujol,slate-dilly-prowl-mogul-nujol,5,False,True
nuked,slate-diner-unwed-nuked,4,True,True
nukes,slate-runes-nudes-nukes,4,True,True
nulla,slate-molar-dally-villa-bulla-fulla-nulla,7,False,False
nullo,slate-dilly-hollo-nullo,4,False,True
nulls,slate-locus-whelp-bulls-gulls-dulls-fulls-mulls-nulls,9,False,False
nully,slate-dilly-befog-cully-hully-nully,6,False,True
numbs,slate-hokum-music-jibed-bumps-numbs,6,False,True
numen,slate-diner-smock-hymen-numen,5,False,True
nummy,slate-crony-pudgy-hunky-nubby-nummy,6,False,True
numps,slate-hokum-music-jibed-pumps-gumps-numps,7,False,False
nunks,slate-hokum-dusky-pubic-junks-funks-gunks-nunks,8,False,False
nunky,slate-crony-pudgy-hunky-funky-junky-nunky,7,False,False
nunny,slate-crony-funny-bunny-punny-dunny-gunny-nunny,8,False,False
nunus,slate-hokum-virus-bubus-dufus-jujus-nunus,7,False,False
nuque,slate-doing-punch-nuque,4,False,True
nurds,slate-hokum-gussy-bronc-nurds,5,False,True
nurdy,slate-crony-nurdy,3,False,True
nurls,slate-locus-whelp-bulls-furls-gurls-murls-nurls,8,False,False
nurrs,slate-hokum-gussy-bronc-nurds-nurrs,6,False,True
nurse,slate-rosin-nurse,3,True,True
nurts,slate-forum-hurts-nurts,4,False,True
nurtz,slate-briny-north-nurtz,4,False,True
nused,slate-runes-nused,3,False,True
nuses,slate-runes-nudes-nukes-nuses,5,False,True
nutso,slate-trout-nutso,3,True,True
nutsy,slate-trout-gutsy-nutsy,4,False,True
nutty,slate-briny-nutty,3,True,True
nyaff,slate-churn-piano-ngaka-nyaff,5,False,True
nyala,slate-curia-koala-jhala-nyala,5,False,True
nyams,slate-curbs-amass-foams-dwams-nyams,6,False,True
nying,slate-crony-dying-vying-hying-nying,6,False,True
nylon,slate-dilly-nylon,3,True,True
nymph,slate-crony-nymph,3,True,True
nyong,slate-crony-nyong,3,False,True
nyssa,slate-oasis-assay-nyssa,4,False,True
nyung,slate-crony-dying-nyung,4,False,True
nyuse,slate-rosin-dense-nyuse,4,False,True
nyuze,slate-doing-punch-enure-nyuze,5,False,True
oafos,slate-oasis-oafos,3,False,True
oaked,slate-radar-funky-baked-caked-waked-oaked,7,False,False
oaken,slate-radar-cameo-oaken,4,True,True
oaker,slate-radar-pygmy-wafer-baker-jaker-naker-oaker,8,False,False
oakum,slate-corny-adobo-ouija-oakum,5,False,True
oared,slate-radar-epoch-oared,4,True,True
oarer,slate-radar-carer-barer-parer-farer-oarer,7,False,False
oasal,slate-balsa-nasal-oasal,4,False,True
oases,slate-ashen-frock-oases,4,False,True
oasis,slate-oasis,2,True,True
oasts,slate-nymph-vista-casts-basts-fasts-gasts-oasts,8,False,False
oaten,slate-treed-facet-matey-oaten,5,False,True
oater,slate-treed-watch-rater-mater-gater-oater,7,False,False
oaths,slate-antsy-wombs-oaths,4,True,True
oaves,slate-ashen-frock-oases-oaves,5,False,True
obang,slate-churn-piano-moana-obang,5,False,True
obbos,slate-hokum-cross-bigos-obbos,5,False,True
obeah,slate-radar-began-embay-obeah,5,False,True
obeli,slate-never-wispy-eolid-obeli,5,False,True
obese,slate-rosin-whose-obese,4,True,True
obeys,slate-runes-chess-dweeb-obeys,5,True,True
obias,slate-oasis-obias,3,False,True
obied,slate-diner-ivied-hoied-obied,5,False,True
obiit,slate-count-divot-orbit-obiit,5,False,True
obits,slate-forum-knots-obits,4,False,True
objet,slate-titer-venue-comet-objet,5,False,True
oboes,slate-runes-feces-moped-oboes,5,False,True
obole,slate-bingo-coble-obole,4,False,True
oboli,slate-dilly-chili-mooli-oboli,5,False,True
obols,slate-locus-idols-nmols-obols,5,False,True
occam,slate-corny-macho-occam,4,False,True
occur,slate-crony-micro-occur,4,True,True
ocean,slate-radar-began-ocean,4,True,True
ocher,slate-diner-whomp-hover-ocher,5,True,True
oches,slate-runes-feces-vodka-oches,5,False,True
ochre,slate-doing-probe-ochre,4,True,True
ochry,slate-crony-rocky-ochry,4,False,True
ocker,slate-diner-whomp-rocky-ocker,5,False,True
ocote,slate-turbo-emote-ocote,4,False,True
ocrea,slate-radar-opera-ocrea,4,False,True
octad,slate-tabor-adopt-octad,4,False,True
octal,slate-taint-aptly-octal,4,True,True
octan,slate-tabor-adopt-cotan-octan,5,False,True
octas,slate-antsy-wombs-oaths-octas,5,False,True
octet,slate-titer-octet,3,True,True
octic,slate-count-optic-octic,4,False,True
octli,slate-guilt-tilly-octli,4,False,True
octyl,slate-guilt-octyl,3,False,True
oculi,slate-dilly-chili-oculi,4,False,True
odahs,slate-curbs-amass-dhaks-odahs,5,False,True
odals,slate-psalm-defog-odals,4,False,True
odder,slate-diner-odder,3,True,True
oddly,slate-dilly-oddly,3,True,True
odeon,slate-diner-needy-upend-odeon,5,False,True
odeum,slate-diner-weedy-odeum,4,False,True
odism,slate-hokum-bisom-odism,4,False,True
odist,slate-trout-whomp-foist-odist,5,False,True
odium,slate-crony-bough-opium-odium,5,False,True
odoom,slate-crony-whoop-odoom,4,False,True
odors,slate-hokum-cross-odors,4,True,True
odour,slate-crony-fjord-odour,4,True,True
odums,slate-hokum-mugos-odums,4,False,True
odyle,slate-bingo-whole-joule-odyle,5,False,True
odyls,slate-locus-idols-odyls,4,False,True
ofays,slate-curbs-amass-dhaks-gnaws-jiaos-ofays,7,False,False
offal,slate-molar-offal,3,True,True
offed,slate-diner-moped-offed,4,True,True
offer,slate-diner-whomp-rocky-offer,5,True,True
offie,slate-doing-biome-offie,4,False,True
oflag,slate-molar-oflag,3,False,True
often,slate-titer-often,3,True,True
ofter,slate-titer-pound-ofter,4,False,True
ofuro,slate-crony-furor-ofuro,4,False,True
ogams,slate-curbs-amass-foams-ogams,5,False,True
ogeed,slate-diner-moped-offed-ogeed,5,False,True
ogees,slate-runes-feces-edges-ghees-ogees,6,False,True
oggin,slate-crony-bough-ginzo-oggin,5,False,True
ogham,slate-corny-adobo-ouija-ogham,5,False,True
ogive,slate-doing-ogive,3,False,True
ogled,slate-never-dumpy-oiled-ogled,5,True,True
ogler,slate-never-limbo-ogler,4,True,True
ogles,slate-loser-ogles,3,False,True
ogmic,slate-crony-pouch-ogmic,4,False,True
ogres,slate-runes-porch-ogres,4,True,True
ohelo,slate-never-wispy-quell-fjeld-ohelo,6,False,True
ohias,slate-oasis-obias-ohias,4,False,True
ohing,slate-crony-bound-owing-ohing,5,False,True
ohmic,slate-crony-pouch-ohmic,4,False,True
ohone,slate-doing-prone-ozone-ohone,5,False,True
oicks,slate-hokum-kiosk-oicks,4,False,True
oidia,slate-corny-adobo-oidia,4,False,True
oiled,slate-never-dumpy-oiled,4,True,True
oiler,slate-never-limbo-oiler,4,True,True
oilet,slate-intel-filet-gilet-oilet,5,False,True
oinks,slate-hokum-kiosk-oicks-oinks,5,False,True
oints,slate-forum-knots-oints,4,False,True
oiran,slate-corny-apron-oiran,4,False,True
ojime,slate-doing-ojime,3,False,True
okapi,slate-churn-foamy-okapi,4,True,True
okays,slate-curbs-amass-dhaks-ikans-okays,6,False,True
okehs,slate-runes-chess-heeds-okehs,5,False,True
okies,slate-runes-feces-moped-oboes-okies,6,False,True
oking,slate-crony-bound-owing-ohing-oking,6,False,True
okole,slate-bingo-whole-prole-doole-okole,6,False,True
okras,slate-oasis-okras,3,False,True
okrug,slate-crony-furor-jorum-okrug,5,False,True
oktas,slate-antsy-wombs-oaths-octas-oktas,6,False,True
olate,slate-plate-elate-alate-blate-olate,6,False,True
olden,slate-freed-olden,3,True,True
older,slate-freed-older,3,True,True
oldie,slate-bipod-oldie,3,True,True
oldly,slate-bipod-oldly,3,False,True
olehs,slate-flesh-olehs,3,False,True
oleic,slate-freed-blech-cleik-oleic,5,False,True
olein,slate-freed-blech-ileum-olein,5,False,True
olent,slate-fleet-blent-glent-olent,5,False,True
oleos,slate-flesh-blebs-clegs-ileus-oleos,6,False,True
oleum,slate-freed-blech-ileum-oleum,5,False,True
oleyl,slate-freed-blech-ileum-oleyl,5,False,True
oligo,slate-bipod-oligo,3,False,True
olios,slate-floss-olios,3,False,True
oliva,slate-agora-oliva,3,False,True
olive,slate-bipod-olive,3,True,True
ollas,slate-alias-ollas,3,False,True
ollav,slate-agora-ollav,3,False,True
oller,slate-freed-ulcer-plier-oller,5,False,True
ollie,slate-bipod-olive-ollie,4,False,True
ology,slate-bipod-frank-glowy-ology,5,False,True
olona,slate-agora-olona,3,False,True
olpae,slate-winks-algae-olpae,4,False,True
olpes,slate-flesh-vouch-elops-olpes,5,False,True
omasa,slate-curbs-awash-msasa-omasa,5,False,True
omber,slate-diner-whomp-mover-omber,5,False,True
ombre,slate-doing-probe-ombre,4,True,True
ombus,slate-hokum-ombus,3,False,True
omdah,slate-corny-adobo-oidia-omdah,5,False,True
omdas,slate-oasis-okras-omdas,4,False,True
omdda,slate-corny-adobo-oidia-omdda,5,False,True
omdeh,slate-diner-moped-omdeh,4,False,True
omees,slate-runes-feces-edges-mzees-omees,6,False,True
omega,slate-radar-hyena-omega,4,True,True
omens,slate-runes-peeve-omens,4,True,True
omers,slate-runes-press-verbs-doers-omers,6,False,True
omiai,slate-corny-adobo-ouija-omiai,5,False,True
omits,slate-forum-misto-omits,4,False,True
omlah,slate-molar-omlah,3,False,True
ommel,slate-never-dumpy-gimel-ommel,5,False,True
ommin,slate-crony-bough-onion-ommin,5,False,True
omnes,slate-runes-crimp-omnes,4,True,True
omovs,slate-hokum-dsomo-omovs,4,False,True
omrah,slate-corny-arrow-bardo-omrah,5,False,True
omuls,slate-locus-omuls,3,False,True
oncer,slate-diner-never-oncer,4,False,True
onces,slate-runes-noses-onces,4,False,True
oncet,slate-titer-venue-oncet,4,False,True
oncus,slate-hokum-pious-oncus,4,False,True
ondes,slate-runes-noses-onces-ondes,5,False,True
ondol,slate-dilly-loord-ondol,4,False,True
onely,slate-never-knell-onely,4,False,True
oners,slate-runes-ferns-oners,4,False,True
onery,slate-diner-rerun-enorm-onery,5,False,True
ongon,slate-crony-bough-ginzo-ongon,5,False,True
onion,slate-crony-bough-onion,4,True,True
onium,slate-crony-bough-union-onium,5,False,True
onkus,slate-hokum-onkus,3,False,True
onlap,slate-molar-oflag-onlap,4,False,True
onlay,slate-molar-oflag-onlap-onlay,5,False,True
onmun,slate-crony-bough-union-onmun,5,False,True
onned,slate-diner-botch-owned-onned,5,False,True
onsen,slate-runes-nosey-onsen,4,False,True
onset,slate-cruet-onset,3,True,True
ontal,slate-taint-notal-ontal,4,False,True
ontic,slate-count-ontic,3,False,True
ooaas,slate-curbs-amass-haafs-ooaas,5,False,True
oobit,slate-count-robot-oobit,4,False,True
oohed,slate-diner-moped-oxbow-oozed-oohed,6,False,True
ooids,slate-hokum-boson-dwarf-goods-ooids,6,False,True
oojah,slate-corny-dogma-bobak-oojah,5,False,True
oomph,slate-crony-bough-oomph,4,True,True
oonts,slate-forum-tooth-oonts,4,False,True
oopak,slate-corny-dogma-bobak-hopak-oopak,6,False,True
ooped,slate-diner-moped-coped-hoped-ooped,6,False,True
oopsy,slate-hokum-boson-dwarf-poops-oopsy,6,False,True
oorie,slate-doing-moxie-bowie-cozie-oorie,6,False,True
ooses,slate-runes-feces-moped-shook-oozes-ooses,7,False,False
ootid,slate-count-motor-ootid,4,False,True
ooyah,slate-corny-boyau-ooyah,4,False,True
oozed,slate-diner-moped-oxbow-oozed,5,True,True
oozes,slate-runes-feces-moped-shook-oozes,6,True,True
oozie,slate-doing-moxie-bowie-cozie-oozie,6,False,True
oozle,slate-bingo-whole-joule-colle-foyle-oozle,7,False,False
opahs,slate-curbs-amass-dhaks-noahs-opahs,6,False,True
opals,slate-psalm-opals,3,False,True
opens,slate-runes-peeve-opens,4,True,True
opepe,slate-doing-probe-opepe,4,False,True
opera,slate-radar-opera,3,True,True
opery,slate-diner-merry-every-query-opery,6,False,True
opgaf,slate-corny-adobo-ouija-ogham-opgaf,6,False,True
opihi,slate-crony-bough-hippo-opihi,5,False,True
opine,slate-doing-opine,3,True,True
oping,slate-crony-bound-owing-ohing-oking-oping,7,False,False
opium,slate-crony-bough-opium,4,True,True
oppos,slate-hokum-cross-bigos-dynos-oppos,6,False,True
opsat,slate-antsy-tacks-opsat,4,False,True
opsin,slate-hokum-cross-bison-opsin,5,False,True
opsit,slate-trout-whomp-posit-opsit,5,False,True
opted,slate-titer-often-opted,4,True,True
opter,slate-titer-pound-opter,4,False,True
optic,slate-count-optic,3,True,True
opzit,slate-count-divot-orbit-opzit,5,False,True
orach,slate-churn-roach-orach,4,False,True
oracy,slate-churn-frack-draco-oracy,5,False,True
orals,slate-psalm-defog-coals-orals,5,False,True
orang,slate-churn-gaped-krang-orang,5,False,True
orans,slate-curbs-grass-wraps-araks-drams-frais-orans,8,False,False
orant,slate-grunt-brant-drant-orant,5,False,True
orate,slate-corgi-orate,3,True,True
orbat,slate-tabor-orbat,3,False,True
orbed,slate-diner-befog-orbed,4,True,True
orbic,slate-crony-orbic,3,False,True
orbit,slate-count-divot-orbit,4,True,True
orcas,slate-oasis-okras-orcas,4,False,True
orcin,slate-crony-orcin,3,False,True
order,slate-diner-odder-order,4,True,True
ordie,slate-doing-ordie,3,False,True
ordos,slate-hokum-cross-brios-ordos,5,False,True
oread,slate-radar-dream-bread-oread,5,False,True
orfes,slate-runes-porch-froes-orfes,5,False,True
orful,slate-dilly-prowl-orful,4,False,True
organ,slate-corny-adorn-organ,4,True,True
orgia,slate-corny-armor-broad-orgia,5,False,True
orgic,slate-crony-orbic-orgic,4,False,True
orgue,slate-doing-grope-orgue,4,False,True
oribi,slate-crony-prior-oribi,4,False,True
oriel,slate-never-cruel-oriel,4,False,True
origo,slate-crony-prior-oribi-origo,5,False,True
orixa,slate-corny-armor-broad-orgia-orixa,6,False,True
orles,slate-loser-orles,3,False,True
orlon,slate-dilly-color-orlon,4,False,True
orlop,slate-dilly-color-orlon-orlop,5,False,True
ormer,slate-diner-whomp-mover-omber-ormer,6,False,True
ornee,slate-doing-ounce-ornee,4,False,True
ornis,slate-hokum-cross-brios-ornis,5,False,True
orped,slate-diner-befog-rodeo-orped,5,False,True
orpin,slate-crony-prion-orpin,4,False,True
orris,slate-hokum-cross-brios-ornis-orris,6,False,True
ortet,slate-titer-ortet,3,False,True
ortho,slate-count-throw-ortho,4,False,True
orval,slate-molar-orval,3,False,True
orzos,slate-hokum-cross-brios-ordos-orzos,6,False,True
osars,slate-curbs-grass-ksars-osars,5,False,True
oscar,slate-oasis-oscar,3,False,True
osetr,slate-testy-oxide-osetr,4,False,True
oseys,slate-runes-chess-oseys,4,False,True
oshac,slate-oasis-oscar-oshac,4,False,True
osier,slate-runes-wiser-osier,4,False,True
oskin,slate-hokum-oskin,3,False,True
oslin,slate-locus-oslin,3,False,True
osmic,slate-hokum-dsomo-osmic,4,False,True
osmol,slate-locus-oslin-osmol,4,False,True
osone,slate-rosin-osone,3,False,True
ossia,slate-oasis-ossia,3,False,True
ostia,slate-antsy-wombs-ostia,4,False,True
otaku,slate-grunt-otaku,3,False,True
otary,slate-grunt-tiara-otary,4,False,True
other,slate-titer-ether-other,4,True,True
othyl,slate-guilt-octyl-othyl,4,False,True
otium,slate-count-outdo-otium,4,False,True
ottar,slate-tabor-ottar,3,False,True
otter,slate-titer-otter,3,True,True
ottos,slate-trout-ottos,3,False,True
oubit,slate-count-trout-ought-oubit,5,False,True
ouche,slate-doing-probe-evhoe-ouche,5,False,True
oucht,slate-count-oucht,3,False,True
oueds,slate-runes-guess-oueds,4,False,True
ouens,slate-runes-ouens,3,False,True
ought,slate-count-trout-ought,4,True,True
ouija,slate-corny-adobo-ouija,4,True,True
oulks,slate-locus-omuls-oulks,4,False,True
oumas,slate-oasis-okras-omdas-oumas,5,False,True
ounce,slate-doing-ounce,3,True,True
oundy,slate-crony-wonky-oundy,4,False,True
oupas,slate-oasis-okras-omdas-oupas,5,False,True
ouped,slate-diner-moped-ouped,4,False,True
ouphe,slate-doing-probe-opepe-ouphe,5,False,True
ouphs,slate-hokum-ouphs,3,False,True
ourey,slate-diner-creek-forex-ourey,5,False,True
ourie,slate-doing-biome-offie-ourie,5,False,True
ousel,slate-loser-ousel,3,False,True
ousia,slate-oasis-ousia,3,False,True
ousts,slate-forum-gusto-ousts,4,False,True
outby,slate-count-outdo-outby,4,False,True
outdo,slate-count-outdo,3,True,True
outed,slate-titer-often-opted-outed,5,True,True
outen,slate-titer-often-outen,4,False,True
outer,slate-titer-pound-outer,4,True,True
outgo,slate-count-outdo-outgo,4,True,True
outie,slate-chirp-tinge-outie,4,False,True
outre,slate-chirp-outre,3,True,True
outro,slate-count-outdo-outgo-outro,5,False,True
outta,slate-taint-gotta-outta,4,True,True
ouzel,slate-never-dumpy-kugel-ouzel,5,False,True
ouzos,slate-hokum-buoys-duros-jucos-ouzos,6,False,True
ovals,slate-psalm-defog-coals-orals-ovals,6,False,True
ovary,slate-churn-award-ovary,4,True,True
ovate,slate-corgi-ovate,3,True,True
ovels,slate-loser-delos-enols-ovels,5,False,True
ovens,slate-runes-peeve-ovens,4,True,True
overs,slate-runes-press-verbs-overs,5,True,True
overt,slate-titer-erect-overt,4,True,True
ovine,slate-doing-opine-ovine,4,True,True
ovism,slate-hokum-bisom-odism-ovism,5,False,True
ovist,slate-trout-whomp-foist-odist-ovist,6,False,True
ovoid,slate-crony-whoop-ovoid,4,True,True
ovoli,slate-dilly-chili-mooli-oboli-ovoli,6,False,True
ovolo,slate-dilly-cholo-ovolo,4,False,True
ovule,slate-bingo-whole-joule-ovule,5,False,True
oware,slate-prick-aware-oware,4,False,True
owari,slate-churn-award-owari,4,False,True
owche,slate-doing-probe-evhoe-ouche-owche,6,False,True
owers,slate-runes-press-verbs-doers-omers-owers,7,False,False
owies,slate-runes-feces-moped-oboes-okies-owies,7,False,False
owing,slate-crony-bound-owing,4,True,True
owled,slate-never-dumpy-oiled-ogled-owled,6,False,True
owler,slate-never-limbo-ogler-owler,5,False,True
owlet,slate-intel-tyler-bolet-owlet,5,False,True
owned,slate-diner-botch-owned,4,True,True
owner,slate-diner-goner-owner,4,True,True
ownio,slate-crony-bough-onion-ownio,5,False,True
owres,slate-runes-porch-ogres-owres,5,False,True
owrie,slate-doing-biome-offie-ourie-owrie,6,False,True
owsen,slate-runes-nosey-onsen-owsen,5,False,True
oxbow,slate-crony-bough-oxbow,4,True,True
oxeas,slate-ashen-resaw-ideas-oxeas,5,False,True
oxers,slate-runes-press-verbs-doers-omers-owers-oxers,8,False,False
oxeye,slate-doing-probe-evhoe-oxeye,5,False,True
oxide,slate-doing-oxide,3,True,True
oxids,slate-hokum-cross-bigos-oxids,5,False,True
oxies,slate-runes-feces-moped-oboes-okies-owies-oxies,8,False,False
oxime,slate-doing-ojime-oxime,4,False,True
oxims,slate-hokum-dsomo-oxims,4,False,True
oxine,slate-doing-opine-ovine-oxine,5,False,True
oxlip,slate-dilly-folic-oxlip,4,False,True
oxman,slate-corny-wagon-oxman,4,False,True
oxmen,slate-diner-smock-women-oxmen,5,False,True
oxter,slate-titer-pound-ofter-oxter,5,False,True
oyama,slate-churn-foamy-oyama,4,False,True
oyers,slate-runes-press-verbs-doers-omers-owers-oxers-oyers,9,False,False
ozeki,slate-diner-emoji-ozeki,4,False,True
ozena,slate-radar-hyena-buena-epena-ozena,6,False,True
ozone,slate-doing-prone-ozone,4,True,True
ozzie,slate-doing-biome-offie-ourie-ozzie,6,False,True
paaho,slate-churn-hoagy-paaho,4,False,True
paals,slate-psalm-paals,3,False,True
paans,slate-curbs-amass-haafs-jaaps-paans,6,False,True
pacai,slate-corny-magic-haick-pacai,5,False,True
pacas,slate-oasis-brand-pouch-packs-pacas,6,False,True
pacay,slate-corny-wacky-baccy-pacay,5,False,True
paced,slate-radar-funky-caped-paced,5,True,True
pacer,slate-radar-pygmy-paper-pacer,5,True,True
paces,slate-ashen-frock-vapid-paces,5,True,True
pacey,slate-radar-cameo-facey-pacey,5,False,True
pacha,slate-corny-magic-dacha-bacha-kacha-pacha,7,False,False
packs,slate-oasis-brand-pouch-packs,5,True,True
packy,slate-corny-wacky-hacky-jacky-backy-packy,7,False,False
pacos,slate-oasis-baons-camos-pacos,5,False,True
pacta,slate-taint-party-pacta,4,False,True
pacts,slate-nymph-pasta-parts-pacts,5,False,True
padam,slate-corny-mafia-badam-padam,5,False,True
padas,slate-oasis-brand-dacks-gauds-padas,6,False,True
paddo,slate-corny-adobo-daiko-gadjo-paddo,6,False,True
paddy,slate-corny-budge-daddy-paddy,5,True,True
padis,slate-oasis-mavis-nazis-cadis-dadis-gadis-kadis-padis,9,False,False
padle,slate-bangs-mulch-ladle-padle,5,False,True
padma,slate-corny-mafia-gamma-padma,5,False,True
padou,slate-corny-adobo-oidia-padou,5,False,True
padre,slate-corgi-azure-padre,4,True,True
padri,slate-corny-rabid-padri,4,False,True
paean,slate-radar-paean,3,True,True
paedo,slate-radar-funky-caped-paedo,5,False,True
paeon,slate-radar-cameo-paeon,4,False,True
pagan,slate-corny-admin-pagan,4,True,True
paged,slate-radar-funky-caped-wives-paged,6,True,True
pager,slate-radar-pygmy-pager,4,True,True
pages,slate-ashen-frock-gumbo-pages,5,True,True
pagle,slate-bangs-eagle-pagle,4,False,True
pagne,slate-corgi-vague-pagne,4,False,True
pagod,slate-corny-adobo-oidia-pagod,5,False,True
pagri,slate-corny-rabid-kauri-pagri,5,False,True
pahit,slate-tabor-humph-pahit,4,False,True
pahos,slate-oasis-baons-camos-dados-faros-gajos-kayos-pahos,9,False,False
pahus,slate-oasis-brand-pouch-pahus,5,False,True
paiks,slate-oasis-ripen-paiks,4,False,True
pails,slate-balsa-pinch-pails,4,True,True
pains,slate-oasis-ripen-pains,4,True,True
paint,slate-tabor-humph-paint,4,True,True
paipe,slate-corgi-naive-maize-paipe,5,False,True
paips,slate-oasis-ripen-paiks-paips,5,False,True
paire,slate-corgi-afire-zaire-maire-paire,6,False,True
pairs,slate-oasis-ripen-pairs,4,True,True
paisa,slate-oasis-daisy-baisa-paisa,5,False,True
paise,slate-crump-passe-paise,4,False,True
pakay,slate-corny-budge-hammy-jazzy-yappy-pakay,7,False,False
pakka,slate-corny-mafia-babka-pakka,5,False,True
pakki,slate-corny-mafia-haiku-pakki,5,False,True
pakua,slate-corny-mafia-babka-kappa-pakua,6,False,True
pakul,slate-molar-daily-laugh-babul-capul-pakul,7,False,False
palak,slate-molar-lilac-gulag-bylaw-aflaj-palak,7,False,False
palar,slate-molar-pilar-palar,4,False,True
palas,slate-balsa-galas-kalas-malas-nalas-palas,7,False,False
palay,slate-molar-lilac-gulag-bylaw-palay,6,False,True
palea,slate-rangy-label-paled-palea,5,False,True
paled,slate-rangy-label-paled,4,True,True
paler,slate-rangy-paler,3,True,True
pales,slate-laser-whomp-pales,4,True,True
palet,slate-paler-palet,3,False,True
palis,slate-balsa-whomp-calps-palis,5,False,True
palki,slate-molar-dally-aalii-palki,5,False,True
palla,slate-molar-dally-walla-calla-nalla-palla,7,False,False
palls,slate-balsa-whomp-calps-palis-palls,6,False,True
pallu,slate-molar-dally-walla-pallu,5,False,True
pally,slate-molar-dally-wombs-pally,5,True,True
palms,slate-balsa-whomp-palms,4,True,True
palmy,slate-molar-balmy-calmy-palmy,5,False,True
palpi,slate-molar-dally-aalii-palki-palpi,6,False,True
palps,slate-balsa-whomp-calps-palps,5,False,True
palsa,slate-balsa-palsa,3,False,True
palsy,slate-balsa-palsy,3,True,True
palus,slate-balsa-whomp-calps-palis-palls-palus,7,False,False
pamby,slate-corny-budge-fabby-pamby,5,False,True
pampa,slate-corny-mafia-gamma-hamza-pampa,6,False,True
panax,slate-corny-admin-ganja-banak-hanap-panax,7,False,False
pance,slate-corgi-dance-nance-hance-pance,6,False,True
panch,slate-corny-manic-ganch-hanch-panch,6,False,True
panda,slate-corny-admin-panda,4,True,True
pands,slate-oasis-brand-hands-wands-fands-mands-pands,8,False,False
pandy,slate-corny-handy-dandy-bandy-gandy-kandy-mandy-pandy,9,False,False
paned,slate-radar-funky-caned-waned-baned-eaned-maned-paned,9,False,False
panel,slate-rangy-panel,3,True,True
panes,slate-ashen-wanes-canes-banes-fanes-janes-kanes-manes-panes,10,False,False
panga,slate-corny-admin-ganja-fanga-kanga-panga,7,False,False
pangs,slate-oasis-brand-graph-pangs,5,True,True
panic,slate-corny-manic-panic,4,True,True
panim,slate-corny-admin-mania-panim,5,False,True
panir,slate-corny-urban-nadir-panir,5,False,True
panko,slate-corny-wagon-banjo-panko,5,True,True
panks,slate-oasis-brand-graph-napas-panks,6,False,True
panna,slate-corny-mixup-panna,4,False,True
panne,slate-corgi-maybe-fauve-kanae-panne,6,False,True
panni,slate-corny-mixup-aping-panni,5,False,True
panny,slate-corny-nanny-danny-manny-fanny-janny-panny,8,False,False
pansy,slate-oasis-marsh-pansy,4,True,True
panto,slate-taint-panty-panto,4,False,True
pants,slate-nymph-pants,3,True,True
panty,slate-taint-panty,3,True,True
paoli,slate-molar-aioli-paoli,4,False,True
paolo,slate-molar-aioli-paolo,4,True,True
papad,slate-corny-mafia-dadah-papad,5,False,True
papal,slate-molar-canal-papal,4,True,True
papas,slate-oasis-brand-pouch-papas,5,True,True
papaw,slate-corny-mafia-dadah-kabab-papaw,6,False,True
paper,slate-radar-pygmy-paper,4,True,True
papes,slate-ashen-frock-gumbo-waves-eases-dazes-japes-papes,9,False,False
papey,slate-radar-cameo-waxen-fakey-hayey-papey,7,False,False
pappi,slate-corny-mafia-haiku-gaddi-pappi,6,False,True
pappy,slate-corny-budge-hammy-jazzy-yappy-pappy,7,True,False
papri,slate-corny-rabid-kauri-pagri-papri,6,False,True
parae,slate-corgi-barre-karee-marae-parae,6,False,True
paras,slate-oasis-brand-whomp-parks-paras,6,False,True
parch,slate-corny-march-parch,4,True,True
parcs,slate-oasis-brand-whomp-parks-paras-parcs,7,False,False
pardi,slate-corny-parka-pardi,4,False,True
pards,slate-oasis-brand-yucky-wards-fards-hards-mards-pards,9,False,False
pardy,slate-corny-parry-pardy,4,False,True
pared,slate-radar-epoch-pared,4,True,True
paren,slate-radar-harem-carex-karez-paren,6,False,True
pareo,slate-radar-harem-carex-karez-paren-pareo,7,False,False
parer,slate-radar-carer-barer-parer,5,True,True
pares,slate-ashen-frock-wormy-dares-bares-gares-pares,8,False,False
pareu,slate-radar-harem-carex-karez-paren-pareo-pareu,8,False,False
parev,slate-radar-harem-carex-karez-paren-pareo-pareu-parev,9,False,False
parge,slate-corgi-barge-marge-parge,5,False,True
pargo,slate-corny-arrow-bardo-margo-pargo,6,False,True
parid,slate-corny-parka-pardi-parid,5,False,True
paris,slate-oasis-mavis-nazis-cadis-garis-paris,7,False,False
parka,slate-corny-parka,3,True,True
parki,slate-corny-parka-parki,4,False,True
parks,slate-oasis-brand-whomp-parks,5,True,True
parky,slate-corny-parry-pardy-parky,5,False,True
parle,slate-bangs-mulch-ladle-parle,5,True,True
parly,slate-molar-larva-jarul-parly,5,False,True
parma,slate-corny-parka-parma,4,True,True
parmo,slate-corny-arrow-bardo-margo-parmo,6,False,True
parms,slate-oasis-brand-whomp-parms,5,False,True
parol,slate-molar-carol-parol,4,False,True
parps,slate-oasis-brand-whomp-parks-paras-parcs-parps,8,False,False
parra,slate-corny-parka-parma-parra,5,False,True
parrs,slate-oasis-brand-whomp-parks-paras-parcs-parps-parrs,9,False,False
parry,slate-corny-parry,3,True,True
parse,slate-crump-parse,3,True,True
parte,slate-acute-matte-parte,4,True,True
parti,slate-taint-cacti-aarti-parti,5,False,True
parts,slate-nymph-pasta-parts,4,True,True
party,slate-taint-party,3,True,True
parve,slate-corgi-barre-karee-marae-parve,6,False,True
parvo,slate-corny-arrow-bardo-margo-parvo,6,False,True
pasag,slate-oasis-raspy-pasha-pasag,5,False,True
pasar,slate-oasis-raspy-pasar,4,False,True
pasch,slate-oasis-raspy-pasha-pasch,5,False,True
paseo,slate-ashen-frock-oases-paseo,5,False,True
pases,slate-ashen-frock-gumbo-waves-eases-pases,7,False,False
pasha,slate-oasis-raspy-pasha,4,True,True
pashm,slate-oasis-raspy-pasha-pashm,5,False,True
paska,slate-oasis-raspy-pasha-paska,5,False,True
pasmo,slate-oasis-mason-pasmo,4,False,True
paspy,slate-oasis-raspy-gaspy-paspy,5,False,True
passe,slate-crump-passe,3,True,True
passu,slate-oasis-gassy-massa-passu,5,False,True
pasta,slate-nymph-pasta,3,True,True
paste,slate-teach-wombs-paste,4,True,True
pasts,slate-nymph-pasta-pasts,4,False,True
pasty,slate-nymph-pasty,3,True,True
patas,slate-antsy-wombs-paths-patas,5,False,True
patch,slate-tabor-humph-patch,4,True,True
pated,slate-treed-gated-thumb-dated-fated-pated,7,False,False
patee,slate-bathe-patee,3,False,True
patel,slate-paler-patel,3,True,True
paten,slate-treed-facet-matey-oaten-paten,6,False,True
pater,slate-treed-watch-rater-mater-gater-oater-pater,8,False,False
pates,slate-asset-butch-groom-dates-fates-nates-pates,8,False,False
paths,slate-antsy-wombs-paths,4,True,True
patia,slate-tabor-humph-paint-patia,5,False,True
patin,slate-tabor-humph-paint-patin,5,False,True
patio,slate-tabor-matzo-patio,4,True,True
patka,slate-tabor-humph-paint-patka,5,False,True
patly,slate-taint-fatal-latch-matlo-patly,6,False,True
patsy,slate-antsy-patsy,3,True,True
patta,slate-taint-scrap-patty-patta,5,False,True
patte,slate-acute-matte-patte,4,False,True
pattu,slate-taint-scrap-patty-patta-pattu,6,False,True
patty,slate-taint-scrap-patty,4,True,True
patus,slate-antsy-wombs-paths-patas-patus,6,False,True
pauas,slate-oasis-brand-pouch-pauas,5,False,True
pauls,slate-balsa-pinch-pauls,4,False,True
pause,slate-crump-pause,3,True,True
pauxi,slate-corny-mafia-haiku-pauxi,5,False,True
pavan,slate-corny-admin-pagan-pavan,5,False,True
pavas,slate-oasis-brand-pouch-papas-pavas,6,False,True
paved,slate-radar-funky-caped-wives-paved,6,True,True
paven,slate-radar-cameo-waxen-haven-paven,6,False,True
paver,slate-radar-pygmy-paper-pacer-paver,6,True,True
paves,slate-ashen-frock-gumbo-waves-paves,6,True,True
pavid,slate-corny-mafia-vapid-pavid,5,False,True
pavie,slate-corgi-naive-mavie-pavie,5,False,True
pavin,slate-corny-admin-fagin-bavin-pavin,6,False,True
pavis,slate-oasis-mavis-pavis,4,False,True
pavon,slate-corny-wagon-fanon-jamon-pavon,6,False,True
pavvy,slate-corny-budge-hammy-jazzy-yappy-pakay-pavvy,8,False,False
pawas,slate-oasis-brand-pouch-papas-pavas-pawas,7,False,False
pawaw,slate-corny-mafia-dadah-kabab-papaw-pawaw,7,False,False
pawed,slate-radar-funky-caped-wives-pawed,6,True,True
pawer,slate-radar-pygmy-paper-pacer-paver-pawer,7,False,False
pawks,slate-oasis-brand-pouch-papas-pawks,6,False,True
pawky,slate-corny-budge-hammy-jazzy-yappy-pakay-pawky,8,False,False
pawls,slate-balsa-pinch-pauls-pawls,5,False,True
pawns,slate-oasis-brand-pawns,4,True,True
paxes,slate-ashen-frock-gumbo-waves-eases-dazes-japes-paxes,9,False,False
payed,slate-radar-funky-bayed-payed,5,True,True
payee,slate-corgi-maybe-payee,4,True,True
payer,slate-radar-pygmy-payer,4,True,True
payor,slate-corny-mayor-payor,4,False,True
paysd,slate-oasis-marsh-pansy-paysd,5,False,True
peace,slate-prick-peace,3,True,True
peach,slate-derby-peach,3,True,True
peage,slate-prick-phage-peage,4,False,True
peags,slate-redub-wimpy-peaks-peags,5,False,True
peake,slate-prick-peake,3,False,True
peaks,slate-redub-wimpy-peaks,4,True,True
peaky,slate-derby-heavy-meany-peaky,5,False,True
peals,slate-leash-verde-meals-beals-feals-geals-neals-peals,9,False,False
peans,slate-redub-wimpy-peaks-peags-peans,6,False,True
peare,slate-prick-peare,3,False,True
pearl,slate-leary-pearl,3,True,True
pears,slate-redub-glyph-pears,4,True,True
peart,slate-enact-heart-feart-peart,5,False,True
pease,slate-cease-fease-mease-pease,5,False,True
peasy,slate-redub-wimpy-peasy,4,False,True
peats,slate-thumb-feats-geats-jeats-neats-peats,7,False,False
peaty,slate-heath-meaty-peaty,4,True,True
peavy,slate-derby-heavy-peavy,4,False,True
peaze,slate-prick-phage-peaze,4,False,True
pebas,slate-ashen-resaw-degas-bemas-pebas,6,False,True
pecan,slate-radar-began-pecan,4,True,True
pechs,slate-runes-chess-echos-hecks-mechs-pechs,7,False,False
pecia,slate-radar-hyena-mecca-pecia,5,False,True
pecke,slate-doing-scrum-becke-pecke,5,False,True
pecks,slate-runes-chess-wiped-pecks,5,True,True
pecky,slate-diner-geeky-pecky,4,False,True
pects,slate-testy-grind-beets-hefts-pects,6,False,True
pedal,slate-rangy-medal-pedal,4,True,True
pedes,slate-runes-feces-bedes-pedes,5,False,True
pedis,slate-runes-chess-demos-jedis-pedis,6,False,True
pedon,slate-diner-needy-pedon,4,False,True
pedos,slate-runes-chess-demos-pedos,5,False,True
pedro,slate-diner-redux-pedro,4,False,True
peece,slate-doing-scrum-becke-cezve-peece,6,False,True
peeks,slate-runes-chess-dweeb-pokey-peeks,6,False,True
peeky,slate-diner-geeky-peeky,4,False,True
peels,slate-loser-cheep-peels,4,True,True
peely,slate-never-leech-deely-feely-jeely-peely,7,False,False
peens,slate-runes-peeve-peens,4,False,True
peent,slate-titer-pouch-peent,4,False,True
peeoy,slate-diner-geeky-beefy-weepy-peeoy,6,False,True
peepe,slate-doing-scrum-peeve-peepe,5,False,True
peeps,slate-runes-chess-dweeb-pokey-peeps,6,True,True
peepy,slate-diner-geeky-beefy-weepy-peepy,6,False,True
peers,slate-runes-press-peers,4,True,True
peery,slate-diner-merry-beery-peery,5,False,True
peeve,slate-doing-scrum-peeve,4,True,True
peevo,slate-diner-geeky-beech-peevo,5,False,True
peggy,slate-diner-geeky-peggy,4,False,True
peghs,slate-runes-chess-heids-peghs,5,False,True
pegma,slate-radar-hyena-mecca-gemma-pegma,6,False,True
pegos,slate-runes-chess-demos-pegos,5,False,True
peine,slate-doing-urine-whine-exine-peine,6,False,True
peins,slate-runes-peeve-peins,4,False,True
peise,slate-rosin-guise-peise,4,False,True
peisy,slate-runes-messy-peisy,4,False,True
peize,slate-doing-crumb-peize,4,False,True
pekan,slate-radar-began-pecan-pekan,5,False,True
pekau,slate-radar-began-heiau-pekau,5,False,True
pekea,slate-radar-hyena-mecca-pekea,5,False,True
pekes,slate-runes-feces-bedes-hemes-kexes-pekes,7,False,False
pekid,slate-diner-medic-geoid-pekid,5,False,True
pekin,slate-diner-eking-pekin,4,False,True
pekoe,slate-doing-probe-pekoe,4,False,True
pelas,slate-laser-avels-melas-pelas,5,False,True
pelau,slate-rangy-medal-belah-pelau,5,False,True
pelch,slate-never-bough-delph-pelch,5,False,True
peles,slate-loser-wimpy-peles,4,False,True
pelfs,slate-loser-cheep-kelps-pelfs,5,False,True
pells,slate-loser-cheep-kelps-pelfs-pells,6,False,True
pelma,slate-rangy-medal-lemma-pelma,5,False,True
pelog,slate-never-bough-pelog,4,False,True
pelon,slate-never-melon-felon-belon-pelon,6,False,True
pelsh,slate-loser-cheep-helps-pelsh,5,False,True
pelta,slate-delta-pelta,3,False,True
pelts,slate-plumb-pelts,3,True,True
pelus,slate-loser-cheep-kelps-pelfs-pells-pelus,7,False,False
penal,slate-rangy-penal,3,True,True
pence,slate-doing-punch-pence,4,True,True
pends,slate-runes-bends-fends-hends-mends-pends,7,False,False
pendu,slate-diner-bendy-kendo-pendu,5,False,True
pened,slate-diner-botch-mened-pened,5,False,True
penes,slate-runes-crimp-penes,4,False,True
pengo,slate-diner-xenon-pengo,4,False,True
penie,slate-doing-wince-innie-penie,5,False,True
penis,slate-runes-bends-penis,4,True,True
penks,slate-runes-bends-penis-penks,5,False,True
penna,slate-radar-hyena-penna,4,False,True
penne,slate-doing-penne,3,True,True
penni,slate-diner-ennui-benni-penni,5,False,True
penny,slate-diner-xenon-penny,4,True,True
pense,slate-rosin-dense-cense-mense-pense,6,False,True
pensy,slate-runes-eensy-pensy,4,False,True
pents,slate-testy-grind-cents-vents-bents-fents-hents-kents-ments-pents,11,False,False
peola,slate-rangy-medal-fella-peola,5,False,True
peons,slate-runes-peeve-peins-peons,5,False,True
peony,slate-diner-enjoy-peony,4,True,True
pepla,slate-rangy-medal-fella-peola-pepla,6,False,True
peple,slate-bingo-levee-merle-peple,5,False,True
pepon,slate-diner-enjoy-pepon,4,False,True
pepos,slate-runes-chess-demos-pegos-pepos,6,False,True
peppy,slate-diner-geeky-peppy,4,True,True
pepsi,slate-runes-messy-pepsi,4,True,True
pequi,slate-diner-emoji-pequi,4,False,True
perae,slate-corgi-barre-aurae-perae,5,False,True
perai,slate-radar-wombs-freak-gerah-perai,6,False,True
perce,slate-doing-scrum-perce,4,False,True
perch,slate-diner-merry-perch,4,True,True
percs,slate-runes-press-perks-percs,5,False,True
perdu,slate-diner-redux-perdu,4,False,True
perdy,slate-diner-redux-perdy,4,False,True
perea,slate-radar-opera-perea,4,False,True
peres,slate-runes-porch-peres,4,True,True
perfs,slate-runes-press-perks-percs-perfs,6,False,True
peril,slate-never-reply-peril,4,True,True
peris,slate-runes-press-perks-percs-perfs-peris,7,False,False
perks,slate-runes-press-perks,4,True,True
perky,slate-diner-merry-perky,4,True,True
perle,slate-bingo-levee-merle-perle,5,False,True
perls,slate-loser-reels-herls-merls-perls,6,False,True
perms,slate-runes-press-perks-percs-perfs-peris-perms,8,False,False
permy,slate-diner-merry-germy-permy,5,False,True
perne,slate-doing-penne-perne,4,False,True
perns,slate-runes-ferns-derns-herns-kerns-perns,7,False,False
perog,slate-diner-merry-perch-perog,5,False,True
perps,slate-runes-press-perks-percs-perfs-peris-perms-perps,9,False,False
perry,slate-diner-merry-berry-ferry-kerry-herry-jerry-perry,9,False,False
perse,slate-rosin-purse-perse,4,False,True
persp,slate-runes-fresh-verso-mersk-persp,6,False,True
perst,slate-cruet-perst,3,False,True
perts,slate-testy-grind-certs-perts,5,False,True
perve,slate-doing-scrum-verve-kerve-perve,6,False,True
pervo,slate-diner-merry-perch-perog-pervo,6,False,True
pervs,slate-runes-press-perks-percs-perfs-peris-perms-perps-pervs,10,False,False
pervy,slate-diner-merry-perky-pervy,5,False,True
pesch,slate-runes-messy-deshi-pesch,5,False,True
pesky,slate-runes-messy-pesky,4,True,True
pesos,slate-runes-chess-desks-pesos,5,True,True
pesta,slate-abets-cesta-festa-pesta,5,False,True
pesto,slate-testy-pesto,3,True,True
pests,slate-testy-pesto-pests,4,True,True
pesty,slate-testy-zesty-festy-nesty-pesty,6,False,True
petal,slate-paler-petal,3,True,True
petar,slate-treed-extra-retag-petar,5,False,True
peter,slate-titer-pound-peter,4,True,True
petit,slate-titer-petit,3,True,True
petos,slate-cruet-ethos-petos,4,False,True
petre,slate-chirp-petre,3,False,True
petri,slate-titer-petri,3,True,True
petti,slate-pinch-petti,3,False,True
petto,slate-pinch-petty-petto,4,False,True
petty,slate-pinch-petty,3,True,True
pewed,slate-diner-moped-puked-pewed,5,False,True
pewee,slate-doing-scrum-peeve-pewee,5,False,True
pewit,slate-titer-edict-inept-pewit,5,False,True
peyse,slate-rosin-geese-meuse-peyse,5,False,True
pfftt,slate-briny-mouth-pfftt,4,False,True
phage,slate-prick-phage,3,True,True
phang,slate-churn-whang-bhang-phang,5,False,True
phare,slate-prick-peare-phare,4,False,True
pharm,slate-churn-wharf-pharm,4,False,True
phase,slate-cease-phase,3,True,True
phasm,slate-curbs-awash-phasm,4,False,True
pheer,slate-diner-whomp-pheer,4,False,True
pheme,slate-doing-scrum-femme-exeme-pheme,6,False,True
phene,slate-doing-penne-phene,4,False,True
pheon,slate-diner-enjoy-pepon-pheon,5,False,True
phese,slate-rosin-geese-phese,4,False,True
phial,slate-molar-canal-fugal-khyal-phial,6,False,True
phies,slate-runes-feces-moped-pikes-phies,6,False,True
phish,slate-hokum-fishy-phish,4,True,True
phizz,slate-crony-kudzu-whizz-phizz,5,False,True
phlox,slate-dilly-color-phlox,4,True,True
phobe,slate-doing-probe-phobe,4,False,True
phoca,slate-corny-macho-adhoc-phoca,5,False,True
phone,slate-doing-prone-phone,4,True,True
phono,slate-crony-boong-phono,4,False,True
phons,slate-hokum-frosh-chops-phons,5,False,True
phony,slate-crony-phony,3,True,True
phooh,slate-crony-whoop-phooh,4,False,True
phooo,slate-crony-whoop-phooh-phooo,5,False,True
phota,slate-taint-aorta-quota-chota-phota,6,False,True
photo,slate-briny-mouth-photo,4,True,True
phots,slate-forum-knots-phots,4,False,True
photy,slate-briny-potty-photy,4,False,True
phpht,slate-count-dwarf-might-phpht,5,False,True
phubs,slate-hokum-pubic-phubs,4,False,True
phuts,slate-forum-dusty-units-bhuts-chuts-phuts,7,False,False
phutu,slate-briny-mouth-phutu,4,False,True
phwat,slate-tabor-untag-iddat-phwat,5,False,True
phyla,slate-molar-daily-phyla,4,False,True
phyle,slate-bingo-levee-cycle-phyle,5,False,True
phyma,slate-corny-kayak-phyma,4,False,True
phynx,slate-crony-dying-phynx,4,False,True
physa,slate-oasis-bursa-physa,4,False,True
piais,slate-curbs-amass-dhaks-gnaws-jiaos-piais,7,False,False
piani,slate-churn-piano-piani,4,False,True
piano,slate-churn-piano,3,True,True
pians,slate-curbs-amass-dhaks-gnaws-pians,6,False,True
pibal,slate-molar-canal-fugal-khyal-pibal,6,False,True
pical,slate-molar-canal-ducal-pical,5,False,True
picas,slate-oasis-minas-aidas-gigas-hibas-kipas-picas,8,False,False
piccy,slate-crony-mucky-vichy-biccy-piccy,6,False,True
picey,slate-diner-bicep-picey,4,False,True
pichi,slate-crony-quick-mimic-pichi,5,False,True
picks,slate-hokum-frisk-kinds-picks,5,True,True
picky,slate-crony-mucky-picky,4,True,True
picon,slate-crony-ionic-picon,4,False,True
picot,slate-count-dicot-picot,4,False,True
picra,slate-corny-vicar-micra-picra,5,False,True
picul,slate-dilly-vigil-cibol-picul,5,False,True
piece,slate-doing-puree-piece,4,True,True
pieds,slate-runes-chess-dweeb-pieds,5,False,True
piend,slate-diner-fiend-piend,4,False,True
piers,slate-runes-press-peers-piers,5,True,True
piert,slate-titer-piert,3,False,True
pieta,slate-earth-aceta-pieta,4,False,True
piets,slate-testy-oxide-piets,4,False,True
piety,slate-pinch-piety,3,True,True
piezo,slate-diner-mieux-piezo,4,False,True
piggy,slate-crony-dumpy-piggy,4,True,True
pight,slate-count-dwarf-might-tight-bight-hight-kight-pight,9,False,False
pigly,slate-dilly-girly-bigly-pigly,5,False,True
pigmy,slate-crony-dumpy-pygmy-pigmy,5,False,True
piing,slate-crony-djinn-kwink-piing,5,False,True
pikas,slate-oasis-minas-aidas-gigas-hibas-kipas-pikas,8,False,False
pikau,slate-corny-mafia-hijab-pikau,5,False,True
piked,slate-diner-video-biped-piked,5,True,True
pikel,slate-never-dumpy-pixel-pikel,5,False,True
piker,slate-diner-parka-piker,4,True,True
pikes,slate-runes-feces-moped-pikes,5,True,True
pikey,slate-diner-bicep-pikey,4,False,True
pikis,slate-hokum-pikis,3,False,True
pikul,slate-dilly-vigil-cibol-mirrl-pikul,6,False,True
pilae,slate-bangs-apple-pilae,4,False,True
pilaf,slate-molar-lilac-pilaf,4,True,True
pilao,slate-molar-oflag-pilao,4,False,True
pilar,slate-molar-pilar,3,True,True
pilau,slate-molar-lilac-pilaf-pilau,5,False,True
pilaw,slate-molar-lilac-pilaf-pilau-pilaw,6,False,True
pilch,slate-dilly-zilch-filch-hilch-milch-pilch,7,False,False
pilea,slate-rangy-medal-akela-pilea,5,False,True
piled,slate-never-dumpy-poled-piled,5,True,True
pilei,slate-never-dumpy-pixel-pilei,5,False,True
piler,slate-never-limbo-filer-piler,5,False,True
piles,slate-loser-wimpy-piles,4,True,True
piley,slate-never-dumpy-piley,4,False,True
pilin,slate-dilly-zilch-bilbo-filii-kilig-pilin,7,False,False
pilis,slate-locus-whomp-pills-pilis,5,False,True
pills,slate-locus-whomp-pills,4,True,True
pilon,slate-dilly-zilch-bilbo-filon-pilon,6,False,True
pilot,slate-guilt-limit-pilot,4,True,True
pilow,slate-dilly-zilch-bilbo-filon-milor-pilow,7,False,False
pilum,slate-dilly-zilch-bilbo-filii-pilum,6,False,True
pilus,slate-locus-hilus-pilus,4,False,True
pimas,slate-oasis-minas-bimas-pimas,5,False,True
pimps,slate-hokum-missy-wimps-pimps,5,True,True
pinas,slate-oasis-minas-kinas-pinas,5,False,True
pinax,slate-corny-admin-ninja-hinau-pinax,6,False,True
pince,slate-doing-wince-mince-pince,5,False,True
pinch,slate-crony-blimp-pinch,4,True,True
pinda,slate-corny-admin-kinda-pinda,5,False,True
pinds,slate-hokum-crisp-wispy-pings-pinds,6,False,True
pined,slate-diner-wimpy-pined,4,True,True
piner,slate-diner-finer-miner-biner-niner-piner,7,False,False
pines,slate-runes-crimp-pines,4,True,True
piney,slate-diner-piney,3,True,True
pinga,slate-corny-admin-ninja-ginga-pinga,6,False,True
pinge,slate-doing-hinge-binge-ginge-minge-pinge,7,False,False
pingo,slate-crony-bough-dingo-jingo-pingo,6,False,True
pings,slate-hokum-crisp-wispy-pings,5,True,True
pinko,slate-crony-bough-onion-pinko,5,False,True
pinks,slate-hokum-frisk-kinds-wraps-pinks,6,True,True
pinky,slate-crony-pudgy-pinky,4,True,True
pinna,slate-corny-mixup-pinna,4,False,True
pinny,slate-crony-funny-ninny-ginny-vinny-hinny-minny-pinny,9,False,False
pinol,slate-dilly-vigil-cibol-pinol,5,False,True
pinon,slate-crony-bough-onion-ninon-pinon,6,False,True
pinot,slate-count-pinot,3,True,True
pinta,slate-taint-ninta-pinta,4,False,True
pinto,slate-briny-ninth-pinto,4,True,True
pints,slate-forum-whips-pints,4,True,True
pinup,slate-crony-unzip-pinup,4,True,True
pions,slate-hokum-cross-biogs-pions,5,False,True
piony,slate-crony-phony-piony,4,False,True
pious,slate-hokum-pious,3,True,True
pioye,slate-doing-biome-kiore-pioye,5,False,True
pioys,slate-hokum-cross-biogs-pions-pioys,6,False,True
pipal,slate-molar-canal-fugal-khyal-pibal-pipal,7,False,False
pipas,slate-oasis-minas-aidas-gigas-hibas-kipas-pipas,8,False,False
piped,slate-diner-video-biped-piped,5,True,True
piper,slate-diner-parka-piper,4,True,True
pipes,slate-runes-feces-moped-pipes,5,True,True
pipet,slate-titer-bidet-civet-pipet,5,True,True
pipid,slate-crony-kudzu-vivid-bifid-pipid,6,False,True
pipis,slate-hokum-crisp-wispy-pings-pipis,6,False,True
pipit,slate-count-dwarf-might-pipit,5,False,True
pippy,slate-crony-dumpy-zippy-hippy-bippy-gippy-pippy,8,False,False
pipul,slate-dilly-vigil-cibol-mirrl-pikul-pipul,7,False,False
pique,slate-doing-puree-pique,4,True,True
piqui,slate-crony-kudzu-mixup-piqui,5,False,True
pirai,slate-corny-parka-pirai,4,False,True
pirks,slate-hokum-frisk-risky-birks-dirks-kirks-pirks,8,False,False
pirls,slate-locus-whomp-pills-pirls,5,False,True
pirns,slate-hokum-crisp-pirns,4,False,True
pirog,slate-crony-furor-pirog,4,False,True
pirre,slate-doing-puree-pirre,4,False,True
pirri,slate-crony-quirk-bidri-pirri,5,False,True
pirrs,slate-hokum-crisp-pirns-pirrs,5,False,True
pisco,slate-hokum-cross-disco-pisco,5,False,True
pises,slate-runes-feces-moped-pikes-pises,6,False,True
pisky,slate-hokum-frisk-kinds-pisky,5,False,True
pisos,slate-hokum-cross-pisos,4,False,True
pissy,slate-hokum-crisp-gipsy-pissy,5,False,True
piste,slate-piste,2,True,True
pitas,slate-antsy-wombs-paths-pitas,5,False,True
pitch,slate-count-howdy-pitch,4,True,True
piths,slate-trout-ditsy-jitis-kiths-piths,6,False,True
pithy,slate-count-ritzy-pithy,4,True,True
piton,slate-count-intro-niton-piton,5,False,True
pitot,slate-count-divot-bigot-pitot,5,False,True
pitso,slate-trout-goths-pitso,4,False,True
pitsu,slate-trout-gutsy-pitsu,4,False,True
pitta,slate-taint-mitta-pitta,4,False,True
pittu,slate-briny-width-pittu,4,False,True
piuma,slate-corny-mafia-piuma,4,False,True
piums,slate-hokum-music-piums,4,False,True
pivos,slate-hokum-cross-bigos-didos-finos-pivos,7,False,False
pivot,slate-count-divot-pivot,4,True,True
pixel,slate-never-dumpy-pixel,4,True,True
pixes,slate-runes-feces-moped-pikes-pises-pixes,7,False,False
pixie,slate-doing-puree-pixie,4,True,True
piyut,slate-count-butut-iddut-piyut,5,False,True
pized,slate-diner-video-biped-piked-pized,6,False,True
pizer,slate-diner-parka-piper-pizer,5,False,True
pizes,slate-runes-feces-moped-pikes-pises-pixes-pizes,8,False,False
pizza,slate-corny-mafia-pizza,4,True,True
plaas,slate-pecks-plans-plays-plaas,5,False,True
place,slate-crumb-place,3,True,True
plack,slate-prick-plack,3,False,True
plaga,slate-prick-plaza-playa-plaga,5,False,True
plage,slate-crumb-pudgy-plage,4,False,True
plaid,slate-prick-plaid,3,True,True
plaig,slate-prick-plaid-plain-plaig,5,False,True
plain,slate-prick-plaid-plain,4,True,True
plait,slate-plant-plait,3,True,True
planc,slate-prick-planc,3,False,True
plane,slate-crumb-pudgy-plane,4,True,True
planh,slate-prick-plaza-planh,4,False,True
plank,slate-prick-plank,3,True,True
plans,slate-pecks-plans,3,True,True
plant,slate-plant,2,True,True
plaps,slate-pecks-plans-plays-plaas-plaps,6,False,True
plash,slate-pecks-plasm-plash,4,False,True
plasm,slate-pecks-plasm,3,True,True
plast,slate-blast-clast-plast,4,False,True
plate,slate-plate,2,True,True
plats,slate-flats-blats-clats-plats,5,False,True
platt,slate-alata-blatt-glatt-platt,5,False,True
platy,slate-alata-blatt-platy,4,False,True
plaud,slate-prick-plaza-planh-plaud,5,False,True
plaur,slate-prick-plaur,3,False,True
plavs,slate-pecks-plans-plays-plaas-plaps-plavs,7,False,False
playa,slate-prick-plaza-playa,4,True,True
plays,slate-pecks-plans-plays,4,True,True
plaza,slate-prick-plaza,3,True,True
plead,slate-gonad-plead,3,True,True
pleas,slate-fleas-pleas,3,True,True
pleat,slate-cleat-bleat-pleat,4,True,True
plebe,slate-bipod-plebe,3,True,True
plebs,slate-flesh-blebs-plebs,4,False,True
pleck,slate-freed-blech-cleck-pleck,5,False,True
pleep,slate-freed-bleep-cleep-pleep,5,False,True
plein,slate-freed-blech-ileum-olein-plein,6,False,True
plena,slate-gonad-alien-plena,4,False,True
plene,slate-bipod-plume-plene,4,False,True
pleno,slate-freed-blech-ileum-oleyl-pleno,6,False,True
pleon,slate-freed-blech-ileum-oleyl-pleno-pleon,7,False,False
plesh,slate-flesh-plesh,3,False,True
plets,slate-blets-plets,3,False,True
plews,slate-flesh-blebs-clegs-ileus-oleos-plews,7,False,False
plexi,slate-freed-blech-ileum-olein-plexi,6,False,True
plica,slate-agora-plica,3,False,True
plied,slate-freed-glued-plied,4,True,True
plier,slate-freed-ulcer-plier,4,True,True
plies,slate-flesh-vouch-plies,4,True,True
pligs,slate-floss-plums-pligs,4,False,True
plims,slate-floss-plums-plims,4,False,True
pling,slate-bipod-plink-pling,4,False,True
plink,slate-bipod-plink,3,True,True
plips,slate-floss-plums-pligs-plips,5,False,True
plish,slate-floss-blush-plish,4,False,True
ploat,slate-float-bloat-gloat-ploat,5,False,True
ploce,slate-bipod-elope-ploce,4,False,True
plock,slate-bipod-plonk-plock,4,False,True
plods,slate-floss-clogs-blows-plods,5,False,True
ploit,slate-flung-clipt-ploit,4,False,True
plomb,slate-bipod-plomb,3,False,True
plong,slate-bipod-plonk-plong,4,False,True
plonk,slate-bipod-plonk,3,True,True
plook,slate-bipod-gloop-plook,4,False,True
ploot,slate-flung-clipt-ploot,4,False,True
plops,slate-floss-clogs-blows-plods-plops,6,False,True
plore,slate-bipod-elope-ploce-plore,5,False,True
plots,slate-uncap-plots,3,True,True
plotz,slate-glitz-klutz-plotz,4,False,True
plouk,slate-bipod-plonk-plock-plouk,5,False,True
plout,slate-flung-clout-plout,4,False,True
plows,slate-floss-clogs-blows-plows,5,False,True
plowt,slate-flung-clipt-ploot-plowt,5,False,True
ploye,slate-bipod-elope-ploce-plore-ploye,6,False,True
ploys,slate-floss-clogs-blows-plods-plops-ploys,7,False,False
pluck,slate-bipod-plunk-pluck,4,True,True
pluds,slate-floss-plums-plugs-pluds,5,False,True
plues,slate-flesh-vouch-blues-glues-plues,6,False,True
pluff,slate-bipod-plunk-plump-pluff,5,False,True
plugs,slate-floss-plums-plugs,4,True,True
pluke,slate-bipod-plume-pluke,4,False,True
plumb,slate-bipod-plumb,3,True,True
plume,slate-bipod-plume,3,True,True
plump,slate-bipod-plunk-plump,4,True,True
plums,slate-floss-plums,3,True,True
plumy,slate-bipod-plunk-plump-plumy,5,False,True
plung,slate-bipod-plunk-plung,4,False,True
plunk,slate-bipod-plunk,3,True,True
pluot,slate-flung-blurt-pluot,4,False,True
plups,slate-floss-plums-plugs-pluds-plups,6,False,True
plush,slate-floss-blush-plush,4,True,True
plute,slate-flute-glute-elute-plute,5,False,True
pluto,slate-glitz-cloth-pluto,4,True,True
pluty,slate-glitz-cloth-fluty-pluty,5,False,True
plyer,slate-freed-ulcer-plier-plyer,5,False,True
pneus,slate-runes-nexus-pneus,4,False,True
poach,slate-churn-poach,3,True,True
poaka,slate-churn-foamy-poaka,4,False,True
poake,slate-prick-peake-poake,4,False,True
poalo,slate-curia-loamy-poalo,4,False,True
pobby,slate-crony-budge-hobby-mobby-pobby,6,False,True
poboy,slate-crony-budge-hobby-poboy,5,False,True
pocan,slate-corny-pocan,3,False,True
poche,slate-doing-bocce-roche-poche,5,False,True
pocho,slate-crony-pouch-pocho,4,False,True
pocks,slate-hokum-crowd-jocks-bocks-nocks-pocks,7,False,False
pocky,slate-crony-jocky-mocky-pocky,5,False,True
podal,slate-molar-local-zonal-dogal-podal,6,False,True
poddy,slate-crony-budge-doddy-poddy,5,False,True
podex,slate-diner-moped-podex,4,False,True
podge,slate-doing-bodge-modge-podge,5,False,True
podgy,slate-crony-budge-dodgy-podgy,5,False,True
podia,slate-corny-dogma-vodka-hodja-podia,6,False,True
podos,slate-hokum-boson-cocos-dodos-podos,6,False,True
podus,slate-hokum-bonus-focus-podus,5,False,True
poems,slate-runes-chess-dweeb-poems,5,True,True
poena,slate-radar-hyena-buena-epena-poena,6,False,True
poeps,slate-runes-chess-dweeb-poems-poeps,6,False,True
poesy,slate-runes-messy-poesy,4,True,True
poete,slate-turbo-emote-poete,4,False,True
poets,slate-testy-oxide-poets,4,True,True
pogey,slate-diner-chomp-pokey-pogey,5,False,True
pogge,slate-doing-gorge-pogge,4,False,True
poggy,slate-crony-budge-foggy-moggy-poggy,6,False,True
pogos,slate-hokum-boson-cocos-dodos-fogos-gogos-pogos,8,False,False
pogue,slate-doing-gorge-vogue-bogue-cogue-mogue-pogue,8,False,False
pohed,slate-diner-moped-poked-pohed,5,False,True
poilu,slate-dilly-chili-poilu,4,False,True
poind,slate-crony-bound-poind,4,False,True
point,slate-count-joint-point,4,True,True
poire,slate-doing-voice-moire-poire,5,False,True
poise,slate-rosin-poise,3,True,True
pokal,slate-molar-local-zonal-dogal-joual-pokal,7,False,False
poked,slate-diner-moped-poked,4,True,True
poker,slate-diner-whomp-poker,4,True,True
pokes,slate-runes-feces-moped-pokes,5,True,True
pokey,slate-diner-chomp-pokey,4,True,True
pokie,slate-doing-moxie-bowie-cozie-oorie-pokie,7,False,False
pokit,slate-count-robot-vomit-pokit,5,False,True
polar,slate-molar-polar,3,True,True
poled,slate-never-dumpy-poled,4,True,True
poler,slate-never-limbo-ogler-poler,5,False,True
poles,slate-loser-whomp-poles,4,True,True
poley,slate-never-dumpy-piley-poley,5,False,True
polio,slate-dilly-folic-polio,4,True,True
polis,slate-locus-polis,3,True,True
polje,slate-bingo-whole-loupe-polje,5,False,True
polka,slate-molar-polka,3,True,True
polks,slate-locus-polis-polls-polks,5,False,True
pollo,slate-dilly-hollo-jollo-lollo-mollo-pollo,7,False,False
polls,slate-locus-polis-polls,4,True,True
polly,slate-dilly-befog-lymph-polly,5,True,True
polos,slate-locus-polis-polls-polks-polos,6,False,True
polts,slate-lusty-vouch-bolts-jolts-dolts-molts-polts,8,False,False
polyp,slate-dilly-nylon-polyp,4,True,True
polys,slate-locus-polis-polls-polks-polos-polys,7,False,False
pomas,slate-oasis-comas-bomas-homas-nomas-pomas,7,False,False
pombe,slate-doing-bocce-howbe-pombe,5,False,True
pomes,slate-runes-feces-moped-pomes,5,False,True
pomme,slate-doing-bocce-homme-momme-pomme,6,False,True
pommy,slate-crony-budge-poppy-pommy,5,False,True
pomos,slate-hokum-mossy-brown-comps-pomos,6,False,True
pompa,slate-corny-dogma-mohua-pompa,5,False,True
pomps,slate-hokum-mossy-brown-comps-pomps,6,False,True
ponce,slate-doing-nonce-ponce,4,True,True
poncy,slate-crony-noncy-poncy,4,False,True
ponds,slate-hokum-boson-noisy-dongs-ponds,6,True,True
pondy,slate-crony-wonky-pondy,4,False,True
pones,slate-runes-crimp-penes-pones,5,False,True
poney,slate-diner-honey-money-boney-coney-poney,7,False,False
ponga,slate-corny-woman-honda-bonza-gonia-ponga,7,False,False
pongo,slate-crony-bough-mongo-pongo,5,True,True
pongs,slate-hokum-boson-noisy-dongs-gongs-jongs-pongs,8,False,False
pongy,slate-crony-wonky-pondy-pongy,5,False,True
ponks,slate-hokum-crowd-bonks-gonks-konks-ponks,7,False,False
ponor,slate-crony-mondo-honor-ponor,5,False,True
ponto,slate-briny-month-conto-ponto,5,False,True
ponts,slate-forum-tooth-costs-doits-nowts-ponts,7,False,False
ponty,slate-briny-nutty-jonty-monty-ponty,6,False,True
ponzu,slate-crony-bough-fondu-ponzu,5,False,True
pooay,slate-corny-booay-pooay,4,False,True
pooch,slate-crony-pooch,3,True,True
poods,slate-hokum-boson-dwarf-goods-poods,6,False,True
pooed,slate-diner-moped-poked-pohed-pooed,6,False,True
pooey,slate-diner-chomp-pooey,4,False,True
poofs,slate-hokum-boson-dwarf-coofs-goofs-poofs,7,False,False
poofy,slate-crony-dough-boozy-kooky-poofy,6,True,True
poohs,slate-hokum-johns-boohs-poohs,5,False,True
poohy,slate-crony-dough-hooky-poohy,5,False,True
pooja,slate-corny-dogma-poppa-pooja,5,False,True
pooka,slate-corny-dogma-poppa-pooja-pooka,6,False,True
pooks,slate-hokum-crowd-books-nooks-gooks-jooks-kooks-pooks,9,False,False
pools,slate-locus-polis-pools,4,True,True
pooly,slate-dilly-scowl-gooly-hooly-mooly-pooly,7,False,False
poons,slate-hokum-boson-coons-goons-noons-poons,7,False,False
poopa,slate-corny-dogma-poppa-poopa,5,False,True
poops,slate-hokum-boson-dwarf-poops,5,True,True
poopy,slate-crony-dough-boozy-kooky-poofy-poopy,7,False,False
poori,slate-crony-fjord-koori-poori,5,False,True
poort,slate-count-robot-poort,4,False,True
poots,slate-forum-tooth-boots-coots-poots,6,False,True
pooty,slate-briny-potty-pouty-pooty,5,False,True
poove,slate-doing-bocce-homme-roque-kopje-poove,7,False,False
poovy,slate-crony-dough-boozy-kooky-poofy-poopy-poovy,8,False,False
popes,slate-runes-feces-moped-hopes-popes,6,True,True
popia,slate-corny-dogma-poppa-popia,5,False,True
popos,slate-hokum-boson-cocos-dodos-fogos-popos,7,False,False
poppa,slate-corny-dogma-poppa,4,True,True
poppy,slate-crony-budge-poppy,4,True,True
popsy,slate-hokum-boson-corps-popsy,5,False,True
popup,slate-crony-bough-popup,4,True,True
porae,slate-corgi-morae-porae,4,False,True
poral,slate-molar-coral-boral-goral-horal-loral-poral,8,False,False
porch,slate-crony-micro-porch,4,True,True
pored,slate-diner-befog-rodeo-cored-pored,6,True,True
porer,slate-diner-whomp-poker-porer,5,False,True
pores,slate-runes-porch-pores,4,True,True
porey,slate-diner-creek-forex-porey,5,False,True
porge,slate-doing-gorge-forge-porge,5,False,True
porgy,slate-crony-dowry-porky-porgy,5,True,True
porin,slate-crony-mondo-robin-porin,5,False,True
porks,slate-hokum-crowd-forks-borks-norks-porks,7,False,False
porky,slate-crony-dowry-porky,4,True,True
porno,slate-crony-round-porno,4,True,True
porns,slate-hokum-boson-noisy-dongs-corns-porns,7,False,False
porny,slate-crony-horny-porny,4,False,True
porta,slate-taint-aorta-porta,4,False,True
porte,slate-turbo-forte-porte,4,True,True
porth,slate-briny-forth-worth-porth,5,False,True
ports,slate-forum-ports,3,True,True
porty,slate-briny-forty-dorty-porty,5,False,True
porus,slate-hokum-bonus-focus-podus-porus,6,False,True
posca,slate-oasis-arson-dosha-posca,5,False,True
posed,slate-runes-mosey-whips-posed,5,True,True
poser,slate-runes-wiser-poser,4,True,True
poses,slate-runes-feces-moped-pokes-poses,6,True,True
poset,slate-cruet-onset-poset,4,False,True
posey,slate-runes-mosey-posey,4,True,True
posho,slate-hokum-johns-posho,4,False,True
posit,slate-trout-whomp-posit,4,True,True
posol,slate-locus-posol,3,False,True
posse,slate-rosin-posse,3,True,True
poste,slate-piste-poste,3,False,True
posts,slate-forum-tooth-costs-posts,5,True,True
potae,slate-bathe-vitae-antae-potae,5,False,True
potai,slate-tabor-adopt-potai,4,False,True
potch,slate-count-toxic-botch-gotch-hotch-kotch-potch,8,False,False
poted,slate-titer-often-doted-voted-coted-moted-poted,8,False,False
potes,slate-cruet-timon-dotes-votes-botes-potes,7,False,False
potin,slate-count-toxin-potin,4,False,True
potoo,slate-count-motor-kotow-potoo,5,False,True
potro,slate-count-motor-potro,4,False,True
potsy,slate-trout-goths-potsy,4,False,True
potto,slate-briny-mouth-potto,4,False,True
potts,slate-forum-tooth-botts-cotts-potts,6,False,True
potty,slate-briny-potty,3,True,True
pouce,slate-doing-bocce-force-pouce,5,False,True
pouch,slate-crony-pouch,3,True,True
pouff,slate-crony-bough-pouff,4,False,True
poufs,slate-hokum-unify-poufs,4,False,True
poufy,slate-crony-budge-poufy,4,False,True
pouis,slate-hokum-unify-pouis,4,False,True
pouke,slate-doing-bocce-homme-roque-pouke,6,False,True
pouks,slate-hokum-bouks-douks-gouks-jouks-pouks,7,False,False
poule,slate-bingo-whole-joule-foule-moule-poule,7,False,False
poulp,slate-dilly-cholo-poulp,4,False,True
poult,slate-guilt-moult-boult-poult,5,False,True
pound,slate-crony-bound-whomp-pound,5,True,True
poupe,slate-doing-bocce-homme-roque-pouke-poupe,7,False,False
poupt,slate-count-doubt-poupt,4,False,True
pours,slate-hokum-unify-pours,4,True,True
pousy,slate-hokum-unify-bousy-pousy,5,False,True
pouts,slate-forum-bouts-douts-gouts-houts-pouts,7,False,False
pouty,slate-briny-potty-pouty,4,True,True
povos,slate-hokum-boson-cocos-dodos-fogos-popos-povos,8,False,False
powan,slate-corny-woman-gowan-powan,5,False,True
power,slate-diner-whomp-power,4,True,True
powie,slate-doing-moxie-bowie-powie,5,False,True
powin,slate-crony-bough-mondo-powin,5,False,True
powis,slate-hokum-boson-corps-powis,5,False,True
powlt,slate-guilt-powlt,3,False,True
pownd,slate-crony-bound-poind-pownd,5,False,True
powns,slate-hokum-boson-noisy-dongs-corns-powns,7,False,False
powny,slate-crony-downy-powny,4,False,True
powre,slate-doing-bocce-homme-roque-forze-powre,7,False,False
powsy,slate-hokum-boson-corps-popsy-powsy,6,False,True
poxed,slate-diner-moped-poked-pohed-pooed-poxed,7,False,False
poxes,slate-runes-feces-moped-pokes-poses-poxes,7,False,False
poyas,slate-oasis-comas-bobas-donas-goras-hokas-poyas,8,False,False
poynt,slate-count-joint-poynt,4,False,True
poyou,slate-crony-dohyo-poyou,4,False,True
poyse,slate-rosin-dumpy-poyse,4,False,True
pozzy,slate-crony-budge-poppy-pommy-pozzy,6,False,True
praam,slate-churn-bravo-drama-praam,5,False,True
prads,slate-curbs-grass-wraps-prays-prads,6,False,True
prags,slate-curbs-grass-drags-frags-prags,6,False,True
prahu,slate-churn-prahu,3,False,True
prams,slate-curbs-grass-wraps-prays-prads-prams,7,False,False
prana,slate-churn-gaped-prank-prana,5,False,True
prang,slate-churn-gaped-prang,4,False,True
prank,slate-churn-gaped-prank,4,True,True
praos,slate-curbs-grass-wraps-prays-prads-prams-praos,8,False,False
praps,slate-curbs-grass-wraps-draps-fraps-praps,7,False,False
prase,slate-cease-phase-prase,4,False,True
prate,slate-corgi-prate,3,True,True
prats,slate-combo-whats-adats-fiats-gnats-kyats-prats,8,False,False
pratt,slate-wrath-grata-frati-pratt,5,False,True
praty,slate-wrath-grata-frati-pratt-praty,6,False,True
praus,slate-curbs-fraus-praus,4,False,True
prawn,slate-churn-rebid-prawn,4,True,True
prays,slate-curbs-grass-wraps-prays,5,True,True
preak,slate-radar-wombs-freak-creak-preak,6,False,True
predy,slate-diner-redux-credo-predy,5,False,True
preed,slate-diner-befog-creed-preed,5,False,True
preem,slate-diner-creek-breem-preem,5,False,True
preen,slate-diner-green-preen,4,True,True
prees,slate-runes-porch-prees,4,False,True
preif,slate-diner-reiki-preif,4,False,True
preke,slate-doing-scrum-where-breve-preke,6,False,True
prems,slate-runes-press-preys-prems,5,False,True
premy,slate-diner-merry-premy,4,False,True
prent,slate-titer-erect-brent-drent-prent,6,False,True
preon,slate-diner-rerun-ergon-freon-preon,6,False,True
preop,slate-diner-merry-wreck-grebo-preop,6,False,True
preps,slate-runes-press-preys-prems-preps,6,False,True
presa,slate-ashen-resaw-eards-presa,5,False,True
prese,slate-rosin-purse-prese,4,False,True
press,slate-runes-press,3,True,True
prest,slate-cruet-wrest-drest-prest,5,False,True
preta,slate-earth-arett-preta,4,False,True
preux,slate-diner-merry-wreck-grebo-preux,6,False,True
preve,slate-doing-scrum-where-breve-preve,6,False,True
prexy,slate-diner-merry-crepy-prexy,5,False,True
preys,slate-runes-press-preys,4,True,True
prial,slate-molar-rural-argal-prial,5,False,True
prian,slate-corny-urban-argan-prian,5,False,True
price,slate-doing-crumb-price,4,True,True
prick,slate-crony-brick-prick,4,True,True
pricy,slate-crony-pricy,3,True,True
pride,slate-doing-pride,3,True,True
pridy,slate-crony-grimy-privy-pridy,5,False,True
pried,slate-diner-pricy-pried,4,True,True
prief,slate-diner-brief-grief-prief,5,False,True
prier,slate-diner-crier-brier-frier-prier,6,False,True
pries,slate-runes-porch-prees-pries,5,False,True
prigs,slate-hokum-crisp-drips-prigs,5,False,True
prill,slate-dilly-gruff-krill-brill-prill,6,False,True
prima,slate-corny-rabid-prima,4,True,True
prime,slate-doing-crumb-prime,4,True,True
primi,slate-crony-gruff-primp-primi,5,False,True
primo,slate-crony-prior-primo,4,True,True
primp,slate-crony-gruff-primp,4,True,True
prims,slate-hokum-missy-brims-crims-prims,6,False,True
primy,slate-crony-grimy-primy,4,False,True
pring,slate-crony-bring-wring-iring-pring,6,False,True
prink,slate-crony-bring-drink-prink,5,False,True
print,slate-count-print,3,True,True
prion,slate-crony-prion,3,True,True
prior,slate-crony-prior,3,True,True
prise,slate-rosin-frise-prise,4,True,True
prism,slate-hokum-prism,3,True,True
priss,slate-hokum-crisp-priss,4,False,True
prius,slate-hokum-virus-prius,4,True,True
privy,slate-crony-grimy-privy,4,True,True
prize,slate-doing-crumb-prize,4,True,True
proal,slate-molar-orval-proal,4,False,True
proas,slate-oasis-comas-anoas-proas,5,False,True
probe,slate-doing-probe,3,True,True
probs,slate-hokum-cross-pongo-props-probs,6,False,True
proby,slate-crony-proxy-proby,4,False,True
prodd,slate-crony-dumbo-prodd,4,False,True
prods,slate-hokum-cross-pongo-props-probs-prods,7,False,False
proem,slate-diner-creek-proem,4,False,True
profs,slate-hokum-cross-pongo-props-probs-prods-profs,8,False,False
progs,slate-hokum-cross-pongo-progs,5,False,True
proin,slate-crony-gibed-proin,4,False,True
proke,slate-doing-probe-prove-proke,5,False,True
prole,slate-bingo-whole-prole,4,True,True
proll,slate-dilly-knoll-proll,4,False,True
promo,slate-crony-dumbo-promo,4,True,True
proms,slate-hokum-dsomo-groms-proms,5,False,True
prone,slate-doing-prone,3,True,True
prong,slate-crony-wrong-prong,4,True,True
pronk,slate-crony-wrong-frond-pronk,5,False,True
proof,slate-crony-dumbo-proof,4,True,True
prook,slate-crony-dumbo-proof-prook,5,False,True
proot,slate-count-divot-bhoot-proot,5,False,True
props,slate-hokum-cross-pongo-props,5,True,True
prora,slate-corny-armor-prora,4,False,True
prore,slate-doing-probe-prove-proke-prore,6,False,True
prose,slate-rosin-prose,3,True,True
proso,slate-hokum-cross-brosy-grosz-proso,6,False,True
pross,slate-hokum-cross-gross-dross-pross,6,False,True
prost,slate-trout-frost-crost-prost,5,False,True
prosy,slate-hokum-cross-brosy-prosy,5,False,True
proto,slate-briny-truth-proto,4,False,True
proud,slate-crony-dumbo-proud,4,True,True
proul,slate-dilly-prowl-proul,4,False,True
prove,slate-doing-probe-prove,4,True,True
prowk,slate-crony-dumbo-proof-prowk,5,False,True
prowl,slate-dilly-prowl,3,True,True
prows,slate-hokum-cross-pongo-props-probs-prods-profs-prows,9,False,False
proxy,slate-crony-proxy,3,True,True
proyn,slate-crony-proyn,3,False,True
prude,slate-doing-crude-prude,4,True,True
prune,slate-doing-penne-prune,4,True,True
pruno,slate-crony-pruno,3,False,True
prunt,slate-count-brunt-grunt-prunt,5,False,True
pruny,slate-crony-briny-pruny,4,False,True
pruta,slate-taint-aorta-pruta,4,False,True
pryan,slate-corny-pryan,3,False,True
pryer,slate-diner-whomp-purer-pryer,5,False,True
pryse,slate-rosin-purse-prese-pryse,5,False,True
psalm,slate-psalm,2,True,True
pseud,slate-runes-pseud,3,False,True
pshaw,slate-oasis-bursa-pshaw,4,True,True
pshut,slate-trout-pshut,3,False,True
psias,slate-oasis-amiss-psias,4,False,True
psion,slate-hokum-cross-bison-psion,5,False,True
psoae,slate-crump-passe-psoae,4,False,True
psoai,slate-oasis-askoi-psoai,4,False,True
psoas,slate-oasis-askos-psoas,4,False,True
psora,slate-oasis-ascon-psora,4,False,True
psych,slate-hokum-fishy-psych,4,True,True
psyop,slate-hokum-cross-bison-psyop,5,False,True
ptish,slate-trout-ditsy-ptish,4,False,True
ptype,slate-chirp-tepee-ptype,4,False,True
pubby,slate-crony-dumpy-puffy-pubby,5,False,True
pubco,slate-crony-pouch-pubco,4,False,True
pubes,slate-runes-bosom-cubes-pubes,5,True,True
pubic,slate-crony-quick-pubic,4,True,True
pubis,slate-hokum-gussy-bronc-pubis,5,False,True
pubsy,slate-hokum-gussy-fubsy-pubsy,5,False,True
pucan,slate-corny-manic-uncap-pucan,5,False,True
pucer,slate-diner-whomp-purer-pucer,5,False,True
puces,slate-runes-bosom-dudes-cukes-puces,6,False,True
pucka,slate-corny-magic-accha-pucka,5,False,True
pucks,slate-hokum-dusky-pubic-pucks,5,False,True
puddy,slate-crony-dumpy-pudgy-puddy,5,False,True
pudge,slate-doing-jumbo-fudge-pudge,5,True,True
pudgy,slate-crony-dumpy-pudgy,4,True,True
pudic,slate-crony-quick-pubic-pudic,5,False,True
pudor,slate-crony-furor-humor-pudor,5,False,True
pudsy,slate-hokum-gussy-fubsy-pudsy,5,False,True
pudus,slate-hokum-virus-bubus-dufus-pudus,6,False,True
puers,slate-runes-euros-huers-puers,5,False,True
puffa,slate-corny-mafia-buffa-puffa,5,False,True
puffs,slate-hokum-gussy-bronc-puffs,5,True,True
puffy,slate-crony-dumpy-puffy,4,True,True
puggy,slate-crony-dumpy-puffy-pubby-puggy,6,False,True
pugil,slate-dilly-logic-mugil-pugil,5,False,True
puhas,slate-oasis-wrung-bubas-dukas-humas-puhas,7,False,False
pujah,slate-corny-mafia-abuzz-pujah,5,False,True
pujas,slate-oasis-wrung-bubas-dukas-humas-pujas,7,False,False
pukas,slate-oasis-wrung-bubas-dukas-pukas,6,False,True
puked,slate-diner-moped-puked,4,True,True
puker,slate-diner-whomp-purer-pucer-puker,6,False,True
pukes,slate-runes-bosom-dudes-cukes-jukes-pukes,7,False,False
pukey,slate-diner-chomp-pukey,4,False,True
pukka,slate-corny-mafia-bubba-dukka-pukka,6,False,True
pukus,slate-hokum-jukus-kukus-pukus,5,False,True
pulao,slate-molar-oflag-pilao-pulao,5,False,True
pulas,slate-balsa-aglus-hulas-kulas-pulas,6,False,True
puled,slate-never-dumpy-puled,4,False,True
puler,slate-never-limbo-ruler-puler,5,False,True
pules,slate-loser-wimpy-peles-pules,5,False,True
pulik,slate-dilly-folic-pulik,4,False,True
pulis,slate-locus-whelp-gulps-pulis,5,False,True
pulka,slate-molar-dally-cilia-fulwa-pulka,6,False,True
pulks,slate-locus-whelp-gulps-pulis-pulks,6,False,True
pulli,slate-dilly-pulli,3,False,True
pulls,slate-locus-whelp-pulls,4,True,True
pully,slate-dilly-befog-cully-hully-nully-pully,7,False,False
pulmo,slate-dilly-color-pulmo,4,False,True
pulps,slate-locus-whelp-gulps-pulps,5,False,True
pulpy,slate-dilly-bulky-pulpy,4,True,True
pulse,slate-pulse,2,True,True
pulus,slate-locus-hilus-pulus,4,False,True
pulut,slate-guilt-mulct-pulut,4,False,True
pumas,slate-oasis-wrung-bubas-dukas-humas-pumas,7,False,False
pumie,slate-doing-puree-pumie,4,False,True
pumps,slate-hokum-music-jibed-pumps,5,True,True
pumpy,slate-crony-dumpy-bumpy-jumpy-humpy-pumpy,7,False,False
punas,slate-oasis-wrung-ankus-bunas-punas,6,False,True
punce,slate-doing-punch-punce,4,False,True
punch,slate-crony-blimp-punch,4,True,True
punga,slate-corny-admin-ganja-punga,5,False,True
pungi,slate-crony-unzip-pungi,4,False,True
pungo,slate-crony-bough-fungo-mungo-pungo,6,False,True
pungs,slate-hokum-gussy-bungs-dungs-fungs-pungs,7,False,False
pungy,slate-crony-pudgy-pungy,4,False,True
punim,slate-crony-unzip-punim,4,False,True
punji,slate-crony-unzip-pungi-punji,5,False,True
punka,slate-corny-admin-ganja-punka,5,False,True
punks,slate-hokum-dusky-pubic-punks,5,True,True
punky,slate-crony-pudgy-punky,4,True,True
punny,slate-crony-funny-bunny-punny,5,True,True
punto,slate-briny-month-junto-punto,5,False,True
punts,slate-forum-dusty-witch-bunts-punts,6,False,True
punty,slate-briny-nutty-punty,4,False,True
pupae,slate-corgi-maybe-pupae,4,True,True
pupal,slate-molar-canal-fugal-bubal-pupal,6,False,True
pupas,slate-oasis-wrung-bubas-dukas-humas-pujas-pupas,8,False,False
pupil,slate-dilly-logic-pupil,4,True,True
puppa,slate-corny-mafia-bubba-dukka-huzza-puppa,7,False,False
puppy,slate-crony-dumpy-puppy,4,True,True
pupus,slate-hokum-virus-bubus-dufus-jujus-nunus-pupus,8,False,False
purao,slate-corny-arrow-bardo-purao,5,False,True
purau,slate-corny-parka-pirai-purau,5,False,True
purda,slate-corny-parka-purda,4,False,True
purdy,slate-crony-mired-purdy,4,True,True
pured,slate-diner-befog-creed-mured-pured,6,False,True
puree,slate-doing-scrum-puree,4,True,True
purer,slate-diner-whomp-purer,4,True,True
pures,slate-runes-cures-dures-jures-mures-pures,7,False,False
purga,slate-corny-parka-purda-purga,5,False,True
purge,slate-doing-verge-purge,4,True,True
purin,slate-crony-mirin-burin-purin,5,False,True
puris,slate-hokum-gussy-bronc-purrs-puris,6,False,True
purls,slate-locus-whelp-pulls-purls,5,False,True
puros,slate-hokum-buoys-duros-furos-puros,6,False,True
purps,slate-hokum-gussy-bronc-purrs-puris-purps,7,False,False
purpy,slate-crony-mired-furry-purpy,5,False,True
purre,slate-doing-scrum-puree-purre,5,False,True
purrs,slate-hokum-gussy-bronc-purrs,5,True,True
purry,slate-crony-mired-furry-hurry-burry-gurry-purry,8,False,False
purse,slate-rosin-purse,3,True,True
pursy,slate-hokum-gussy-fubsy-pudsy-pursy,6,False,True
purty,slate-briny-forty-purty,4,True,True
puses,slate-runes-bosom-fuses-puses,5,False,True
pushy,slate-hokum-pubic-pushy,4,True,True
pusle,slate-pulse-pusle,3,False,True
pussy,slate-hokum-gussy-fussy-pussy,5,False,True
putas,slate-antsy-wombs-paths-pitas-putas,6,False,True
puter,slate-titer-pound-puter,4,False,True
putid,slate-count-tummy-putid,4,False,True
putin,slate-count-putin,3,False,True
puton,slate-count-futon-muton-puton,5,False,True
putos,slate-trout-nutso-putos,4,False,True
putti,slate-briny-width-tutti-mutti-putti,6,False,True
putto,slate-briny-mouth-cutto-putto,5,False,True
putts,slate-forum-dusty-witch-butts-putts,6,False,True
puttu,slate-briny-mouth-puttu,4,False,True
putty,slate-briny-potty-putty,4,True,True
putza,slate-tabor-untag-hutia-putza,5,False,True
puuko,slate-crony-bough-puuko,4,False,True
puyas,slate-oasis-wrung-bubas-dukas-humas-pujas-pupas-puyas,9,False,False
puzel,slate-never-dumpy-julep-cupel-puzel,6,False,True
puzta,slate-taint-aorta-puzta,4,False,True
pwned,slate-diner-botch-mened-pwned,5,False,True
pyats,slate-combo-whats-adats-fiats-gnats-kyats-pyats,8,False,False
pyets,slate-testy-eyots-pyets,4,False,True
pygal,slate-molar-canal-fugal-pygal,5,False,True
pygmy,slate-crony-dumpy-pygmy,4,True,True
pyins,slate-hokum-crisp-pyins,4,False,True
pylon,slate-dilly-nylon-pylon,4,True,True
pyned,slate-diner-botch-mened-pwned-pyned,6,False,True
pynes,slate-runes-crimp-penes-pones-pynes,6,False,True
pyoid,slate-crony-hyoid-myoid-pyoid,5,False,True
pyots,slate-forum-knots-phots-pyots,5,False,True
pyral,slate-molar-rural-viral-acral-gyral-pyral,7,False,False
pyran,slate-corny-pyran,3,False,True
pyres,slate-runes-porch-peres-pyres,5,False,True
pyrex,slate-diner-creek-forex-murex-pyrex,6,False,True
pyric,slate-crony-pyric,3,False,True
pyros,slate-hokum-cross-biros-gyros-pyros,6,False,True
pyrus,slate-hokum-virus-gurus-pyrus,5,False,True
pyuff,slate-crony-pyuff,3,False,True
pyxed,slate-diner-moped-puked-pewed-pyxed,6,False,True
pyxes,slate-runes-feces-moped-pikes-pyxes,6,False,True
pyxie,slate-doing-puree-pixie-pyxie,5,False,True
pyxis,slate-hokum-crisp-wispy-pyxis,5,False,True
pzazz,slate-churn-foamy-abaka-pzazz,5,False,True
qadis,slate-oasis-mavis-nazis-cadis-dadis-gadis-kadis-padis-qadis,10,False,False
qaids,slate-oasis-ripen-maids-caids-gaids-kaids-qaids,8,False,False
qajaq,slate-corny-mafia-dadah-kabab-papaw-qajaq,7,False,False
qanat,slate-tabor-humph-faint-kanat-qanat,6,False,True
qapik,slate-corny-mafia-vapid-qapik,5,False,True
qibla,slate-molar-daily-inula-kibla-qibla,6,False,True
qilas,slate-balsa-aglus-colas-hylas-nilas-qilas,7,False,False
qipao,slate-corny-adobo-haugo-qipao,5,False,True
qophs,slate-hokum-johns-boohs-qophs,5,False,True
qorma,slate-corny-borax-forma-korma-qorma,6,False,True
quabs,slate-curbs-quabs,3,False,True
quack,slate-churn-quack,3,True,True
quads,slate-curbs-quads,3,True,True
quaff,slate-churn-guava-quaff,4,True,True
quags,slate-curbs-quads-quags,4,False,True
quail,slate-curia-quail,3,True,True
quair,slate-churn-fraud-quair,4,False,True
quais,slate-curbs-quads-quags-quais,5,False,True
quake,slate-prick-quake,3,True,True
quaky,slate-churn-guava-quaff-quaky,5,False,True
quale,slate-leave-whale-quale,4,False,True
qualm,slate-curia-qualm,3,True,True
qualy,slate-curia-qualm-qualy,4,False,True
quank,slate-churn-guano-quank,4,False,True
quant,slate-grunt-quant,3,True,True
quare,slate-prick-aware-deare-quare,5,False,True
quark,slate-churn-guard-quark,4,True,True
quarl,slate-curia-quarl,3,False,True
quart,slate-grunt-quart,3,True,True
quash,slate-curbs-quash,3,True,True
quasi,slate-curbs-quash-quasi,4,True,True
quass,slate-curbs-quads-quags-quais-quass,6,False,True
quate,slate-corgi-abate-enate-quate,5,False,True
quats,slate-combo-whats-adats-fiats-gnats-kyats-prats-quats,9,False,False
quawk,slate-churn-guava-quaff-quaky-quawk,6,False,True
quaws,slate-curbs-quads-quags-quais-quass-quaws,7,False,False
quayd,slate-churn-guava-quaff-quaky-quayd,6,False,True
quays,slate-curbs-quads-quags-quais-quass-quaws-quays,8,False,False
qubit,slate-count-butut-qubit,4,False,True
quean,slate-radar-began-ocean-quean,5,False,True
queck,slate-diner-geeky-check-queck,5,False,True
queek,slate-diner-chomp-queek,4,False,True
queem,slate-diner-chomp-begem-exeem-queem,6,False,True
queen,slate-diner-smock-queen,4,True,True
queer,slate-diner-whomp-fryer-queer,5,True,True
quell,slate-never-wispy-quell,4,True,True
queme,slate-doing-scrum-mbube-queme,5,False,True
quena,slate-radar-hyena-buena-quena,5,False,True
quern,slate-diner-rerun-enurn-quern,5,False,True
query,slate-diner-merry-every-query,5,True,True
queso,slate-runes-queso,3,True,True
quest,slate-cruet-guest-quest,4,True,True
quete,slate-turbo-quite-quete,4,False,True
queue,slate-doing-scrum-queue,4,True,True
queyn,slate-diner-enjoy-queyn,4,False,True
queys,slate-runes-guess-oueds-queys,5,False,True
queyu,slate-diner-geeky-queyu,4,False,True
quibs,slate-hokum-gussy-bronc-pubis-quibs,6,False,True
quich,slate-crony-quick-quich,4,False,True
quick,slate-crony-quick,3,True,True
quids,slate-hokum-gussy-bronc-puffs-quids,6,False,True
quies,slate-runes-bosom-dudes-cukes-fuzes-huies-quies,8,False,False
quiet,slate-titer-quiet,3,True,True
quiff,slate-crony-kudzu-humph-buffi-quiff,6,False,True
quila,slate-molar-daily-agila-quila,5,False,True
quill,slate-dilly-gruff-quill,4,True,True
quilt,slate-guilt-built-quilt,4,True,True
quims,slate-hokum-music-quims,4,False,True
quina,slate-corny-mixup-quina,4,False,True
quine,slate-doing-urine-quine,4,False,True
quink,slate-crony-djinn-kwink-quink,5,False,True
quino,slate-crony-bound-quino,4,False,True
quins,slate-hokum-gussy-bronc-quins,5,False,True
quint,slate-count-burnt-quint,4,True,True
quipo,slate-crony-bough-opium-quipo,5,False,True
quips,slate-hokum-gussy-bronc-puffs-quips,6,False,True
quipu,slate-crony-kudzu-quipu,4,False,True
quire,slate-doing-crumb-quire,4,False,True
quirk,slate-crony-quirk,3,True,True
quirl,slate-dilly-logic-whirl-njirl-quirl,6,False,True
quirt,slate-count-butut-quirt,4,False,True
quist,slate-trout-buist-muist-quist,5,False,True
quite,slate-turbo-quite,3,True,True
quits,slate-forum-dusty-witch-quits,5,True,True
quoad,slate-corny-adobo-quoad,4,False,True
quods,slate-hokum-buoys-quods,4,False,True
quoif,slate-crony-whoop-duomi-quoif,5,False,True
quoin,slate-crony-known-quoin,4,False,True
quois,slate-hokum-buoys-quods-quois,5,False,True
quoit,slate-count-trout-quoit,4,False,True
quoll,slate-dilly-knoll-proll-quoll,5,False,True
quonk,slate-crony-boong-dhoni-quonk,5,False,True
quops,slate-hokum-buoys-quods-quois-quops,6,False,True
quork,slate-crony-fjord-koori-quork,5,False,True
quorl,slate-dilly-prowl-quorl,4,False,True
quota,slate-taint-aorta-quota,4,True,True
quote,slate-turbo-quote,3,True,True
quoth,slate-briny-mouth-quoth,4,True,True
quouk,slate-crony-whoop-duomi-quouk,5,False,True
quoys,slate-hokum-buoys-quoys,4,False,True
quran,slate-corny-quran,3,True,True
qursh,slate-hokum-pubic-gushy-dunsh-qursh,6,False,True
quyte,slate-turbo-quite-quete-quyte,5,False,True
raads,slate-curbs-grass-padre-raads,5,False,True
raake,slate-prick-raake,3,False,True
rabat,slate-tabor-rabat,3,False,True
rabbi,slate-corny-rabid-rabbi,4,True,True
rabic,slate-corny-vicar-rabic,4,False,True
rabid,slate-corny-rabid,3,True,True
rabis,slate-oasis-mavis-nazis-cadis-garis-rabis,7,False,False
raced,slate-radar-speck-raced,4,True,True
racer,slate-radar-cargo-racer,4,True,True
races,slate-ashen-frock-cares-races,5,True,True
rache,slate-corgi-rance-rache,4,False,True
racks,slate-oasis-brand-whomp-racks,5,True,True
racon,slate-corny-acorn-racon,4,False,True
radar,slate-corny-rabid-radar,4,True,True
raddi,slate-corny-rabid-raddi,4,False,True
raddy,slate-corny-width-raddy,4,False,True
radge,slate-corgi-range-radge,4,False,True
radgy,slate-corny-width-raddy-radgy,5,False,True
radif,slate-corny-rabid-radii-radif,5,False,True
radii,slate-corny-rabid-radii,4,True,True
radio,slate-corny-armor-radio,4,True,True
radix,slate-corny-rabid-radii-radif-radix,6,False,True
radon,slate-corny-adorn-radon,4,True,True
rafee,slate-corgi-azure-rafee,4,False,True
raffs,slate-oasis-brand-whomp-racks-raffs,6,False,True
raffy,slate-corny-width-aggry-raffy,5,False,True
rafik,slate-corny-rabid-rafik,4,False,True
rafiq,slate-corny-rabid-rafik-rafiq,5,False,True
rafts,slate-nymph-vista-dwarf-farts-rafts,6,True,True
rafty,slate-taint-party-rafty,4,False,True
ragas,slate-oasis-brand-whomp-racks-raffs-ragas,7,False,False
ragde,slate-corgi-argue-eagre-ragde,5,False,True
raged,slate-radar-speck-virgo-raged,5,True,True
ragee,slate-corgi-argue-eagre-ragee,5,False,True
rager,slate-radar-cargo-rager,4,True,True
rages,slate-ashen-frock-wormy-rages,5,True,True
ragga,slate-corny-rabid-rajah-ragga,5,False,True
raggs,slate-oasis-brand-whomp-racks-raffs-ragas-raggs,8,False,False
raggy,slate-corny-width-aggry-raggy,5,False,True
ragis,slate-oasis-mavis-nazis-cadis-garis-ragis,7,False,False
ragus,slate-oasis-brand-whomp-racks-raffs-ragas-raggs-ragus,9,False,False
rahed,slate-radar-speck-virgo-razed-rahed,6,False,True
rahui,slate-corny-rabid-rahui,4,False,True
raiah,slate-corny-rabid-rahui-raiah,5,False,True
raias,slate-oasis-ripen-raids-raias,5,False,True
raids,slate-oasis-ripen-raids,4,True,True
raike,slate-corgi-afire-raike,4,False,True
raiks,slate-oasis-ripen-raids-raias-raiks,6,False,True
raile,slate-bangs-mulch-ladle-parle-raile,6,False,True
rails,slate-balsa-pinch-wormy-rails,5,True,True
raine,slate-corgi-afire-raike-raine,5,False,True
rains,slate-oasis-ripen-rains,4,True,True
rainy,slate-corny-rainy,3,True,True
raird,slate-corny-rabid-raird,4,False,True
raise,slate-crump-raise,3,True,True
raita,slate-taint-faith-gaita-raita,5,False,True
raith,slate-taint-faith-baith-haith-raith,6,False,True
raits,slate-nymph-vista-baits-waits-gaits-raits,7,False,False
rajah,slate-corny-rabid-rajah,4,True,True
rajas,slate-oasis-brand-whomp-racks-raffs-ragas-rajas,8,False,False
rajes,slate-ashen-frock-wormy-rages-rapes-rajes,7,False,False
raked,slate-radar-speck-raked,4,True,True
rakee,slate-corgi-azure-rafee-rakee,5,False,True
raker,slate-radar-cargo-raver-raker,5,False,True
rakes,slate-ashen-frock-rakes,4,True,True
rakhi,slate-corny-rabid-rahui-rakhi,5,False,True
rakia,slate-corny-rabid-rafik-rakia,5,False,True
rakis,slate-oasis-mavis-nazis-cadis-garis-rabis-rakis,8,False,False
rakki,slate-corny-rabid-rahui-rakki,5,False,True
raksi,slate-oasis-daisy-raksi,4,False,True
rakus,slate-oasis-brand-whomp-racks-rakus,6,False,True
rales,slate-laser-rales,3,False,True
ralli,slate-molar-rally-ralli,4,False,True
rally,slate-molar-rally,3,True,True
ralph,slate-molar-rally-ralph,4,True,True
ramal,slate-molar-ramal,3,False,True
ramee,slate-corgi-azure-rafee-rakee-ramee,6,False,True
ramen,slate-radar-ramen,3,True,True
rames,slate-ashen-frock-wormy-maser-rames,6,False,True
ramet,slate-treed-watch-ramet,4,False,True
ramie,slate-corgi-afire-ramie,4,False,True
ramin,slate-corny-urban-ramin,4,False,True
ramis,slate-oasis-mavis-camis-kamis-ramis,6,False,True
rammy,slate-corny-width-aggry-raffy-rammy,6,False,True
ramon,slate-corny-adorn-organ-ramon,5,True,True
ramps,slate-oasis-brand-whomp-ramps,5,True,True
ramse,slate-crump-marse-ramse,4,False,True
ramsh,slate-oasis-marsh-ramsh,4,False,True
ramus,slate-oasis-brand-whomp-marks-ramus,6,False,True
ranas,slate-oasis-brand-ranks-ranas,5,False,True
rance,slate-corgi-rance,3,True,True
ranch,slate-corny-ranch,3,True,True
rando,slate-corny-adorn-rando,4,False,True
rands,slate-oasis-brand-nards-rands,5,False,True
randy,slate-corny-rangy-randy,4,True,True
raned,slate-radar-speck-virgo-razed-rahed-raned,7,False,False
ranee,slate-corgi-azure-rafee-rakee-ramee-ranee,7,False,False
ranes,slate-ashen-wanes-canes-banes-fanes-janes-kanes-manes-panes-ranes,11,False,False
ranga,slate-corny-urban-nadir-ranga,5,False,True
range,slate-corgi-range,3,True,True
rangi,slate-corny-urban-nadir-rangi,5,False,True
rangs,slate-oasis-brand-ranks-ranas-rangs,6,False,True
rangy,slate-corny-rangy,3,True,True
ranid,slate-corny-urban-nadir-ranid,5,False,True
ranis,slate-oasis-mavis-nazis-ranis,5,False,True
ranke,slate-corgi-azure-rafee-ranke,5,False,True
ranks,slate-oasis-brand-ranks,4,True,True
ranns,slate-oasis-brand-warns-ranns,5,False,True
ranny,slate-corny-rainy-ranny,4,False,True
ranse,slate-crump-raise-ranse,4,False,True
rants,slate-nymph-wants-rants,4,True,True
ranty,slate-taint-panty-banty-canty-janty-manty-nanty-ranty,9,False,False
raped,slate-radar-speck-raped,4,True,True
rapee,slate-corgi-azure-rafee-rakee-ramee-ranee-rapee,8,False,False
raper,slate-radar-cargo-raver-raker-raper,6,False,True
rapes,slate-ashen-frock-wormy-rages-rapes,6,True,True
raphe,slate-corgi-azure-rafee-ranke-raphe,6,False,True
rapid,slate-corny-rabid-rapid,4,True,True
rapin,slate-corny-urban-ramin-rapin,5,False,True
rappe,slate-corgi-azure-rafee-ranke-raphe-rappe,7,False,False
rapso,slate-oasis-canso-gadso-rapso,5,False,True
rared,slate-radar-rared,3,False,True
raree,slate-corgi-barre-raree,4,False,True
rarer,slate-radar-cargo-rarer,4,True,True
rares,slate-ashen-frock-wormy-dares-bares-gares-pares-rares,9,False,False
rarks,slate-oasis-brand-whomp-racks-rarks,6,False,True
rasam,slate-oasis-raspy-rasam,4,False,True
rasas,slate-oasis-wreck-rasas,4,False,True
rased,slate-ashen-frock-wormy-rages-rased,6,False,True
raser,slate-ashen-frock-wormy-rages-rased-raser,7,False,False
rases,slate-ashen-frock-wormy-rages-rapes-rajes-rases,8,False,False
rasps,slate-oasis-wreck-rasas-rasps,5,False,True
raspy,slate-oasis-raspy,3,True,True
rasse,slate-crump-raise-ranse-rasse,5,False,True
rasta,slate-nymph-vista-costa-basta-rasta,6,False,True
ratal,slate-taint-fatal-datal-katal-ratal,6,False,True
ratan,slate-tabor-carat-ratan,4,False,True
ratas,slate-antsy-wombs-paths-jatis-katas-ratas,7,False,False
ratch,slate-tabor-carat-ratch,4,False,True
rated,slate-treed-rated,3,True,True
ratel,slate-paler-ratel,3,False,True
rater,slate-treed-watch-rater,4,True,True
rates,slate-asset-butch-groom-rates,5,True,True
ratha,slate-tabor-carat-matra-ratha,5,False,True
rathe,slate-bathe-eathe-mathe-rathe,5,False,True
raths,slate-antsy-wombs-paths-gaths-raths,6,False,True
ratio,slate-tabor-ratio,3,True,True
ratoo,slate-tabor-ratoo,3,False,True
ratos,slate-antsy-wombs-oaths-datos-jatos-ratos,7,False,False
ratti,slate-taint-katti-ratti,4,False,True
ratty,slate-taint-scrap-ratty,4,True,True
ratus,slate-antsy-wombs-paths-jatis-katas-ratus,7,False,False
rauli,slate-molar-larva-rauli,4,False,True
rauns,slate-oasis-brand-warns-ranns-rauns,6,False,True
raupo,slate-corny-armor-radio-raupo,5,False,True
raved,slate-radar-speck-virgo-raved,5,True,True
ravel,slate-rangy-ravel,3,True,True
raven,slate-radar-ramen-raven,4,True,True
raver,slate-radar-cargo-raver,4,True,True
raves,slate-ashen-frock-wormy-rages-rapes-rajes-rases-raves,9,False,False
ravey,slate-radar-ramen-ravey,4,False,True
ravin,slate-corny-urban-ramin-rapin-ravin,6,False,True
rawdy,slate-corny-width-rawdy,4,False,True
rawer,slate-radar-cargo-raver-raker-raper-rawer,7,False,False
rawin,slate-corny-urban-ramin-rapin-ravin-rawin,7,False,False
rawks,slate-oasis-brand-whomp-rawks,5,False,True
rawly,slate-molar-larva-rauli-rawly,5,False,True
rawns,slate-oasis-brand-warns-rawns,5,False,True
raxed,slate-radar-speck-virgo-razed-rahed-raned-raxed,8,False,False
raxes,slate-ashen-frock-wormy-rages-rapes-rajes-rases-raves-raxes,10,False,False
rayah,slate-corny-hydra-rayah,4,False,True
rayas,slate-oasis-brand-whomp-racks-raffs-ragas-rajas-rayas,9,False,False
rayed,slate-radar-speck-virgo-razed-rahed-raned-raxed-rayed,9,False,False
rayle,slate-bangs-mulch-ladle-parle-raile-rayle,7,False,False
rayls,slate-balsa-pinch-larks-rayls,5,False,True
rayne,slate-corgi-azure-rafee-ranke-rayne,6,False,True
rayon,slate-corny-rayon,3,True,True
razai,slate-corny-rabid-rahui-rakki-razai,6,False,True
razed,slate-radar-speck-virgo-razed,5,True,True
razee,slate-corgi-azure-razee,4,False,True
razer,slate-radar-cargo-raver-raker-raper-rawer-razer,8,False,False
razes,slate-ashen-frock-wormy-rages-rapes-rajes-rases-raves-raxes-razes,11,False,False
razet,slate-treed-watch-ramet-razet,5,False,True
razoo,slate-corny-armor-razoo,4,False,True
razor,slate-corny-armor-razor,4,True,True
reach,slate-derby-reach,3,True,True
react,slate-enact-react,3,True,True
readd,slate-derby-heard-readd,4,False,True
reads,slate-redub-reads,3,True,True
ready,slate-derby-ready,3,True,True
reais,slate-redub-reaps-rears-reais,5,False,True
reaks,slate-redub-reaps-rears-reais-reaks,6,False,True
realm,slate-leary-realm,3,True,True
realo,slate-leary-realm-realo,4,False,True
reals,slate-leash-verde-reals,4,True,True
reame,slate-prick-aware-reame,4,False,True
reams,slate-redub-reaps-rears-reais-reaks-reams,7,False,False
reamy,slate-derby-weary-reamy,4,False,True
reans,slate-redub-reaps-rears-reais-reaks-reams-reans,8,False,False
reaps,slate-redub-reaps,3,True,True
reard,slate-derby-heard-feard-reard,5,False,True
rearm,slate-derby-reach-rearm,4,True,True
rears,slate-redub-reaps-rears,4,True,True
reast,slate-tufty-beast-heast-reast,5,False,True
reata,slate-heath-meaty-neato-reata,5,False,True
reate,slate-corgi-prate-reate,4,False,True
reave,slate-prick-aware-reame-reave,5,False,True
rebab,slate-radar-recap-rehab-rebab,5,False,True
rebar,slate-radar-rebar,3,True,True
rebbe,slate-doing-scrum-where-rebbe,5,False,True
rebec,slate-diner-creek-rebec,4,False,True
rebel,slate-never-rebel,3,True,True
rebid,slate-diner-redid-rebid,4,True,True
rebit,slate-titer-merit-refit-rebit,5,False,True
rebop,slate-diner-merry-rebop,4,False,True
rebud,slate-diner-redux-rebud,4,False,True
rebus,slate-runes-rebus,3,True,True
rebut,slate-titer-erect-rebut,4,True,True
rebuy,slate-diner-merry-rebuy,4,True,True
recal,slate-rangy-relax-recal,4,False,True
recap,slate-radar-recap,3,True,True
recce,slate-doing-scrum-crepe-recce,5,False,True
recco,slate-diner-merry-rebop-recco,5,False,True
reccy,slate-diner-merry-rebuy-reccy,5,False,True
recep,slate-diner-creek-rebec-recep,5,False,True
recit,slate-titer-merit-refit-rebit-recit,6,False,True
recks,slate-runes-unfed-reeks-recks,5,False,True
recon,slate-diner-rerun-recon,4,True,True
recta,slate-earth-arett-recta,4,False,True
recte,slate-turbo-write-recte,4,False,True
recti,slate-pinch-recti,3,False,True
recto,slate-pinch-certy-recto,4,False,True
recue,slate-doing-scrum-recue,4,False,True
recur,slate-diner-recur,3,True,True
recut,slate-titer-erect-recut,4,True,True
redan,slate-radar-redan,3,False,True
redds,slate-runes-unfed-reeds-redds,5,False,True
reddy,slate-diner-redux-reddy,4,True,True
reded,slate-diner-befog-cered-reded,5,False,True
redes,slate-runes-wispy-robes-redes,5,False,True
redia,slate-radar-redia,3,False,True
redid,slate-diner-redid,3,True,True
redif,slate-diner-redid-redif,4,False,True
redig,slate-diner-redid-redif-redig,5,False,True
redip,slate-diner-redid-redif-redig-redip,6,False,True
redly,slate-never-reply-redly,4,False,True
redon,slate-diner-nerdy-redon,4,False,True
redos,slate-runes-unfed-reeds-redos,5,False,True
redox,slate-diner-redux-redox,4,False,True
redry,slate-diner-redux-reddy-redry,5,False,True
redub,slate-diner-redux-redub,4,True,True
redug,slate-diner-redux-redub-redug,5,False,True
redux,slate-diner-redux,3,True,True
redye,slate-doing-crude-redye,4,False,True
reeaf,slate-radar-recap-rehab-reeaf,5,False,True
reech,slate-diner-merry-rebop-reech,5,False,True
reede,slate-doing-crude-verde-reede,5,False,True
reeds,slate-runes-unfed-reeds,4,True,True
reedy,slate-diner-redux-reedy,4,True,True
reefs,slate-runes-unfed-reefs,4,True,True
reefy,slate-diner-merry-rebuy-reccy-reefy,6,False,True
reeks,slate-runes-unfed-reeks,4,True,True
reeky,slate-diner-merry-rebuy-reccy-reefy-reeky,7,False,False
reels,slate-loser-reels,3,True,True
reely,slate-never-leery-reely,4,False,True
reems,slate-runes-unfed-reeks-reems,5,False,True
reens,slate-runes-reins-reens,4,False,True
reerd,slate-diner-redux-reedy-reerd,5,False,True
reest,slate-cruet-perst-reest,4,False,True
reeve,slate-doing-scrum-where-breve-reeve,6,False,True
reeze,slate-doing-scrum-where-breve-reeze,6,False,True
refan,slate-radar-recap-rehab-reeaf-refan,6,False,True
refed,slate-diner-befog-refed,4,False,True
refel,slate-never-rebel-repel-refel,5,False,True
refer,slate-diner-whomp-fryer-refer,5,True,True
reffo,slate-diner-merry-rebop-recco-reffo,6,False,True
refis,slate-runes-unfed-refis,4,False,True
refit,slate-titer-merit-refit,4,True,True
refix,slate-diner-reiki-remix-refix,5,False,True
refly,slate-never-reply-redly-refly,5,False,True
refry,slate-diner-merry-refry,4,True,True
regal,slate-rangy-regal,3,True,True
regar,slate-radar-rebar-regar,4,False,True
reges,slate-runes-wispy-robes-redes-reges,6,False,True
reget,slate-titer-greet-egret-reget,5,False,True
regex,slate-diner-creek-regex,4,False,True
reggo,slate-diner-merry-rebop-recco-reffo-reggo,7,False,False
regia,slate-radar-regia,3,False,True
regie,slate-doing-gimme-fugie-regie,5,False,True
regle,slate-bingo-fugle-regle,4,False,True
regma,slate-radar-regia-regma,4,False,True
regna,slate-radar-regia-regma-regna,5,False,True
regos,slate-runes-unfed-reeks-regos,5,False,True
regot,slate-titer-erect-rebut-repot-regot,6,False,True
regur,slate-diner-recur-regur,4,False,True
rehab,slate-radar-recap-rehab,4,True,True
rehem,slate-diner-creek-regex-rehem,5,False,True
reifs,slate-runes-unfed-reefs-reifs,5,False,True
reify,slate-diner-reiki-reify,4,True,True
reign,slate-diner-reign,3,True,True
reiki,slate-diner-reiki,3,True,True
reiks,slate-runes-unfed-reeks-recks-reiks,6,False,True
reine,slate-doing-urine-rhine-reine,5,False,True
reing,slate-diner-reign-reing,4,False,True
reink,slate-diner-reign-reink,4,False,True
reins,slate-runes-reins,3,True,True
reird,slate-diner-redid-reird,4,False,True
reist,slate-cruet-perst-reest-reist,5,False,True
reive,slate-doing-crumb-reive,4,False,True
rejas,slate-ashen-resaw-rejas,4,False,True
rejig,slate-diner-reiki-remix-rejig,5,False,True
rejon,slate-diner-rerun-recon-rejon,5,False,True
reked,slate-diner-befog-cered-reded-reked,6,False,True
rekes,slate-runes-wispy-robes-redes-reges-rekes,7,False,False
rekey,slate-diner-creek-rekey,4,False,True
relax,slate-rangy-relax,3,True,True
relay,slate-rangy-relay,3,True,True
relet,slate-intel-tyler-relet,4,False,True
relic,slate-never-reply-relic,4,True,True
relie,slate-bingo-while-kylie-mulie-relie,6,False,True
relit,slate-intel-legit-relit,4,True,True
rello,slate-never-reply-rello,4,False,True
relos,slate-loser-relos,3,False,True
reman,slate-radar-recap-rehab-reeaf-reman,6,False,True
remap,slate-radar-recap-remap,4,True,True
remen,slate-diner-green-remen,4,False,True
remet,slate-titer-greet-beret-remet,5,False,True
remex,slate-diner-creek-regex-remex,5,False,True
remit,slate-titer-merit-remit,4,True,True
remix,slate-diner-reiki-remix,4,True,True
remou,slate-diner-merry-remou,4,False,True
renal,slate-rangy-renal,3,True,True
renay,slate-radar-recap-rehab-reeaf-reman-renay,7,False,False
rends,slate-runes-rends,3,False,True
rendu,slate-diner-rendu,3,False,True
renew,slate-diner-renew,3,True,True
reney,slate-diner-renew-reney,4,False,True
renga,slate-radar-regia-renga,4,False,True
rengs,slate-runes-rends-rengs,4,False,True
renig,slate-diner-renig,3,False,True
renin,slate-diner-renig-renin,4,False,True
renks,slate-runes-rends-rengs-renks,5,False,True
renne,slate-doing-penne-benne-renne,5,False,True
renos,slate-runes-rends-rengs-renks-renos,6,False,True
rente,slate-turbo-write-recte-rente,5,False,True
rents,slate-testy-grind-rents,4,True,True
reoil,slate-never-reply-relic-reoil,5,False,True
reorg,slate-diner-merry-reorg,4,False,True
repas,slate-ashen-resaw-rejas-repas,5,False,True
repat,slate-treed-extra-repat,4,False,True
repay,slate-radar-recap-repay,4,True,True
repeg,slate-diner-creek-regex-repeg,5,False,True
repel,slate-never-rebel-repel,4,True,True
repen,slate-diner-green-remen-repen,5,False,True
repin,slate-diner-reign-repin,4,False,True
repla,slate-rangy-relax-repla,4,False,True
reply,slate-never-reply,3,True,True
repos,slate-runes-unfed-reeks-regos-repos,6,False,True
repot,slate-titer-erect-rebut-repot,5,True,True
repps,slate-runes-unfed-reeks-regos-repps,6,False,True
repro,slate-diner-merry-reorg-repro,5,False,True
repun,slate-diner-rerun-repun,4,False,True
reput,slate-titer-erect-rebut-reput,5,False,True
reran,slate-radar-reran,3,True,True
rerig,slate-diner-reiki-remix-rejig-rerig,6,False,True
rerun,slate-diner-rerun,3,True,True
resam,slate-ashen-resaw-resam,4,False,True
resat,slate-asset-besat-resat,4,False,True
resaw,slate-ashen-resaw,3,True,True
resay,slate-ashen-resaw-resam-resay,5,False,True
resee,slate-rosin-resee,3,False,True
reses,slate-runes-wispy-roses-reses,5,False,True
reset,slate-cruet-reset,3,True,True
resew,slate-runes-riser-resew,4,False,True
resid,slate-runes-resid,3,False,True
resin,slate-runes-resin,3,True,True
resit,slate-cruet-perst-resit,4,False,True
resod,slate-runes-resid-resod,4,False,True
resol,slate-loser-resol,3,False,True
resow,slate-runes-resid-resow,4,False,True
resto,slate-testy-pesto-mesto-resto,5,False,True
rests,slate-testy-pesto-yearn-rests,5,True,True
resty,slate-testy-zesty-festy-nesty-pesty-resty,7,False,False
resue,slate-rosin-resee-resue,4,False,True
resus,slate-runes-rebus-resus,4,False,True
retag,slate-treed-extra-retag,4,True,True
retam,slate-treed-extra-retag-retam,5,False,True
retax,slate-treed-extra-retax,4,False,True
retch,slate-titer-retry-retch,4,True,True
retem,slate-titer-retem,3,False,True
retia,slate-treed-extra-retia,4,False,True
retie,slate-chirp-retie,3,True,True
retin,slate-titer-petri-retin,4,False,True
retip,slate-titer-petri-retip,4,False,True
retox,slate-titer-retry-retch-retox,5,False,True
retro,slate-titer-retry-retro,4,True,True
retry,slate-titer-retry,3,True,True
reune,slate-doing-penne-cerne-reune,5,False,True
reups,slate-runes-rebus-reups,4,False,True
reuse,slate-rosin-reuse,3,True,True
revel,slate-never-revel,3,True,True
revet,slate-titer-greet-beret-remet-revet,6,False,True
revie,slate-doing-puree-fiere-revie,5,False,True
revow,slate-diner-merry-rebop-revow,5,False,True
revue,slate-doing-scrum-revue,4,True,True
rewan,slate-radar-recap-rehab-reeaf-reman-rewan,7,False,False
rewax,slate-radar-recap-rehab-reeaf-reman-rewax,7,False,False
rewed,slate-diner-befog-cered-reded-reked-rewed,7,False,False
rewet,slate-titer-greet-beret-remet-revet-rewet,7,False,False
rewin,slate-diner-reign-repin-rewin,5,False,True
rewon,slate-diner-rerun-recon-rejon-rewon,6,False,True
rewth,slate-pinch-teeth-berth-rewth,5,False,True
rexes,slate-runes-wispy-robes-redes-reges-rekes-rexes,8,False,False
rezes,slate-runes-wispy-robes-redes-reges-rekes-rexes-rezes,9,False,False
rhabd,slate-churn-rhabd,3,False,True
rheas,slate-ashen-haems-rheas,4,False,True
rheid,slate-diner-redid-rheid,4,False,True
rheme,slate-doing-scrum-rhyme-rheme,5,False,True
rheum,slate-diner-merry-rheum,4,True,True
rhies,slate-runes-wispy-rhies,4,False,True
rhime,slate-doing-crumb-rhime,4,False,True
rhine,slate-doing-urine-rhine,4,True,True
rhino,slate-crony-round-rhino,4,True,True
rhody,slate-crony-ivory-roomy-rhody,5,False,True
rhomb,slate-crony-fjord-rhomb,4,False,True
rhone,slate-doing-prone-rhone,4,False,True
rhumb,slate-crony-quirk-rhumb,4,False,True
rhyme,slate-doing-scrum-rhyme,4,True,True
rhymy,slate-crony-mired-rummy-rhymy,5,False,True
rhyne,slate-doing-penne-cryne-rhyne,5,False,True
rhyta,slate-taint-aorta-pruta-rhyta,5,False,True
riads,slate-curbs-grass-padre-roads-riads,6,False,True
rials,slate-psalm-defog-vials-rials,5,False,True
riant,slate-grunt-riant,3,False,True
riata,slate-wrath-riata,3,False,True
riato,slate-wrath-riata-riato,4,False,True
ribas,slate-oasis-minas-aidas-gigas-hibas-ribas,7,False,False
ribby,slate-crony-mired-ribby,4,False,True
ribes,slate-runes-wispy-rides-ribes,5,False,True
riced,slate-diner-whomp-fired-riced,5,False,True
ricer,slate-diner-parka-fixer-giver-jiber-mimer-ricer,8,False,False
rices,slate-runes-wispy-rides-ribes-rices,6,False,True
ricey,slate-diner-mirex-ricey,4,False,True
riche,slate-doing-puree-fibre-riche,5,True,True
richt,slate-count-dicht-micht-richt,5,False,True
ricin,slate-crony-incur-ricin,4,True,True
ricks,slate-hokum-frisk-risky-ricks,5,False,True
rider,slate-diner-crewe-rider,4,True,True
rides,slate-runes-wispy-rides,4,True,True
ridge,slate-doing-ridge,3,True,True
ridgy,slate-crony-mired-ridgy,4,False,True
ridic,slate-crony-birch-ridic,4,False,True
riels,slate-loser-reels-riels,4,False,True
riems,slate-runes-unfed-reeks-riems,5,False,True
rieve,slate-doing-puree-fiere-rieve,5,False,True
rifer,slate-diner-parka-fixer-rifer,5,False,True
riffs,slate-hokum-crisp-rings-riffs,5,True,True
riffy,slate-crony-mired-ribby-riffy,5,False,True
rifle,slate-bingo-rifle,3,True,True
rifte,slate-turbo-write-rifte,4,False,True
rifts,slate-forum-rifts,3,True,True
rifty,slate-briny-dirty-rifty,4,False,True
riggs,slate-hokum-crisp-rings-riggs,5,False,True
right,slate-count-dwarf-right,4,True,True
rigid,slate-crony-quirk-rigid,4,True,True
rigmo,slate-crony-furor-dobro-rigmo,5,False,True
rigol,slate-dilly-vigil-rigol,4,False,True
rigor,slate-crony-furor-rigor,4,True,True
rikka,slate-corny-rabid-rikka,4,False,True
rikwa,slate-corny-rabid-rikka-rikwa,5,False,True
riled,slate-never-cruel-riled,4,True,True
riles,slate-loser-rules-riles,4,False,True
riley,slate-never-cruel-riled-riley,5,True,True
rille,slate-bingo-rifle-rille,4,False,True
rills,slate-locus-whomp-rugby-rills,5,False,True
rilly,slate-dilly-whiff-billy-gilly-milly-rilly,7,False,False
rimae,slate-corgi-afire-ramie-rimae,5,False,True
rimed,slate-diner-whomp-mired-rimed,5,False,True
rimer,slate-diner-parka-fixer-giver-jiber-mimer-rimer,8,False,False
rimes,slate-runes-wispy-rides-ribes-rices-rimes,7,False,False
rimon,slate-crony-mondo-rimon,4,False,True
rimus,slate-hokum-minus-rimus,4,False,True
rince,slate-doing-wince-mince-pince-rince,6,False,True
rinds,slate-hokum-crisp-rings-rinds,5,True,True
rindy,slate-crony-nurdy-rindy,4,False,True
rines,slate-runes-rines,3,False,True
ringe,slate-doing-hinge-binge-ginge-minge-pinge-ringe,8,False,False
rings,slate-hokum-crisp-rings,4,True,True
ringy,slate-crony-nurdy-ringy,4,False,True
rinks,slate-hokum-frisk-risky-ricks-rinks,6,False,True
rinse,slate-rosin-rinse,3,True,True
rioja,slate-corny-armor-radio-rioja,5,False,True
rione,slate-doing-irone-rione,4,False,True
riots,slate-forum-riots,3,True,True
rioty,slate-briny-dirty-rifty-rioty,5,False,True
riped,slate-diner-whomp-riped,4,False,True
ripen,slate-diner-ripen,3,True,True
riper,slate-diner-parka-wiper-viper-riper,6,True,True
ripes,slate-runes-wispy-ripes,4,False,True
ripps,slate-hokum-crisp-pirns-ripps,5,False,True
riqqs,slate-hokum-crisp-rings-riffs-riqqs,6,False,True
risen,slate-runes-risen,3,True,True
riser,slate-runes-riser,3,True,True
rises,slate-runes-wispy-rises,4,True,True
rishi,slate-hokum-fishy-rishi,4,False,True
risks,slate-hokum-frisk-risky-risks,5,True,True
risky,slate-hokum-frisk-risky,4,True,True
risps,slate-hokum-crisp-pirns-ripps-risps,6,False,True
rists,slate-forum-brits-rists,4,False,True
risus,slate-hokum-virus-risus,4,False,True
rites,slate-cruet-ester-rites,4,True,True
rithe,slate-chirp-rithe,3,False,True
ritts,slate-forum-brits-rists-ritts,5,False,True
ritzy,slate-count-ritzy,3,True,True
rival,slate-molar-rural-rival,4,True,True
rivas,slate-oasis-minas-aidas-gigas-hibas-kipas-rivas,8,False,False
rived,slate-diner-whomp-fired-riced-rived,6,False,True
rivel,slate-never-rivel,3,False,True
riven,slate-diner-ripen-riven,4,True,True
river,slate-diner-parka-fixer-giver-river,6,True,True
rives,slate-runes-wispy-rides-ribes-rices-rimes-rives,8,False,False
rivet,slate-titer-rivet,3,True,True
riyal,slate-molar-rural-rival-riyal,5,False,True
rizas,slate-oasis-minas-aidas-gigas-hibas-kipas-rivas-rizas,9,False,False
roach,slate-churn-roach,3,True,True
roads,slate-curbs-grass-padre-roads,5,True,True
roady,slate-churn-bravo-roady,4,False,True
roake,slate-prick-raake-roake,4,False,True
roaky,slate-churn-bravo-roady-roaky,5,False,True
roams,slate-curbs-grass-padre-roams,5,True,True
roans,slate-curbs-grass-padre-roams-roans,6,False,True
roany,slate-churn-gaped-frank-roany,5,False,True
roars,slate-curbs-grass-padre-roars,5,True,True
roary,slate-churn-award-ovary-goary-roary,6,False,True
roast,slate-bronc-roast,3,True,True
roate,slate-corgi-roate,3,False,True
robbo,slate-crony-furor-dobro-robbo,5,False,True
robed,slate-diner-befog-orbed-robed,5,True,True
rober,slate-diner-whomp-rocky-rover-roger-rober,7,False,False
robes,slate-runes-wispy-robes,4,True,True
robin,slate-crony-mondo-robin,4,True,True
roble,slate-bingo-coble-doble-moble-roble,6,False,True
robot,slate-count-robot,3,True,True
robug,slate-crony-furor-rough-robug,5,False,True
robur,slate-crony-furor-robur,4,False,True
roche,slate-doing-bocce-roche,4,True,True
rocks,slate-hokum-crowd-rocks,4,True,True
rocky,slate-crony-rocky,3,True,True
roded,slate-diner-befog-rodeo-roded,5,False,True
rodeo,slate-diner-befog-rodeo,4,True,True
rodes,slate-runes-wispy-robes-rodes,5,False,True
rodny,slate-crony-horny-rodny,4,False,True
roers,slate-runes-unfed-reeks-riems-roers,6,False,True
rogan,slate-corny-roman-rohan-rowan-rogan,6,False,True
roger,slate-diner-whomp-rocky-rover-roger,6,True,True
rogue,slate-doing-gorge-rogue,4,True,True
roguy,slate-crony-dowry-porky-roguy,5,False,True
rohan,slate-corny-roman-rohan,4,True,True
rohes,slate-runes-wispy-robes-rodes-rohes,6,False,True
rohun,slate-crony-mondo-robin-rohun,5,False,True
rohus,slate-hokum-rohus,3,False,True
roids,slate-hokum-boson-corps-roids,5,False,True
roils,slate-locus-polis-boils-foils-moils-noils-roils,8,False,False
roily,slate-dilly-imply-noily-roily,5,False,True
roins,slate-hokum-boson-noisy-coins-joins-foins-roins,8,False,False
roist,slate-trout-worst-roist,4,False,True
rojak,slate-corny-moira-douar-rojak,5,False,True
rojis,slate-hokum-boson-corps-roids-rojis,6,False,True
roked,slate-diner-befog-rodeo-woven-roped-roked,7,False,False
roker,slate-diner-whomp-rocky-roker,5,False,True
rokes,slate-runes-wispy-robes-rodes-rohes-rokes,7,False,False
rokey,slate-diner-creek-rokey,4,False,True
rokos,slate-hokum-bokos-rokos,4,False,True
rolag,slate-molar-rolag,3,False,True
roleo,slate-never-cruel-riled-roleo,5,False,True
roles,slate-loser-roles,3,True,True
rolfs,slate-locus-polis-defog-folks-rolfs,6,False,True
rolls,slate-locus-polis-defog-rolls,5,True,True
rolly,slate-dilly-befog-lymph-jolly-colly-rolly,7,False,False
romal,slate-molar-romal,3,False,True
roman,slate-corny-roman,3,True,True
romeo,slate-diner-creek-forex-romeo,5,False,True
romer,slate-diner-whomp-mover-comer-gomer-romer,7,False,False
romps,slate-hokum-mossy-brown-dorms-romps,6,False,True
rompu,slate-crony-furor-rough-rompu,5,False,True
rompy,slate-crony-dowry-porky-rompy,5,False,True
ronde,slate-doing-monde-ronde,4,False,True
rondo,slate-crony-mondo-rondo,4,True,True
roneo,slate-diner-renew-roneo,4,False,True
rones,slate-runes-rines-rones,4,False,True
ronin,slate-crony-mondo-ronin,4,False,True
ronne,slate-doing-borne-ronne,4,False,True
ronte,slate-turbo-wrote-ronte,4,False,True
ronts,slate-forum-roots-ronts,4,False,True
ronuk,slate-crony-mondo-ronin-ronuk,5,False,True
roods,slate-hokum-boson-dwarf-roods,5,False,True
roofs,slate-hokum-boson-dwarf-roofs,5,True,True
roofy,slate-crony-ivory-roomy-roofy,5,False,True
rooks,slate-hokum-crowd-rooks,4,True,True
rooky,slate-crony-ivory-roomy-roofy-rooky,6,False,True
rooms,slate-hokum-mossy-brown-rooms,5,True,True
roomy,slate-crony-ivory-roomy,4,True,True
roons,slate-hokum-boson-coons-goons-noons-poons-roons,8,False,False
roops,slate-hokum-boson-dwarf-corso-roops,6,False,True
roopy,slate-crony-ivory-roomy-roofy-rooky-roopy,7,False,False
roosa,slate-oasis-ascon-dorsa-roosa,5,False,True
roose,slate-rosin-rouse-roose,4,False,True
roost,slate-trout-roost,3,True,True
roots,slate-forum-roots,3,True,True
rooty,slate-briny-forty-rooty,4,False,True
roped,slate-diner-befog-rodeo-woven-roped,6,True,True
roper,slate-diner-whomp-poker-roper,5,True,True
ropes,slate-runes-wispy-ropes,4,True,True
ropey,slate-diner-creek-forex-romeo-ropey,6,False,True
roque,slate-doing-bocce-homme-roque,5,True,True
roral,slate-molar-coral-boral-goral-horal-loral-poral-roral,9,False,False
rores,slate-runes-wispy-robes-rodes-rohes-rokes-rores,8,False,False
roric,slate-crony-micro-boric-doric-roric,6,False,True
rorid,slate-crony-furor-zorro-rorid,5,False,True
rorie,slate-doing-moxie-bowie-cozie-oorie-rorie,7,False,False
rorts,slate-forum-ports-borts-dorts-jorts-rorts,7,False,False
rorty,slate-briny-forty-dorty-porty-rorty,6,False,True
rosal,slate-balsa-usual-misal-rosal,5,False,True
rosco,slate-hokum-boson-rosco,4,False,True
rosed,slate-runes-riser-resew-rosed,5,False,True
roses,slate-runes-wispy-roses,4,True,True
roset,slate-cruet-reset-roset,4,False,True
rosha,slate-oasis-arson-rosha,4,False,True
roshi,slate-hokum-johns-posho-roshi,5,False,True
rosin,slate-hokum-boson-rosin,4,True,True
rosit,slate-trout-worst-rosit,4,False,True
rosps,slate-hokum-boson-rosps,4,False,True
rossa,slate-oasis-bossa-fossa-rossa,5,False,True
rosso,slate-hokum-boson-rosco-rosso,5,False,True
rosti,slate-forum-roots-rosti,4,False,True
rosts,slate-forum-roots-ronts-rosts,5,False,True
rotal,slate-taint-aptly-octal-dotal-rotal,6,False,True
rotan,slate-tabor-amort-rotan,4,False,True
rotas,slate-antsy-wombs-iotas-jotas-rotas,6,False,True
rotch,slate-count-toxic-botch-gotch-hotch-kotch-potch-rotch,9,False,False
roted,slate-titer-retem-roted,4,False,True
rotes,slate-cruet-ester-rites-rotes,5,False,True
rotis,slate-trout-rotis,3,False,True
rotls,slate-lotus-rotls,3,False,True
roton,slate-count-toxin-moton-roton,5,False,True
rotor,slate-count-motor-rotor,4,True,True
rotos,slate-trout-rotis-rotos,4,False,True
rotta,slate-taint-gotta-cotta-rotta,5,False,True
rotte,slate-turbo-wrote-ronte-rotte,5,False,True
rotto,slate-briny-forth-rotto,4,False,True
rotty,slate-briny-forty-rooty-rotty,5,False,True
rouen,slate-diner-green-rouen,4,True,True
roues,slate-runes-roues,3,False,True
rouet,slate-titer-greet-buret-rouet,5,False,True
roufs,slate-hokum-unify-poufs-roufs,5,False,True
rouge,slate-doing-gorge-rouge,4,True,True
rough,slate-crony-furor-rough,4,True,True
rougy,slate-crony-dowry-porky-roguy-rougy,6,False,True
rouks,slate-hokum-bouks-douks-gouks-jouks-pouks-rouks,8,False,False
rouky,slate-crony-dowry-porky-rouky,5,False,True
roule,slate-bingo-whole-joule-foule-moule-poule-roule,8,False,False
rouls,slate-locus-fouls-mouls-nouls-rouls,6,False,True
roums,slate-hokum-mousy-doums-roums,5,False,True
round,slate-crony-round,3,True,True
roups,slate-hokum-unify-pours-roups,5,False,True
roupy,slate-crony-dowry-porky-rompy-roupy,6,False,True
rouse,slate-rosin-rouse,3,True,True
roust,slate-trout-roust,3,True,True
route,slate-turbo-route,3,True,True
routh,slate-briny-forth-routh,4,False,True
routs,slate-forum-routs,3,False,True
roved,slate-diner-befog-rodeo-woven-roved,6,True,True
roven,slate-diner-green-rouen-roven,5,False,True
rover,slate-diner-whomp-rocky-rover,5,True,True
roves,slate-runes-wispy-robes-rodes-rohes-rokes-rores-roves,9,False,False
rowan,slate-corny-roman-rohan-rowan,5,True,True
rowdy,slate-crony-dowry-rowdy,4,True,True
rowed,slate-diner-befog-rodeo-woven-rowed,6,True,True
rowel,slate-never-cruel-morel-rowel,5,False,True
rowen,slate-diner-green-rouen-roven-rowen,6,False,True
rower,slate-diner-whomp-cower-rower,5,True,True
rowet,slate-titer-greet-buret-rowet,5,False,True
rowie,slate-doing-moxie-bowie-powie-rowie,6,False,True
rowme,slate-doing-bocce-homme-forme-rowme,6,False,True
rownd,slate-crony-round-rownd,4,False,True
rowns,slate-hokum-boson-noisy-dongs-corns-rowns,7,False,False
rowth,slate-briny-forth-routh-rowth,5,False,True
rowts,slate-forum-roots-ronts-rosts-rowts,6,False,True
royal,slate-molar-coral-royal,4,True,True
royet,slate-titer-greet-buret-rowet-royet,6,False,True
royne,slate-doing-borne-ronne-royne,5,False,True
royst,slate-trout-worst-roist-royst,5,False,True
rozes,slate-runes-wispy-robes-rodes-rohes-rokes-rores-roves-rozes,10,False,False
rozet,slate-titer-greet-buret-rowet-royet-rozet,7,False,False
rozit,slate-count-robot-rozit,4,False,True
ruach,slate-churn-ruach,3,False,True
ruana,slate-churn-knaur-ruana,4,False,True
rubai,slate-corny-rabid-rubai,4,False,True
ruban,slate-corny-urban-ruban,4,False,True
rubby,slate-crony-mired-rugby-rubby,5,False,True
rubel,slate-never-cruel-jurel-rubel,5,False,True
rubes,slate-runes-rubes,3,False,True
rubin,slate-crony-mirin-rubin,4,True,True
rubio,slate-crony-furor-guiro-rubio,5,False,True
ruble,slate-bingo-ruble,3,True,True
rubli,slate-dilly-chili-mooli-rubli,5,False,True
rubor,slate-crony-furor-rumor-rubor,5,False,True
rubus,slate-hokum-virus-rubus,4,False,True
ruche,slate-doing-scrum-cruve-ruche,5,False,True
ruchy,slate-crony-ruchy,3,False,True
rucks,slate-hokum-dusky-pubic-fucks-cucks-gucks-rucks,8,False,False
rudas,slate-oasis-wrung-auras-rudas,5,False,True
rudds,slate-hokum-gussy-bronc-purrs-rudds,6,False,True
ruddy,slate-crony-mired-ruddy,4,True,True
ruder,slate-diner-odder-ruder,4,True,True
rudes,slate-runes-rubes-rudes,4,False,True
rudie,slate-doing-rudie,3,False,True
rudis,slate-hokum-gussy-bronc-purrs-rudds-rudis,7,False,False
rueda,slate-radar-rueda,3,False,True
ruers,slate-runes-ruers,3,False,True
ruffe,slate-doing-scrum-rupee-ruffe,5,False,True
ruffs,slate-hokum-gussy-bronc-purrs-rudds-ruffs,7,False,False
ruffy,slate-crony-mired-rugby-ruffy,5,False,True
rufus,slate-hokum-virus-rubus-rufus,5,False,True
rugae,slate-corgi-argue-rugae,4,False,True
rugal,slate-molar-rural-rugal,4,False,True
rugas,slate-oasis-wrung-rugas,4,False,True
rugby,slate-crony-mired-rugby,4,True,True
ruggy,slate-crony-mired-rugby-ruggy,5,False,True
ruice,slate-doing-crumb-ruice,4,False,True
ruing,slate-crony-ruing,3,True,True
ruins,slate-hokum-gussy-bronc-ruins,5,True,True
rukhs,slate-hokum-rukhs,3,False,True
ruled,slate-never-cruel-lured-ruled,5,True,True
ruler,slate-never-limbo-ruler,4,True,True
rules,slate-loser-rules,3,True,True
rully,slate-dilly-befog-cully-hully-nully-pully-rully,8,False,False
rumal,slate-molar-ramal-rumal,4,False,True
rumba,slate-corny-rabid-rumba,4,True,True
rumbo,slate-crony-furor-guiro-rumbo,5,False,True
rumen,slate-diner-green-rouen-rumen,5,False,True
rumes,slate-runes-rubes-rudes-rumes,5,False,True
rumly,slate-dilly-scowl-burly-rumly,5,False,True
rummy,slate-crony-mired-rummy,4,True,True
rumor,slate-crony-furor-rumor,4,True,True
rumpo,slate-crony-furor-guiro-rumbo-rumpo,6,False,True
rumps,slate-hokum-music-jibed-pumps-gumps-numps-rumps,8,False,False
rumpy,slate-crony-mired-rummy-rumpy,5,False,True
runce,slate-doing-punch-bunce-runce,5,False,True
runch,slate-crony-incur-runch,4,False,True
runds,slate-hokum-gussy-bronc-nurds-runds,6,False,True
runed,slate-diner-erned-runed,4,False,True
runer,slate-diner-goner-runer,4,False,True
runes,slate-runes,2,True,True
rungs,slate-hokum-gussy-bungs-dungs-fungs-pungs-rungs,8,False,False
runic,slate-crony-incur-runic,4,False,True
runny,slate-crony-runny,3,True,True
runos,slate-hokum-buoys-duros-runos,5,False,True
runts,slate-forum-rusty-runts,4,False,True
runty,slate-briny-runty,3,False,True
runup,slate-crony-mirin-runup,4,True,True
ruote,slate-turbo-ruote,3,False,True
rupee,slate-doing-scrum-rupee,4,True,True
rupia,slate-corny-rabid-rupia,4,False,True
rural,slate-molar-rural,3,True,True
rurps,slate-hokum-gussy-bronc-purrs-rurps,6,False,True
rurus,slate-hokum-virus-gurus-rurus,5,False,True
rusas,slate-oasis-ansas-rusas,4,False,True
ruses,slate-runes-rubes-rudes-rumes-ruses,6,False,True
rushy,slate-hokum-pubic-gushy-rushy,5,False,True
rusks,slate-hokum-dusky-busks-cusks-fusks-rusks,7,False,False
rusky,slate-hokum-dusky-busky-rusky,5,False,True
rusma,slate-oasis-unsay-adsum-musca-rusma,6,False,True
russe,slate-rosin-resee-russe,4,False,True
rusts,slate-forum-rusty-rusts,4,False,True
rusty,slate-forum-rusty,3,True,True
ruths,slate-trout-ruths,3,False,True
rutin,slate-count-putin-rutin,4,False,True
rutty,slate-briny-forty-rutty,4,False,True
ruvid,slate-crony-quirk-burfi-mudir-ruvid,6,False,True
ryals,slate-psalm-defog-vials-baals-chals-ryals,7,False,False
rybat,slate-tabor-rybat,3,False,True
ryiji,slate-crony-myrrh-ryiji,4,False,True
ryijy,slate-crony-mired-ryijy,4,False,True
ryked,slate-diner-befog-creed-mured-ryked,6,False,True
rykes,slate-runes-wispy-rykes,4,False,True
rymer,slate-diner-whomp-ember-fumer-rymer,6,False,True
rymme,slate-doing-scrum-rhyme-rymme,5,False,True
rynds,slate-hokum-crisp-fyrds-rynds,5,False,True
ryoti,slate-briny-ryoti,3,False,True
ryots,slate-forum-riots-ryots,4,False,True
ryper,slate-diner-whomp-purer-ryper,5,False,True
rypin,slate-crony-rypin,3,False,True
rythe,slate-chirp-rythe,3,False,True
ryugi,slate-crony-myrrh-ryiji-ryugi,5,False,True
saags,slate-crump-shank-swabs-saags,5,False,True
sabal,slate-radio-salsa-sabal,4,False,True
sabed,slate-infer-samey-saves-sawed-sabed,6,False,True
saber,slate-infer-saver-saber,4,True,True
sabes,slate-infer-samey-saves-sakes-sabes,6,False,True
sabha,slate-curvy-samba-sabha,4,False,True
sabin,slate-curvy-samba-sahib-sabin,5,False,True
sabir,slate-curvy-sonar-sabir,4,False,True
sabji,slate-curvy-samba-sahib-sabji,5,False,True
sable,slate-salve-sable,3,True,True
sabos,slate-curvy-samba-sahib-sabos,5,False,True
sabot,slate-pricy-squat-sabot,4,False,True
sabra,slate-curvy-sonar-sabra,4,False,True
sabre,slate-sauce-sabre,3,True,True
sabzi,slate-curvy-samba-sahib-sabji-sabzi,6,False,True
sacks,slate-curvy-schwa-sacks,4,True,True
sacra,slate-curvy-sacra,3,False,True
sacre,slate-sauce-sacre,3,True,True
saddo,slate-curvy-samba-sands-saddo,5,False,True
saddy,slate-curvy-spuds-sandy-saddy,5,False,True
sades,slate-infer-samey-saves-sakes-sabes-sades,7,False,False
sadhe,slate-sauce-sabre-sadhe,4,False,True
sadhu,slate-curvy-squad-sadhu,4,False,True
sadic,slate-curvy-schwa-sacks-sadic,5,False,True
sadis,slate-curvy-samba-sands-sadis,5,False,True
sadly,slate-radio-sadly,3,True,True
sados,slate-curvy-samba-sands-sadis-sados,6,False,True
sadza,slate-curvy-samba-sadza,4,False,True
saeta,slate-saeta,2,False,True
safed,slate-infer-safes-safed,4,False,True
safer,slate-infer-safer,3,True,True
safes,slate-infer-safes,3,True,True
sagar,slate-curvy-sonar-sagar,4,False,True
sagas,slate-curvy-samba-sagas,4,True,True
sager,slate-infer-saver-saber-sayer-sager,6,False,True
sages,slate-infer-samey-saves-sakes-sabes-sades-sages,8,False,False
saggy,slate-curvy-spuds-saggy,4,True,True
sagos,slate-curvy-samba-sands-sagos,5,False,True
sagum,slate-curvy-squad-sagum,4,False,True
sahab,slate-curvy-samba-sahab,4,False,True
saheb,slate-infer-samey-saves-sawed-saheb,6,False,True
sahib,slate-curvy-samba-sahib,4,True,True
saice,slate-sauce-saice,3,False,True
saick,slate-curvy-schwa-sacks-saick,5,False,True
saics,slate-curvy-schwa-sacks-saics,5,False,True
saids,slate-curvy-samba-sands-saids,5,False,True
saiga,slate-curvy-samba-sadza-saiga,5,False,True
sails,slate-radio-sails,3,True,True
saims,slate-curvy-samba-saims,4,False,True
saine,slate-sauce-sabre-sadhe-saine,5,False,True
sains,slate-curvy-samba-sands-sains,5,False,True
saint,slate-pricy-saint,3,True,True
sairs,slate-curvy-sonar-sabra-sairs,5,False,True
saist,slate-pricy-saint-saist,4,False,True
saith,slate-saith,2,True,True
sajou,slate-curvy-squad-sagum-sajou,5,False,True
sakai,slate-curvy-samba-sagas-sakai,5,False,True
saker,slate-infer-saver-saber-sayer-sager-saker,7,False,False
sakes,slate-infer-samey-saves-sakes,5,True,True
sakia,slate-curvy-samba-sadza-saiga-sakia,6,False,True
sakis,slate-curvy-samba-sands-sagos-sakis,6,False,True
sakti,slate-saith-sakti,3,False,True
salad,slate-radio-salad,3,True,True
salal,slate-radio-salsa-salal,4,False,True
salas,slate-radio-salsa-salas,4,False,True
salat,slate-splat-salat,3,False,True
salep,slate-sales-salep,3,False,True
sales,slate-sales,2,True,True
salet,slate-steal-salet,3,False,True
salic,slate-radio-salic,3,False,True
salis,slate-radio-salic-salis,4,False,True
salix,slate-radio-salic-salis-salix,5,False,True
salle,slate-salve-salle,3,True,True
sally,slate-radio-salsa-sally,4,True,True
salmi,slate-radio-sails-salmi,4,False,True
salol,slate-radio-salon-salol,4,False,True
salon,slate-radio-salon,3,True,True
salop,slate-radio-salon-salol-salop,5,False,True
salpa,slate-radio-salsa-salpa,4,False,True
salps,slate-radio-salsa-salps,4,False,True
salsa,slate-radio-salsa,3,True,True
salse,slate-salve-salle-salse,4,False,True
salto,slate-salty-salts-salto,4,False,True
salts,slate-salty-salts,3,True,True
salty,slate-salty,2,True,True
salud,slate-radio-salad-salud,4,True,True
salue,slate-salve-salle-salse-salue,5,False,True
salut,slate-splat-salut,3,False,True
salve,slate-salve,2,True,True
salvo,slate-radio-salvo,3,True,True
saman,slate-curvy-samba-saman,4,False,True
samas,slate-curvy-samba-saman-samas,5,False,True
samba,slate-curvy-samba,3,True,True
sambo,slate-curvy-samba-sambo,4,True,True
samek,slate-infer-samey-samek,4,False,True
samel,slate-sales-samel,3,False,True
samen,slate-infer-samen,3,False,True
sames,slate-infer-samey-samek-sames,5,False,True
samey,slate-infer-samey,3,True,True
samfi,slate-curvy-samba-samfi,4,False,True
samfu,slate-curvy-squad-sagum-samfu,5,False,True
sammy,slate-curvy-spuds-saggy-sammy,5,False,True
sampi,slate-curvy-samba-samfi-sampi,5,False,True
samps,slate-curvy-samba-samfi-samps,5,False,True
sanad,slate-curvy-samba-sagas-sakai-sanad,6,False,True
sands,slate-curvy-samba-sands,4,True,True
sandy,slate-curvy-spuds-sandy,4,True,True
saned,slate-infer-samen-saned,4,False,True
saner,slate-infer-saner,3,True,True
sanes,slate-infer-samen-saned-sanes,5,False,True
sanga,slate-curvy-samba-sadza-saiga-sanga,6,False,True
sangh,slate-curvy-samba-sands-sangh,5,False,True
sango,slate-curvy-samba-sands-sangh-sango,6,False,True
sangs,slate-curvy-samba-sands-sangs,5,False,True
sanko,slate-curvy-samba-sands-sangh-sanko,6,False,True
sansa,slate-curvy-samba-sadza-saiga-sansa,6,False,True
santo,slate-saith-santo,3,False,True
sants,slate-saith-santo-sants,4,False,True
saola,slate-radio-salon-saola,4,False,True
sapan,slate-curvy-samba-sagas-sakai-sanad-sapan,7,False,False
sapid,slate-curvy-samba-sands-sapid,5,False,True
sapor,slate-curvy-sonar-sapor,4,False,True
sappy,slate-curvy-spuds-sappy,4,True,True
saran,slate-curvy-sarin-saran,4,False,True
sards,slate-curvy-sarin-sards,4,False,True
sared,slate-infer-sared,3,False,True
saree,slate-sauce-sabre-sarge-saree,5,False,True
sarge,slate-sauce-sabre-sarge,4,True,True
sargo,slate-curvy-sarin-sards-sargo,5,False,True
sarin,slate-curvy-sarin,3,True,True
sarir,slate-curvy-sarin-sarir,4,False,True
saris,slate-curvy-sarin-sarir-saris,5,False,True
sarks,slate-curvy-sarin-sards-sarks,5,False,True
sarky,slate-curvy-spray-sarky,4,False,True
sarod,slate-curvy-sarin-sards-sarod,5,False,True
saros,slate-curvy-sarin-sards-sarks-saros,6,False,True
sarus,slate-curvy-sarus,3,False,True
sarvo,slate-curvy-sarvo,3,False,True
saser,slate-infer-saver-saber-sayer-sager-saker-saser,8,False,False
sasin,slate-curvy-samba-sands-sasin,5,False,True
sasse,slate-sauce-sabre-sadhe-saine-sasse,6,False,True
sassy,slate-curvy-spuds-sassy,4,True,True
satai,slate-pricy-satin-satai,4,False,True
satay,slate-pricy-satay,3,True,True
sated,slate-waked-sated,3,True,True
satem,slate-waked-satem,3,False,True
sater,slate-waked-satem-sater,4,False,True
sates,slate-waked-satem-sater-sates,5,False,True
satin,slate-pricy-satin,3,True,True
satis,slate-pricy-satin-satis,4,False,True
satyr,slate-pricy-satyr,3,True,True
sauba,slate-curvy-squad-sauna-sauba,5,False,True
sauce,slate-sauce,2,True,True
sauch,slate-curvy-scuba-sauch,4,False,True
saucy,slate-curvy-saucy,3,True,True
saugh,slate-curvy-squad-sauna-saugh,5,False,True
sauls,slate-radio-salsa-sauls,4,False,True
sault,slate-splat-sault,3,False,True
sauna,slate-curvy-squad-sauna,4,True,True
saunf,slate-curvy-squad-sauna-saunf,5,False,True
saunt,slate-pricy-squat-saunt,4,False,True
saury,slate-curvy-saury,3,False,True
saute,slate-saute,2,True,True
sauts,slate-saith-santo-sauts,4,False,True
sauve,slate-sauce-sauve,3,False,True
saved,slate-infer-samey-saves-saved,5,True,True
saver,slate-infer-saver,3,True,True
saves,slate-infer-samey-saves,4,True,True
savey,slate-infer-samey-savey,4,False,True
savin,slate-curvy-savin,3,True,True
savor,slate-curvy-savor,3,True,True
savoy,slate-curvy-savoy,3,True,True
savvy,slate-curvy-savvy,3,True,True
sawah,slate-curvy-samba-sagas-sakai-sanad-sawah,7,False,False
sawed,slate-infer-samey-saves-sawed,5,True,True
sawer,slate-infer-saver-saber-sayer-sager-saker-saser-sawer,9,False,False
saxes,slate-infer-samey-saves-sakes-sabes-sades-sages-saxes,9,False,False
sayas,slate-curvy-sayid-sayas,4,False,True
sayed,slate-infer-samey-sayed,4,False,True
sayee,slate-sauce-sabre-sadhe-saine-sasse-sayee,7,False,False
sayer,slate-infer-saver-saber-sayer,5,True,True
sayid,slate-curvy-sayid,3,True,True
sayne,slate-sauce-sabre-sadhe-saine-sayne,6,False,True
sayon,slate-curvy-sayid-sayas-sayon,5,False,True
sayst,slate-pricy-sayst,3,False,True
sazes,slate-infer-samey-saves-sakes-sabes-sades-sages-saxes-sazes,10,False,False
scabs,slate-crump-snack-scabs,4,True,True
scads,slate-crump-snack-scabs-scads,5,False,True
scaff,slate-crump-snack-scabs-scaff,5,False,True
scags,slate-crump-snack-scabs-scads-scags,6,False,True
scail,slate-hilly-snail-scail,4,False,True
scala,slate-hilly-scalp-scald-scala,5,True,True
scald,slate-hilly-scalp-scald,4,True,True
scale,slate-shale-scale,3,True,True
scall,slate-hilly-small-scall,4,False,True
scalp,slate-hilly-scalp,3,True,True
scaly,slate-hilly-scaly,3,True,True
scamp,slate-crump-scamp,3,True,True
scams,slate-crump-scams,3,True,True
scand,slate-crump-snack-scans-scand,5,False,True
scans,slate-crump-snack-scans,4,True,True
scant,slate-drink-scant,3,True,True
scapa,slate-crump-scapa,3,False,True
scape,slate-perch-scape,3,True,True
scapi,slate-crump-scapa-scapi,4,False,True
scare,slate-perch-scare,3,True,True
scarf,slate-crump-scary-scarf,4,True,True
scarp,slate-crump-scarp,3,True,True
scars,slate-crump-scary-scarf-scars,5,True,True
scart,slate-drink-start-smart-scart,5,False,True
scary,slate-crump-scary,3,True,True
scath,slate-swath-scath,3,False,True
scats,slate-swath-spats-stats-scats,5,False,True
scatt,slate-swath-spats-scatt,4,False,True
scaud,slate-crump-scaud,3,False,True
scaup,slate-crump-scaup,3,False,True
scaur,slate-crump-scaur,3,False,True
scaws,slate-crump-snack-scabs-scads-scags-scaws,7,False,False
sceat,slate-waked-steam-sceat,4,False,True
scena,slate-infer-sedan-scena,4,False,True
scend,slate-hired-spend-scend,4,False,True
scene,slate-chirp-scone-scene,4,True,True
scent,slate-strep-scent,3,True,True
schav,slate-curvy-schav,3,False,True
schif,slate-churn-schif,3,False,True
schmo,slate-churn-schif-schmo,4,False,True
schul,slate-krill-scowl-schul,4,False,True
schwa,slate-curvy-schwa,3,True,True
scifi,slate-churn-scoff-scifi,4,False,True
scind,slate-churn-sonic-scind,4,False,True
scion,slate-churn-scion,3,True,True
scire,slate-chirp-scire,3,False,True
sclim,slate-krill-solid-sclim,4,False,True
scobe,slate-chirp-scone-scobe,4,False,True
scody,slate-churn-scoff-scoop-scody,5,False,True
scoff,slate-churn-scoff,3,True,True
scogs,slate-churn-scoff-scoop-scody-scogs,6,False,True
scold,slate-krill-scold,3,True,True
scone,slate-chirp-scone,3,True,True
scoog,slate-churn-scoff-scoop-scoog,5,False,True
scoop,slate-churn-scoff-scoop,4,True,True
scoot,slate-pinot-shoot-scoot,4,True,True
scopa,slate-curvy-schwa-scopa,4,False,True
scope,slate-chirp-scope,3,True,True
scops,slate-churn-scoff-scoop-scops,5,False,True
score,slate-chirp-score,3,True,True
scorn,slate-churn-scorn,3,True,True
scorp,slate-churn-scorp,3,False,True
scote,slate-suite-smote-scote,4,False,True
scots,slate-sooty-vouch-scots,4,True,True
scoug,slate-churn-sucks-scoug,4,False,True
scoup,slate-churn-sucks-scoug-scoup,5,False,True
scour,slate-churn-scrum-scour,4,True,True
scout,slate-pinot-vouch-scout,4,True,True
scowl,slate-krill-scowl,3,True,True
scowp,slate-churn-scoff-scoop-scowp,5,False,True
scows,slate-churn-scoff-scoop-scody-scogs-scows,7,False,False
scrab,slate-curvy-scrap-scram-scrab,5,False,True
scrae,slate-sauce-scrae,3,False,True
scrag,slate-curvy-scrap-scram-scrab-scrag,6,False,True
scram,slate-curvy-scrap-scram,4,True,True
scran,slate-curvy-scrap-scram-scrab-scrag-scran,7,False,False
scrap,slate-curvy-scrap,3,True,True
scrat,slate-pricy-scrat,3,False,True
scraw,slate-curvy-scrap-scram-scrab-scrag-scran-scraw,8,False,False
scray,slate-curvy-scray,3,False,True
scree,slate-chirp-scree,3,True,True
screw,slate-hired-surer-screw,4,True,True
scrim,slate-churn-scrim,3,True,True
scrip,slate-churn-scrim-scrip,4,True,True
scrob,slate-churn-scrim-scrod-scrob,5,False,True
scrod,slate-churn-scrim-scrod,4,True,True
scrog,slate-churn-scrim-scrod-scrob-scrog,6,False,True
scroo,slate-churn-scrim-scrod-scrob-scrog-scroo,7,False,False
scrow,slate-churn-scrim-scrod-scrob-scrog-scroo-scrow,8,False,False
scrub,slate-churn-scrum-scrub,4,True,True
scrum,slate-churn-scrum,3,True,True
scuba,slate-curvy-scuba,3,True,True
scudi,slate-churn-scuff-scudi,4,False,True
scudo,slate-churn-scuff-scudi-scudo,5,False,True
scuds,slate-churn-scuff-scudi-scudo-scuds,6,False,True
scuff,slate-churn-scuff,3,True,True
scuft,slate-pinot-strut-scuft,4,False,True
scugs,slate-churn-scuff-scudi-scugs,5,False,True
sculk,slate-krill-skulk-sculk,4,False,True
scull,slate-krill-scull,3,True,True
sculp,slate-krill-scold-sculp,4,False,True
sculs,slate-krill-scold-sculp-sculs,5,False,True
scums,slate-churn-scuff-scudi-scugs-scums,6,False,True
scups,slate-churn-scuff-scudi-scugs-scums-scups,7,False,False
scurf,slate-churn-scurf,3,False,True
scurs,slate-churn-scurf-scurs,4,False,True
scuse,slate-chirp-scone-scuse,4,True,True
scuta,slate-saith-sorta-scuta,4,False,True
scute,slate-suite-scute,3,False,True
scuts,slate-sooty-sixth-scuts,4,False,True
scuzz,slate-churn-scuff-scudi-scugs-scuzz,6,False,True
scyes,slate-hired-seven-sykes-scyes,5,False,True
sdayn,slate-crump-shank-swain-sdayn,5,False,True
sdein,slate-hired-sdein,3,False,True
seals,slate-seals,2,True,True
seame,slate-perch-seame,3,False,True
seams,slate-seamy-seams,3,True,True
seamy,slate-seamy,2,True,True
seans,slate-seamy-sears-seans,4,False,True
seare,slate-perch-seare,3,False,True
sears,slate-seamy-sears,3,True,True
sease,slate-perch-seame-sease,4,False,True
seats,slate-seats,2,True,True
seaze,slate-perch-seame-sease-seaze,5,False,True
sebum,slate-hired-speck-sebum,4,False,True
secco,slate-hired-speck-secco,4,False,True
sechs,slate-hired-sheng-sechs,4,False,True
sects,slate-sects,2,True,True
sedan,slate-infer-sedan,3,True,True
seder,slate-hired-seder,3,True,True
sedes,slate-hired-sedes,3,False,True
sedge,slate-chirp-suede-sedge,4,True,True
sedgy,slate-hired-seedy-sedgy,4,False,True
sedum,slate-hired-seedy-sedum,4,False,True
seeds,slate-hired-seedy-seeds,4,True,True
seedy,slate-hired-seedy,3,True,True
seeks,slate-hired-speck-seeks,4,True,True
seeld,slate-whelp-smell-seeld,4,False,True
seels,slate-whelp-smell-seeld-seels,5,False,True
seely,slate-whelp-smell-seeld-seels-seely,6,False,True
seems,slate-hired-speck-seems,4,True,True
seeps,slate-hired-speck-seeps,4,False,True
seepy,slate-hired-speck-seeps-seepy,5,False,True
seers,slate-hired-sperm-seers,4,True,True
sefer,slate-hired-woven-super-sefer,5,False,True
segar,slate-infer-wimpy-shear-segar,5,False,True
segas,slate-infer-speak-segas,4,False,True
segni,slate-hired-skein-segni,4,False,True
segno,slate-hired-speck-sebum-segno,5,False,True
segol,slate-whelp-soled-segol,4,False,True
segos,slate-hired-speck-sebum-segno-segos,6,False,True
segue,slate-chirp-suede-segue,4,True,True
sehri,slate-hired-sehri,3,False,True
seifs,slate-hired-skein-seifs,4,False,True
seils,slate-whelp-sells-seils,4,False,True
seine,slate-chirp-swine-seine,4,True,True
seirs,slate-hired-seirs,3,False,True
seise,slate-chirp-swine-seize-seise,5,False,True
seism,slate-hired-skein-seifs-seism,5,False,True
seity,slate-sects-seity,3,False,True
seiza,slate-infer-sepia-seiza,4,False,True
seize,slate-chirp-swine-seize,4,True,True
sekos,slate-hired-speck-sekos,4,False,True
sekts,slate-sects-sekts,3,False,True
selah,slate-sales-selah,3,True,True
seles,slate-whelp-soled-seles,4,False,True
selfs,slate-whelp-soled-selfs,4,False,True
selfy,slate-whelp-soled-selfs-selfy,5,False,True
selky,slate-whelp-soled-selfs-selky,5,False,True
sella,slate-sales-selah-sella,4,False,True
selle,slate-smile-selle,3,False,True
sells,slate-whelp-sells,3,True,True
selva,slate-sales-selah-sella-selva,5,False,True
semas,slate-infer-speak-segas-semas,5,False,True
semee,slate-chirp-suede-sense-semee,5,False,True
semen,slate-hired-seven-semen,4,True,True
semes,slate-hired-seven-sexes-semes,5,False,True
semie,slate-chirp-sieve-semie,4,False,True
semis,slate-hired-skein-semis,4,True,True
senas,slate-infer-sedan-senas,4,False,True
sends,slate-hired-seedy-sends,4,True,True
senes,slate-hired-seven-senes,4,False,True
senex,slate-hired-seven-senes-senex,5,False,True
sengi,slate-hired-skein-segni-sengi,5,False,True
senna,slate-infer-sedan-senna,4,False,True
senor,slate-hired-sperm-senor,4,False,True
sensa,slate-infer-sedan-senna-sensa,5,False,True
sense,slate-chirp-suede-sense,4,True,True
sensi,slate-hired-skein-segni-sensi,5,False,True
sensu,slate-hired-speck-sebum-sensu,5,False,True
sente,slate-suite-smote-sente,4,False,True
senti,slate-sects-seity-senti,4,False,True
sents,slate-sects-sekts-sents,4,False,True
senvy,slate-hired-speck-sebum-segno-senvy,6,False,True
senza,slate-infer-sedan-senna-sensa-senza,6,False,True
sepad,slate-infer-speak-sepad,4,False,True
sepal,slate-sales-sepal,3,False,True
sepia,slate-infer-sepia,3,True,True
sepic,slate-hired-skein-semis-sepic,5,False,True
sepoy,slate-hired-speck-sepoy,4,False,True
seppo,slate-hired-speck-sepoy-seppo,5,False,True
septa,slate-saeta-septa,3,False,True
septs,slate-sects-sekts-sents-septs,5,False,True
serac,slate-infer-serra-serac,4,False,True
serai,slate-infer-serai,3,False,True
seral,slate-sales-sepal-seral,4,False,True
sered,slate-hired-sered,3,False,True
serer,slate-hired-surer-serer,4,False,True
seres,slate-hired-surer-screw-sores-seres,6,False,True
serfs,slate-hired-serum-serfs,4,True,True
serge,slate-chirp-surge-serge,4,True,True
seria,slate-infer-serai-seria,4,False,True
seric,slate-hired-serif-seric,4,False,True
serif,slate-hired-serif,3,True,True
serin,slate-hired-serif-seric-serin,5,False,True
serir,slate-hired-serif-seric-serin-serir,6,False,True
serks,slate-hired-serum-serfs-serks,5,False,True
seron,slate-hired-serum-serfs-seron,5,False,True
serow,slate-hired-serum-serfs-seron-serow,6,False,True
serra,slate-infer-serra,3,True,True
serre,slate-chirp-snore-serre,4,False,True
serrs,slate-hired-serum-serfs-serks-serrs,6,False,True
serry,slate-hired-serum-serfs-seron-serry,6,False,True
serum,slate-hired-serum,3,True,True
serve,slate-chirp-surge-serve,4,True,True
servo,slate-hired-serum-serfs-seron-servo,6,False,True
sesey,slate-hired-seven-sexes-sesey,5,False,True
sessa,slate-infer-speak-sessa,4,False,True
setae,slate-setae,2,False,True
setal,slate-steal-setal,3,False,True
seter,slate-strep-seter,3,False,True
seths,slate-strep-scent-seths,4,False,True
seton,slate-strep-scent-seton,4,False,True
setts,slate-sects-sekts-sents-septs-setts,6,False,True
setup,slate-strep-setup,3,True,True
sevak,slate-infer-speak-sevak,4,False,True
seven,slate-hired-seven,3,True,True
sever,slate-hired-woven-sever,4,True,True
sevir,slate-hired-seirs-sevir,4,False,True
sewan,slate-infer-sedan-sewan,4,False,True
sewar,slate-infer-wimpy-swear-sewar,5,False,True
sewed,slate-hired-speed-sewed,4,True,True
sewel,slate-whelp-sewel,3,False,True
sewen,slate-hired-seven-semen-sewen,5,False,True
sewer,slate-hired-woven-sewer,4,True,True
sewin,slate-hired-skein-sewin,4,False,True
sexed,slate-hired-speed-sewed-sexed,5,False,True
sexer,slate-hired-woven-super-sefer-sexer,6,False,True
sexes,slate-hired-seven-sexes,4,True,True
sexor,slate-hired-sperm-senor-sexor,5,False,True
sexto,slate-sects-seity-sexto,4,False,True
sexts,slate-sects-sekts-sents-septs-setts-sexts,7,False,False
seyen,slate-hired-seven-semen-sewen-seyen,6,False,True
sezes,slate-hired-seven-sexes-semes-sezes,6,False,True
shack,slate-crump-snack-shack,4,True,True
shade,slate-perch-vodka-shade,4,True,True
shads,slate-crump-shank-shady-shads,5,False,True
shady,slate-crump-shank-shady,4,True,True
shaft,slate-drink-glyph-shaft,4,True,True
shags,slate-crump-shank-shady-shags,5,False,True
shahs,slate-crump-shank-shady-shags-shahs,6,False,True
shaka,slate-crump-shank-shaky-shaka,5,False,True
shake,slate-perch-vodka-shake,4,True,True
shako,slate-crump-shank-shaky-shaka-shako,6,False,True
shakt,slate-drink-shakt,3,False,True
shaky,slate-crump-shank-shaky,4,True,True
shale,slate-shale,2,True,True
shall,slate-hilly-shall,3,True,True
shalm,slate-hilly-shalm,3,False,True
shalt,slate-stall-shalt,3,True,True
shaly,slate-hilly-shaly,3,False,True
shama,slate-crump-swami-shama,4,False,True
shame,slate-perch-vodka-shame,4,True,True
shams,slate-crump-swami-shama-shams,5,False,True
shand,slate-crump-shank-shand,4,False,True
shank,slate-crump-shank,3,True,True
shans,slate-crump-shank-shand-shans,5,False,True
shape,slate-perch-shape,3,True,True
shaps,slate-crump-spawn-soapy-shaps,5,False,True
shard,slate-crump-shark-shard,4,True,True
share,slate-perch-share,3,True,True
shark,slate-crump-shark,3,True,True
sharn,slate-crump-shark-shard-sharn,5,False,True
sharp,slate-crump-sharp,3,True,True
shart,slate-drink-start-smart-scart-shart,6,False,True
shash,slate-crump-shank-shady-shags-shash,6,False,True
shaul,slate-hilly-shawl-shaul,4,False,True
shave,slate-perch-vodka-shave,4,True,True
shawl,slate-hilly-shawl,3,True,True
shawm,slate-crump-smash-shawm,4,False,True
shawn,slate-crump-shank-shawn,4,True,True
shaws,slate-crump-shank-shady-shags-shahs-shaws,7,False,False
shaya,slate-crump-shank-shady-shaya,5,False,True
shays,slate-crump-shank-shady-shaya-shays,6,False,True
shchi,slate-churn-shock-shchi,4,False,True
sheaf,slate-infer-sheaf,3,True,True
sheal,slate-sales-sepal-sheal,4,False,True
shear,slate-infer-wimpy-shear,4,True,True
sheas,slate-infer-speak-sheas,4,False,True
sheds,slate-hired-sheds,3,True,True
sheel,slate-whelp-sheel,3,False,True
sheen,slate-hired-sheep-sheen,4,True,True
sheep,slate-hired-sheep,3,True,True
sheer,slate-hired-sheer,3,True,True
sheet,slate-strep-sweet-sheet,4,True,True
sheik,slate-hired-sheik,3,True,True
shelf,slate-whelp-shelf,3,True,True
shell,slate-whelp-shelf-shell,4,True,True
shend,slate-hired-shend,3,False,True
sheng,slate-hired-sheng,3,True,True
shent,slate-strep-scent-shent,4,False,True
sheol,slate-whelp-sheel-sheol,4,False,True
sherd,slate-hired-sherd,3,False,True
shere,slate-chirp-shore-shere,4,False,True
shero,slate-hired-shero,3,False,True
shets,slate-sects-shets,3,False,True
sheva,slate-infer-speak-sheva,4,False,True
shewn,slate-hired-sheng-shewn,4,False,True
shews,slate-hired-sheng-shews,4,False,True
shiai,slate-curvy-samba-sodas-shiai,5,False,True
shied,slate-hired-shied,3,True,True
shiel,slate-whelp-shiel,3,False,True
shier,slate-hired-shier,3,False,True
shies,slate-hired-shies,3,False,True
shift,slate-pinot-shirt-shift,4,True,True
shill,slate-krill-spill-shill,4,True,True
shily,slate-krill-soils-shily,4,False,True
shims,slate-churn-showy-ships-shims,5,False,True
shine,slate-chirp-shine,3,True,True
shins,slate-churn-shiny-shins,4,True,True
shiny,slate-churn-shiny,3,True,True
shiok,slate-churn-showy-shiok,4,False,True
ships,slate-churn-showy-ships,4,True,True
shire,slate-chirp-shire,3,True,True
shirk,slate-churn-shirk,3,True,True
shirr,slate-churn-shirk-shirr,4,False,True
shirs,slate-churn-shirk-shirr-shirs,5,False,True
shirt,slate-pinot-shirt,3,True,True
shish,slate-churn-showy-ships-shish,5,True,True
shiso,slate-churn-showy-shiok-shiso,5,False,True
shist,slate-pinot-shirt-shift-shist,5,False,True
shite,slate-suite-spite-smite-shite,5,True,True
shits,slate-sooty-sixth-shits,4,True,True
shiur,slate-churn-shrub-shiur,4,False,True
shiva,slate-curvy-shiva,3,True,True
shive,slate-chirp-shine-shive,4,False,True
shivs,slate-churn-showy-ships-shims-shivs,6,False,True
shlep,slate-whelp-shlep,3,True,True
shlub,slate-krill-solos-shlub,4,False,True
shmek,slate-hired-sheep-shoes-shmek,5,False,True
shmoe,slate-chirp-shone-shmoe,4,False,True
shoal,slate-radio-shoal,3,True,True
shoat,slate-pricy-squat-shoat,4,False,True
shock,slate-churn-shock,3,True,True
shoed,slate-hired-shoed,3,True,True
shoer,slate-hired-sheer-shyer-shoer,5,False,True
shoes,slate-hired-sheep-shoes,4,True,True
shogi,slate-churn-showy-shook-shoji-shogi,6,False,True
shogs,slate-churn-showy-shook-shoji-shops-shogs,7,False,False
shoji,slate-churn-showy-shook-shoji,5,True,True
shojo,slate-churn-showy-shook-shojo,5,False,True
shola,slate-radio-shoal-shola,4,False,True
shone,slate-chirp-shone,3,True,True
shonk,slate-churn-shiny-shonk,4,False,True
shook,slate-churn-showy-shook,4,True,True
shool,slate-krill-scowl-spool-shool,5,False,True
shoon,slate-churn-shown-shoon,4,False,True
shoos,slate-churn-showy-shook-shoos,5,False,True
shoot,slate-pinot-shoot,3,True,True
shope,slate-chirp-shope,3,False,True
shops,slate-churn-showy-shook-shoji-shops,6,True,True
shore,slate-chirp-shore,3,True,True
shorl,slate-krill-shorl,3,False,True
shorn,slate-churn-shorn,3,True,True
short,slate-pinot-vouch-short,4,True,True
shote,slate-suite-smote-scote-shote,5,False,True
shots,slate-sooty-vouch-shots,4,True,True
shott,slate-sooty-vouch-shots-shott,5,False,True
shoud,slate-churn-shoud,3,False,True
shout,slate-pinot-vouch-shout,4,True,True
shove,slate-chirp-shone-shove,4,True,True
showd,slate-churn-showy-shows-showd,5,False,True
shown,slate-churn-shown,3,True,True
shows,slate-churn-showy-shows,4,True,True
showy,slate-churn-showy,3,True,True
shoyu,slate-churn-shoud-shoyu,4,False,True
shred,slate-hired-shred,3,True,True
shrew,slate-hired-shrew,3,True,True
shris,slate-churn-shris,3,False,True
shrow,slate-churn-shris-shrow,4,False,True
shrub,slate-churn-shrub,3,True,True
shrug,slate-churn-shrub-shrug,4,True,True
shtar,slate-pricy-straw-shtar,4,False,True
shtik,slate-pinot-stiff-shtik,4,False,True
shtum,slate-pinot-fords-stuck-shtum,5,False,True
shtup,slate-pinot-stump-shtup,4,False,True
shuba,slate-curvy-squad-sauna-shuba,5,False,True
shuck,slate-churn-shuck,3,True,True
shule,slate-smile-selle-shule,4,False,True
shuln,slate-krill-scold-shyly-shuln,5,False,True
shuls,slate-krill-scold-shyly-shuln-shuls,6,False,True
shuns,slate-churn-shuns,3,False,True
shunt,slate-pinot-stunt-shunt,4,True,True
shura,slate-curvy-shura,3,False,True
shush,slate-churn-shush,3,True,True
shute,slate-suite-scute-shute,4,False,True
shuts,slate-sooty-sixth-shuts,4,True,True
shwas,slate-curvy-samba-sodas-shwas,5,False,True
shyer,slate-hired-sheer-shyer,4,True,True
shyly,slate-krill-scold-shyly,4,True,True
sials,slate-hilly-sials,3,False,True
sibbs,slate-churn-spiky-sibbs,4,False,True
sibia,slate-curvy-samba-sibia,4,False,True
sibyl,slate-krill-spoil-sibyl,4,False,True
sices,slate-hired-sinew-kudzu-sixes-sices,6,False,True
sicht,slate-pinot-sight-sicht,4,False,True
sicko,slate-churn-scoff-sicko,4,True,True
sicks,slate-churn-scoff-spicy-sicks,5,False,True
sicky,slate-churn-scoff-spicy-sicky,5,False,True
sidas,slate-curvy-samba-sodas-sidas,5,False,True
sided,slate-hired-sided,3,True,True
sider,slate-hired-sider,3,False,True
sides,slate-hired-sides,3,True,True
sidey,slate-hired-sides-sidey,4,False,True
sidha,slate-curvy-samba-sidha,4,False,True
sidhe,slate-chirp-sidhe,3,False,True
sidle,slate-smile-sidle,3,True,True
siege,slate-chirp-sieve-siege,4,True,True
sield,slate-whelp-smell-seeld-sield,5,False,True
siens,slate-hired-siens,3,False,True
sient,slate-strep-scent-shent-sient,5,False,True
sieth,slate-sects-sieth,3,False,True
sieur,slate-hired-sieur,3,False,True
sieve,slate-chirp-sieve,3,True,True
sifts,slate-sooty-sixth-sifts,4,False,True
sighs,slate-churn-swish-sighs,4,True,True
sight,slate-pinot-sight,3,True,True
sigil,slate-krill-spoil-sigil,4,False,True
sigla,slate-radio-silva-sigla,4,False,True
sigma,slate-curvy-samba-sigma,4,True,True
signa,slate-curvy-samba-sidha-signa,5,False,True
signs,slate-churn-spiny-signs,4,True,True
sigri,slate-churn-sword-smirk-sigri,5,False,True
sijos,slate-churn-spiky-sibbs-sijos,5,False,True
sikas,slate-curvy-samba-sodas-shwas-sikas,6,False,True
siker,slate-hired-siker,3,False,True
sikes,slate-hired-sinew-kudzu-sikes,5,True,True
silds,slate-krill-solid-silds,4,False,True
siled,slate-whelp-soled-siled,4,False,True
silen,slate-whelp-soled-seles-silen,5,False,True
siler,slate-whelp-soled-seles-silen-siler,6,False,True
siles,slate-whelp-soled-seles-siles,5,False,True
silex,slate-whelp-soled-seles-silen-siler-silex,7,False,False
silks,slate-krill-silky-silks,4,True,True
silky,slate-krill-silky,3,True,True
sills,slate-krill-silly-sills,4,True,True
silly,slate-krill-silly,3,True,True
silos,slate-krill-solid-silos,4,False,True
silts,slate-silty-silts,3,False,True
silty,slate-silty,2,True,True
silva,slate-radio-silva,3,True,True
simar,slate-curvy-sonar-sagar-simar,5,False,True
simas,slate-curvy-samba-simas,4,False,True
simba,slate-curvy-samba-simba,4,True,True
simis,slate-churn-spiky-sibbs-sijos-simis,6,False,True
simps,slate-churn-spiky-simps,4,False,True
simul,slate-krill-spoil-sibyl-simul,5,False,True
since,slate-chirp-since,3,True,True
sinds,slate-churn-spiny-sings-sinks-sinds,6,False,True
sined,slate-hired-sided-sized-sined,5,False,True
sines,slate-hired-sinew-sines,4,False,True
sinew,slate-hired-sinew,3,True,True
singe,slate-chirp-sieve-singe,4,True,True
sings,slate-churn-spiny-sings,4,True,True
sinhs,slate-churn-sinhs,3,False,True
sinks,slate-churn-spiny-sings-sinks,5,True,True
sinky,slate-churn-spiny-sinky,4,False,True
sinsi,slate-churn-spiny-sings-sinsi,5,False,True
sinus,slate-churn-sunny-sinus,4,True,True
siped,slate-hired-sided-sized-sined-siped,6,False,True
sipes,slate-hired-sinew-kudzu-sixes-sices-sipes,7,False,False
sippy,slate-churn-spiky-sippy,4,False,True
sired,slate-hired-sired,3,True,True
siree,slate-chirp-siree,3,False,True
siren,slate-hired-siren,3,True,True
sires,slate-hired-siren-sires,4,True,True
sirih,slate-churn-sirih,3,False,True
siris,slate-churn-sprig-siris,4,False,True
siroc,slate-churn-scrim-siroc,4,False,True
sirra,slate-curvy-sarin-sirra,4,False,True
sirup,slate-churn-syrup-sirup,4,False,True
sisal,slate-radio-silva-sisal,4,False,True
sises,slate-hired-sinew-kudzu-sixes-sices-sipes-sises,8,False,False
sissy,slate-churn-spiky-sissy,4,True,True
sista,slate-saith-sista,3,False,True
sists,slate-sooty-sixth-sifts-sists,5,False,True
sitar,slate-pricy-sitar,3,True,True
sitch,slate-pinot-sitch,3,False,True
sited,slate-strep-sweet-sited,4,True,True
sites,slate-strep-sweet-sited-sites,5,True,True
sithe,slate-varna-stoke-sithe,4,False,True
sitka,slate-pricy-satin-sitka,4,False,True
situp,slate-pinot-situp,3,True,True
situs,slate-pinot-sitch-situs,4,False,True
siver,slate-hired-siker-siver,4,False,True
sixer,slate-hired-siker-siver-sixer,5,False,True
sixes,slate-hired-sinew-kudzu-sixes,5,True,True
sixmo,slate-churn-spiky-sibbs-sixmo,5,False,True
sixte,slate-suite-sixte,3,False,True
sixth,slate-sooty-sixth,3,True,True
sixty,slate-sooty-sixty,3,True,True
sizar,slate-curvy-sonar-sagar-simar-sizar,6,False,True
sized,slate-hired-sided-sized,4,True,True
sizel,slate-whelp-soled-sizel,4,False,True
sizer,slate-hired-siker-siver-sixer-sizer,6,False,True
sizes,slate-hired-sinew-kudzu-sizes,5,True,True
skags,slate-crump-shank-soaks-skags,5,False,True
skail,slate-hilly-snail-scail-skail,5,False,True
skald,slate-hilly-scalp-skald,4,False,True
skank,slate-crump-shank-swank-skank,5,False,True
skarn,slate-crump-shark-skarn,4,False,True
skart,slate-drink-skart,3,False,True
skate,slate-spunk-skate,3,True,True
skats,slate-swath-spats-stats-scats-skats,6,False,True
skatt,slate-swath-spats-scatt-skatt,5,False,True
skaws,slate-crump-shank-soaks-skags-skaws,6,False,True
skean,slate-infer-sedan-skean,4,False,True
skear,slate-infer-wimpy-shear-skear,5,False,True
skeds,slate-hired-seedy-skeds,4,False,True
skeed,slate-hired-speed-skeed,4,False,True
skeef,slate-hired-seven-sweep-skeef,5,False,True
skeen,slate-hired-seven-skeen,4,False,True
skeer,slate-hired-woven-super-sefer-skeer,6,False,True
skees,slate-hired-seven-sweep-skeef-skees,6,False,True
skeet,slate-strep-sweet-sheet-skeet,5,True,True
skeev,slate-hired-seven-skeev,4,False,True
skeez,slate-hired-seven-sweep-skeef-skees-skeez,7,False,False
skegg,slate-hired-speck-seeks-skegg,5,False,True
skegs,slate-hired-speck-seeks-skegs,5,False,True
skein,slate-hired-skein,3,True,True
skelf,slate-whelp-smell-seeld-skelf,5,False,True
skell,slate-whelp-smell-snell-skell,5,False,True
skelm,slate-whelp-smell-skelm,4,False,True
skelp,slate-whelp-skelp,3,False,True
skene,slate-chirp-suede-skene,4,False,True
skens,slate-hired-speck-seeks-skegs-skens,6,False,True
skeos,slate-hired-speck-seeks-skegs-skens-skeos,7,False,False
skeps,slate-hired-speck-skeps,4,False,True
skerm,slate-hired-sperm-skerm,4,False,True
skers,slate-hired-sperm-seers-skers,5,False,True
skets,slate-sects-shets-skets,4,False,True
skews,slate-hired-speck-seeks-skegs-skens-skeos-skews,8,False,False
skids,slate-churn-spiky-skiff-skids,5,True,True
skied,slate-hired-spied-skied,4,True,True
skier,slate-hired-skier,3,True,True
skies,slate-hired-skies,3,True,True
skiey,slate-hired-skies-skiey,4,False,True
skiff,slate-churn-spiky-skiff,4,True,True
skill,slate-krill-skill,3,True,True
skimo,slate-churn-spiky-skiff-skids-skimo,6,False,True
skimp,slate-churn-spiky-skimp,4,True,True
skims,slate-churn-spiky-skiff-skids-skims,6,False,True
skink,slate-churn-spiny-swing-skins-skink,6,False,True
skins,slate-churn-spiny-swing-skins,5,True,True
skint,slate-pinot-stint-skint,4,False,True
skios,slate-churn-spiky-skiff-skids-skims-skios,7,False,False
skips,slate-churn-spiky-skimp-skips,5,True,True
skirl,slate-krill-skirl,3,False,True
skirr,slate-churn-sword-smirk-skirr,5,False,True
skirt,slate-pinot-shirt-skirt,4,True,True
skite,slate-suite-spite-smite-shite-skite,6,False,True
skits,slate-sooty-sixth-spits-suits-skits,6,False,True
skive,slate-chirp-swine-seize-skive,5,False,True
skivy,slate-churn-spiky-skivy,4,False,True
sklim,slate-krill-silky-sklim,4,False,True
skoal,slate-radio-shoal-skoal,4,False,True
skobe,slate-chirp-suede-smoke-skobe,5,False,True
skody,slate-churn-spiky-skody,4,False,True
skoff,slate-churn-spiky-skoff,4,False,True
skofs,slate-churn-spiky-skoff-skofs,5,False,True
skogs,slate-churn-spiky-skoff-skogs,5,False,True
skols,slate-krill-skulk-skols,4,False,True
skool,slate-krill-skool,3,False,True
skort,slate-pinot-vouch-skort,4,False,True
skosh,slate-churn-swish-skosh,4,False,True
skran,slate-curvy-sarin-skran,4,False,True
skrik,slate-churn-sprig-siris-skrik,5,False,True
skroo,slate-churn-sprig-skroo,4,False,True
skuas,slate-curvy-squad-skuas,4,False,True
skugs,slate-churn-squid-soupy-skugs,5,False,True
skulk,slate-krill-skulk,3,True,True
skull,slate-krill-skull,3,True,True
skunk,slate-churn-prong-skunk,4,True,True
skyed,slate-hired-speed-sowed-skyed,5,False,True
skyer,slate-hired-woven-super-sefer-skyer,6,False,True
skyey,slate-hired-seven-sykes-skyey,5,False,True
skyfs,slate-churn-spiky-skyfs,4,False,True
skyre,slate-chirp-snore-serre-skyre,5,False,True
skyrs,slate-churn-sword-smirk-skyrs,5,False,True
skyte,slate-suite-smote-sente-skyte,5,False,True
slabs,slate-hymns-slabs,3,True,True
slack,slate-hymns-slack,3,True,True
slade,slate-slake-slade,3,True,True
slaes,slate-slaes,2,False,True
slags,slate-hymns-slabs-slaps-slags,5,False,True
slaid,slate-hymns-slack-slaid,4,False,True
slain,slate-hymns-slain,3,True,True
slake,slate-slake,2,True,True
slams,slate-hymns-slams,3,True,True
slane,slate-slake-slade-slane,4,False,True
slang,slate-hymns-slang,3,True,True
slank,slate-hymns-slang-slank,4,False,True
slant,slate-slant,2,True,True
slaps,slate-hymns-slabs-slaps,4,True,True
slart,slate-slant-slart,3,False,True
slash,slate-hymns-slash,3,True,True
slate,slate,1,True,True
slats,slate-slats,2,True,True
slaty,slate-slats-slaty,3,False,True
slave,slate-slake-slade-slane-slave,5,False,True
slaws,slate-hymns-slabs-slaps-slags-slaws,6,False,True
slays,slate-hymns-slays,3,True,True
slebs,slate-sleek-slebs,3,False,True
sleds,slate-sleek-slebs-sleds,4,False,True
sleek,slate-sleek,2,True,True
sleep,slate-sleek-sleep,3,True,True
sleer,slate-sleek-sleep-sleer,4,False,True
sleet,slate-sleet,2,True,True
slept,slate-sleet-slept,3,True,True
slews,slate-sleek-slebs-sleds-slews,5,False,True
sleys,slate-sleek-slebs-sleds-slews-sleys,6,False,True
slice,slate-edict-slice,3,True,True
slick,slate-hunky-slick,3,True,True
slide,slate-edict-slide,3,True,True
slier,slate-sleek-slier,3,False,True
slily,slate-hunky-slimy-slily,4,False,True
slime,slate-edict-slime,3,True,True
slims,slate-hunky-sloop-slims,4,False,True
slimy,slate-hunky-slimy,3,True,True
sling,slate-hunky-sling,3,True,True
slink,slate-hunky-slink,3,True,True
slipe,slate-edict-slime-slipe,4,False,True
slips,slate-hunky-sloop-slips,4,True,True
slipt,slate-slipt,2,False,True
slish,slate-hunky-slosh-slish,4,False,True
slits,slate-sloth-slits,3,True,True
slive,slate-edict-slime-slipe-slive,5,False,True
sloan,slate-sloan,2,True,True
slobs,slate-hunky-sloop-slobs,4,True,True
sloes,slate-sleek-slier-sloes,4,False,True
slogs,slate-hunky-sloop-slobs-slows-slogs,6,False,True
sloid,slate-hunky-sloop-slobs-sloid,5,False,True
slojd,slate-hunky-sloop-slobs-sloid-slojd,6,False,True
sloka,slate-sloan-sloka,3,False,True
slomo,slate-hunky-sloop-slomo,4,False,True
sloom,slate-hunky-sloop-sloom,4,False,True
sloop,slate-hunky-sloop,3,True,True
sloot,slate-slipt-sloot,3,False,True
slope,slate-edict-slope,3,True,True
slops,slate-hunky-sloop-slops,4,False,True
slopy,slate-hunky-slimy-slyly-slopy,5,False,True
slorm,slate-hunky-sloop-slobs-sloid-slorm,6,False,True
slosh,slate-hunky-slosh,3,True,True
sloth,slate-sloth,2,True,True
slots,slate-sloth-slots,3,True,True
slove,slate-edict-slope-slove,4,False,True
slows,slate-hunky-sloop-slobs-slows,5,True,True
sloyd,slate-hunky-sloyd,3,False,True
slubb,slate-hunky-slurp-slugs-slubb,5,False,True
slubs,slate-hunky-slurp-slugs-slums-slubs,6,False,True
slued,slate-sleek-slier-sloes-slued,5,False,True
slues,slate-sleek-slier-sloes-slues,5,False,True
sluff,slate-hunky-slurp-slugs-slubb-sluff,6,False,True
slugs,slate-hunky-slurp-slugs,4,True,True
sluit,slate-slipt-sluit,3,False,True
slump,slate-hunky-slurp-slump,4,True,True
slums,slate-hunky-slurp-slugs-slums,5,True,True
slung,slate-hunky-slung,3,True,True
slunk,slate-hunky-slunk,3,True,True
slurb,slate-hunky-slurp-slurs-slurb,5,False,True
slurp,slate-hunky-slurp,3,True,True
slurs,slate-hunky-slurp-slurs,4,True,True
sluse,slate-edict-slope-sluse,4,False,True
slush,slate-hunky-slush,3,True,True
sluts,slate-sloth-slits-sluts,4,True,True
slyer,slate-sleek-slier-slyer,4,False,True
slyly,slate-hunky-slimy-slyly,4,True,True
slype,slate-edict-slope-slype,4,False,True
smaak,slate-crump-smash-smaak,4,False,True
smack,slate-crump-smack,3,True,True
smaik,slate-crump-smash-smaak-smaik,5,False,True
small,slate-hilly-small,3,True,True
smalm,slate-hilly-scalp-skald-smalm,5,False,True
smalt,slate-stall-shalt-smalt,4,False,True
smarm,slate-crump-swarm-smarm,4,True,True
smart,slate-drink-start-smart,4,True,True
smash,slate-crump-smash,3,True,True
smaze,slate-perch-snake-suave-smaze,5,False,True
smear,slate-infer-wimpy-smear,4,True,True
smeek,slate-hired-seven-sweep-skeef-smeek,6,False,True
smees,slate-hired-seven-sweep-skeef-smees,6,False,True
smeik,slate-hired-skein-smeik,4,False,True
smeke,slate-chirp-suede-skene-smeke,5,False,True
smell,slate-whelp-smell,3,True,True
smelt,slate-spelt-smelt,3,True,True
smerk,slate-hired-sperm-smerk,4,False,True
smews,slate-hired-speck-seems-smews,5,False,True
smick,slate-churn-scoff-spicy-smick,5,False,True
smile,slate-smile,2,True,True
smily,slate-krill-soils-shily-smily,5,False,True
smirk,slate-churn-sword-smirk,4,True,True
smirr,slate-churn-sword-smirk-smirr,5,False,True
smirs,slate-churn-sword-smirk-smirr-smirs,6,False,True
smite,slate-suite-spite-smite,4,True,True
smith,slate-sooty-sixth-smith,4,True,True
smits,slate-sooty-sixth-spits-suits-skits-smits,7,False,False
smize,slate-chirp-swine-seize-smize,5,False,True
smock,slate-churn-scoff-smock,4,True,True
smogs,slate-churn-spiky-sodom-smogs,5,False,True
smoke,slate-chirp-suede-smoke,4,True,True
smoko,slate-churn-spiky-smoko,4,False,True
smoky,slate-churn-spiky-smoky,4,True,True
smolt,slate-still-smolt,3,False,True
smoor,slate-churn-sprig-smoor,4,False,True
smoot,slate-pinot-shoot-scoot-smoot,5,False,True
smore,slate-chirp-snore-swore-smore,5,False,True
smorg,slate-churn-sword-spork-smorg,5,False,True
smote,slate-suite-smote,3,True,True
smout,slate-pinot-vouch-stout-smout,5,False,True
smowt,slate-pinot-vouch-skort-smowt,5,False,True
smugs,slate-churn-squid-soupy-skugs-smugs,6,False,True
smurs,slate-churn-spurs-smurs,4,False,True
smush,slate-churn-smush,3,True,True
smuts,slate-sooty-sixth-scuts-smuts,5,False,True
snabs,slate-crump-shank-swain-snabs,5,False,True
snack,slate-crump-snack,3,True,True
snafu,slate-crump-snafu,3,True,True
snags,slate-crump-shank-swain-snabs-snags,6,False,True
snail,slate-hilly-snail,3,True,True
snake,slate-perch-snake,3,True,True
snaky,slate-crump-shank-snaky,4,True,True
snaps,slate-crump-spawn-snaps,4,True,True
snare,slate-perch-snare,3,True,True
snarf,slate-crump-shark-snarf,4,True,True
snark,slate-crump-shark-snark,4,True,True
snarl,slate-hilly-snarl,3,True,True
snars,slate-crump-shark-snarf-snars,5,False,True
snary,slate-crump-shark-snarf-snars-snary,6,False,True
snash,slate-crump-shank-snash,4,False,True
snath,slate-swath-scath-snath,4,False,True
snaws,slate-crump-shank-swain-snaws,5,False,True
snead,slate-infer-sneak-snead,4,False,True
sneak,slate-infer-sneak,3,True,True
sneap,slate-infer-sneak-snead-sneap,5,False,True
snebs,slate-hired-speck-seems-snebs,5,False,True
sneck,slate-hired-speck-sneck,4,False,True
sneds,slate-hired-seedy-skeds-sneds,5,False,True
sneed,slate-hired-speed-skeed-sneed,5,False,True
sneer,slate-hired-woven-sneer,4,True,True
snees,slate-hired-seven-snees,4,False,True
snell,slate-whelp-smell-snell,4,True,True
snibs,slate-churn-spiny-sniff-snibs,5,False,True
snick,slate-churn-sonic-scind-snick,5,False,True
snide,slate-chirp-swine-snide,4,True,True
snied,slate-hired-spied-skied-snied,5,False,True
snies,slate-hired-skies-spies-snies,5,False,True
sniff,slate-churn-spiny-sniff,4,True,True
snift,slate-pinot-stint-snift,4,False,True
snigs,slate-churn-spiny-sniff-snibs-snigs,6,False,True
snipe,slate-chirp-spine-snipe,4,True,True
snips,slate-churn-spiny-snips,4,False,True
snipy,slate-churn-spiny-snipy,4,False,True
snirt,slate-pinot-stint-snift-snirt,5,False,True
snits,slate-sooty-sixth-spits-suits-skits-smits-snits,8,False,False
snive,slate-chirp-swine-snide-snive,5,False,True
snobs,slate-churn-spiny-snows-snobs,5,True,True
snods,slate-churn-spiny-snows-snobs-snods,6,False,True
snoek,slate-hired-seven-snoek,4,False,True
snoep,slate-hired-seven-snoek-snoep,5,False,True
snogs,slate-churn-spiny-snows-snobs-snods-snogs,7,False,False
snoke,slate-chirp-suede-smoke-snoke,5,False,True
snood,slate-churn-spiny-snows-snood,5,False,True
snook,slate-churn-spiny-snows-snood-snook,6,False,True
snool,slate-krill-scowl-spool-shool-snool,6,False,True
snoop,slate-churn-spiny-snoop,4,True,True
snoot,slate-pinot-snoot,3,True,True
snore,slate-chirp-snore,3,True,True
snort,slate-pinot-snort,3,True,True
snots,slate-sooty-vouch-spots-snots,5,False,True
snout,slate-pinot-snort-snout,4,True,True
snowk,slate-churn-spiny-snows-snowk,5,False,True
snows,slate-churn-spiny-snows,4,True,True
snowy,slate-churn-spiny-snowy,4,True,True
snubs,slate-churn-prong-snuff-snubs,5,False,True
snuck,slate-churn-snuck,3,True,True
snuff,slate-churn-prong-snuff,4,True,True
snugs,slate-churn-prong-snugs,4,False,True
snush,slate-churn-snush,3,False,True
snyes,slate-hired-seven-snoek-snyes,5,False,True
soaks,slate-crump-shank-soaks,4,True,True
soaps,slate-crump-spawn-soapy-soaps,5,True,True
soapy,slate-crump-spawn-soapy,4,True,True
soare,slate-perch-snare-soare,4,False,True
soars,slate-crump-shark-snarf-soars,5,True,True
soave,slate-perch-snake-suave-soave,5,False,True
sobas,slate-curvy-samba-sobas,4,False,True
sober,slate-hired-woven-sober,4,True,True
socas,slate-curvy-schwa-sacks-socas,5,False,True
soces,slate-hired-seven-sykes-soces,5,False,True
socia,slate-curvy-schwa-socia,4,False,True
socko,slate-churn-scoff-sicko-socko,5,False,True
socks,slate-churn-scoff-sicko-socks,5,True,True
socle,slate-smile-selle-shule-socle,5,False,True
sodas,slate-curvy-samba-sodas,4,True,True
soddy,slate-churn-spiky-soggy-soddy,5,False,True
sodic,slate-churn-scoff-sicko-sodic,5,False,True
sodom,slate-churn-spiky-sodom,4,True,True
sofar,slate-curvy-sonar-sofar,4,False,True
sofas,slate-curvy-samba-sodas-sofas,5,True,True
softa,slate-saith-sorta-softa,4,False,True
softs,slate-sooty-south-sorts-softs,5,False,True
softy,slate-sooty-softy,3,True,True
soger,slate-hired-woven-sober-soger,5,False,True
soggy,slate-churn-spiky-soggy,4,True,True
sohur,slate-churn-sohur,3,False,True
soils,slate-krill-soils,3,True,True
soily,slate-krill-soils-soily,4,False,True
sojas,slate-curvy-samba-sodas-sofas-sojas,6,False,True
sojus,slate-churn-sudsy-sojus,4,False,True
sokah,slate-curvy-samba-sodas-sokah,5,False,True
soken,slate-hired-seven-soken,4,False,True
sokes,slate-hired-seven-sykes-sokes,5,False,True
sokol,slate-krill-skool-sokol,4,False,True
solah,slate-radio-shoal-solah,4,False,True
solan,slate-radio-shoal-solan,4,False,True
solar,slate-radio-solar,3,True,True
solas,slate-radio-shoal-solan-solas,5,False,True
solde,slate-smile-solve-solde,4,False,True
soldi,slate-krill-solid-soldi,4,False,True
soldo,slate-krill-solos-soldo,4,False,True
solds,slate-krill-solos-solds,4,False,True
soled,slate-whelp-soled,3,True,True
solei,slate-whelp-soled-soles-solei,5,False,True
soler,slate-whelp-soled-soles-solei-soler,6,False,True
soles,slate-whelp-soled-soles,4,True,True
solid,slate-krill-solid,3,True,True
solon,slate-krill-solos-solon,4,False,True
solos,slate-krill-solos,3,True,True
solum,slate-krill-solos-solum,4,False,True
solus,slate-krill-solos-solds-solus,5,False,True
solve,slate-smile-solve,3,True,True
soman,slate-curvy-samba-simas-soman,5,False,True
somas,slate-curvy-samba-simas-somas,5,False,True
sonar,slate-curvy-sonar,3,True,True
sonce,slate-chirp-scone-sonce,4,False,True
sonde,slate-chirp-suede-sonde,4,False,True
sones,slate-hired-seven-snoek-sones,5,False,True
songo,slate-churn-spiny-snows-songo,5,False,True
songs,slate-churn-spiny-snows-songs,5,True,True
songy,slate-churn-spiny-snowy-songy,5,False,True
sonic,slate-churn-sonic,3,True,True
sonly,slate-krill-scold-souls-sonly,5,False,True
sonne,slate-chirp-suede-smoke-sonne,5,False,True
sonny,slate-churn-spiny-sonny,4,True,True
sonse,slate-chirp-suede-smoke-sonne-sonse,6,False,True
sonsy,slate-churn-spiny-snowy-songy-sonsy,6,False,True
sooey,slate-hired-seven-sykes-sooey,5,False,True
sooks,slate-churn-spiky-smoko-sooks,5,False,True
sooky,slate-churn-spiky-smoky-sooky,5,False,True
soole,slate-smile-selle-shule-socle-soole,6,False,True
sools,slate-krill-scold-sools,4,False,True
sooms,slate-churn-spiky-sodom-sooms,5,False,True
soops,slate-churn-spiky-swoop-soops,5,False,True
soote,slate-suite-smote-scote-shote-soote,6,False,True
sooth,slate-sooty-sooth,3,True,True
soots,slate-sooty-sooth-soots,4,False,True
sooty,slate-sooty,2,True,True
sophs,slate-churn-swish-sophs,4,False,True
sophy,slate-churn-swish-sophy,4,True,True
sopor,slate-churn-sprig-sopor,4,False,True
soppy,slate-churn-spiky-soppy,4,True,True
sopra,slate-curvy-sonar-sopra,4,False,True
soral,slate-radio-solar-soral,4,False,True
soras,slate-curvy-sarin-soras,4,False,True
sorbi,slate-churn-sprig-sorbi,4,False,True
sorbo,slate-churn-sprig-skroo-sorbo,5,False,True
sorbs,slate-churn-sprig-skroo-sorbs,5,False,True
sorda,slate-curvy-sarin-soras-sorda,5,False,True
sordo,slate-churn-sprig-skroo-sorbo-sordo,6,False,True
sords,slate-churn-sprig-skroo-sorbs-sords,6,False,True
sored,slate-hired-sered-sored,4,False,True
soree,slate-chirp-surge-serve-soree,5,False,True
sorel,slate-whelp-soled-sorel,4,False,True
sorer,slate-hired-surer-serer-sorer,5,False,True
sores,slate-hired-surer-screw-sores,5,True,True
sorex,slate-hired-surer-screw-sores-sorex,6,False,True
sorgo,slate-churn-sprig-sorgo,4,False,True
sorns,slate-churn-sorns,3,False,True
sorra,slate-curvy-sarin-soras-sorda-sorra,6,False,True
sorry,slate-churn-sword-sorry,4,True,True
sorta,slate-saith-sorta,3,True,True
sorts,slate-sooty-south-sorts,4,True,True
sorus,slate-churn-syrup-sorus,4,False,True
soths,slate-pinot-yucky-storm-soths,5,False,True
sotol,slate-still-sotol,3,False,True
sotto,slate-sooty-sotto,3,False,True
souce,slate-chirp-scone-souce,4,False,True
souct,slate-pinot-vouch-souct,4,False,True
sough,slate-churn-smush-sough,4,False,True
souks,slate-churn-squid-soupy-souks,5,False,True
souls,slate-krill-scold-souls,4,True,True
souly,slate-krill-scold-souls-souly,5,False,True
soums,slate-churn-squid-soupy-souks-soums,6,False,True
sound,slate-churn-prong-sound,4,True,True
soups,slate-churn-squid-soupy-soups,5,True,True
soupy,slate-churn-squid-soupy,4,True,True
sours,slate-churn-spurs-smurs-sours,5,False,True
souse,slate-chirp-suede-souse,4,False,True
south,slate-sooty-south,3,True,True
souts,slate-sooty-south-souts,4,False,True
sowar,slate-curvy-sonar-sofar-sowar,5,False,True
sowce,slate-chirp-scone-souce-sowce,5,False,True
sowed,slate-hired-speed-sowed,4,True,True
sower,slate-hired-woven-sower,4,True,True
sowff,slate-churn-spiky-sodom-sowff,5,False,True
sowfs,slate-churn-spiky-sodom-sowff-sowfs,6,False,True
sowle,slate-smile-selle-shule-socle-soole-sowle,7,False,False
sowls,slate-krill-scold-souls-sowls,5,False,True
sowms,slate-churn-spiky-sodom-sowms,5,False,True
sownd,slate-churn-spiny-sownd,4,False,True
sowne,slate-chirp-suede-smoke-sonne-sowne,6,False,True
sowps,slate-churn-spiky-swoop-sowps,5,False,True
sowse,slate-chirp-suede-smoke-sonne-sowse,6,False,True
sowth,slate-sooty-south-sowth,4,False,True
soxes,slate-hired-seven-sykes-soces-soxes,6,False,True
soyas,slate-curvy-sayid-soyas,4,False,True
soyle,slate-smile-selle-shule-socle-soole-sowle-soyle,8,False,False
soyuz,slate-churn-sudsy-soyuz,4,False,True
sozin,slate-churn-spoon-sozin,4,False,True
space,slate-perch-space,3,True,True
spack,slate-crump-scapa-spack,4,False,True
spacy,slate-crump-scapa-spack-spacy,5,False,True
spade,slate-perch-spade,3,True,True
spado,slate-crump-spawn-spado,4,False,True
spads,slate-crump-spawn-spado-spads,5,False,True
spaed,slate-seamy-spaed,3,False,True
spaer,slate-seamy-spaed-spaer,4,False,True
spaes,slate-seamy-spaed-spaer-spaes,5,False,True
spags,slate-crump-spawn-spado-spags,5,False,True
spahi,slate-crump-spawn-spado-spags-spahi,6,False,True
spail,slate-hilly-snail-scail-skail-spail,6,False,True
spain,slate-crump-spawn-spain,4,False,True
spait,slate-drink-spait,3,False,True
spake,slate-perch-spade-spake,4,True,True
spald,slate-hilly-scalp-spald,4,False,True
spale,slate-shale-scale-swale-spale,5,False,True
spall,slate-hilly-small-scall-spall,5,False,True
spalt,slate-stall-shalt-smalt-spalt,5,False,True
spams,slate-crump-spams,3,False,True
spane,slate-perch-spade-spake-spane,5,False,True
spang,slate-crump-spawn-spank-spans-spang,6,False,True
spank,slate-crump-spawn-spank,4,True,True
spans,slate-crump-spawn-spank-spans,5,True,True
spard,slate-crump-spark-spars-spard,5,False,True
spare,slate-perch-spare,3,True,True
spark,slate-crump-spark,3,True,True
spars,slate-crump-spark-spars,4,True,True
spart,slate-drink-start-smart-scart-shart-spart,7,False,False
spasm,slate-crump-spasm,3,True,True
spate,slate-spunk-spate,3,True,True
spats,slate-swath-spats,3,True,True
spaul,slate-hilly-snarl-spaul,4,False,True
spawl,slate-hilly-snarl-spaul-spawl,5,False,True
spawn,slate-crump-spawn,3,True,True
spaws,slate-crump-spawn-spaws,4,False,True
spayd,slate-crump-spawn-spado-spayd,5,False,True
spays,slate-crump-spawn-spado-spags-spays,6,False,True
spaza,slate-crump-spawn-spado-spags-spahi-spaza,7,False,False
spazz,slate-crump-spawn-spado-spags-spahi-spaza-spazz,8,False,False
speak,slate-infer-speak,3,True,True
speal,slate-sales-sepal-speal,4,False,True
spean,slate-infer-sedan-skean-spean,5,False,True
spear,slate-infer-wimpy-spear,4,True,True
speat,slate-waked-steam-sceat-speat,5,False,True
speck,slate-hired-speck,3,True,True
specs,slate-hired-speck-specs,4,True,True
spect,slate-strep-spent-spect,4,False,True
speed,slate-hired-speed,3,True,True
speel,slate-whelp-speel,3,False,True
speer,slate-hired-woven-super-speer,5,False,True
speil,slate-whelp-speel-speil,4,False,True
speir,slate-hired-seirs-speir,4,False,True
speks,slate-hired-speck-speks,4,False,True
speld,slate-whelp-spell-speld,4,False,True
spelk,slate-whelp-spell-speld-spelk,5,False,True
spell,slate-whelp-spell,3,True,True
spelt,slate-spelt,2,True,True
spend,slate-hired-spend,3,True,True
spent,slate-strep-spent,3,True,True
speos,slate-hired-speck-speos,4,False,True
sperm,slate-hired-sperm,3,True,True
spesh,slate-hired-sheng-spesh,4,False,True
spets,slate-sects-shets-skets-spets,5,False,True
speug,slate-hired-speck-speos-speug,5,False,True
spews,slate-hired-speck-speos-spews,5,False,True
spewy,slate-hired-speck-speos-speug-spewy,6,False,True
spial,slate-radio-silva-spial,4,False,True
spica,slate-curvy-schwa-socia-spica,5,False,True
spice,slate-chirp-spice,3,True,True
spick,slate-churn-scoff-spicy-spick,5,False,True
spics,slate-churn-scoff-spicy-spick-spics,6,False,True
spicy,slate-churn-scoff-spicy,4,True,True
spide,slate-chirp-spine-spike-spide,5,False,True
spied,slate-hired-spied,3,True,True
spiel,slate-whelp-spiel,3,True,True
spier,slate-hired-skier-spier,4,False,True
spies,slate-hired-skies-spies,4,True,True
spiff,slate-churn-spiky-spiff,4,True,True
spifs,slate-churn-spiky-spiff-spifs,5,False,True
spike,slate-chirp-spine-spike,4,True,True
spiks,slate-churn-spiky-spiks,4,False,True
spiky,slate-churn-spiky,3,True,True
spile,slate-smile-spile,3,False,True
spill,slate-krill-spill,3,True,True
spilt,slate-still-spilt,3,True,True
spims,slate-churn-spiky-spiff-spims,5,False,True
spina,slate-curvy-samba-sidha-spina,5,False,True
spine,slate-chirp-spine,3,True,True
spink,slate-churn-spiny-spins-spink,5,False,True
spins,slate-churn-spiny-spins,4,True,True
spiny,slate-churn-spiny,3,True,True
spire,slate-chirp-spire,3,True,True
spirt,slate-pinot-spirt,3,False,True
spiry,slate-churn-sword-smirk-spiry,5,False,True
spite,slate-suite-spite,3,True,True
spits,slate-sooty-sixth-spits,4,True,True
spitz,slate-sooty-sixth-spits-spitz,5,False,True
spivs,slate-churn-spiky-spiff-spims-spivs,6,False,True
splat,slate-splat,2,True,True
splay,slate-radio-splay,3,True,True
split,slate-still-split,3,True,True
splog,slate-krill-solos-splog,4,False,True
spode,slate-chirp-spoke-spode,4,False,True
spods,slate-churn-spiky-spoof-spods,5,False,True
spoil,slate-krill-spoil,3,True,True
spoke,slate-chirp-spoke,3,True,True
spoof,slate-churn-spiky-spoof,4,True,True
spook,slate-churn-spiky-spook,4,True,True
spool,slate-krill-scowl-spool,4,True,True
spoom,slate-churn-spiky-spoof-spoom,5,False,True
spoon,slate-churn-spoon,3,True,True
spoor,slate-churn-sprig-spoor,4,False,True
spoot,slate-pinot-spoot,3,False,True
spore,slate-chirp-spore,3,True,True
spork,slate-churn-sword-spork,4,True,True
sport,slate-pinot-sport,3,True,True
sposa,slate-curvy-samba-sidha-sposa,5,False,True
sposh,slate-churn-swish-skosh-sposh,5,False,True
sposo,slate-churn-spiky-spoof-sposo,5,False,True
spots,slate-sooty-vouch-spots,4,True,True
spout,slate-pinot-sport-spout,4,True,True
sprad,slate-curvy-sarin-soras-sprad,5,False,True
sprag,slate-curvy-sarin-soras-sprad-sprag,6,False,True
sprat,slate-pricy-strap-sprat,4,False,True
spray,slate-curvy-spray,3,True,True
spred,slate-hired-sered-sored-spred,5,False,True
spree,slate-chirp-spree,3,True,True
sprew,slate-hired-surer-screw-sprew,5,False,True
sprig,slate-churn-sprig,3,True,True
sprit,slate-pinot-spirt-sprit,4,False,True
sprod,slate-churn-sprig-sprod,4,False,True
sprog,slate-churn-sprig-sprog,4,False,True
sprue,slate-chirp-spree-sprue,4,False,True
sprug,slate-churn-syrup-sprug,4,False,True
spuds,slate-churn-squid-spuds,4,True,True
spued,slate-hired-speed-spued,4,False,True
spuer,slate-hired-woven-super-spuer,5,False,True
spues,slate-hired-seven-sykes-soces-spues,6,False,True
spugs,slate-churn-squid-soupy-spugs,5,False,True
spule,slate-smile-selle-shule-spule,5,False,True
spume,slate-chirp-spoke-spume,4,True,True
spumy,slate-churn-squid-soupy-spumy,5,False,True
spunk,slate-churn-prong-spunk,4,True,True
spurn,slate-churn-spurn,3,True,True
spurs,slate-churn-spurs,3,True,True
spurt,slate-pinot-spurt,3,True,True
sputa,slate-saith-sorta-scuta-sputa,5,False,True
spyal,slate-radio-splay-spyal,4,False,True
spyre,slate-chirp-spore-spyre,4,False,True
squab,slate-curvy-squad-squab,4,True,True
squad,slate-curvy-squad,3,True,True
squat,slate-pricy-squat,3,True,True
squaw,slate-curvy-squad-squab-squaw,5,False,True
squee,slate-chirp-suede-segue-squee,5,False,True
squeg,slate-hired-seven-sykes-squeg,5,False,True
squib,slate-churn-squid-squib,4,True,True
squid,slate-churn-squid,3,True,True
squit,slate-pinot-shirt-squit,4,False,True
squiz,slate-churn-squid-squib-squiz,5,False,True
srsly,slate-krill-srsly,3,False,True
stabs,slate-drink-glyph-staff-stabs,5,True,True
stack,slate-drink-stack,3,True,True
stade,slate-virgo-stake-stade,4,False,True
staff,slate-drink-glyph-staff,4,True,True
stage,slate-virgo-stage,3,True,True
stags,slate-drink-glyph-stags,4,False,True
stagy,slate-drink-glyph-stagy,4,True,True
staid,slate-drink-staid,3,True,True
staig,slate-drink-spait-staig,4,False,True
stain,slate-drink-stain,3,True,True
stair,slate-drink-stair,3,True,True
stake,slate-virgo-stake,3,True,True
stale,slate-stale,2,True,True
stalk,slate-stall-stalk,3,True,True
stall,slate-stall,2,True,True
stamp,slate-drink-glyph-stamp,4,True,True
stand,slate-drink-stand,3,True,True
stane,slate-virgo-stake-stade-stane,5,False,True
stang,slate-drink-scant-stang,4,False,True
stank,slate-drink-stank,3,True,True
stans,slate-drink-scant-stang-stans,5,False,True
staph,slate-drink-glyph-staph,4,True,True
staps,slate-drink-glyph-staps,4,False,True
stare,slate-virgo-stare,3,True,True
stark,slate-drink-stark,3,True,True
starn,slate-drink-starn,3,False,True
starr,slate-drink-start-starr,4,True,True
stars,slate-drink-start-starr-stars,5,True,True
start,slate-drink-start,3,True,True
stary,slate-drink-start-starr-stars-stary,6,False,True
stash,slate-drink-glyph-stash,4,True,True
state,slate-spunk-state,3,True,True
stats,slate-swath-spats-stats,4,True,True
statu,slate-swath-spats-scatt-statu,5,False,True
staun,slate-drink-staun,3,False,True
stave,slate-virgo-stave,3,True,True
staws,slate-drink-glyph-staff-stabs-staws,6,False,True
stays,slate-drink-glyph-stays,4,True,True
stead,slate-waked-stead,3,True,True
steak,slate-waked-steak,3,True,True
steal,slate-steal,2,True,True
steam,slate-waked-steam,3,True,True
stean,slate-waked-steam-stean,4,False,True
stear,slate-waked-steam-stean-stear,5,False,True
stedd,slate-strep-stent-stems-stedd,5,False,True
stede,slate-varna-stoke-stede,4,False,True
steds,slate-strep-stent-stems-steds,5,False,True
steed,slate-strep-steed,3,True,True
steek,slate-strep-steed-steek,4,False,True
steel,slate-spelt-steel,3,True,True
steem,slate-strep-steed-steek-steem,5,False,True
steen,slate-strep-steed-steek-steem-steen,6,False,True
steep,slate-strep-steep,3,True,True
steer,slate-strep-steer,3,True,True
steez,slate-strep-steed-steek-steem-steen-steez,7,False,False
steik,slate-strep-stent-stems-stedd-steik,6,False,True
steil,slate-spelt-steel-steil,4,False,True
stein,slate-strep-stent-stein,4,True,True
stela,slate-steal-stela,3,False,True
stele,slate-yield-stele,3,True,True
stell,slate-spelt-stell,3,False,True
steme,slate-varna-stoke-stede-steme,5,False,True
stems,slate-strep-stent-stems,4,True,True
stend,slate-strep-stent-steno-stend,5,False,True
steno,slate-strep-stent-steno,4,True,True
stens,slate-strep-stent-steno-stend-stens,6,False,True
stent,slate-strep-stent,3,True,True
steps,slate-strep-steps,3,True,True
stept,slate-strep-steps-stept,4,False,True
stere,slate-varna-store-stere,4,False,True
stern,slate-strep-stern,3,True,True
stets,slate-sects-shets-skets-spets-stets,6,False,True
stews,slate-strep-stent-stems-steds-stews,6,False,True
stewy,slate-strep-stent-stems-stedd-steik-stewy,7,False,False
steys,slate-strep-stent-stems-steds-stews-steys,7,False,False
stich,slate-pinot-stiff-stick-stich,5,False,True
stick,slate-pinot-stiff-stick,4,True,True
stied,slate-strep-steed-stied,4,False,True
sties,slate-strep-steed-sties,4,False,True
stiff,slate-pinot-stiff,3,True,True
stilb,slate-still-stilt-stilb,4,False,True
stile,slate-yield-stile,3,True,True
still,slate-still,2,True,True
stilt,slate-still-stilt,3,True,True
stime,slate-varna-stoke-stede-stime,5,False,True
stims,slate-pinot-stiff-stick-stirs-stims,6,False,True
stimy,slate-pinot-stiff-stick-stirs-stimy,6,False,True
sting,slate-pinot-sting,3,True,True
stink,slate-pinot-sting-stink,4,True,True
stint,slate-pinot-stint,3,True,True
stipa,slate-pricy-stipa,3,False,True
stipe,slate-varna-stoke-stede-stime-stipe,6,False,True
stire,slate-varna-store-stere-stire,5,False,True
stirk,slate-pinot-stiff-stick-stirk,5,False,True
stirp,slate-pinot-strip-stirp,4,False,True
stirs,slate-pinot-stiff-stick-stirs,5,True,True
stive,slate-varna-stove-stive,4,False,True
stivy,slate-pinot-stiff-stick-stirs-stimy-stivy,7,False,False
stoae,slate-setae-stoae,3,False,True
stoai,slate-pricy-satin-stoai,4,False,True
stoas,slate-pricy-squat-stoas,4,False,True
stoat,slate-pricy-squat-shoat-stoat,5,False,True
stobs,slate-pinot-yucky-storm-stobs,5,False,True
stock,slate-pinot-yucky-stock,4,True,True
stoep,slate-strep-steep-stoep,4,False,True
stogs,slate-pinot-yucky-storm-stobs-stogs,6,False,True
stogy,slate-pinot-yucky-story-stogy,5,False,True
stoic,slate-pinot-stoic,3,True,True
stoit,slate-pinot-stoit,3,False,True
stoke,slate-varna-stoke,3,True,True
stole,slate-yield-stole,3,True,True
stoln,slate-still-stoln,3,False,True
stoma,slate-pricy-squat-stoma,4,True,True
stomp,slate-pinot-stomp,3,True,True
stond,slate-pinot-stony-stond,4,False,True
stone,slate-varna-stone,3,True,True
stong,slate-pinot-stony-stond-stong,5,False,True
stonk,slate-pinot-stony-stond-stong-stonk,6,False,True
stonn,slate-pinot-stony-stond-stong-stonk-stonn,7,False,False
stony,slate-pinot-stony,3,True,True
stood,slate-pinot-stood,3,True,True
stook,slate-pinot-stood-stook,4,False,True
stool,slate-still-stool,3,True,True
stoop,slate-pinot-stoop,3,True,True
stoor,slate-pinot-stood-stook-stoor,5,False,True
stope,slate-varna-stoke-stope,4,False,True
stops,slate-pinot-stomp-stops,4,True,True
stopt,slate-pinot-sport-stopt,4,False,True
store,slate-varna-store,3,True,True
stork,slate-pinot-yucky-stork,4,True,True
storm,slate-pinot-yucky-storm,4,True,True
story,slate-pinot-yucky-story,4,True,True
stoss,slate-pinot-yucky-storm-stobs-stogs-stoss,7,False,False
stots,slate-sooty-vouch-spots-snots-stots,6,False,True
stott,slate-sooty-vouch-spots-stott,5,False,True
stoun,slate-pinot-stony-stoun,4,False,True
stoup,slate-pinot-stomp-stoup,4,False,True
stour,slate-pinot-yucky-stour,4,False,True
stout,slate-pinot-vouch-stout,4,True,True
stove,slate-varna-stove,3,True,True
stown,slate-pinot-stony-stoun-stown,5,False,True
stowp,slate-pinot-stomp-stoup-stowp,5,False,True
stows,slate-pinot-yucky-storm-stobs-stogs-stoss-stows,8,False,False
strad,slate-pricy-straw-strad,4,False,True
strae,slate-setae-stoae-strae,4,False,True
strag,slate-pricy-straw-strad-strag,5,False,True
strak,slate-pricy-straw-strad-strag-strak,6,False,True
strap,slate-pricy-strap,3,True,True
straw,slate-pricy-straw,3,True,True
stray,slate-pricy-stray,3,True,True
strep,slate-strep,2,True,True
strew,slate-strep-strew,3,True,True
stria,slate-pricy-sitar-stria,4,False,True
strig,slate-pinot-stiff-strig,4,False,True
strim,slate-pinot-stiff-strig-strim,5,False,True
strip,slate-pinot-strip,3,True,True
strop,slate-pinot-stoop-strop,4,False,True
strow,slate-pinot-stood-strow,4,False,True
stroy,slate-pinot-stood-strow-stroy,5,False,True
strum,slate-pinot-fords-strum,4,True,True
strut,slate-pinot-strut,3,True,True
stubs,slate-pinot-fords-stubs,4,True,True
stuck,slate-pinot-fords-stuck,4,True,True
stucs,slate-pinot-fords-stubs-stucs,5,False,True
stude,slate-varna-stoke-stede-stude,5,False,True
studs,slate-pinot-fords-studs,4,True,True
study,slate-pinot-fords-study,4,True,True
stuff,slate-pinot-fords-stuff,4,True,True
stull,slate-still-stull,3,False,True
stulm,slate-still-stoln-stulm,4,False,True
stumm,slate-pinot-fords-stuck-stumm,5,False,True
stump,slate-pinot-stump,3,True,True
stums,slate-pinot-fords-stubs-stucs-stums,6,False,True
stung,slate-pinot-stung,3,True,True
stunk,slate-pinot-stung-stunk,4,True,True
stuns,slate-pinot-stung-stunk-stuns,5,False,True
stunt,slate-pinot-stunt,3,True,True
stupa,slate-pricy-stupa,3,False,True
stupe,slate-varna-stoke-stede-stime-stupe,6,False,True
sture,slate-varna-store-stere-stire-sture,6,False,True
sturt,slate-pinot-strut-sturt,4,False,True
stush,slate-pinot-fords-stuck-stumm-stush,6,False,True
styed,slate-strep-steed-stied-styed,5,False,True
styes,slate-strep-steed-sties-styes,5,False,True
style,slate-yield-style,3,True,True
styli,slate-still-styli,3,False,True
stylo,slate-still-stoln-stylo,4,False,True
styme,slate-varna-stoke-stede-stime-styme,6,False,True
stymy,slate-pinot-fords-stuck-stymy,5,False,True
styre,slate-varna-store-stere-stire-sture-styre,7,False,False
styte,slate-suite-smote-sente-skyte-styte,6,False,True
suave,slate-perch-snake-suave,4,True,True
subah,slate-curvy-sudan-subah,4,False,True
subak,slate-curvy-sudan-subah-subak,5,False,True
subas,slate-curvy-sudan-subah-subak-subas,6,False,True
subby,slate-churn-sudsy-subby,4,False,True
suber,slate-hired-woven-super-suber,5,False,True
subha,slate-curvy-sudan-subha,4,False,True
succi,slate-churn-sucks-succi,4,False,True
sucks,slate-churn-sucks,3,True,True
sucky,slate-churn-sucks-sucky,4,False,True
sucre,slate-chirp-score-sucre,4,True,True
sudan,slate-curvy-sudan,3,True,True
sudds,slate-churn-sudsy-sudds,4,False,True
sudor,slate-churn-syrup-sudor,4,False,True
sudsy,slate-churn-sudsy,3,True,True
suede,slate-chirp-suede,3,True,True
suent,slate-strep-scent-shent-sient-suent,6,False,True
suers,slate-hired-sperm-seers-skers-suers,6,False,True
suete,slate-suite-suete,3,False,True
suets,slate-sects-shets-skets-spets-stets-suets,7,False,False
suety,slate-sects-sieth-suety,4,False,True
sugan,slate-curvy-sudan-sugan,4,False,True
sugar,slate-curvy-sugar,3,True,True
sughs,slate-churn-sushi-sughs,4,False,True
sugos,slate-churn-sudsy-sugos,4,False,True
suhur,slate-churn-sohur-suhur,4,False,True
suids,slate-churn-sudsy-suids,4,False,True
suing,slate-churn-sunny-suing,4,True,True
suint,slate-pinot-stint-skint-suint,5,False,True
suite,slate-suite,2,True,True
suits,slate-sooty-sixth-spits-suits,5,True,True
sujee,slate-chirp-suede-sujee,4,False,True
sukhs,slate-churn-sushi-sughs-sukhs,5,False,True
sukis,slate-churn-sudsy-sugos-sukis,5,False,True
sukuk,slate-churn-sudsy-sukuk,4,False,True
sulci,slate-krill-solid-sulci,4,False,True
sulfa,slate-radio-splay-sulfa,4,False,True
sulfo,slate-krill-solos-sulfo,4,False,True
sulks,slate-krill-sulky-sulks,4,False,True
sulky,slate-krill-sulky,3,True,True
sulls,slate-krill-sully-sulls,4,False,True
sully,slate-krill-sully,3,True,True
sulph,slate-krill-solos-shlub-sulph,5,False,True
sulus,slate-krill-solos-sulus,4,False,True
sumac,slate-curvy-sumac,3,True,True
sumis,slate-churn-sudsy-sugos-sukis-sumis,6,False,True
summa,slate-curvy-sudan-subha-summa,5,False,True
sumos,slate-churn-sudsy-sugos-sumos,5,False,True
sumph,slate-churn-sushi-sumph,4,False,True
sumps,slate-churn-sudsy-sugos-sukis-sumps,6,False,True
sunis,slate-churn-sunny-sunup-sunis,5,False,True
sunks,slate-churn-sunny-sunup-sunis-sunks,6,False,True
sunna,slate-curvy-sudan-sunna,4,False,True
sunns,slate-churn-sunny-sunns,4,False,True
sunny,slate-churn-sunny,3,True,True
sunts,slate-sooty-sixth-scuts-sunts,5,False,True
sunup,slate-churn-sunny-sunup,4,True,True
suona,slate-curvy-sudan-sunna-suona,5,False,True
suped,slate-hired-speed-suped,4,False,True
super,slate-hired-woven-super,4,True,True
supes,slate-hired-seven-sykes-soces-spues-supes,7,False,False
supra,slate-curvy-sugar-supra,4,False,True
surah,slate-curvy-surah,3,False,True
sural,slate-radio-sural,3,False,True
suras,slate-curvy-surah-suras,4,False,True
surat,slate-pricy-straw-surat,4,True,True
surds,slate-churn-syrup-surds,4,False,True
sured,slate-hired-sered-sored-spred-sured,6,False,True
surer,slate-hired-surer,3,True,True
sures,slate-hired-surer-sures,4,False,True
surfs,slate-churn-syrup-surds-surfs,5,False,True
surfy,slate-churn-syrup-surfy,4,False,True
surge,slate-chirp-surge,3,True,True
surgy,slate-churn-syrup-surfy-surgy,5,False,True
surly,slate-krill-surly,3,True,True
surra,slate-curvy-surah-surra,4,False,True
sused,slate-hired-speed-sowed-skyed-sused,6,False,True
suses,slate-hired-seven-sykes-soces-spues-suses,7,False,False
sushi,slate-churn-sushi,3,True,True
susus,slate-churn-sudsy-sugos-sukis-sumps-susus,7,False,False
sutor,slate-pinot-stood-sutor,4,False,True
sutra,slate-pricy-straw-sutra,4,True,True
sutta,slate-saith-sorta-scuta-sutta,5,False,True
swabs,slate-crump-shank-swabs,4,True,True
swack,slate-crump-snack-shack-swack,5,False,True
swads,slate-crump-shank-swabs-sways-swads,6,False,True
swage,slate-perch-snake-suave-smaze-swage,6,False,True
swags,slate-crump-shank-swabs-sways-swads-swags,7,False,False
swail,slate-hilly-snail-scail-skail-spail-swail,7,False,False
swain,slate-crump-shank-swain,4,True,True
swale,slate-shale-scale-swale,4,True,True
swaly,slate-hilly-scaly-swaly,4,False,True
swami,slate-crump-swami,3,True,True
swamp,slate-crump-swamp,3,True,True
swamy,slate-crump-swami-swamy,4,False,True
swang,slate-crump-shank-swang,4,True,True
swank,slate-crump-shank-swank,4,True,True
swans,slate-crump-shank-swang-swans,5,True,True
swaps,slate-crump-spawn-swaps,4,True,True
swapt,slate-drink-glyph-staps-swapt,5,False,True
sward,slate-crump-shark-snarf-soars-sward,6,False,True
sware,slate-perch-snare-soare-sware,5,False,True
swarf,slate-crump-shark-snarf-swarf,5,False,True
swarm,slate-crump-swarm,3,True,True
swart,slate-drink-start-smart-scart-shart-spart-swart,8,False,False
swash,slate-crump-shank-swash,4,True,True
swath,slate-swath,2,True,True
swats,slate-swath-swats,3,False,True
swayl,slate-hilly-swayl,3,False,True
sways,slate-crump-shank-swabs-sways,5,True,True
sweal,slate-sales-sepal-sheal-sweal,5,False,True
swear,slate-infer-wimpy-swear,4,True,True
sweat,slate-waked-sweat,3,True,True
swede,slate-chirp-suede-swede,4,True,True
sweed,slate-hired-speed-skeed-sneed-sweed,6,False,True
sweel,slate-whelp-sweel,3,False,True
sweep,slate-hired-seven-sweep,4,True,True
sweer,slate-hired-woven-sewer-sweer,5,False,True
swees,slate-hired-seven-sweep-swees,5,False,True
sweet,slate-strep-sweet,3,True,True
sweir,slate-hired-seirs-speir-sweir,5,False,True
swell,slate-whelp-swell,3,True,True
swelt,slate-spelt-smelt-swelt,4,False,True
swept,slate-strep-spent-swept,4,True,True
swerf,slate-hired-sperm-seers-swerf,5,False,True
sweys,slate-hired-speck-seems-snebs-sweys,6,False,True
swies,slate-hired-skies-spies-snies-swies,6,False,True
swift,slate-pinot-shirt-swift,4,True,True
swigs,slate-churn-spiky-swims-swigs,5,False,True
swile,slate-smile-spile-swile,4,False,True
swill,slate-krill-spill-shill-swill,5,True,True
swims,slate-churn-spiky-swims,4,True,True
swine,slate-chirp-swine,3,True,True
swing,slate-churn-spiny-swing,4,True,True
swink,slate-churn-spiny-swing-swink,5,False,True
swipe,slate-chirp-spine-swipe,4,True,True
swire,slate-chirp-swire,3,False,True
swirl,slate-krill-swirl,3,True,True
swish,slate-churn-swish,3,True,True
swiss,slate-churn-spiky-swims-swigs-swiss,6,False,True
swith,slate-sooty-sixth-smith-swith,5,False,True
swits,slate-sooty-sixth-spits-suits-skits-smits-snits-swits,9,False,False
swive,slate-chirp-swine-swive,4,False,True
swizz,slate-churn-spiky-swims-swizz,5,False,True
swobs,slate-churn-spiky-sodom-swobs,5,False,True
swole,slate-smile-selle-shule-socle-swole,6,False,True
swoll,slate-krill-scull-swoll,4,False,True
swoln,slate-krill-scold-sools-swoln,5,False,True
swoon,slate-churn-spoon-swoon,4,True,True
swoop,slate-churn-spiky-swoop,4,True,True
swops,slate-churn-spiky-swoop-swops,5,False,True
swopt,slate-pinot-sport-stopt-swopt,5,False,True
sword,slate-churn-sword,3,True,True
swore,slate-chirp-snore-swore,4,True,True
sworn,slate-churn-sworn,3,True,True
swots,slate-sooty-vouch-spots-snots-stots-swots,7,False,False
swoun,slate-churn-swoun,3,False,True
swung,slate-churn-prong-swung,4,True,True
sybbe,slate-chirp-suede-smoke-sybbe,5,False,True
sybil,slate-krill-spoil-sigil-sybil,5,False,True
syboe,slate-chirp-suede-smoke-sonne-syboe,6,False,True
sybow,slate-churn-spiky-sybow,4,False,True
sycee,slate-chirp-scone-sycee,4,False,True
syces,slate-hired-seven-sykes-syces,5,False,True
sycon,slate-churn-scion-sycon,4,False,True
syeds,slate-hired-seedy-syeds,4,False,True
syens,slate-hired-speck-seems-snebs-syens,6,False,True
syker,slate-hired-woven-super-sefer-skyer-syker,7,False,False
sykes,slate-hired-seven-sykes,4,True,True
sylis,slate-krill-solid-sclim-sylis,5,False,True
sylph,slate-krill-solos-shlub-sylph,5,False,True
sylva,slate-radio-splay-sylva,4,False,True
symar,slate-curvy-symar,3,False,True
synch,slate-churn-synch,3,True,True
syncs,slate-churn-sonic-syncs,4,False,True
synds,slate-churn-spiny-synod-synds,5,False,True
syned,slate-hired-speed-sowed-skyed-syned,6,False,True
synes,slate-hired-seven-snoek-synes,5,False,True
synod,slate-churn-spiny-synod,4,True,True
synth,slate-sooty-synth,3,True,True
syped,slate-hired-speed-suped-syped,5,False,True
sypes,slate-hired-seven-sykes-syces-sypes,6,False,True
syphs,slate-churn-swish-sophs-syphs,5,False,True
syrah,slate-curvy-syrah,3,False,True
syren,slate-hired-surer-screw-sores-syren,6,False,True
syrup,slate-churn-syrup,3,True,True
sysop,slate-churn-spiky-sysop,4,False,True
sythe,slate-varna-stoke-sithe-sythe,5,False,True
syver,slate-hired-woven-sever-syver,5,False,True
taals,slate-loast-taals,3,False,True
taata,slate-wrath-coati-agaty-taata,5,False,True
tabac,slate-tabor-tabby-tabac,4,False,True
tabby,slate-tabor-tabby,3,True,True
taber,slate-treed-tempt-taker-taber,5,False,True
tabes,slate-asset-butch-tabes,4,False,True
tabid,slate-tabor-tabby-tabac-tabid,5,False,True
tabis,slate-antsy-tacks-taxis-tabis,5,False,True
tabla,slate-taint-talky-tabla,4,False,True
table,slate-lathe-table,3,True,True
tabls,slate-atlas-tails-tabls,4,False,True
taboo,slate-tabor-taboo,3,True,True
tabor,slate-tabor,2,True,True
tabos,slate-antsy-tacks-taxis-tabos,5,False,True
tabun,slate-tabor-tabby-tabac-tabid-tabun,6,False,True
tabus,slate-antsy-tacks-taxis-tabos-tabus,6,False,True
tacan,slate-tabor-cynic-tacan,4,False,True
taces,slate-asset-butch-taces,4,False,True
tacet,slate-treed-taken-tacet,4,False,True
tache,slate-bathe-tache,3,False,True
tachi,slate-tabor-cynic-tachi,4,False,True
tacho,slate-tabor-tango-tacho,4,False,True
tachs,slate-antsy-tacks-tacos-tachs,5,False,True
tacit,slate-tabor-cynic-tacit,4,True,True
tacks,slate-antsy-tacks,3,True,True
tacky,slate-tabor-cynic-tacky,4,True,True
tacos,slate-antsy-tacks-tacos,4,True,True
tacts,slate-nymph-vista-dwarf-abuts-tacts,6,False,True
tadah,slate-tabor-cynic-tadah,4,False,True
taels,slate-tales-taels,3,False,True
taffy,slate-tabor-cynic-taffy,4,True,True
tafia,slate-tabor-cynic-tafia,4,False,True
taggy,slate-tabor-cynic-taffy-tammy-taggy,6,False,True
tagma,slate-tabor-cynic-tadah-tagma,5,False,True
tagua,slate-tabor-cynic-tadah-tagma-tagua,6,False,True
tahas,slate-antsy-tacks-taxis-tabos-tahas,6,False,True
tahrs,slate-antsy-tacks-taxis-tabos-tahas-tahrs,7,False,False
taiga,slate-tabor-cynic-taiga,4,False,True
taigs,slate-antsy-tacks-taxis-taigs,5,False,True
taiko,slate-tabor-tango-tacho-taiko,5,False,True
tails,slate-atlas-tails,3,True,True
tains,slate-antsy-tanks-tains,4,False,True
taint,slate-tabor-cynic-taint,4,True,True
taira,slate-tabor-tardy-taira,4,False,True
taish,slate-antsy-waist-taish,4,False,True
taits,slate-nymph-vista-baits-waits-gaits-raits-taits,8,False,False
tajes,slate-asset-butch-spunk-taxes-tajes,6,False,True
takas,slate-antsy-tacks-takas,4,False,True
taken,slate-treed-taken,3,True,True
taker,slate-treed-tempt-taker,4,True,True
takes,slate-asset-butch-spunk-takes,5,True,True
takhi,slate-tabor-cynic-taiga-takhi,5,False,True
takht,slate-tabor-cynic-tadah-takht,5,False,True
takin,slate-tabor-cynic-takin,4,True,True
takis,slate-antsy-tacks-takas-takis,5,False,True
takky,slate-tabor-cynic-taffy-tammy-taggy-takky,7,False,False
talak,slate-taint-talky-talak,4,False,True
talaq,slate-taint-talky-talaq,4,False,True
talar,slate-taint-talky-talaq-talar,5,False,True
talas,slate-atlas-talas,3,False,True
talcs,slate-atlas-talus-talks-talcs,5,False,True
talcy,slate-taint-talky-tally-talcy,5,False,True
talea,slate-paler-valet-talea,4,False,True
taler,slate-paler-taler,3,False,True
tales,slate-tales,2,True,True
talik,slate-taint-talik,3,False,True
talks,slate-atlas-talus-talks,4,True,True
talky,slate-taint-talky,3,True,True
talls,slate-atlas-talus-talks-talcs-talls,6,False,True
tally,slate-taint-talky-tally,4,True,True
talma,slate-taint-talky-talaq-talma,5,False,True
talon,slate-taint-talon,3,True,True
talpa,slate-taint-talky-talaq-talma-talpa,6,False,True
taluk,slate-taint-talky-talak-taluk,5,False,True
talus,slate-atlas-talus,3,True,True
tamal,slate-taint-talky-tabla-tamal,5,False,True
tamas,slate-antsy-tacks-taxis-tabos-tahas-tamas,7,False,False
tamed,slate-treed-wimpy-tamed,4,True,True
tamer,slate-treed-tempt-tamer,4,True,True
tames,slate-asset-butch-spunk-taxes-tajes-tames,7,False,False
tamin,slate-tabor-cynic-takin-tamin,5,False,True
tamis,slate-antsy-tacks-taxis-tabis-tamis,6,False,True
tammy,slate-tabor-cynic-taffy-tammy,5,True,True
tamps,slate-antsy-tacks-taxis-tabos-tahas-tamps,7,False,False
tanas,slate-antsy-tanks-tanas,4,False,True
tanga,slate-tabor-cynic-tanna-tanga,5,False,True
tangi,slate-tabor-cynic-tangi,4,False,True
tango,slate-tabor-tango,3,True,True
tangs,slate-antsy-tanks-tanas-tangs,5,False,True
tangy,slate-tabor-cynic-tangy,4,True,True
tanhs,slate-antsy-tanks-tanas-tangs-tanhs,6,False,True
tania,slate-tabor-cynic-tania,4,True,True
tanka,slate-tabor-cynic-tanna-tanga-tanka,6,False,True
tanks,slate-antsy-tanks,3,True,True
tanky,slate-tabor-cynic-tangy-tanky,5,False,True
tanna,slate-tabor-cynic-tanna,4,True,True
tansu,slate-antsy-canst-tansu,4,False,True
tansy,slate-antsy-tansy,3,False,True
tante,slate-acute-matte-tante,4,False,True
tanti,slate-taint-tanti,3,False,True
tanto,slate-taint-tanto,3,False,True
tanty,slate-taint-tanto-tanty,4,False,True
tapas,slate-antsy-tacks-taxis-tabos-tahas-tamas-tapas,8,False,False
taped,slate-treed-wimpy-taped,4,True,True
tapen,slate-treed-taken-tapen,4,False,True
taper,slate-treed-tempt-taper,4,True,True
tapes,slate-asset-butch-spunk-tapes,5,True,True
tapet,slate-treed-taken-tacet-tapet,5,False,True
tapir,slate-tabor-tapir,3,True,True
tapis,slate-antsy-tacks-taxis-tabis-tamis-tapis,7,False,False
tappa,slate-tabor-cynic-tadah-tagma-tappa,6,False,True
tapus,slate-antsy-tacks-taxis-tabos-tahas-tamps-tapus,8,False,False
taras,slate-antsy-tacks-taxis-tabos-tahas-tamas-tapas-taras,9,False,False
tardo,slate-tabor-tardo,3,False,True
tards,slate-antsy-tacks-taxis-tabos-tahas-tamps-tards,8,False,False
tardy,slate-tabor-tardy,3,True,True
tared,slate-treed-tared,3,False,True
tares,slate-asset-butch-spunk-taxes-tajes-tames-tares,8,False,False
targa,slate-tabor-tardy-targa,4,False,True
targe,slate-bathe-taupe-targe,4,False,True
tarka,slate-tabor-tardy-targa-tarka,5,False,True
tarns,slate-antsy-tanks-tains-tarns,5,False,True
taroc,slate-tabor-tarot-taroc,4,False,True
tarok,slate-tabor-tarot-taroc-tarok,5,False,True
taros,slate-antsy-tacks-taxis-tabos-taros,6,False,True
tarot,slate-tabor-tarot,3,True,True
tarps,slate-antsy-tacks-taxis-tabos-tahas-tamps-tarps,8,False,False
tarre,slate-bathe-taupe-targe-tarre,5,False,True
tarry,slate-tabor-tardy-tarry,4,True,True
tarse,slate-tarse,2,False,True
tarsi,slate-antsy-waist-tarsi,4,False,True
tarte,slate-acute-matte-tante-tarte,5,False,True
tarts,slate-nymph-vista-dwarf-carts-tarts,6,True,True
tarty,slate-taint-tatty-tarty,4,False,True
tarzy,slate-tabor-tardy-tarry-tarzy,5,False,True
tasar,slate-antsy-tacks-tasar,4,False,True
tasca,slate-antsy-tacks-tasca,4,False,True
tased,slate-asset-taser-tased,4,True,True
taser,slate-asset-taser,3,True,True
tases,slate-asset-tases,3,False,True
tasks,slate-antsy-tacks-tasks,4,True,True
tassa,slate-antsy-waist-tassa,4,False,True
tasse,slate-tarse-tasse,3,False,True
tasso,slate-antsy-waist-tassa-tasso,5,False,True
taste,slate-teach-taste,3,True,True
tasto,slate-nymph-vista-casts-basto-tasto,6,False,True
tasty,slate-nymph-tasty,3,True,True
tatar,slate-tabor-tapir-tatar,4,False,True
tater,slate-treed-tempt-tater,4,True,True
tates,slate-asset-butch-groom-dates-fates-nates-pates-tates,9,False,False
taths,slate-antsy-wombs-paths-gaths-raths-taths,7,False,False
tatie,slate-bathe-patee-tatie,4,False,True
tatou,slate-tabor-tatou,3,False,True
tatts,slate-nymph-vista-dwarf-abuts-tacts-tatts,7,False,False
tatty,slate-taint-tatty,3,True,True
tatus,slate-antsy-wombs-paths-jatis-katas-ratus-tatus,8,False,False
taube,slate-bathe-taube,3,False,True
tauld,slate-taint-talky-tabla-tauld,5,False,True
taunt,slate-tabor-cynic-taunt,4,True,True
tauon,slate-tabor-tatou-tauon,4,False,True
taupe,slate-bathe-taupe,3,True,True
tauts,slate-nymph-vista-dwarf-abuts-tauts,6,False,True
tauty,slate-taint-tatty-tarty-tauty,5,False,True
tavah,slate-tabor-cynic-tadah-tavah,5,False,True
tavas,slate-antsy-tacks-taxis-tabos-tahas-tamas-tapas-taras-tavas,10,False,False
taver,slate-treed-tempt-taker-taber-taver,6,False,True
tawaf,slate-tabor-cynic-tadah-tawaf,5,False,True
tawai,slate-tabor-cynic-taiga-tawai,5,False,True
tawas,slate-antsy-tacks-taxis-tabos-tahas-tamas-tapas-taras-tavas-tawas,11,False,False
tawed,slate-treed-wimpy-tawed,4,False,True
tawer,slate-treed-tempt-taker-taber-taver-tawer,7,False,False
tawie,slate-bathe-taupe-targe-tawie,5,False,True
tawny,slate-tabor-cynic-tawny,4,True,True
tawse,slate-tarse-tasse-tawse,4,False,True
tawts,slate-nymph-vista-dwarf-watts-tawts,6,False,True
taxed,slate-treed-wimpy-taxed,4,True,True
taxer,slate-treed-tempt-taker-taber-taver-tawer-taxer,8,False,False
taxes,slate-asset-butch-spunk-taxes,5,True,True
taxis,slate-antsy-tacks-taxis,4,True,True
taxol,slate-taint-talky-tabla-taxol,5,False,True
taxon,slate-tabor-tatou-taxon,4,False,True
taxor,slate-tabor-taxor,3,False,True
taxus,slate-antsy-tacks-taxis-taxus,5,False,True
tayra,slate-tabor-tardy-tayra,4,False,True
tazza,slate-tabor-cynic-tadah-tagma-tappa-tazza,7,False,False
tazze,slate-bathe-taupe-targe-tawie-tazze,6,False,True
teach,slate-enact-teach,3,True,True
teade,slate-trade-teade,3,False,True
teads,slate-tufty-teams-tears-teads,5,False,True
teaed,slate-enact-teary-teaed,4,False,True
teaks,slate-tufty-teams-tears-teads-teaks,6,False,True
teals,slate-least-teals,3,False,True
teams,slate-tufty-teams,3,True,True
tears,slate-tufty-teams-tears,4,True,True
teary,slate-enact-teary,3,True,True
tease,slate-tease,2,True,True
teats,slate-thumb-teats,3,True,True
teaze,slate-trade-thane-teaze,4,False,True
techs,slate-cruet-techs,3,True,True
techy,slate-titer-teeny-teddy-techy,5,True,True
tecta,slate-earth-aceta-tecta,4,False,True
tecum,slate-titer-teeny-tempo-tecum,5,False,True
teddy,slate-titer-teeny-teddy,4,True,True
teels,slate-islet-teels,3,False,True
teems,slate-cruet-ethos-tends-temps-teems,6,False,True
teend,slate-titer-teeny-teend,4,False,True
teene,slate-chirp-etude-jetee-teene,5,False,True
teens,slate-cruet-ethos-tends-teens,5,True,True
teeny,slate-titer-teeny,3,True,True
teers,slate-cruet-terms-teers,4,False,True
teeth,slate-pinch-teeth,3,True,True
teets,slate-testy-tents-texts-teets,5,False,True
teffs,slate-cruet-ethos-tends-temps-teffs,6,False,True
teggs,slate-cruet-ethos-tends-temps-teffs-teggs,7,False,False
tegua,slate-treed-tegua,3,False,True
tegus,slate-cruet-fetus-tegus,4,False,True
tehee,slate-chirp-ethne-tehee,4,False,True
tehrs,slate-cruet-terms-teers-tehrs,5,False,True
teiid,slate-titer-tepid-teiid,4,False,True
teils,slate-islet-teils,3,False,True
teind,slate-titer-tepid-teind,4,False,True
teins,slate-cruet-ethos-tends-teens-teins,6,False,True
tekke,slate-chirp-etude-jetee-tekke,5,False,True
telae,slate-lathe-telae,3,False,True
telco,slate-intel-dwelt-telco,4,False,True
teles,slate-islet-teles,3,False,True
telex,slate-intel-tyler-telex,4,False,True
telia,slate-paler-eclat-telia,4,False,True
telic,slate-intel-legit-telic,4,False,True
tells,slate-islet-telos-tells,4,True,True
telly,slate-intel-dwelt-telly,4,True,True
teloi,slate-intel-legit-teloi,4,False,True
telos,slate-islet-telos,3,True,True
temed,slate-titer-tween-temed,4,False,True
temes,slate-cruet-timon-temes,4,False,True
tempi,slate-titer-tepid-tempi,4,False,True
tempo,slate-titer-teeny-tempo,4,True,True
temps,slate-cruet-ethos-tends-temps,5,True,True
tempt,slate-titer-tempt,3,True,True
temse,slate-terse-tense-temse,4,False,True
tench,slate-titer-teeny-tench,4,False,True
tends,slate-cruet-ethos-tends,4,True,True
tendu,slate-titer-teeny-tench-tendu,5,False,True
tenes,slate-cruet-timon-tenes,4,False,True
tenet,slate-titer-tenet,3,True,True
tenge,slate-chirp-etude-jetee-tekke-tenge,6,False,True
tenia,slate-treed-tegua-tenia,4,False,True
tenne,slate-chirp-etude-jetee-tekke-tenge-tenne,7,False,False
tenno,slate-titer-teeny-tenno,4,False,True
tenny,slate-titer-teeny-tenny,4,False,True
tenon,slate-titer-teeny-tench-tendu-tenon,6,False,True
tenor,slate-titer-tenor,3,True,True
tense,slate-terse-tense,3,True,True
tenth,slate-pinch-tenth,3,True,True
tents,slate-testy-tents,3,True,True
tenty,slate-pinch-bento-genty-tenty,5,False,True
tenue,slate-chirp-etude-tenue,4,False,True
tepal,slate-paler-tepal,3,False,True
tepas,slate-asset-betas-tepas,4,False,True
tepee,slate-chirp-tepee,3,True,True
tepid,slate-titer-tepid,3,True,True
tepoy,slate-titer-teeny-teddy-techy-tepoy,6,False,True
terai,slate-treed-terra-terai,4,False,True
teras,slate-asset-betas-tepas-teras,5,False,True
terce,slate-chirp-truce-terce,4,False,True
terek,slate-titer-threw-terek,4,False,True
teres,slate-cruet-ester-teres,4,False,True
terfe,slate-chirp-trove-terfe,4,False,True
terfs,slate-cruet-terms-terfs,4,False,True
terga,slate-treed-terra-terga,4,False,True
terms,slate-cruet-terms,3,True,True
terne,slate-chirp-trove-terfe-terne,5,False,True
terns,slate-cruet-terms-terfs-terns,5,False,True
terra,slate-treed-terra,3,True,True
terre,slate-chirp-outre-terre,4,True,True
terry,slate-titer-twerp-terry,4,True,True
terse,slate-terse,2,True,True
terts,slate-testy-tents-texts-teets-terts,6,False,True
terza,slate-treed-terra-terga-terza,5,False,True
tesla,slate-tales-tesla,3,True,True
testa,slate-abets-cesta-festa-pesta-testa,6,False,True
teste,slate-piste-coste-geste-teste,5,False,True
tests,slate-testy-tests,3,True,True
testy,slate-testy,2,True,True
tetes,slate-cruet-timon-types-tetes,5,False,True
teths,slate-cruet-ethos-beths-heths-meths-teths,7,False,False
tetra,slate-treed-terra-tetra,4,True,True
tetri,slate-titer-tetri,3,False,True
teuch,slate-titer-teeny-tempo-teuch,5,False,True
teugh,slate-titer-teeny-tempo-teuch-teugh,6,False,True
tewed,slate-titer-tween-tewed,4,False,True
tewel,slate-intel-towel-tewel,4,False,True
tewit,slate-titer-tewit,3,False,True
texas,slate-asset-betas-tepas-teras-texas,6,False,True
texes,slate-cruet-timon-types-tetes-texes,6,False,True
texta,slate-earth-aceta-betta-texta,5,False,True
texts,slate-testy-tents-texts,4,True,True
thack,slate-grunt-toady-thack,4,False,True
thagi,slate-grunt-thagi,3,False,True
thaim,slate-grunt-toady-thack-thaim,5,False,True
thale,slate-thale,2,False,True
thali,slate-trail-thali,3,False,True
thana,slate-grunt-thank-thana,4,False,True
thane,slate-trade-thane,3,True,True
thang,slate-grunt-twang-thang,4,False,True
thank,slate-grunt-thank,3,True,True
thans,slate-bronc-thans,3,False,True
thanx,slate-grunt-thank-thana-thanx,5,False,True
tharm,slate-grunt-tiara-tharm,4,False,True
thars,slate-bronc-thars,3,False,True
thaws,slate-bronc-avast-thaws,4,False,True
thawt,slate-grunt-adapt-chaft-thawt,5,False,True
thawy,slate-grunt-toady-thawy,4,False,True
thebe,slate-chirp-theme-thebe,4,False,True
theca,slate-treed-tweak-theca,4,False,True
theed,slate-titer-tween-theed,4,False,True
theek,slate-titer-tween-theed-theek,5,False,True
thees,slate-cruet-timon-types-tetes-thees,6,False,True
theft,slate-titer-tempt-theft,4,True,True
thegn,slate-titer-teeny-thegn,4,False,True
theic,slate-titer-tepid-theic,4,False,True
thein,slate-titer-tepid-theic-thein,5,False,True
their,slate-titer-their,3,True,True
thelf,slate-intel-dwelt-thelf,4,False,True
thema,slate-treed-tweak-theca-thema,5,False,True
theme,slate-chirp-theme,3,True,True
thens,slate-cruet-ethos-beths-thens,5,False,True
theor,slate-titer-tenor-theor,4,False,True
theow,slate-titer-teeny-theow,4,False,True
there,slate-chirp-there,3,True,True
therm,slate-titer-twerp-therm,4,False,True
these,slate-terse-these,3,True,True
thesp,slate-cruet-ethos-thesp,4,False,True
theta,slate-earth-theta,3,True,True
thete,slate-turbo-thete,3,False,True
thews,slate-cruet-ethos-beths-thens-thews,6,False,True
thewy,slate-titer-teeny-thewy,4,False,True
thick,slate-count-howdy-pitch-thick,5,True,True
thief,slate-titer-thief,3,True,True
thigh,slate-count-ritzy-thigh,4,True,True
thigs,slate-trout-tipsy-twins-thigs,5,False,True
thilk,slate-guilt-trill-thilk,4,False,True
thill,slate-guilt-trill-twill-thill,5,False,True
thine,slate-chirp-thine,3,True,True
thing,slate-count-thing,3,True,True
think,slate-count-thing-think,4,True,True
thins,slate-trout-tipsy-twins-thins,5,True,True
thiol,slate-guilt-twirl-thiol,4,False,True
third,slate-count-ritzy-third,4,True,True
thirl,slate-guilt-twirl-thirl,4,False,True
thoft,slate-count-divot-thoft,4,False,True
thole,slate-lithe-thole,3,False,True
tholi,slate-guilt-tilly-tholi,4,False,True
thong,slate-count-thong,3,True,True
thorn,slate-count-intro-thorn,4,True,True
thoro,slate-count-throw-thoro,4,False,True
thorp,slate-count-throw-thoro-thorp,5,False,True
those,slate-terse-those,3,True,True
thots,slate-forum-knots-phots-thots,5,False,True
thous,slate-trout-thous,3,False,True
thowl,slate-guilt-octyl-thowl,4,False,True
thrae,slate-bathe-thrae,3,False,True
thraw,slate-tabor-triad-thraw,4,False,True
three,slate-chirp-three,3,True,True
threw,slate-titer-threw,3,True,True
thrid,slate-count-ritzy-third-thrid,5,False,True
thrip,slate-count-ritzy-third-thrip,5,False,True
throb,slate-count-throw-throb,4,True,True
throe,slate-chirp-three-throe,4,False,True
throw,slate-count-throw,3,True,True
thrum,slate-count-tummy-thrum,4,True,True
thuds,slate-trout-tusks-thugs-thuds,5,False,True
thugs,slate-trout-tusks-thugs,4,True,True
thuja,slate-tabor-titan-thuja,4,False,True
thumb,slate-count-trump-thumb,4,True,True
thump,slate-count-trump-thump,4,True,True
thunk,slate-count-trunk-thunk,4,False,True
thurl,slate-guilt-thurl,3,False,True
thuya,slate-tabor-titan-thuja-thuya,5,False,True
thyme,slate-chirp-theme-thyme,4,True,True
thymi,slate-count-ritzy-thymi,4,False,True
thymy,slate-count-ritzy-thymy,4,False,True
tians,slate-bronc-thans-tians,4,False,True
tiara,slate-grunt-tiara,3,True,True
tiare,slate-trade-tiare,3,False,True
tiars,slate-bronc-thars-tiars,4,False,True
tibia,slate-tabor-tibia,3,True,True
tical,slate-taint-tidal-tical,4,False,True
ticca,slate-tabor-titan-ticca,4,False,True
ticed,slate-titer-tided-timed-ticed,5,False,True
tices,slate-cruet-tices,3,False,True
tichy,slate-count-howdy-itchy-tichy,5,False,True
ticks,slate-trout-tipsy-ticks,4,True,True
ticky,slate-count-howdy-ticky,4,False,True
tidal,slate-taint-tidal,3,True,True
tiddy,slate-count-ritzy-tippy-tiddy,5,False,True
tided,slate-titer-tided,3,True,True
tides,slate-cruet-timon-tides,4,True,True
tiefs,slate-cruet-ethos-tends-tiefs,5,False,True
tiers,slate-cruet-terms-tiers,4,True,True
tiffs,slate-trout-tipsy-ticks-tiffs,5,False,True
tifos,slate-trout-towns-typos-tifos,5,False,True
tifts,slate-forum-gifts-tifts,4,False,True
tiger,slate-titer-tiger,3,True,True
tiges,slate-cruet-timon-tides-tiges,5,False,True
tight,slate-count-dwarf-might-tight,5,True,True
tigon,slate-count-intro-timon-tigon,5,False,True
tikas,slate-antsy-tacks-tikas,4,False,True
tikes,slate-cruet-timon-tides-tiges-tikes,6,False,True
tikia,slate-tabor-titan-ticca-tikia,5,False,True
tikis,slate-trout-tipsy-ticks-tikis,5,False,True
tikka,slate-tabor-titan-ticca-tikia-tikka,6,False,True
tilak,slate-taint-tidal-tilak,4,False,True
tilde,slate-lithe-tilde,3,True,True
tiled,slate-intel-filet-tiled,4,True,True
tiler,slate-intel-filet-tiled-tiler,5,False,True
tiles,slate-islet-tiles,3,True,True
tills,slate-lotus-tills,3,False,True
tilly,slate-guilt-tilly,3,True,True
tilth,slate-lofty-culti-miltz-tilth,5,False,True
tilts,slate-lusty-vouch-tilts,4,True,True
timbo,slate-count-throw-timbo,4,False,True
timed,slate-titer-tided-timed,4,True,True
timer,slate-titer-tiger-timer,4,True,True
times,slate-cruet-timon-times,4,True,True
timid,slate-count-ritzy-timid,4,True,True
timon,slate-count-intro-timon,4,True,True
timps,slate-trout-tipsy-timps,4,False,True
tinas,slate-antsy-tanks-tinas,4,False,True
tinct,slate-count-nicht-tinct,4,False,True
tinds,slate-trout-tipsy-ticks-tiffs-tinds,6,False,True
tinea,slate-treed-taken-tinea,4,False,True
tined,slate-titer-tided-timed-ticed-tined,6,False,True
tines,slate-cruet-timon-tines,4,False,True
tinge,slate-chirp-tinge,3,True,True
tings,slate-trout-tipsy-ticks-tiffs-tinds-tings,7,False,False
tinks,slate-trout-tipsy-ticks-tinks,5,False,True
tinny,slate-count-thing-tinny,4,True,True
tinto,slate-briny-ninth-pinto-tinto,5,False,True
tints,slate-forum-whips-tints,4,True,True
tinty,slate-briny-minty-tinty,4,False,True
tipis,slate-trout-tipsy-tipis,4,False,True
tippy,slate-count-ritzy-tippy,4,True,True
tipsy,slate-trout-tipsy,3,True,True
tipup,slate-count-tummy-tipup,4,False,True
tired,slate-titer-tired,3,True,True
tires,slate-cruet-ester-tires,4,True,True
tirls,slate-lotus-tills-tirls,4,False,True
tiros,slate-trout-torso-tiros,4,False,True
tirrs,slate-trout-tirrs,3,False,True
tirth,slate-briny-girth-mirth-firth-tirth,6,False,True
titan,slate-tabor-titan,3,True,True
titar,slate-tabor-titar,3,False,True
titas,slate-antsy-wombs-paths-ditas-titas,6,False,True
titch,slate-count-howdy-pitch-fitch-mitch-bitch-gitch-titch,9,False,False
titer,slate-titer,2,True,True
tithe,slate-chirp-tithe,3,True,True
tithi,slate-count-ritzy-tithi,4,False,True
titin,slate-count-nitid-titin,4,False,True
titir,slate-count-ritzy-titir,4,False,True
titis,slate-trout-titis,3,False,True
title,slate-lithe-title,3,True,True
titre,slate-chirp-mitre-nitre-titre,5,False,True
titty,slate-briny-waked-fifty-titty,5,True,True
titup,slate-count-tummy-tipup-titup,5,False,True
tiyin,slate-count-nitid-tiyin,4,False,True
tiyns,slate-trout-tipsy-tiyns,4,False,True
tizes,slate-cruet-timon-tides-tiges-tikes-tizes,7,False,False
tizzy,slate-count-ritzy-tizzy,4,True,True
toads,slate-bronc-toast-toads,4,True,True
toady,slate-grunt-toady,3,True,True
toast,slate-bronc-toast,3,True,True
toaze,slate-trade-thane-teaze-toaze,5,False,True
tocks,slate-trout-towns-tombs-tocks,5,False,True
tocky,slate-count-toxic-torch-tocky,5,False,True
tocos,slate-trout-towns-tombs-tocks-tocos,6,False,True
today,slate-tabor-today,3,True,True
todde,slate-chirp-etude-todde,4,False,True
toddy,slate-count-motor-toddy,4,True,True
todea,slate-treed-todea,3,False,True
todos,slate-trout-towns-tombs-tocks-todos,6,False,True
toeas,slate-asset-betas-etnas-toeas,5,False,True
toffs,slate-trout-towns-tombs-tocks-todos-toffs,7,False,False
toffy,slate-count-motor-toddy-toffy,5,False,True
tofts,slate-forum-tofts,3,False,True
tofus,slate-trout-tofus,3,False,True
togae,slate-bathe-atone-togae,4,False,True
togas,slate-antsy-tacks-togas,4,False,True
toged,slate-titer-tween-typed-tubed-toged,6,False,True
toges,slate-cruet-timon-toges,4,False,True
togue,slate-chirp-etude-togue,4,False,True
tohos,slate-trout-towns-tombs-tocks-todos-tohos,7,False,False
toidy,slate-count-motor-toddy-toidy,5,False,True
toile,slate-lithe-utile-toile,4,False,True
toils,slate-lotus-zilch-toils,4,True,True
toing,slate-count-toing,3,False,True
toise,slate-terse-those-toise,4,False,True
toits,slate-forum-tooth-toits,4,False,True
toity,slate-briny-moity-toity,4,False,True
tokay,slate-tabor-today-tokay,4,False,True
toked,slate-titer-tween-typed-tubed-toged-toked,7,False,False
token,slate-titer-tween-token,4,True,True
toker,slate-titer-tuner-tower-toker,5,False,True
tokes,slate-cruet-timon-toges-tokes,5,False,True
tokos,slate-trout-towns-tombs-tocks-tokos,6,False,True
tolan,slate-taint-tonal-tolan,4,False,True
tolar,slate-taint-tubal-tolar,4,False,True
tolas,slate-atlas-tolas,3,False,True
toled,slate-intel-tyler-telex-toled,5,False,True
toles,slate-islet-teles-toles,4,False,True
tolls,slate-lotus-zilch-tolls,4,True,True
tolly,slate-guilt-hotly-tolly,4,False,True
tolts,slate-lusty-vouch-bolts-jolts-dolts-molts-polts-tolts,9,False,False
tolus,slate-lotus-tolus,3,False,True
tolyl,slate-guilt-octyl-tolyl,4,False,True
toman,slate-tabor-today-topaz-toman,5,False,True
tombo,slate-count-motor-tombo,4,False,True
tombs,slate-trout-towns-tombs,4,True,True
tomen,slate-titer-tween-token-tomen,5,False,True
tomes,slate-cruet-timon-tomes,4,False,True
tomia,slate-tabor-today-tonga-tomia,5,False,True
tomin,slate-count-toxin-tomin,4,False,True
tomme,slate-chirp-etude-tomme,4,False,True
tommy,slate-count-motor-tommy,4,True,True
tomos,slate-trout-towns-tombs-tomos,5,False,True
tomoz,slate-count-motor-tomoz,4,False,True
tonal,slate-taint-tonal,3,True,True
tondi,slate-count-toxin-tondi,4,False,True
tondo,slate-count-toxin-tondo,4,False,True
toned,slate-titer-tween-toney-toned,5,True,True
toner,slate-titer-tuner-toner,4,True,True
tones,slate-cruet-timon-tones,4,True,True
toney,slate-titer-tween-toney,4,True,True
tonga,slate-tabor-today-tonga,4,True,True
tongs,slate-trout-towns-tongs,4,True,True
tonic,slate-count-notch-tonic,4,True,True
tonka,slate-tabor-today-tonga-tonka,5,False,True
tonks,slate-trout-towns-tongs-tonks,5,False,True
tonne,slate-chirp-etude-tomme-tonne,5,False,True
tonus,slate-trout-tofus-tonus,4,False,True
tools,slate-lotus-zilch-tools,4,True,True
tooms,slate-trout-toons-tooms,4,False,True
toons,slate-trout-toons,3,True,True
tooth,slate-briny-mouth-tooth,4,True,True
toots,slate-forum-tooth-toots,4,True,True
topaz,slate-tabor-today-topaz,4,True,True
toped,slate-titer-tween-typed-toped,5,False,True
topee,slate-chirp-tepee-topee,4,False,True
topek,slate-titer-tween-typed-topek,5,False,True
toper,slate-titer-tuner-tower-toker-toper,6,False,True
topes,slate-cruet-timon-toges-tokes-topes,6,False,True
tophe,slate-chirp-tophe,3,False,True
tophi,slate-count-motor-toddy-tophi,5,False,True
tophs,slate-trout-towns-tombs-tocks-todos-toffs-tophs,8,False,False
topic,slate-count-toxic-topic,4,True,True
topis,slate-trout-towns-tombs-tocks-todos-toffs-tophs-topis,9,False,False
topoi,slate-count-motor-topoi,4,False,True
topos,slate-trout-towns-tombs-tocks-todos-tohos-topos,8,False,False
toppy,slate-count-motor-toddy-toffy-toppy,6,False,True
toque,slate-chirp-etude-togue-toque,5,False,True
torah,slate-tabor-torah,3,True,True
toran,slate-tabor-torah-toran,4,False,True
toras,slate-antsy-tacks-togas-toras,5,False,True
torch,slate-count-toxic-torch,4,True,True
torcs,slate-trout-torso-torcs,4,False,True
tores,slate-cruet-ester-tires-tyres-tores,6,False,True
toric,slate-count-toxic-topic-toric,5,False,True
torii,slate-count-motor-torii,4,False,True
toros,slate-trout-torso-toros,4,False,True
torot,slate-count-robot-torot,4,False,True
torrs,slate-trout-torso-torcs-torrs,5,False,True
torse,slate-terse-torse,3,False,True
torsi,slate-trout-torso-torsi,4,False,True
torsk,slate-trout-torso-torsi-torsk,5,False,True
torso,slate-trout-torso,3,True,True
torta,slate-taint-torta,3,True,True
torte,slate-turbo-torte,3,True,True
torts,slate-forum-ports-borts-dorts-jorts-rorts-torts,8,False,False
torus,slate-trout-torus,3,True,True
tosas,slate-antsy-tacks-togas-toras-tosas,6,False,True
tosed,slate-cruet-timon-toges-tosed,5,False,True
toses,slate-cruet-timon-toges-tokes-topes-toses,7,False,False
toshy,slate-trout-towns-toshy,4,False,True
tossy,slate-trout-towns-toshy-tossy,5,False,True
tosyl,slate-lotus-tosyl,3,False,True
total,slate-taint-total,3,True,True
toted,slate-titer-totem-toted,4,True,True
totem,slate-titer-totem,3,True,True
toter,slate-titer-toter,3,False,True
totes,slate-cruet-timon-toges-tokes-topes-toses-totes,8,False,False
totty,slate-briny-potty-dotty-hotty-jotty-motty-totty,8,False,False
touch,slate-count-touch,3,True,True
tough,slate-count-tough,3,True,True
touks,slate-trout-touks,3,False,True
touns,slate-trout-touks-touns,4,False,True
tours,slate-trout-tours,3,True,True
touse,slate-terse-those-toise-touse,5,False,True
tousy,slate-trout-touks-tousy,4,False,True
touts,slate-forum-bouts-douts-gouts-houts-pouts-touts,8,False,False
touze,slate-chirp-etude-touze,4,False,True
touzy,slate-count-tough-touzy,4,False,True
towai,slate-tabor-today-topaz-toman-towai,6,False,True
towed,slate-titer-tween-towed,4,True,True
towel,slate-intel-towel,3,True,True
tower,slate-titer-tuner-tower,4,True,True
towie,slate-chirp-tinge-towie,4,False,True
towno,slate-count-toing-towno,4,False,True
towns,slate-trout-towns,3,True,True
towny,slate-count-toing-towno-towny,5,False,True
towse,slate-terse-those-toise-touse-towse,6,False,True
towsy,slate-trout-towns-towsy,4,False,True
towts,slate-forum-tooth-toits-towts,5,False,True
towze,slate-chirp-etude-tomme-tonne-towze,6,False,True
towzy,slate-count-motor-toddy-toffy-toppy-towzy,7,False,False
toxic,slate-count-toxic,3,True,True
toxin,slate-count-toxin,3,True,True
toyed,slate-titer-tween-typed-toyed,5,True,True
toyer,slate-titer-tuner-tower-toker-toper-toyer,7,False,False
toyon,slate-count-toxin-toyon,4,False,True
toyos,slate-trout-towns-tombs-tocks-todos-tohos-topos-toyos,9,False,False
tozed,slate-titer-tween-typed-tubed-toged-toked-tozed,8,False,False
tozes,slate-cruet-timon-toges-tokes-topes-toses-totes-tozes,9,False,False
tozie,slate-chirp-tinge-towie-tozie,5,False,True
trabs,slate-bronc-trabs,3,False,True
trace,slate-trade-trace,3,True,True
track,slate-grunt-track,3,True,True
tract,slate-grunt-tract,3,True,True
trade,slate-trade,2,True,True
trads,slate-bronc-trash-traps-trays-trads,6,False,True
trady,slate-grunt-track-tramp-trady,5,False,True
traga,slate-grunt-traga,3,False,True
tragi,slate-grunt-traga-tragi,4,False,True
trags,slate-bronc-trash-traps-trays-trads-trags,7,False,False
tragu,slate-grunt-tragu,3,False,True
traik,slate-grunt-track-traik,4,False,True
trail,slate-trail,2,True,True
train,slate-grunt-train,3,True,True
trait,slate-grunt-tract-trait,4,True,True
tramp,slate-grunt-track-tramp,4,True,True
trams,slate-bronc-trash-traps-trays-trads-trags-trams,8,False,False
trank,slate-grunt-trank,3,False,True
tranq,slate-grunt-trank-tranq,4,False,True
trans,slate-bronc-trans,3,True,True
trant,slate-grunt-brant-drant-orant-trant,6,False,True
trape,slate-trade-trace-trape,4,False,True
trapo,slate-grunt-track-tramp-trapo,5,False,True
traps,slate-bronc-trash-traps,4,True,True
trapt,slate-grunt-tract-trait-trapt,5,False,True
trash,slate-bronc-trash,3,True,True
trass,slate-bronc-trash-trass,4,False,True
trats,slate-combo-whats-adats-fiats-gnats-kyats-prats-trats,9,False,False
tratt,slate-wrath-grata-frati-pratt-tratt,6,False,True
trave,slate-trade-trace-trape-trave,5,False,True
trawl,slate-trail-trawl,3,True,True
trayf,slate-grunt-track-tramp-trady-trayf,6,False,True
trays,slate-bronc-trash-traps-trays,5,True,True
tread,slate-treed-tread,3,True,True
treat,slate-treed-treat,3,True,True
treck,slate-titer-twerp-trend-treck,5,False,True
treed,slate-titer-threw-treed,4,True,True
treen,slate-titer-threw-treed-treen,5,False,True
trees,slate-cruet-trees,3,True,True
trefa,slate-treed-treat-trefa,4,False,True
treif,slate-titer-treif,3,False,True
treks,slate-cruet-tress-treks,4,False,True
trema,slate-treed-treat-trefa-trema,5,False,True
trems,slate-cruet-tress-treks-trems,5,False,True
trend,slate-titer-twerp-trend,4,True,True
tress,slate-cruet-tress,3,True,True
trest,slate-cruet-wrest-drest-prest-trest,6,False,True
trets,slate-testy-trets,3,False,True
trews,slate-cruet-tress-treks-trems-trews,6,False,True
treyf,slate-titer-twerp-trend-treck-treyf,6,False,True
treys,slate-cruet-tress-treks-trems-trews-treys,7,False,False
triac,slate-tabor-triad-triac,4,False,True
triad,slate-tabor-triad,3,True,True
trial,slate-taint-trial,3,True,True
tribe,slate-chirp-tribe,3,True,True
trice,slate-chirp-trice,3,True,True
trick,slate-count-howdy-trick,4,True,True
tride,slate-chirp-tribe-trike-trine-tride,6,False,True
tried,slate-titer-tried,3,True,True
trier,slate-titer-trier,3,True,True
tries,slate-cruet-trees-tries,4,True,True
trifa,slate-tabor-triad-trifa,4,False,True
triff,slate-count-ritzy-third-triff,5,False,True
trigo,slate-count-throw-tromp-trigo,5,False,True
trigs,slate-trout-trims-trips-trigs,5,False,True
trike,slate-chirp-tribe-trike,4,True,True
trild,slate-guilt-trill-trild,4,False,True
trill,slate-guilt-trill,3,True,True
trims,slate-trout-trims,3,True,True
trine,slate-chirp-tribe-trike-trine,5,True,True
trins,slate-trout-trims-trips-trigs-trins,6,False,True
triol,slate-guilt-twirl-triol,4,False,True
trior,slate-count-throw-troop-trior,5,False,True
trios,slate-trout-trios,3,True,True
tripe,slate-chirp-tripe,3,True,True
trips,slate-trout-trims-trips,4,True,True
tripy,slate-count-ritzy-tripy,4,False,True
trist,slate-trout-tryst-trist,4,False,True
trite,slate-turbo-trite,3,True,True
troad,slate-tabor-torah-troad,4,False,True
troak,slate-tabor-torah-troad-troak,5,False,True
troat,slate-tabor-torah-troad-troak-troat,6,False,True
trock,slate-count-optic-trock,4,False,True
trode,slate-chirp-trove-trode,4,False,True
trods,slate-trout-trois-trods,4,False,True
trogs,slate-trout-trois-trods-trogs,5,False,True
trois,slate-trout-trois,3,True,True
troke,slate-chirp-trove-trode-troke,5,False,True
troll,slate-guilt-hotly-troll,4,True,True
tromp,slate-count-throw-tromp,4,True,True
trona,slate-tabor-torah-trona,4,False,True
tronc,slate-count-tronc,3,False,True
trone,slate-chirp-trove-trode-troke-trone,6,False,True
tronk,slate-count-thong-tronk,4,False,True
trons,slate-trout-trois-trods-trogs-trons,6,False,True
troop,slate-count-throw-troop,4,True,True
trooz,slate-count-throw-troop-trooz,5,False,True
trope,slate-chirp-trope,3,True,True
tropo,slate-count-throw-tromp-tropo,5,False,True
troth,slate-briny-truth-troth,4,True,True
trots,slate-forum-riots-trots,4,True,True
trout,slate-count-trout,3,True,True
trove,slate-chirp-trove,3,True,True
trows,slate-trout-trois-trods-trogs-trons-trows,7,False,False
troys,slate-trout-trois-trods-trogs-trons-trows-troys,8,False,False
truce,slate-chirp-truce,3,True,True
truck,slate-count-truck,3,True,True
trued,slate-titer-threw-treed-trued,5,False,True
truer,slate-titer-tuner-truer,4,True,True
trues,slate-cruet-trues,3,False,True
trugo,slate-count-trugo,3,False,True
trugs,slate-trout-truss-trugs,4,False,True
trull,slate-guilt-truly-trull,4,False,True
truly,slate-guilt-truly,3,True,True
trump,slate-count-trump,3,True,True
trunk,slate-count-trunk,3,True,True
truss,slate-trout-truss,3,True,True
trust,slate-trout-trust,3,True,True
truth,slate-briny-truth,3,True,True
tryer,slate-titer-tuner-tower-tryer,5,False,True
tryke,slate-chirp-trove-tryke,4,False,True
tryma,slate-tabor-triad-tryma,4,False,True
tryps,slate-trout-trims-tryps,4,False,True
tryst,slate-trout-tryst,3,True,True
tsade,slate-tease-tsade,3,False,True
tsadi,slate-bronc-avast-thaws-tsadi,5,False,True
tsars,slate-bronc-thars-tiars-tsars,5,False,True
tsked,slate-cruet-timon-types-tsked,5,False,True
tsuba,slate-antsy-tacks-tsuba,4,False,True
tsubo,slate-trout-touks-tsubo,4,False,True
tuans,slate-bronc-thans-tians-tuans,5,False,True
tuart,slate-grunt-quart-tuart,4,False,True
tuath,slate-wrath-tuath,3,False,True
tubae,slate-bathe-tubae,3,False,True
tubal,slate-taint-tubal,3,True,True
tubar,slate-tabor-tubar,3,False,True
tubas,slate-antsy-tacks-togas-tubas,5,False,True
tubby,slate-count-tummy-tubby,4,True,True
tubed,slate-titer-tween-typed-tubed,5,True,True
tuber,slate-titer-tuner-tuber,4,True,True
tubes,slate-cruet-tunes-tubes,4,True,True
tucks,slate-trout-tusks-tucks,4,True,True
tufas,slate-antsy-tacks-togas-tubas-tufas,6,False,True
tuffe,slate-chirp-etude-togue-tuffe,5,False,True
tuffs,slate-trout-tusks-tuffs,4,False,True
tufts,slate-forum-tufts,3,True,True
tufty,slate-briny-potty-tufty,4,True,True
tugra,slate-tabor-triad-tugra,4,False,True
tuile,slate-lithe-utile-tuile,4,False,True
tuina,slate-tabor-titan-tuina,4,False,True
tuism,slate-trout-tusks-tuism,4,False,True
tuktu,slate-briny-mouth-puttu-tuktu,5,False,True
tules,slate-islet-teles-toles-tules,5,False,True
tulip,slate-guilt-tulip,3,True,True
tulle,slate-lithe-tulle,3,True,True
tulpa,slate-taint-tubal-tulpa,4,False,True
tulps,slate-lotus-tulps,3,False,True
tulsi,slate-lotus-tulsi,3,False,True
tumid,slate-count-tummy-tumid,4,False,True
tummy,slate-count-tummy,3,True,True
tumor,slate-count-outdo-tumor,4,True,True
tumps,slate-trout-tusks-tuffs-tumps,5,False,True
tumpy,slate-count-tummy-tumpy,4,False,True
tunas,slate-antsy-tanks-tinas-tunas,5,False,True
tunds,slate-trout-tusks-tuffs-tumps-tunds,6,False,True
tuned,slate-titer-tween-toney-tuned,5,True,True
tuner,slate-titer-tuner,3,True,True
tunes,slate-cruet-tunes,3,True,True
tungs,slate-trout-tusks-tuffs-tumps-tunds-tungs,7,False,False
tunic,slate-count-tunic,3,True,True
tunny,slate-count-tunny,3,False,True
tupek,slate-titer-tween-typed-topek-tupek,6,False,True
tupik,slate-count-tummy-tupik,4,False,True
tuple,slate-lithe-tulle-tuple,4,False,True
tuque,slate-chirp-etude-togue-tuque,5,False,True
turbo,slate-count-outdo-turbo,4,True,True
turds,slate-trout-zoned-turds,4,True,True
turfs,slate-trout-zoned-turks-turfs,5,False,True
turfy,slate-count-tummy-tubby-turfy,5,False,True
turks,slate-trout-zoned-turks,4,True,True
turme,slate-chirp-trove-terfe-turme,5,False,True
turms,slate-trout-zoned-turks-turfs-turms,6,False,True
turns,slate-trout-zoned-turns,4,True,True
turnt,slate-count-burnt-turnt,4,False,True
turon,slate-count-futon-turon,4,False,True
turps,slate-trout-zoned-turks-turfs-turms-turps,7,False,False
turrs,slate-trout-zoned-turks-turfs-turms-turps-turrs,8,False,False
tushy,slate-trout-tusks-tushy,4,False,True
tusks,slate-trout-tusks,3,True,True
tusky,slate-trout-tusks-tusky,4,False,True
tutee,slate-chirp-etude-tenue-tutee,5,False,True
tutes,slate-cruet-tunes-tubes-tutes,5,False,True
tutor,slate-count-outdo-tutor,4,True,True
tutti,slate-briny-width-tutti,4,True,True
tutty,slate-briny-potty-gutty-cutty-jutty-tutty,7,False,False
tutus,slate-trout-tutus,3,False,True
tuxes,slate-cruet-tunes-tubes-tutes-tuxes,6,False,True
tuyer,slate-titer-tuner-tuber-tuyer,5,False,True
twaes,slate-tufty-teams-twaes,4,False,True
twain,slate-grunt-twain,3,True,True
twals,slate-loast-taals-twals,4,False,True
twang,slate-grunt-twang,3,True,True
twank,slate-grunt-thank-twank,4,False,True
twats,slate-combo-whats-twats,4,False,True
tways,slate-bronc-avast-thaws-tways,5,False,True
tweak,slate-treed-tweak,3,True,True
tweed,slate-titer-tween-tweed,4,True,True
tweel,slate-intel-towel-tweel,4,False,True
tween,slate-titer-tween,3,True,True
tweep,slate-titer-tween-tweed-tweep,5,False,True
tweer,slate-titer-tuner-tower-tweer,5,False,True
tweet,slate-titer-tenet-tweet,4,True,True
twerk,slate-titer-twerp-twerk,4,True,True
twerp,slate-titer-twerp,3,True,True
twice,slate-chirp-twice,3,True,True
twier,slate-titer-trier-twier,4,False,True
twigs,slate-trout-tipsy-twins-twigs,5,True,True
twill,slate-guilt-trill-twill,4,True,True
twilt,slate-guilt-doilt-twilt,4,False,True
twine,slate-chirp-twine,3,True,True
twink,slate-count-thing-twink,4,True,True
twins,slate-trout-tipsy-twins,4,True,True
twiny,slate-count-thing-twink-twiny,5,False,True
twire,slate-chirp-twire,3,False,True
twirk,slate-count-ritzy-third-twirk,5,False,True
twirl,slate-guilt-twirl,3,True,True
twirp,slate-count-ritzy-third-twirk-twirp,6,False,True
twist,slate-trout-twist,3,True,True
twite,slate-turbo-thete-twite,4,False,True
twits,slate-forum-whips-twits,4,False,True
twixt,slate-count-dwarf-twixt,4,True,True
twocs,slate-trout-toons-twocs,4,False,True
twoer,slate-titer-tuner-tower-twoer,5,False,True
twonk,slate-count-thong-tronk-twonk,5,False,True
twyer,slate-titer-tuner-tower-tweer-twyer,6,False,True
tyees,slate-cruet-timon-types-tyees,5,False,True
tyers,slate-cruet-terms-tiers-tyers,5,False,True
tying,slate-count-thing-tying,4,True,True
tyiyn,slate-count-nitid-tyiyn,4,False,True
tykes,slate-cruet-timon-types-tyees-tykes,6,False,True
tyler,slate-intel-tyler,3,True,True
tymps,slate-trout-tipsy-tymps,4,False,True
tynde,slate-chirp-etude-todde-tynde,5,False,True
tyned,slate-titer-tween-toney-tyned,5,False,True
tynes,slate-cruet-timon-tenes-tynes,5,False,True
typal,slate-taint-tubal-typal,4,False,True
typed,slate-titer-tween-typed,4,True,True
types,slate-cruet-timon-types,4,True,True
typey,slate-titer-tween-typed-typey,5,False,True
typic,slate-count-howdy-typic,4,False,True
typos,slate-trout-towns-typos,4,True,True
typps,slate-trout-tipsy-typps,4,False,True
typto,slate-briny-youth-typto,4,False,True
tyran,slate-tabor-triad-thraw-tyran,5,False,True
tyred,slate-titer-threw-terek-tyred,5,False,True
tyres,slate-cruet-ester-tires-tyres,5,True,True
tyros,slate-trout-torso-tiros-tyros,5,False,True
tythe,slate-chirp-ethne-hythe-kythe-tythe,6,False,True
tzars,slate-bronc-thars-tiars-tsars-tzars,6,False,True
ubacs,slate-curbs-ubacs,3,False,True
ubity,slate-briny-ubity,3,False,True
udals,slate-psalm-defog-udals,4,False,True
udder,slate-diner-odder-udder,4,True,True
udons,slate-hokum-buoys-udons,4,False,True
udyog,slate-crony-dohyo-udyog,4,False,True
ugali,slate-curia-miaul-ugali,4,False,True
ugged,slate-diner-moped-gecko-edged-ugged,6,False,True
uhlan,slate-molar-lilac-gulag-uhlan,5,False,True
uhuru,slate-crony-quirk-uhuru,4,False,True
ukase,slate-cease-phase-abase-ukase,5,False,True
ulama,slate-prick-gland-llama-ulama,5,False,True
ulans,slate-pecks-glass-flaws-alans-ulans,6,False,True
ulcer,slate-freed-ulcer,3,True,True
ulema,slate-gonad-alley-ulema,4,False,True
ulmin,slate-bipod-flick-ulmin,4,False,True
ulmos,slate-floss-olios-ulmos,4,False,True
ulnad,slate-agora-iliac-ulnad,4,False,True
ulnae,slate-winks-ulnae,3,False,True
ulnar,slate-agora-ulnar,3,True,True
ulnas,slate-alias-ollas-ulnas,4,False,True
ulpan,slate-agora-iliac-ulnad-ulpan,5,False,True
ultra,slate-float-ultra,3,True,True
ulvas,slate-alias-ollas-ulnas-ulvas,5,False,True
ulyie,slate-bipod-clime-ulyie,4,False,True
ulzie,slate-bipod-clime-ulyie-ulzie,5,False,True
umami,slate-churn-guava-umami,4,True,True
umbel,slate-never-dumpy-umbel,4,False,True
umber,slate-diner-whomp-ember-umber,5,True,True
umble,slate-bingo-ruble-umble,4,False,True
umbos,slate-hokum-mugos-umbos,4,False,True
umbra,slate-corny-rabid-umbra,4,True,True
umbre,slate-doing-scrum-brume-umbre,5,False,True
umiac,slate-corny-magic-umiac,4,False,True
umiak,slate-corny-mafia-bimah-umiak,5,False,True
umiaq,slate-corny-mafia-bimah-umiak-umiaq,6,False,True
ummah,slate-corny-mafia-ummah,4,False,True
ummas,slate-oasis-wrung-bubas-ummas,5,False,True
ummed,slate-diner-moped-embed-ummed,5,False,True
umped,slate-diner-moped-umped,4,False,True
umphs,slate-hokum-mushy-umphs,4,False,True
umpie,slate-doing-puree-umpie,4,False,True
umpty,slate-briny-potty-umpty,4,False,True
umrah,slate-corny-parka-abrim-umrah,5,False,True
umras,slate-oasis-wrung-auras-umras,5,False,True
unagi,slate-churn-guano-unagi,4,False,True
unais,slate-curbs-unais,3,False,True
unapt,slate-grunt-unapt,3,False,True
unarm,slate-churn-unarm,3,True,True
unary,slate-churn-unarm-unary,4,False,True
unaus,slate-curbs-unais-unaus,4,False,True
unbag,slate-corny-admin-ganja-unbag,5,False,True
unban,slate-corny-admin-pagan-unban,5,False,True
unbar,slate-corny-urban-unbar,4,False,True
unbed,slate-diner-unwed-unfed-unbed,5,False,True
unbid,slate-crony-unzip-undid-unbid,5,False,True
unbox,slate-crony-bough-unbox,4,True,True
uncap,slate-corny-manic-uncap,4,True,True
unces,slate-runes-unces,3,False,True
uncia,slate-corny-manic-uncia,4,False,True
uncle,slate-bingo-uncle,3,True,True
uncos,slate-hokum-buoys-uncos,4,False,True
uncoy,slate-crony-noncy-uncoy,4,False,True
uncus,slate-hokum-virus-bubus-uncus,5,False,True
uncut,slate-count-uncut,3,True,True
undam,slate-corny-admin-dunam-undam,5,False,True
undee,slate-doing-undue-undee,4,False,True
under,slate-diner-under,3,True,True
undid,slate-crony-unzip-undid,4,True,True
undos,slate-hokum-buoys-uncos-undos,5,False,True
undue,slate-doing-undue,3,True,True
undug,slate-crony-unzip-undug,4,False,True
uneth,slate-pinch-uneth,3,False,True
unfed,slate-diner-unwed-unfed,4,True,True
unfit,slate-count-unfit,3,True,True
unfix,slate-crony-unzip-undid-unfix,5,False,True
ungag,slate-corny-admin-ganja-unbag-ungag,6,False,True
unget,slate-titer-venue-unmet-unget,5,False,True
ungod,slate-crony-bough-ungod,4,False,True
ungot,slate-count-knout-ungot,4,False,True
ungum,slate-crony-unzip-undug-ungum,5,False,True
unhat,slate-tabor-untag-unhat,4,False,True
unhip,slate-crony-unzip-unhip,4,True,True
unica,slate-corny-manic-nicad-unica,5,False,True
unify,slate-crony-pudgy-unify,4,True,True
union,slate-crony-bough-union,4,True,True
unios,slate-hokum-buoys-uncos-undos-unios,6,False,True
unite,slate-turbo-chute-unite,4,True,True
units,slate-forum-dusty-units,4,True,True
unity,slate-briny-unity,3,True,True
unjam,slate-corny-admin-manga-unjam,5,True,True
unked,slate-diner-unwed-unfed-unbed-unked,6,False,True
unket,slate-titer-venue-unmet-unget-unket,6,False,True
unkey,slate-diner-smock-unkey,4,False,True
unkid,slate-crony-unzip-undid-unbid-unkid,6,False,True
unkut,slate-count-unfit-unkut,4,False,True
unlap,slate-molar-lilac-gulag-uhlan-unlap,6,False,True
unlaw,slate-molar-lilac-gulag-uhlan-unlap-unlaw,7,False,False
unlay,slate-molar-lilac-gulag-uhlan-unlap-unlaw-unlay,8,False,False
unled,slate-never-linen-unled,4,False,True
unleg,slate-never-linen-unled-unleg,5,False,True
unlet,slate-intel-unlet,3,False,True
unlid,slate-dilly-unlid,3,False,True
unlit,slate-guilt-unlit,3,True,True
unmad,slate-corny-admin-namad-unmad,5,False,True
unman,slate-corny-admin-human-unman,5,False,True
unmet,slate-titer-venue-unmet,4,True,True
unmew,slate-diner-smock-hymen-enmew-unmew,6,False,True
unmix,slate-crony-unzip-undid-unfix-unmix,6,False,True
unode,slate-doing-unode,3,False,True
unold,slate-dilly-would-unold,4,False,True
unown,slate-crony-known-unown,4,False,True
unpay,slate-corny-handy-unpay,4,False,True
unpeg,slate-diner-smock-queen-unpeg,5,False,True
unpen,slate-diner-smock-queen-unpen,5,False,True
unpin,slate-crony-unzip-unpin,4,True,True
unply,slate-dilly-scowl-burly-unply,5,False,True
unpot,slate-count-knout-ungot-unpot,5,False,True
unput,slate-count-unfit-unkut-unput,5,False,True
unred,slate-diner-unred,3,False,True
unrid,slate-crony-mirin-unrid,4,False,True
unrig,slate-crony-mirin-unrid-unrig,5,False,True
unrip,slate-crony-mirin-unrid-unrig-unrip,6,False,True
unsaw,slate-oasis-unsay-unsaw,4,False,True
unsay,slate-oasis-unsay,3,True,True
unsee,slate-rosin-ensue-unsee,4,True,True
unset,slate-cruet-upset-unset,4,True,True
unsew,slate-runes-unsew,3,False,True
unsex,slate-runes-unsew-unsex,4,False,True
unsod,slate-hokum-buoys-unsod,4,False,True
unsub,slate-hokum-virus-unsub,4,False,True
untag,slate-tabor-untag,3,True,True
untax,slate-tabor-untag-untax,4,False,True
untie,slate-chirp-tinge-untie,4,True,True
until,slate-guilt-until,3,True,True
untin,slate-count-putin-untin,4,False,True
unwed,slate-diner-unwed,3,True,True
unwet,slate-titer-venue-unmet-unget-unket-unwet,7,False,False
unwit,slate-count-unfit-unwit,4,False,True
unwon,slate-crony-bough-union-unwon,5,False,True
unzip,slate-crony-unzip,3,True,True
upbow,slate-crony-bough-jumbo-upbow,5,False,True
upbye,slate-doing-scrum-bubbe-upbye,5,False,True
updos,slate-hokum-buoys-uncos-updos,5,False,True
updry,slate-crony-mired-ruddy-updry,5,False,True
upend,slate-diner-needy-upend,4,True,True
upful,slate-dilly-prowl-upful,4,False,True
upjet,slate-titer-venue-fouet-upjet,5,False,True
uplay,slate-molar-lilac-gulag-uhlan-uplay,6,False,True
upled,slate-never-dumpy-upled,4,False,True
uplit,slate-guilt-unlit-uplit,4,False,True
upped,slate-diner-moped-hyped-upped,5,True,True
upper,slate-diner-whomp-purer-upper,5,True,True
upran,slate-corny-quran-upran,4,False,True
uprun,slate-crony-mirin-uprun,4,False,True
upsee,slate-rosin-besee-fusee-upsee,5,False,True
upset,slate-cruet-upset,3,True,True
upsey,slate-runes-upsey,3,False,True
uptak,slate-tabor-untag-uptak,4,False,True
upter,slate-titer-pound-upter,4,False,True
uptie,slate-chirp-uptie,3,False,True
uraei,slate-derby-enarm-uraei,4,False,True
urali,slate-curia-urali,3,False,True
uraos,slate-curbs-fraus-uraos,4,False,True
urare,slate-prick-grave-frame-brane-urare,6,False,True
urari,slate-churn-guard-urari,4,False,True
urase,slate-cease-phase-abase-ukase-urase,6,False,True
urate,slate-corgi-prate-frate-urate,5,False,True
urban,slate-corny-urban,3,True,True
urbex,slate-diner-creek-proem-urbex,5,False,True
urbia,slate-corny-rabid-urbia,4,False,True
urdee,slate-doing-crude-urdee,4,False,True
ureal,slate-rangy-feral-areal-ureal,5,False,True
ureas,slate-ashen-resaw-eyras-ureas,5,False,True
uredo,slate-diner-redux-uredo,4,False,True
ureic,slate-diner-reiki-preif-ureic,5,False,True
ureid,slate-diner-redid-breid-ureid,5,False,True
urena,slate-radar-opera-crema-frena-urena,6,False,True
urent,slate-titer-erect-brent-drent-prent-urent,7,False,False
urged,slate-diner-befog-greed-urged,5,True,True
urger,slate-diner-whomp-fryer-breer-urger,6,False,True
urges,slate-runes-urges,3,True,True
urial,slate-molar-rural-urial,4,False,True
urine,slate-doing-urine,3,True,True
urite,slate-turbo-urite,3,False,True
urman,slate-corny-urban-urman,4,False,True
urnal,slate-molar-rural-urial-urnal,5,False,True
urned,slate-diner-erned-urned,4,False,True
urped,slate-diner-befog-creed-urped,5,False,True
ursae,slate-crump-ursae,3,False,True
ursid,slate-hokum-gussy-ursid,4,False,True
urson,slate-hokum-buoys-unsod-urson,5,False,True
urubu,slate-crony-gruff-druid-krump-urubu,6,False,True
urupa,slate-corny-rabid-augur-urupa,5,False,True
urvas,slate-oasis-wrung-arcus-urvas,5,False,True
usage,slate-cease-usage,3,True,True
usens,slate-runes-nexus-usens,4,False,True
users,slate-runes-users,3,True,True
useta,slate-abets-useta,3,False,True
usher,slate-runes-usher,3,True,True
using,slate-hokum-gussy-using,4,True,True
usnea,slate-ashen-usnea,3,False,True
usnic,slate-hokum-gussy-usurp-usnic,5,False,True
usque,slate-rosin-geese-usque,4,False,True
ustad,slate-antsy-wombs-ustad,4,False,True
uster,slate-cruet-uster,3,False,True
usual,slate-balsa-usual,3,True,True
usure,slate-rosin-purse-usure,4,False,True
usurp,slate-hokum-gussy-usurp,4,True,True
usury,slate-hokum-gussy-usury,4,True,True
uteri,slate-titer-merit-uteri,4,False,True
utero,slate-titer-erect-utero,4,False,True
utile,slate-lithe-utile,3,True,True
utter,slate-titer-otter-utter,4,True,True
uveal,slate-rangy-medal-equal-uveal,5,False,True
uveas,slate-ashen-resaw-ideas-oxeas-uveas,6,False,True
uvula,slate-molar-daily-uvula,4,True,True
vacas,slate-oasis-brand-pouch-jacks-cacas-macas-vacas,8,False,False
vacay,slate-corny-wacky-baccy-pacay-vacay,6,False,True
vacua,slate-corny-magic-dacha-bacca-vacua,6,False,True
vacui,slate-corny-magic-haick-pacai-vacui,6,False,True
vacuo,slate-corny-macho-wacko-bacco-vacuo,6,False,True
vadas,slate-oasis-brand-dacks-gauds-padas-vadas,7,False,False
vaded,slate-radar-jaded-faded-waded-haded-vaded,7,False,False
vades,slate-ashen-frock-gumbo-waves-vases-vades,7,False,False
vadge,slate-corgi-badge-madge-fadge-gadge-vadge,7,False,False
vagal,slate-molar-canal-papal-dayal-gazal-vagal,7,False,False
vague,slate-corgi-vague,3,True,True
vagus,slate-oasis-brand-pouch-favus-vagus,6,False,True
vaids,slate-oasis-ripen-maids-caids-gaids-kaids-qaids-vaids,9,False,False
vails,slate-balsa-pinch-wormy-fails-jails-kails-vails,8,False,False
vaire,slate-corgi-afire-zaire-maire-paire-vaire,7,False,False
vairs,slate-oasis-ripen-fairs-hairs-gairs-mairs-vairs,8,False,False
vairy,slate-corny-width-fairy-vairy,5,False,True
vajra,slate-corny-rabid-gazar-vajra,5,False,True
vakas,slate-oasis-brand-pouch-mamas-favas-vakas,7,False,False
vakil,slate-molar-daily-cavil-vakil,5,False,True
vales,slate-laser-whomp-vying-vales,5,True,True
valet,slate-paler-valet,3,True,True
valid,slate-molar-dally-valid,4,True,True
valis,slate-balsa-whomp-ficus-dalis-galis-kalis-valis,8,False,False
valli,slate-molar-dally-walla-pallu-valli,6,False,True
valor,slate-molar-valor,3,True,True
valse,slate-lapse-false-halse-valse,5,False,True
value,slate-bangs-mulch-value,4,True,True
valve,slate-bangs-mulch-valve,4,True,True
vamps,slate-oasis-brand-pouch-vamps,5,True,True
vampy,slate-corny-budge-hammy-vampy,5,True,True
vanda,slate-corny-admin-panda-banda-danda-vanda,7,False,False
vaned,slate-radar-funky-caned-waned-baned-eaned-maned-paned-vaned,10,False,False
vanes,slate-ashen-wanes-canes-banes-fanes-janes-kanes-manes-panes-ranes-vanes,12,False,False
vanga,slate-corny-admin-ganja-fanga-kanga-panga-vanga,8,False,False
vangs,slate-oasis-brand-graph-fangs-cangs-kangs-mangs-vangs,9,False,False
vants,slate-nymph-wants-rants-bants-cants-dants-gants-kants-vants,10,False,False
vaped,slate-radar-funky-caped-gaped-vaped,6,True,True
vaper,slate-radar-pygmy-caper-japer-vaper,6,False,True
vapes,slate-ashen-frock-gumbo-waves-vases-vades-vapes,8,False,False
vapid,slate-corny-mafia-vapid,4,True,True
vapor,slate-corny-armor-favor-vapor,5,True,True
varan,slate-corny-quran-maran-varan,5,False,True
varas,slate-oasis-brand-whomp-racks-gaurs-varas,7,False,False
varda,slate-corny-parka-barra-darga-varda,6,False,True
vardo,slate-corny-arrow-bardo-vardo,5,False,True
vardy,slate-corny-parry-hardy-bardy-mardy-vardy,7,False,False
varec,slate-radar-harem-carex-varec,5,False,True
vares,slate-ashen-frock-wormy-dares-bares-gares-pares-rares-vares,10,False,False
varia,slate-corny-parka-barra-darga-maria-varia,7,False,False
varix,slate-corny-parka-barfi-harim-varix,6,False,True
varna,slate-corny-varna,3,True,True
varus,slate-oasis-brand-whomp-racks-gaurs-varus,7,False,False
varve,slate-corgi-barre-karee-marae-parve-varve,7,False,False
vasal,slate-balsa-nasal-oasal-vasal,5,False,True
vases,slate-ashen-frock-gumbo-waves-vases,6,True,True
vasts,slate-nymph-vista-vasts,4,False,True
vasty,slate-nymph-tasty-vasty,4,False,True
vatas,slate-antsy-wombs-paths-jatis-katas-ratas-vatas,8,False,False
vatha,slate-tabor-humph-yacht-jatha-vatha,6,False,True
vatic,slate-tabor-humph-faint-vatic,5,False,True
vatje,slate-bathe-patee-tatie-vatje,5,False,True
vatos,slate-antsy-wombs-oaths-datos-jatos-ratos-vatos,8,False,False
vatus,slate-antsy-wombs-paths-jatis-katas-ratus-tatus-vatus,9,False,False
vauch,slate-corny-magic-dacha-fauch-vauch,6,False,True
vault,slate-taint-fault-vault,4,True,True
vaunt,slate-tabor-humph-judgy-vaunt,5,True,True
vaute,slate-acute-haute-faute-vaute,5,False,True
vauts,slate-nymph-vista-vauts,4,False,True
vawte,slate-acute-matte-parte-nante-vawte,6,False,True
vaxes,slate-ashen-frock-gumbo-waves-vases-vades-vapes-vaxes,9,False,False
veale,slate-leave-veale,3,False,True
veals,slate-leash-verde-veals,4,False,True
vealy,slate-leary-mealy-vealy,4,False,True
veena,slate-radar-hyena-buena-epena-veena,6,False,True
veeps,slate-runes-chess-dweeb-pokey-jeeps-geeps-meeps-veeps,9,False,False
veers,slate-runes-press-verbs-veers,5,True,True
veery,slate-diner-merry-beery-peery-veery,6,False,True
vegan,slate-radar-began-vegan,4,True,True
vegas,slate-ashen-resaw-degas-vegas,5,True,True
veges,slate-runes-feces-bedes-hemes-kexes-veges,7,False,False
veggo,slate-diner-geeky-befog-veggo,5,False,True
vegie,slate-doing-gimme-fugie-regie-vegie,6,False,True
vegos,slate-runes-chess-demos-pegos-vegos,6,False,True
vehme,slate-doing-scrum-femme-vehme,5,False,True
veils,slate-loser-cheep-belay-veils,5,True,True
veily,slate-never-veily,3,False,True
veins,slate-runes-peeve-veins,4,True,True
veiny,slate-diner-eking-veiny,4,True,True
velar,slate-rangy-feral-belar-velar,5,False,True
velds,slate-loser-cheep-belay-wells-delfs-gelds-melds-velds,9,False,False
veldt,slate-intel-dwelt-veldt,4,True,True
veles,slate-loser-wimpy-deles-heles-veles,6,False,True
vells,slate-loser-cheep-belay-wells-dells-fells-jells-kells-mells-vells,11,False,False
velum,slate-never-veily-velum,4,False,True
venae,slate-corgi-maybe-pupae-venae,5,False,True
venal,slate-rangy-penal-venal,4,True,True
venas,slate-ashen-earns-genas-venas,5,False,True
vends,slate-runes-bends-fends-hends-mends-pends-vends,8,False,False
vendu,slate-diner-bendy-kendo-pendu-vendu,6,False,True
veney,slate-diner-honey-veney,4,False,True
venge,slate-doing-genre-henge-menge-venge,6,False,True
venin,slate-diner-ennui-genin-venin,5,False,True
venom,slate-diner-xenon-venom,4,True,True
venti,slate-pinch-venti,3,True,True
vents,slate-testy-grind-cents-vents,5,True,True
venue,slate-doing-punch-venue,4,True,True
venus,slate-runes-genus-menus-venus,5,False,True
verba,slate-radar-opera-erica-herma-nerka-verba,7,False,False
verbs,slate-runes-press-throb-verbs,5,True,True
verde,slate-doing-crude-verde,4,True,True
verge,slate-doing-verge,3,True,True
verra,slate-radar-verra,3,False,True
verre,slate-doing-scrum-verve-verre,5,False,True
verry,slate-diner-merry-berry-ferry-kerry-herry-jerry-perry-verry,10,False,False
versa,slate-ashen-resaw-versa,4,True,True
verse,slate-rosin-purse-verse,4,True,True
verso,slate-runes-fresh-verso,4,True,True
verst,slate-cruet-perst-verst,4,False,True
verte,slate-turbo-verte,3,False,True
verts,slate-testy-grind-certs-perts-verts,6,False,True
vertu,slate-pinch-jetty-vertu,4,False,True
verve,slate-doing-scrum-verve,4,True,True
vespa,slate-ashen-resaw-mesca-vespa,5,False,True
vesta,slate-abets-cesta-festa-pesta-testa-vesta,7,False,False
vests,slate-testy-pesto-yearn-vests,5,True,True
vetch,slate-titer-fetch-ketch-vetch,5,False,True
veuve,slate-doing-scrum-bubbe-veuve,5,False,True
veves,slate-runes-feces-bedes-hemes-kexes-veges-veves,8,False,False
vexed,slate-diner-moped-gecko-vexed,5,True,True
vexer,slate-diner-whomp-fryer-queer-bever-vexer,7,False,False
vexes,slate-runes-feces-bedes-hemes-kexes-vexes,7,False,False
vexil,slate-never-veily-vexil,4,False,True
vezir,slate-diner-kefir-vezir,4,False,True
vials,slate-psalm-defog-vials,4,True,True
viand,slate-churn-piano-diana-viand,5,False,True
vibed,slate-diner-video-vibed,4,False,True
vibes,slate-runes-feces-moped-vichy-vibes,6,True,True
vibex,slate-diner-bicep-kibei-vibex,5,False,True
vibey,slate-diner-bicep-kibei-vibex-vibey,6,False,True
vicar,slate-corny-vicar,3,True,True
viced,slate-diner-video-vibed-viced,5,False,True
vices,slate-runes-feces-vices,4,True,True
vichy,slate-crony-mucky-vichy,4,True,True
vicus,slate-hokum-virus-vicus,4,False,True
video,slate-diner-video,3,True,True
viers,slate-runes-press-verbs-viers,5,False,True
vieux,slate-diner-mieux-vieux,4,False,True
views,slate-runes-chess-dweeb-views,5,True,True
viewy,slate-diner-mieux-piezo-viewy,5,False,True
vifda,slate-corny-mafia-vifda,4,False,True
viffs,slate-hokum-crisp-dweeb-finis-jiffs-viffs,7,False,False
vigas,slate-oasis-minas-aidas-gigas-vigas,6,False,True
vigia,slate-corny-mafia-bivia-vigia,5,False,True
vigil,slate-dilly-vigil,3,True,True
vigor,slate-crony-furor-vigor,4,True,True
vilde,slate-bingo-rifle-lieve-vilde,5,False,True
viler,slate-never-viler,3,False,True
villa,slate-molar-dally-villa,4,True,True
ville,slate-bingo-rifle-mille-ville,5,True,True
villi,slate-dilly-fillo-villi,4,False,True
vills,slate-locus-whomp-rugby-fills-kills-dills-jills-nills-vills,10,False,False
vimen,slate-diner-given-vixen-vimen,5,False,True
vinal,slate-molar-canal-final-binal-vinal,6,False,True
vinas,slate-oasis-minas-kinas-pinas-vinas,6,False,True
vinca,slate-corny-manic-finca-vinca,5,False,True
vined,slate-diner-wimpy-fined-vined,5,True,True
viner,slate-diner-finer-miner-biner-niner-piner-viner,8,False,False
vines,slate-runes-crimp-vowed-vines,5,True,True
vinew,slate-diner-piney-vinew,4,False,True
vinho,slate-crony-bough-vinho,4,False,True
vinic,slate-crony-blimp-winch-dinic-vinic,6,False,True
vinny,slate-crony-funny-ninny-ginny-vinny,6,True,True
vinos,slate-hokum-cross-bigos-didos-finos-vinos,7,False,False
vints,slate-forum-whips-tints-bints-dints-vints,7,False,False
vinyl,slate-dilly-vinyl,3,True,True
viola,slate-molar-aioli-viola,4,True,True
viold,slate-dilly-viold,3,False,True
viols,slate-locus-idols-viols,4,False,True
viper,slate-diner-parka-wiper-viper,5,True,True
viral,slate-molar-rural-viral,4,True,True
vired,slate-diner-whomp-fired-vired,5,False,True
vireo,slate-diner-mirex-vireo,4,False,True
vires,slate-runes-porch-fires-wires-mires-vires,7,False,False
virga,slate-corny-parka-firma-jirga-virga,6,False,True
virge,slate-doing-gimme-virge,4,False,True
virgo,slate-crony-furor-morph-virgo,5,True,True
virid,slate-crony-quirk-rigid-mirid-virid,6,False,True
virls,slate-locus-whomp-rugby-dirls-nirls-virls,7,False,False
virtu,slate-briny-girth-virtu,4,False,True
virus,slate-hokum-virus,3,True,True
visas,slate-oasis-visas,3,True,True
vised,slate-runes-mosey-desex-vised,5,False,True
vises,slate-runes-feces-moped-vichy-vibes-vises,7,False,False
visie,slate-rosin-mysie-visie,4,False,True
visit,slate-trout-midst-visit,4,True,True
visna,slate-oasis-kisan-visna,4,False,True
visne,slate-rosin-insee-nisse-visne,5,False,True
vison,slate-hokum-cross-bison-vison,5,False,True
visor,slate-hokum-cross-visor,4,True,True
vista,slate-nymph-vista,3,True,True
visto,slate-forum-knots-visto,4,False,True
vitae,slate-bathe-vitae,3,True,True
vital,slate-taint-vital,3,True,True
vitas,slate-antsy-wombs-paths-ditas-titas-vitas,7,False,False
vitex,slate-titer-cited-bitey-vitex,5,False,True
vitro,slate-count-throw-vitro,4,True,True
vitta,slate-taint-mitta-pitta-vitta,5,False,True
vivas,slate-oasis-minas-aidas-gigas-hibas-kipas-rivas-vivas,9,False,False
vivat,slate-tabor-untag-iddat-vivat,5,False,True
vivda,slate-corny-mafia-pizza-bigha-vivda,6,False,True
viver,slate-diner-parka-fixer-giver-river-hiver-jiver-viver,9,False,False
vives,slate-runes-feces-moped-vichy-vibes-vises-vives,8,False,False
vivid,slate-crony-kudzu-vivid,4,True,True
vivos,slate-hokum-cross-bigos-didos-finos-pivos-vivos,8,False,False
vivre,slate-doing-puree-fibre-vivre,5,False,True
vixen,slate-diner-given-vixen,4,True,True
vizir,slate-crony-quirk-rigid-vizir,5,False,True
vizor,slate-crony-furor-vigor-vizor,5,False,True
vlast,slate-blast-clast-plast-vlast,5,False,True
vleis,slate-flesh-blebs-clegs-ileus-vleis,6,False,True
vlies,slate-flesh-vouch-vlies,4,False,True
vlogs,slate-floss-clogs-blogs-vlogs,5,False,True
voars,slate-curbs-grass-padre-roars-hoars-moars-voars,8,False,False
vobla,slate-molar-voila-vobla,4,False,True
vocab,slate-corny-mocha-vocab,4,False,True
vocal,slate-molar-local-focal-vocal,5,True,True
voces,slate-runes-feces-vices-voces,5,False,True
voddy,slate-crony-budge-doddy-poddy-voddy,6,False,True
vodka,slate-corny-dogma-vodka,4,True,True
vodou,slate-crony-bough-popup-vodou,5,False,True
vodun,slate-crony-bough-fondu-nodum-vodun,6,False,True
voema,slate-radar-hyena-omega-voema,5,False,True
vogie,slate-doing-bogie-cogie-fogie-vogie,6,False,True
vogue,slate-doing-gorge-vogue,4,True,True
voice,slate-doing-voice,3,True,True
voici,slate-crony-pouch-bocci-voici,5,False,True
voids,slate-hokum-boson-corps-doffs-gowds-voids,7,False,False
voila,slate-molar-voila,3,True,True
voile,slate-bingo-voile,3,True,True
voips,slate-hokum-boson-corps-dowps-voips,6,False,True
volae,slate-bangs-apple-volae,4,False,True
volar,slate-molar-polar-bolar-volar,5,False,True
voled,slate-never-vowel-voled,4,False,True
voles,slate-loser-whomp-coles-boles-doles-goles-joles-noles-voles,10,False,False
volet,slate-intel-tyler-bolet-volet,5,False,True
volke,slate-bingo-whole-loupe-dolce-volke,6,False,True
volks,slate-locus-polis-defog-rolls-bolks-holks-volks,8,False,False
volta,slate-waltz-volta,3,True,True
volte,slate-lefte-volte,3,False,True
volti,slate-lofty-molto-volti,4,False,True
volts,slate-lusty-vouch-volts,4,True,True
volva,slate-molar-polka-holla-colza-dolia-volva,7,False,False
volve,slate-bingo-whole-loupe-dolce-volke-volve,7,False,False
vomer,slate-diner-whomp-mover-vomer,5,False,True
vomit,slate-count-robot-vomit,4,True,True
voted,slate-titer-often-doted-voted,5,True,True
voter,slate-titer-pound-voter,4,True,True
votes,slate-cruet-timon-dotes-votes,5,True,True
vouch,slate-crony-pouch-vouch,4,True,True
vouge,slate-doing-gorge-bouge-vouge,5,False,True
voulu,slate-dilly-cholo-poulp-voulu,5,False,True
vowed,slate-diner-moped-oxbow-wives-vowed,6,True,True
vowel,slate-never-vowel,3,True,True
vower,slate-diner-whomp-cower-rower-bower-vower,7,False,False
voxel,slate-never-vowel-voxel,4,False,True
voxes,slate-runes-feces-moped-shook-boxes-goxes-voxes,8,False,False
vozhd,slate-crony-bough-howff-vozhd,5,False,True
vraic,slate-churn-frack-vraic,4,False,True
vrils,slate-locus-whomp-rugby-dirls-vrils,6,False,True
vroom,slate-crony-dumbo-groom-vroom,5,True,True
vrous,slate-hokum-pious-vrous,4,False,True
vrouw,slate-crony-dumbo-group-vrouw,5,False,True
vrows,slate-hokum-cross-pongo-brows-drows-frows-vrows,8,False,False
vuggs,slate-hokum-gussy-bungs-vuggs,5,False,True
vuggy,slate-crony-dumpy-buzzy-huffy-vuggy,6,False,True
vughs,slate-hokum-pubic-gushy-vughs,5,False,True
vughy,slate-crony-dumpy-buzzy-huffy-vughy,6,False,True
vulgo,slate-dilly-color-pulmo-vulgo,5,False,True
vulns,slate-locus-whelp-bulbs-gulfs-vulns,6,False,True
vulva,slate-molar-dally-cilia-fulwa-pulka-vulva,7,False,False
vutty,slate-briny-potty-gutty-cutty-jutty-tutty-vutty,8,False,False
vygie,slate-doing-gimme-fugie-regie-vygie,6,False,True
vying,slate-crony-dying-vying,4,True,True
waacs,slate-curbs-acais-waacs,4,False,True
wacke,slate-corgi-dance-mache-wacke,5,False,True
wacko,slate-corny-macho-wacko,4,True,True
wacks,slate-oasis-brand-pouch-jacks-cacks-kacks-macks-wacks,9,False,False
wacky,slate-corny-wacky,3,True,True
wadas,slate-oasis-brand-dacks-gauds-padas-vadas-wadas,8,False,False
wadds,slate-oasis-brand-dacks-gauds-wadds,6,False,True
waddy,slate-corny-budge-daddy-paddy-faddy-maddy-waddy,8,False,False
waded,slate-radar-jaded-faded-waded,5,True,True
wader,slate-radar-fader-wader,4,True,True
wades,slate-ashen-frock-gumbo-waves-waxes-wades,7,False,False
wadge,slate-corgi-badge-madge-fadge-gadge-vadge-wadge,8,False,False
wadis,slate-oasis-mavis-nazis-cadis-dadis-gadis-kadis-padis-qadis-wadis,11,False,False
wadts,slate-nymph-vista-dwarf-wadts,5,False,True
wafer,slate-radar-pygmy-wafer,4,True,True
waffs,slate-oasis-brand-pouch-mamas-faffs-gaffs-waffs,8,False,False
wafts,slate-nymph-vista-dwarf-wafts,5,True,True
waged,slate-radar-funky-caped-wight-waged,6,True,True
wager,slate-radar-pygmy-eager-wager,5,True,True
wages,slate-ashen-frock-gumbo-pages-wages,6,True,True
wagga,slate-corny-mafia-babka-dagga-wagga,6,False,True
wagon,slate-corny-wagon,3,True,True
wagyu,slate-corny-kayak-wagyu,4,False,True
wahay,slate-corny-budge-hammy-wahay,5,False,True
wahey,slate-radar-cameo-waxen-wahey,5,False,True
wahoo,slate-corny-adobo-kazoo-wahoo,5,False,True
waide,slate-corgi-naive-maize-paipe-waide,6,False,True
waifs,slate-oasis-ripen-maids-baiks-waifs,6,False,True
waift,slate-tabor-humph-faint-waift,5,False,True
wails,slate-balsa-pinch-wormy-wails,5,True,True
wains,slate-oasis-ripen-gains-mains-cains-fains-hains-kains-nains-wains,11,False,False
wairs,slate-oasis-ripen-fairs-hairs-gairs-mairs-vairs-wairs,9,False,False
waist,slate-antsy-waist,3,True,True
waite,slate-acute-matte-parte-nante-vawte-waite,7,False,False
waits,slate-nymph-vista-baits-waits,5,True,True
waive,slate-corgi-naive-waive,4,True,True
wakas,slate-oasis-brand-pouch-mamas-favas-jagas-kakas-wakas,9,False,False
waked,slate-radar-funky-baked-caked-waked,6,True,True
waken,slate-radar-cameo-waxen-waken,5,True,True
waker,slate-radar-pygmy-wafer-waver-waker,6,False,True
wakes,slate-ashen-frock-wimpy-wakes,5,True,True
wakfs,slate-oasis-brand-pouch-mamas-faffs-wakfs,7,False,False
waldo,slate-molar-aglow-waldo,4,False,True
walds,slate-balsa-whomp-walks-walls-walds,6,False,True
waled,slate-rangy-label-paled-daled-ealed-haled-waled,8,False,False
waler,slate-rangy-paler-baler-haler-waler,6,False,True
wales,slate-laser-whomp-wales,4,True,True
walie,slate-bangs-mulch-valve-dalle-walie,6,False,True
walis,slate-balsa-whomp-walks-walls-walds-walis,7,False,False
walks,slate-balsa-whomp-walks,4,True,True
walla,slate-molar-dally-walla,4,True,True
walls,slate-balsa-whomp-walks-walls,5,True,True
wally,slate-molar-dally-wombs-wally,5,True,True
walty,slate-waltz-walty,3,False,True
waltz,slate-waltz,2,True,True
wamed,slate-radar-funky-caped-wight-waved-waxed-wamed,8,False,False
wames,slate-ashen-frock-gumbo-dames-james-wames,7,False,False
wamus,slate-oasis-brand-pouch-favus-kagus-wamus,7,False,False
wands,slate-oasis-brand-hands-wands,5,True,True
waned,slate-radar-funky-caned-waned,5,True,True
wanes,slate-ashen-wanes,3,True,True
waney,slate-radar-cameo-waxen-waney,5,False,True
wangs,slate-oasis-brand-graph-fangs-cangs-kangs-mangs-vangs-wangs,10,False,False
wanks,slate-oasis-brand-graph-yanks-fanks-manks-wanks,8,False,False
wanky,slate-corny-handy-mangy-janky-banky-wanky,7,False,False
wanle,slate-bangs-lance-wanle,4,False,True
wanly,slate-molar-daily-wanly,4,True,True
wanna,slate-corny-mixup-wanna,4,True,True
wanta,slate-taint-panty-manta-wanta,5,False,True
wants,slate-nymph-wants,3,True,True
wanty,slate-taint-panty-banty-canty-janty-manty-nanty-ranty-wanty,10,False,False
wanze,slate-corgi-maybe-fauve-kanae-panne-wanze,7,False,False
waqfs,slate-oasis-brand-pouch-mamas-faffs-wakfs-waqfs,8,False,False
warbs,slate-oasis-brand-carbs-garbs-warbs,6,False,True
warby,slate-corny-parry-hardy-barby-warby,6,False,True
wards,slate-oasis-brand-yucky-wards,5,True,True
wared,slate-radar-epoch-faded-bared-wared,6,False,True
wares,slate-ashen-frock-wormy-wares,5,True,True
warez,slate-radar-harem-carex-karez-warez,6,False,True
warks,slate-oasis-brand-whomp-warks,5,False,True
warms,slate-oasis-brand-whomp-warms,5,True,True
warns,slate-oasis-brand-warns,4,True,True
warps,slate-oasis-brand-whomp-warps,5,False,True
warre,slate-corgi-barre-darre-narre-warre,6,False,True
warst,slate-antsy-waist-warst,4,False,True
warts,slate-nymph-vista-dwarf-warts,5,True,True
warty,slate-taint-party-warty,4,True,True
wases,slate-ashen-frock-gumbo-waves-waxes-wades-wases,8,False,False
washi,slate-oasis-dashi-nashi-washi,5,False,True
washy,slate-oasis-raspy-washy,4,True,True
wasms,slate-oasis-wreck-wasps-wasms,5,False,True
wasps,slate-oasis-wreck-wasps,4,True,True
waspy,slate-oasis-raspy-gaspy-paspy-waspy,6,False,True
waste,slate-teach-wombs-waste,4,True,True
wasts,slate-nymph-vista-casts-basts-fasts-gasts-oasts-wasts,9,False,False
watap,slate-tabor-humph-paint-watap,5,False,True
watch,slate-tabor-humph-catch-watch,5,True,True
water,slate-treed-watch-water,4,True,True
watts,slate-nymph-vista-dwarf-watts,5,True,True
wauff,slate-corny-mafia-faugh-wauff,5,False,True
waugh,slate-corny-mafia-bappu-haugh-kaugh-waugh,7,False,False
wauks,slate-oasis-brand-pouch-gaums-jauks-wauks,7,False,False
waulk,slate-molar-daily-caulk-baulk-waulk,6,False,True
wauls,slate-balsa-pinch-larks-gaols-mauls-wauls,7,False,False
waurs,slate-oasis-brand-whomp-warks-waurs,6,False,True
waved,slate-radar-funky-caped-wight-waved,6,True,True
waver,slate-radar-pygmy-wafer-waver,5,True,True
waves,slate-ashen-frock-gumbo-waves,5,True,True
wavey,slate-radar-cameo-waxen-wahey-wavey,6,False,True
wawas,slate-oasis-brand-pouch-mamas-favas-jagas-kakas-wawas,9,False,False
wawes,slate-ashen-frock-gumbo-waves-waxes-wades-wases-wawes,9,False,False
wawls,slate-balsa-pinch-larks-gaols-mauls-wawls,7,False,False
waxed,slate-radar-funky-caped-wight-waved-waxed,7,True,False
waxen,slate-radar-cameo-waxen,4,True,True
waxer,slate-radar-pygmy-wafer-waver-waker-waxer,7,False,False
waxes,slate-ashen-frock-gumbo-waves-waxes,6,True,True
wayed,slate-radar-funky-bayed-payed-hayed-mayed-wayed,8,False,False
wazir,slate-corny-rabid-fakir-jagir-wazir,6,False,True
wazoo,slate-corny-adobo-kazoo-wazoo,5,True,True
weald,slate-leary-heald-weald,4,False,True
weals,slate-leash-verde-meals-beals-feals-geals-neals-peals-weals,10,False,False
weamb,slate-derby-beach-weamb,4,False,True
weans,slate-redub-wimpy-weans,4,False,True
wears,slate-redub-glyph-fears-wears,5,True,True
weary,slate-derby-weary,3,True,True
weave,slate-prick-mewed-weave,4,True,True
webby,slate-diner-geeky-peppy-jemmy-bevvy-webby,7,False,False
weber,slate-diner-whomp-weber,4,True,True
wecht,slate-titer-pouch-hecht-fecht-wecht,6,False,True
wedel,slate-never-jewel-wedel,4,False,True
wedge,slate-doing-jumbo-hedge-wedge,5,True,True
wedgy,slate-diner-weedy-wedgy,4,False,True
weeds,slate-runes-chess-dweeb-weeds,5,True,True
weedy,slate-diner-weedy,3,True,True
weeis,slate-runes-chess-dweeb-weeks-weeps-weeis,7,False,False
weeke,slate-doing-scrum-peeve-feeze-weeke,6,False,True
weeks,slate-runes-chess-dweeb-weeks,5,True,True
weels,slate-loser-cheep-feels-keels-jeels-weels,7,False,False
weems,slate-runes-chess-dweeb-weeks-weeps-weeis-weems,8,False,False
weens,slate-runes-peeve-needs-feens-keens-weens,7,False,False
weeny,slate-diner-enjoy-weeny,4,True,True
weeps,slate-runes-chess-dweeb-weeks-weeps,6,True,True
weepy,slate-diner-geeky-beefy-weepy,5,True,True
weest,slate-cruet-heist-geest-weest,5,False,True
weete,slate-turbo-white-weete,4,False,True
weets,slate-testy-grind-beets-meets-keets-weets,7,False,False
wefte,slate-turbo-white-weete-wefte,5,False,True
wefts,slate-testy-grind-beets-hefts-wefts,6,False,True
weids,slate-runes-chess-demos-jedis-weids,6,False,True
weigh,slate-diner-emoji-weigh,4,True,True
weils,slate-loser-cheep-belay-veils-deils-meils-weils,8,False,False
weird,slate-diner-redid-weird,4,True,True
weirs,slate-runes-press-throb-emirs-keirs-weirs,7,False,False
weise,slate-rosin-guise-peise-weise,5,False,True
weize,slate-doing-crumb-peize-weize,5,False,True
wekas,slate-ashen-resaw-wekas,4,False,True
welch,slate-never-bough-delph-felch-melch-welch,7,False,False
welds,slate-loser-cheep-belay-wells-welds,6,False,True
welke,slate-bingo-levee-merle-welke,5,False,True
welks,slate-loser-cheep-belay-wells-welds-welks,7,False,False
welkt,slate-intel-dwelt-welkt,4,False,True
wells,slate-loser-cheep-belay-wells,5,True,True
welly,slate-never-bough-jelly-kelly-celly-delly-felly-welly,9,False,False
welsh,slate-loser-cheep-hells-welsh,5,False,True
welts,slate-plumb-lefts-celts-delts-gelts-kelts-welts,8,False,False
wembs,slate-runes-chess-demos-kembs-wembs,6,False,True
wench,slate-diner-xenon-bench-wench,5,True,True
wends,slate-runes-bends-fends-hends-mends-pends-vends-wends,9,False,False
wenge,slate-doing-genre-henge-menge-venge-wenge,7,False,False
wenny,slate-diner-xenon-penny-benny-henny-fenny-genny-jenny-wenny,10,False,False
wents,slate-testy-grind-cents-vents-bents-fents-hents-kents-ments-pents-wents,12,False,False
werfs,slate-runes-press-throb-germs-jerks-dervs-werfs,8,False,False
weros,slate-runes-press-throb-zeros-ceros-deros-keros-weros,9,False,False
wersh,slate-runes-fresh-wersh,4,False,True
wests,slate-testy-pesto-yearn-vests-bests-fests-gests-hests-jests-kests-wests,12,False,False
wetas,slate-asset-betas-fetas-getas-ketas-metas-netas-wetas,9,False,False
wetly,slate-intel-letup-wetly,4,False,True
wexed,slate-diner-moped-gecko-vexed-hexed-wexed,7,False,False
wexes,slate-runes-feces-bedes-hemes-kexes-vexes-wexes,8,False,False
whack,slate-churn-whack,3,True,True
whale,slate-leave-whale,3,True,True
whamo,slate-churn-khaki-bhava-whamo,5,False,True
whams,slate-curbs-amass-foams-dwams-whams,6,False,True
whang,slate-churn-whang,3,True,True
whaps,slate-curbs-amass-dhaks-whaps,5,False,True
whare,slate-prick-aware-whare,4,False,True
wharf,slate-churn-wharf,3,True,True
whata,slate-wrath-whata,3,False,True
whats,slate-combo-whats,3,True,True
whaup,slate-churn-whaup,3,False,True
whaur,slate-churn-whaur,3,False,True
wheal,slate-rangy-medal-equal-wheal,5,False,True
whear,slate-radar-begar-whear,4,False,True
wheat,slate-treed-wheat,3,True,True
wheek,slate-diner-chomp-wheek,4,False,True
wheel,slate-never-excel-wheel,4,True,True
wheen,slate-diner-smock-queen-wheen,5,False,True
wheep,slate-diner-chomp-wheep,4,False,True
wheft,slate-titer-pouch-wheft,4,False,True
whelk,slate-never-wispy-whelk,4,True,True
whelm,slate-never-wispy-whelk-whelm,5,False,True
whelp,slate-never-wispy-whelp,4,True,True
whens,slate-runes-peeve-omens-hyens-whens,6,False,True
where,slate-doing-scrum-where,4,True,True
whets,slate-testy-oxide-frets-evets-khets-whets,7,False,False
whews,slate-runes-chess-whews,4,False,True
wheys,slate-runes-chess-whews-wheys,5,False,True
which,slate-crony-quick-which,4,True,True
whids,slate-hokum-fishy-phish-chins-whids,6,False,True
whies,slate-runes-feces-moped-vichy-ishes-whies,7,False,False
whiff,slate-crony-kudzu-whiff,4,True,True
whift,slate-count-dwarf-whift,4,False,True
whigs,slate-hokum-fishy-phish-chins-whids-whigs,7,False,False
while,slate-bingo-while,3,True,True
whilk,slate-dilly-chili-whilk,4,False,True
whims,slate-hokum-whims,3,True,True
whine,slate-doing-urine-whine,4,True,True
whins,slate-hokum-fishy-phish-chins-whins,6,False,True
whiny,slate-crony-funny-whiny,4,True,True
whios,slate-hokum-frosh-dzhos-whios,5,False,True
whips,slate-hokum-fishy-phish-chips-whips,6,True,True
whipt,slate-count-dwarf-wight-whipt,5,False,True
whirl,slate-dilly-logic-whirl,4,True,True
whirr,slate-crony-quirk-whirr,4,True,True
whirs,slate-hokum-fishy-phish-chins-whids-whigs-whirs,8,False,False
whish,slate-hokum-fishy-phish-whish,5,False,True
whisk,slate-hokum-whisk,3,True,True
whiss,slate-hokum-fishy-phish-whiss,5,False,True
whist,slate-trout-midst-whist,4,True,True
white,slate-turbo-white,3,True,True
whits,slate-forum-whips-whits,4,False,True
whity,slate-briny-moity-whity,4,False,True
whizz,slate-crony-kudzu-whizz,4,True,True
whole,slate-bingo-whole,3,True,True
whomp,slate-crony-whoop-whomp,4,True,True
whoof,slate-crony-whoop-whoof,4,False,True
whoop,slate-crony-whoop,3,True,True
whoot,slate-count-divot-bhoot-whoot,5,False,True
whops,slate-hokum-frosh-chops-whops,5,False,True
whore,slate-doing-probe-chore-whore,5,False,True
whorl,slate-dilly-prowl-whorl,4,True,True
whort,slate-count-divot-thoft-whort,5,False,True
whose,slate-rosin-whose,3,True,True
whoso,slate-hokum-frosh-choss-whoso,5,False,True
whows,slate-hokum-frosh-chops-dhows-whows,6,False,True
whump,slate-crony-kudzu-mixup-whump,5,False,True
whups,slate-hokum-pubic-whups,4,False,True
whyda,slate-corny-kayak-phyma-whyda,5,False,True
wicca,slate-corny-magic-wicca,4,True,True
wicks,slate-hokum-frisk-kinds-picks-wicks,6,True,True
wicky,slate-crony-mucky-picky-dicky-bicky-kicky-wicky,8,False,False
widdy,slate-crony-dumpy-giddy-biddy-kiddy-widdy,7,False,False
widen,slate-diner-widen,3,True,True
wider,slate-diner-crewe-wider,4,True,True
wides,slate-runes-feces-moped-hides-bides-wides,7,False,False
widow,slate-crony-bough-widow,4,True,True
width,slate-briny-width,3,True,True
wield,slate-never-wispy-wield,4,True,True
wiels,slate-loser-cheep-duels-wiels,5,False,True
wifed,slate-diner-video-biped-remix-hiked-fifed-wifed,8,False,False
wifes,slate-runes-feces-wifes,4,False,True
wifey,slate-diner-bicep-jivey-wifey,5,False,True
wifie,slate-doing-puree-bikie-civie-fixie-wifie,7,False,False
wifts,slate-forum-gifts-tifts-wifts,5,False,True
wifty,slate-briny-waked-witty-wifty,5,False,True
wigan,slate-corny-admin-wigan,4,True,True
wigga,slate-corny-mafia-pizza-bigha-wigga,6,False,True
wiggy,slate-crony-dumpy-jiffy-biggy-wiggy,6,False,True
wight,slate-count-dwarf-wight,4,True,True
wikis,slate-hokum-pikis-wikis,4,False,True
wilco,slate-dilly-zilch-wilco,4,True,True
wilds,slate-locus-whomp-wilds,4,True,True
wiled,slate-never-dumpy-oiled-filed-wiled,6,True,True
wiles,slate-loser-wimpy-wiles,4,True,True
wilga,slate-molar-dally-cilia-wilga,5,False,True
wilis,slate-locus-whomp-wilds-wills-wilis,6,False,True
wilja,slate-molar-dally-cilia-wilga-wilja,6,False,True
wills,slate-locus-whomp-wilds-wills,5,True,True
willy,slate-dilly-whiff-willy,4,True,True
wilts,slate-lusty-vouch-tilts-gilts-jilts-kilts-milts-wilts,9,False,False
wimps,slate-hokum-missy-wimps,4,True,True
wimpy,slate-crony-dumpy-wimpy,4,True,True
wince,slate-doing-wince,3,True,True
winch,slate-crony-blimp-winch,4,True,True
winds,slate-hokum-crisp-dweeb-winds,5,True,True
windy,slate-crony-pudgy-windy,4,True,True
wined,slate-diner-wimpy-wined,4,True,True
wines,slate-runes-crimp-vowed-wines,5,True,True
winey,slate-diner-piney-winey,4,True,True
winge,slate-doing-hinge-binge-ginge-minge-pinge-ringe-winge,9,False,False
wings,slate-hokum-crisp-dweeb-wings,5,True,True
wingy,slate-crony-pudgy-bingy-kingy-mingy-wingy,7,False,False
winks,slate-hokum-frisk-kinds-wraps-winks,6,True,True
winky,slate-crony-pudgy-kinky-hinky-binky-winky,7,False,False
winna,slate-corny-mixup-dinna-winna,5,False,True
winns,slate-hokum-crisp-dweeb-wings-winns,6,False,True
winos,slate-hokum-cross-bigos-didos-finos-vinos-winos,8,False,False
winze,slate-doing-wince-winze,4,False,True
wiped,slate-diner-video-biped-piped-wiped,6,True,True
wiper,slate-diner-parka-wiper,4,True,True
wipes,slate-runes-feces-moped-pipes-wipes,6,True,True
wired,slate-diner-whomp-wired,4,True,True
wirer,slate-diner-parka-hirer-firer-wirer,6,False,True
wires,slate-runes-porch-fires-wires,5,True,True
wirra,slate-corny-parka-firma-jirga-wirra,6,False,True
wirri,slate-crony-quirk-bidri-pirri-wirri,6,False,True
wised,slate-runes-mosey-desex-vised-wised,6,False,True
wiser,slate-runes-wiser,3,True,True
wises,slate-runes-feces-moped-vichy-bikes-wises,7,False,False
wisha,slate-oasis-kisan-wisha,4,False,True
wisht,slate-trout-midst-visit-wisht,5,False,True
wisps,slate-hokum-crisp-wispy-wisps,5,True,True
wispy,slate-hokum-crisp-wispy,4,True,True
wists,slate-forum-whips-wists,4,False,True
witan,slate-tabor-untag-witan,4,False,True
witch,slate-count-howdy-witch,4,True,True
wited,slate-titer-cited-dited-kited-wited,6,False,True
wites,slate-cruet-timon-bites-kites-dites-gites-wites,8,False,False
withe,slate-chirp-tithe-hithe-kithe-withe,6,False,True
withs,slate-trout-ditsy-jitis-kiths-piths-withs,7,False,False
withy,slate-count-ritzy-pithy-withy,5,False,True
witty,slate-briny-waked-witty,4,True,True
wived,slate-diner-video-hived-gived-jived-wived,7,False,False
wiver,slate-diner-parka-fixer-giver-river-hiver-jiver-viver-wiver,10,False,False
wives,slate-runes-feces-moped-vichy-gives-wives,7,True,False
wizen,slate-diner-given-hizen-mizen-wizen,6,False,True
wizes,slate-runes-feces-moped-vichy-bikes-wises-wizes,8,False,False
wizzo,slate-crony-bough-widow-wizzo,5,False,True
woads,slate-curbs-amass-dhaks-goads-woads,6,False,True
woady,slate-churn-foamy-woady,4,False,True
woald,slate-curia-loamy-poalo-woald,5,False,True
wocks,slate-hokum-crowd-wocks,4,False,True
wodge,slate-doing-bodge-modge-podge-wodge,6,False,True
wodgy,slate-crony-budge-dodgy-podgy-wodgy,6,False,True
woful,slate-dilly-prowl-woful,4,False,True
wojus,slate-hokum-bonus-focus-podus-wojus,6,False,True
woken,slate-diner-smock-woken,4,True,True
woker,slate-diner-whomp-woker,4,False,True
wokka,slate-corny-dogma-poppa-hooha-wokka,6,False,True
wolds,slate-locus-polis-defog-holds-molds-bolds-wolds,8,False,False
wolfs,slate-locus-polis-defog-folks-rolfs-wolfs,7,False,False
wolly,slate-dilly-befog-lymph-jolly-colly-rolly-wolly,8,False,False
wolve,slate-bingo-whole-wolve,4,False,True
woman,slate-corny-woman,3,True,True
womas,slate-oasis-comas-bomas-homas-nomas-pomas-womas,8,False,False
wombs,slate-hokum-mossy-brown-wombs,5,True,True
womby,slate-crony-budge-hobby-womby,5,False,True
women,slate-diner-smock-women,4,True,True
womyn,slate-crony-dykon-womyn,4,False,True
wonga,slate-corny-woman-wonga,4,False,True
wongi,slate-crony-bough-mongo-wongi,5,False,True
wonks,slate-hokum-crowd-gowks-wonks,5,False,True
wonky,slate-crony-wonky,3,True,True
wonts,slate-forum-tooth-costs-doits-nowts-wonts,7,False,False
woods,slate-hokum-boson-dwarf-woods,5,True,True
woody,slate-crony-dough-moody-woody,5,True,True
wooed,slate-diner-moped-oxbow-wooed,5,True,True
wooer,slate-diner-whomp-wooer,4,True,True
woofs,slate-hokum-boson-dwarf-woofs,5,False,True
woofy,slate-crony-dough-boozy-kooky-poofy-woofy,7,False,False
woold,slate-dilly-would-world-woold,5,False,True
wools,slate-locus-polis-whiff-wools,5,False,True
wooly,slate-dilly-scowl-wooly,4,True,True
woons,slate-hokum-boson-coons-goons-noons-poons-roons-woons,9,False,False
woops,slate-hokum-boson-dwarf-woops,5,False,True
woopy,slate-crony-dough-boozy-kooky-poofy-woopy,7,False,False
woose,slate-rosin-dumpy-goose-boose-woose,6,False,True
woosh,slate-hokum-johns-posho-woosh,5,False,True
wootz,slate-briny-mouth-potto-wootz,5,False,True
woozy,slate-crony-dough-boozy-woozy,5,True,True
words,slate-hokum-boson-corps-words,5,True,True
wordy,slate-crony-dowry-wordy,4,True,True
works,slate-hokum-crowd-works,4,True,True
worky,slate-crony-dowry-wormy-worky,5,False,True
world,slate-dilly-would-world,4,True,True
worms,slate-hokum-mossy-brown-worms,5,True,True
wormy,slate-crony-dowry-wormy,4,True,True
worry,slate-crony-dowry-worry,4,True,True
worse,slate-rosin-worse,3,True,True
worst,slate-trout-worst,3,True,True
worth,slate-briny-forth-worth,4,True,True
worts,slate-forum-ports-borts-dorts-jorts-rorts-torts-worts,9,False,False
would,slate-dilly-would,3,True,True
wound,slate-crony-bound-whomp-wound,5,True,True
woven,slate-diner-smock-woven,4,True,True
wowed,slate-diner-moped-oxbow-wives-wowed,6,True,True
wowee,slate-doing-bocce-homme-roque-kopje-wowee,7,False,False
wowse,slate-rosin-dumpy-goose-bowse-wowse,6,False,True
woxen,slate-diner-smock-woven-woxen,5,False,True
wrack,slate-churn-frack-wrack,4,True,True
wrang,slate-churn-gaped-krang-orang-wrang,6,False,True
wraps,slate-curbs-grass-wraps,4,True,True
wrapt,slate-grunt-tract-draft-krait-wrapt,6,False,True
wrast,slate-bronc-trash-wrast,4,False,True
wrate,slate-corgi-prate-frate-urate-wrate,6,False,True
wrath,slate-wrath,2,True,True
wrawl,slate-curia-drawl-brawl-wrawl,5,False,True
wreak,slate-radar-wombs-wreak,4,True,True
wreck,slate-diner-merry-wreck,4,True,True
wrens,slate-runes-ferns-brens-grens-wrens,6,False,True
wrest,slate-cruet-wrest,3,True,True
wrick,slate-crony-brick-prick-wrick,5,False,True
wried,slate-diner-pricy-fried-wried,5,False,True
wrier,slate-diner-crier-brier-frier-prier-wrier,7,False,False
wries,slate-runes-porch-fries-dries-bries-wries,7,False,False
wring,slate-crony-bring-wring,4,True,True
wrist,slate-trout-grist-wrist,4,True,True
write,slate-turbo-write,3,True,True
writs,slate-forum-brits-grits-crits-writs,6,False,True
wroke,slate-doing-probe-froze-crome-wroke,6,False,True
wrong,slate-crony-wrong,3,True,True
wroot,slate-count-divot-bhoot-proot-wroot,6,False,True
wrote,slate-turbo-wrote,3,True,True
wroth,slate-briny-truth-froth-wroth,5,False,True
wrung,slate-crony-bring-wrung,4,True,True
wryer,slate-diner-whomp-weber-wryer,5,False,True
wryly,slate-dilly-scowl-wryly,4,True,True
wuddy,slate-crony-dumpy-fudgy-buddy-wuddy,6,False,True
wudus,slate-hokum-virus-bubus-dufus-pudus-wudus,7,False,False
wuffs,slate-hokum-gussy-bronc-puffs-duffs-fuffs-wuffs,8,False,False
wulls,slate-locus-whelp-wulls,4,False,True
wunga,slate-corny-admin-ganja-punga-wunga,6,False,True
wurst,slate-trout-burst-wurst,4,True,True
wuses,slate-runes-bosom-fuses-puses-wuses,6,False,True
wushu,slate-hokum-pubic-gushy-wushu,5,False,True
wussy,slate-hokum-gussy-fussy-pussy-wussy,6,False,True
wuxia,slate-corny-mafia-bivia-wuxia,5,False,True
wyled,slate-never-dumpy-yodel-wyled,5,False,True
wyles,slate-loser-wimpy-wyles,4,False,True
wynds,slate-hokum-crisp-wynds,4,False,True
wynns,slate-hokum-crisp-wynds-wynns,5,False,True
wyted,slate-titer-often-meted-wyted,5,False,True
wytes,slate-cruet-timon-bytes-gytes-kytes-wytes,7,False,False
wythe,slate-chirp-ethne-hythe-kythe-tythe-wythe,7,False,False
xebec,slate-diner-chomp-xebec,4,False,True
xenia,slate-radar-hyena-genoa-xenia,5,False,True
xenic,slate-diner-ennui-genic-xenic,5,False,True
xenon,slate-diner-xenon,3,True,True
xeric,slate-diner-reiki-ceric-xeric,5,False,True
xerox,slate-diner-merry-perch-xerox,5,True,True
xerus,slate-runes-users-ecrus-xerus,5,False,True
xoana,slate-churn-piano-moana-xoana,5,False,True
xolos,slate-locus-polis-defog-bolos-holos-kolos-molos-nolos-xolos,10,False,False
xrays,slate-curbs-grass-wraps-araks-drams-frais-orans-xrays,9,False,False
xviii,slate-crony-kudzu-whiff-xviii,5,False,True
xylan,slate-molar-lilac-gulag-bylaw-xylan,6,False,True
xylem,slate-never-dumpy-xylem,4,False,True
xylic,slate-dilly-cylix-xylic,4,False,True
xylol,slate-dilly-xylol,3,False,True
xylyl,slate-dilly-xylol-xylyl,4,False,True
xysti,slate-forum-whips-xysti,4,False,True
xysts,slate-forum-whips-cysts-xysts,5,False,True
yaars,slate-curbs-grass-padre-haars-maars-yaars,7,False,False
yaass,slate-curbs-amass-yaass,4,False,True
yabas,slate-oasis-brand-cabas-yabas,5,False,True
yabba,slate-corny-kayak-yabba,4,False,True
yabby,slate-corny-budge-fabby-yabby,5,False,True
yacca,slate-corny-yucca-yacca,4,False,True
yacht,slate-tabor-humph-yacht,4,True,True
yacka,slate-corny-yucca-yacka,4,False,True
yacks,slate-oasis-brand-pouch-jacks-cacks-kacks-macks-wacks-yacks,10,False,False
yadda,slate-corny-kayak-yabba-yadda,5,False,True
yaffs,slate-oasis-brand-pouch-mamas-faffs-gaffs-waffs-yaffs,9,False,False
yager,slate-radar-pygmy-yager,4,False,True
yages,slate-ashen-frock-gumbo-pages-wages-yages,7,False,False
yagis,slate-oasis-mavis-nazis-cadis-garis-yagis,7,False,False
yagna,slate-corny-yagna,3,False,True
yahoo,slate-corny-bayou-yahoo,4,True,True
yaird,slate-corny-hydra-yaird,4,False,True
yajna,slate-corny-yagna-yajna,4,False,True
yakka,slate-corny-kayak-yakka,4,False,True
yakow,slate-corny-bayou-yahoo-yakow,5,False,True
yales,slate-laser-whomp-vying-yales,5,False,True
yamen,slate-radar-cameo-gamey-yamen,5,False,True
yampa,slate-corny-kayak-yabba-yadda-yampa,6,False,True
yampy,slate-corny-budge-hammy-vampy-yampy,6,False,True
yamun,slate-corny-mayan-yamun,4,False,True
yandy,slate-corny-handy-dandy-bandy-gandy-kandy-mandy-pandy-yandy,10,False,False
yangs,slate-oasis-brand-graph-fangs-cangs-kangs-mangs-vangs-wangs-yangs,11,False,False
yanks,slate-oasis-brand-graph-yanks,5,True,True
yapok,slate-corny-bayou-yahoo-yakow-yapok,6,False,True
yapon,slate-corny-anyon-yapon,4,False,True
yapps,slate-oasis-brand-pouch-vamps-gawps-yapps,7,False,False
yappy,slate-corny-budge-hammy-jazzy-yappy,6,True,True
yarak,slate-corny-hyrax-yarak,4,False,True
yarco,slate-corny-yarco,3,False,True
yards,slate-oasis-brand-yucky-yards,5,True,True
yarer,slate-radar-carer-barer-parer-farer-oarer-yarer,8,False,False
yarfa,slate-corny-hyrax-yarfa,4,False,True
yarks,slate-oasis-brand-whomp-racks-jarks-karks-yarks,8,False,False
yarns,slate-oasis-brand-warns-yarns,5,True,True
yarra,slate-corny-hyrax-yarfa-yarra,5,False,True
yarrs,slate-oasis-brand-whomp-racks-gaurs-yarrs,7,False,False
yarta,slate-taint-party-yarta,4,False,True
yarto,slate-taint-party-yarta-yarto,5,False,True
yates,slate-asset-butch-groom-dates-fates-nates-pates-tates-yates,10,False,False
yatra,slate-tabor-carat-matra-yatra,5,False,True
yauds,slate-oasis-brand-dacks-gauds-hauds-mauds-yauds,8,False,False
yauld,slate-molar-daily-yauld,4,False,True
yaups,slate-oasis-brand-pouch-gaups-jaups-yaups,7,False,False
yawed,slate-radar-funky-bayed-yawed,5,False,True
yawey,slate-radar-cameo-waxen-yawey,5,False,True
yawls,slate-balsa-pinch-larks-gaols-mauls-wawls-yawls,8,False,False
yawns,slate-oasis-brand-pawns-yawns,5,True,True
yawny,slate-corny-nanny-fawny-yawny,5,False,True
yawps,slate-oasis-brand-pouch-vamps-gawps-yawps,7,False,False
yayas,slate-oasis-brand-pouch-mamas-favas-jagas-kakas-wawas-yayas,10,False,False
ybore,slate-doing-probe-ybore,4,False,True
yclad,slate-molar-lilac-yclad,4,False,True
ycled,slate-never-dumpy-yodel-ycled,5,False,True
ycond,slate-crony-ycond,3,False,True
ydrad,slate-corny-hyrax-yarak-ydrad,5,False,True
ydred,slate-diner-befog-creed-mured-ydred,6,False,True
yeads,slate-redub-heads-meads-deads-yeads,6,False,True
yeahs,slate-redub-wimpy-yeahs,4,False,True
yealm,slate-leary-yealm,3,False,True
yeans,slate-redub-wimpy-yeahs-yeans,5,False,True
yeard,slate-derby-yeard,3,False,True
yearn,slate-derby-yearn,3,True,True
years,slate-redub-glyph-years,4,True,True
yeast,slate-tufty-yeast,3,True,True
yecch,slate-diner-geeky-yecch,4,False,True
yechs,slate-runes-chess-echos-hecks-mechs-pechs-yechs,8,False,False
yechy,slate-diner-geeky-peppy-jemmy-bevvy-fezzy-yechy,8,False,False
yedes,slate-runes-feces-bedes-pedes-yedes,6,False,True
yeeds,slate-runes-chess-dweeb-feeds-meeds-yeeds,7,False,False
yeeek,slate-diner-chomp-queek-yeeek,5,False,True
yeesh,slate-runes-messy-yeesh,4,False,True
yeggs,slate-runes-chess-demos-jeffs-kepis-yeggs,7,False,False
yelks,slate-loser-cheep-belay-yells-yelks,6,False,True
yells,slate-loser-cheep-belay-yells,5,True,True
yelms,slate-loser-cheep-belay-yells-yelks-yelms,7,False,False
yelps,slate-loser-cheep-kelps-yelps,5,False,True
yelts,slate-plumb-lefts-celts-delts-gelts-kelts-welts-yelts,9,False,False
yenta,slate-earth-aceta-betta-menta-nenta-yenta,7,False,False
yente,slate-turbo-white-dente-kente-yente,6,False,True
yerba,slate-radar-opera-erica-herma-nerka-verba-yerba,8,False,False
yerds,slate-runes-press-throb-germs-jerks-dervs-yerds,8,False,False
yerks,slate-runes-press-throb-germs-jerks-yerks,7,False,False
yeses,slate-runes-feces-bedes-hemes-kexes-veges-yeses,8,False,False
yesks,slate-runes-chess-desks-yesks,5,False,True
yests,slate-testy-yests,3,False,True
yesty,slate-testy-zesty-festy-nesty-pesty-resty-yesty,8,False,False
yetis,slate-cruet-ethos-tends-metis-yetis,6,False,True
yetts,slate-testy-yetts,3,False,True
yeuch,slate-diner-geeky-yecch-yeuch,5,False,True
yeuks,slate-runes-feuds-geums-yeuks,5,False,True
yeuky,slate-diner-geeky-pecky-yeuky,5,False,True
yeven,slate-diner-smock-queen-eeven-yeven,6,False,True
yeves,slate-runes-feces-bedes-hemes-kexes-veges-yeves,8,False,False
yewen,slate-diner-smock-queen-eeven-heben-yewen,7,False,False
yexed,slate-diner-moped-gecko-vexed-hexed-wexed-yexed,8,False,False
yexes,slate-runes-feces-bedes-hemes-kexes-vexes-wexes-yexes,9,False,False
yfere,slate-doing-scrum-where-brere-yfere,6,False,True
yield,slate-never-wispy-yield,4,True,True
yiked,slate-diner-video-biped-remix-hiked-eiked-fiked-yiked,9,False,False
yikes,slate-runes-feces-moped-vichy-yikes,6,True,True
yills,slate-locus-whomp-rugby-idyls-yills,6,False,True
yince,slate-doing-wince-mince-pince-rince-yince,7,False,False
yipes,slate-runes-feces-moped-pipes-wipes-hipes-kipes-yipes,9,False,False
yippy,slate-crony-dumpy-zippy-hippy-bippy-gippy-pippy-yippy,9,False,False
yirds,slate-hokum-crisp-rings-birds-jirds-yirds,7,False,False
yirks,slate-hokum-frisk-risky-yirks,5,False,True
yirrs,slate-hokum-crisp-rings-birds-yirrs,6,False,True
yirth,slate-briny-ryoti-yirth,4,False,True
yites,slate-cruet-timon-bites-kites-dites-gites-wites-yites,9,False,False
yitie,slate-chirp-tinge-kitke-mitie-yitie,6,False,True
ylems,slate-flesh-blebs-clegs-ileus-oleos-plews-ylems,8,False,False
ylide,slate-bipod-glide-elide-ylide,5,False,True
ylids,slate-floss-plums-blins-kliks-ylids,6,False,True
ylike,slate-bipod-clime-glike-ylike,5,False,True
ylkes,slate-flesh-vouch-plies-ylkes,5,False,True
ymolt,slate-guilt-powlt-ymolt,4,False,True
ympes,slate-runes-feces-moped-ympes,5,False,True
yobbo,slate-crony-dohyo-yobbo,4,False,True
yobby,slate-crony-budge-hobby-mobby-pobby-yobby,7,False,False
yocks,slate-hokum-crowd-jocks-bocks-nocks-pocks-yocks,8,False,False
yodel,slate-never-dumpy-yodel,4,True,True
yodhs,slate-hokum-johns-boohs-qophs-yodhs,6,False,True
yodle,slate-bingo-whole-joule-colle-foyle-yodle,7,False,False
yogas,slate-oasis-comas-bobas-donas-goras-yogas,7,False,False
yogee,slate-doing-gorge-vogue-yogee,5,False,True
yoghs,slate-hokum-johns-boohs-qophs-yodhs-yoghs,7,False,False
yogic,slate-crony-yogic,3,False,True
yogin,slate-crony-dykon-womyn-yogin,5,False,True
yogis,slate-hokum-boson-corps-doffs-gojis-yogis,7,False,False
yohah,slate-corny-boyau-yohah,4,False,True
yohay,slate-corny-booay-howay-yohay,5,False,True
yoick,slate-crony-yogic-yoick,4,False,True
yojan,slate-corny-noyau-yojan,4,False,True
yokan,slate-corny-noyau-yojan-yokan,5,False,True
yoked,slate-diner-moped-oxbow-yoked,5,True,True
yokeg,slate-diner-chomp-bogey-yokeg,5,False,True
yokel,slate-never-dumpy-yokel,4,True,True
yoker,slate-diner-whomp-rocky-yoker,5,False,True
yokes,slate-runes-feces-moped-shook-jokes-bokes-gokes-yokes,9,False,False
yokul,slate-dilly-lymph-nonyl-yokul,5,False,True
yolks,slate-locus-polis-defog-rolls-bolks-holks-volks-yolks,9,False,False
yolky,slate-dilly-bulky-folky-yolky,5,False,True
yolps,slate-locus-polis-golps-yolps,5,False,True
yomim,slate-crony-dohyo-goyim-yomim,5,False,True
yomps,slate-hokum-mossy-yomps,4,False,True
yonic,slate-crony-yonic,3,False,True
yonis,slate-hokum-boson-noisy-yonis,5,False,True
yonks,slate-hokum-crowd-bonks-gonks-konks-ponks-yonks,8,False,False
yonny,slate-crony-downy-bonny-nonny-yonny,6,False,True
yoofs,slate-hokum-boson-dwarf-coofs-goofs-poofs-yoofs,8,False,False
yoops,slate-hokum-boson-dwarf-poops-coops-goops-yoops,8,False,False
yopos,slate-hokum-boson-cocos-dodos-fogos-popos-yopos,8,False,False
yoppo,slate-crony-dohyo-yobbo-yoppo,5,False,True
yores,slate-runes-porch-bores-dores-fores-gores-kores-mores-yores,10,False,False
yorga,slate-corny-yorga,3,False,True
yorks,slate-hokum-crowd-forks-borks-norks-porks-yorks,8,False,False
yorps,slate-hokum-boson-corps-dorps-gorps-yorps,7,False,False
youks,slate-hokum-bouks-douks-gouks-jouks-pouks-rouks-youks,9,False,False
young,slate-crony-young,3,True,True
yourn,slate-crony-gyron-yourn,4,False,True
yours,slate-hokum-unify-yours,4,True,True
yourt,slate-count-doubt-poupt-yourt,5,False,True
youse,slate-rosin-dumpy-youse,4,True,True
youth,slate-briny-youth,3,True,True
yowed,slate-diner-moped-oxbow-wives-cowed-jowed-yowed,8,False,False
yowes,slate-runes-feces-moped-shook-boxes-goves-yowes,8,False,False
yowie,slate-doing-moxie-bowie-powie-rowie-yowie,7,False,False
yowls,slate-locus-polis-whiff-bowls-dowls-gowls-jowls-nowls-yowls,10,False,False
yowsa,slate-oasis-ascon-dorsa-yowsa,5,False,True
yowza,slate-corny-boyau-yowza,4,False,True
yoyos,slate-hokum-boson-cocos-dodos-fogos-popos-yoyos,8,False,False
yrapt,slate-grunt-tract-draft-krait-wrapt-yrapt,7,False,False
yrent,slate-titer-erect-brent-drent-prent-urent-yrent,8,False,False
yrivd,slate-crony-yrivd,3,False,True
yrneh,slate-diner-renew-yrneh,4,False,True
ysame,slate-cease-usage-ysame,4,False,True
ytost,slate-trout-ytost,3,False,True
yuans,slate-curbs-quads-guans-yuans,5,False,True
yucas,slate-oasis-wrung-bubas-dukas-humas-pujas-yucas,8,False,False
yucca,slate-corny-yucca,3,True,True
yucch,slate-crony-yucch,3,False,True
yucko,slate-crony-yogic-yucko,4,False,True
yucks,slate-hokum-dusky-yucks,4,False,True
yucky,slate-crony-mucky-yucky,4,True,True
yufts,slate-forum-tufts-yufts,4,False,True
yugas,slate-oasis-wrung-gugas-yugas,5,False,True
yuked,slate-diner-moped-gecko-juked-euked-yuked,7,False,False
yukes,slate-runes-bosom-dudes-cukes-jukes-pukes-yukes,8,False,False
yukky,slate-crony-dumpy-buzzy-huffy-vuggy-yukky,7,False,False
yukos,slate-hokum-bukos-yukos,4,False,True
yulan,slate-molar-lilac-gulag-kulak-yulan,6,False,True
yules,slate-loser-wimpy-fyles-yules,5,False,True
yummo,slate-crony-dohyo-gyppo-yummo,5,False,True
yummy,slate-crony-dumpy-young-yummy,5,True,True
yumps,slate-hokum-music-jibed-pumps-gumps-numps-rumps-yumps,9,False,False
yupon,slate-crony-dykon-yupon,4,False,True
yuppy,slate-crony-dumpy-puppy-guppy-buppy-yuppy,7,False,False
yurta,slate-taint-aorta-kurta-yurta,5,False,True
yurts,slate-forum-hurts-nurts-yurts,5,False,True
yuzus,slate-hokum-virus-bubus-dufus-jujus-nunus-pupus-yuzus,9,False,False
zabra,slate-corny-rabid-kabar-zabra,5,False,True
zacks,slate-oasis-brand-pouch-jacks-cacks-kacks-macks-wacks-yacks-zacks,11,False,False
zaida,slate-corny-mafia-baiza-zaida,5,False,True
zaide,slate-corgi-naive-maize-zaide,5,False,True
zaidy,slate-corny-budge-daffy-zaidy,5,False,True
zaire,slate-corgi-afire-zaire,4,True,True
zakat,slate-tabor-humph-faint-zakat,5,False,True
zamac,slate-corny-magic-zamac,4,False,True
zamak,slate-corny-mafia-badam-zamak,5,False,True
zaman,slate-corny-admin-human-zaman,5,False,True
zambo,slate-corny-adobo-mambo-gambo-jambo-zambo,7,False,False
zamia,slate-corny-mafia-zamia,4,False,True
zamis,slate-oasis-mavis-camis-kamis-ramis-zamis,7,False,False
zanja,slate-corny-admin-ganja-zanja,5,False,True
zante,slate-acute-matte-parte-nante-zante,6,False,True
zanza,slate-corny-admin-ganja-nanua-zanza,6,False,True
zanze,slate-corgi-maybe-fauve-kanae-panne-wanze-zanze,8,False,False
zappy,slate-corny-budge-hammy-jazzy-zappy,6,False,True
zarda,slate-corny-parka-barra-darga-varda-zarda,7,False,False
zarfs,slate-oasis-brand-whomp-racks-gaurs-varas-zarfs,8,False,False
zaris,slate-oasis-mavis-nazis-zaris,5,False,True
zatis,slate-antsy-wombs-paths-jatis-katis-zatis,7,False,False
zawns,slate-oasis-brand-pawns-yawns-fawns-jawns-mawns-zawns,9,False,False
zaxes,slate-ashen-frock-gumbo-waves-eases-dazes-zaxes,8,False,False
zayde,slate-corgi-maybe-payee-fayne-zayde,6,False,True
zayin,slate-corny-mayan-zayin,4,False,True
zazen,slate-radar-cameo-waxen-haven-baken-zazen,7,False,False
zeals,slate-leash-verde-meals-beals-feals-geals-neals-peals-weals-zeals,11,False,False
zebec,slate-diner-chomp-xebec-zebec,5,False,True
zebra,slate-radar-opera-zebra,4,True,True
zebub,slate-diner-geeky-bebop-zebub,5,False,True
zebus,slate-runes-feuds-jehus-meous-zebus,6,False,True
zedas,slate-ashen-resaw-degas-zedas,5,False,True
zeera,slate-radar-opera-jeera-zeera,5,False,True
zeins,slate-runes-peeve-necks-beins-meins-zeins,7,False,False
zendo,slate-diner-bendy-kendo-zendo,5,False,True
zerda,slate-radar-armed-zerda,4,False,True
zerks,slate-runes-press-throb-germs-jerks-yerks-zerks,8,False,False
zeros,slate-runes-press-throb-zeros,5,True,True
zests,slate-testy-pesto-yearn-vests-bests-fests-gests-hests-jests-kests-wests-zests,13,False,False
zesty,slate-testy-zesty,3,True,True
zetas,slate-asset-betas-fetas-getas-ketas-metas-netas-wetas-zetas,10,False,False
zexes,slate-runes-feces-bedes-hemes-kexes-vexes-wexes-yexes-zexes,10,False,False
zezes,slate-runes-feces-bedes-hemes-kexes-veges-yeses-zezes,9,False,False
zhomo,slate-crony-whoop-zhomo,4,False,True
zhush,slate-hokum-pubic-frush-zhush,5,False,True
zhuzh,slate-crony-kudzu-zhuzh,4,False,True
zibet,slate-titer-bidet-zibet,4,False,True
ziffs,slate-hokum-crisp-dweeb-finis-jiffs-viffs-ziffs,8,False,False
zigan,slate-corny-admin-wigan-zigan,5,False,True
zikrs,slate-hokum-pikis-zikrs,4,False,True
zilas,slate-balsa-aglus-colas-hylas-nilas-qilas-zilas,8,False,False
zilch,slate-dilly-zilch,3,True,True
zilla,slate-molar-dally-villa-zilla,5,False,True
zills,slate-locus-whomp-rugby-fills-kills-dills-jills-nills-vills-zills,11,False,False
zimbi,slate-crony-kudzu-zimbi,4,False,True
zimbs,slate-hokum-missy-wimps-nimbs-zimbs,6,False,True
zinco,slate-crony-ionic-zinco,4,False,True
zincs,slate-hokum-crisp-discs-zincs,5,False,True
zincy,slate-crony-nicky-mincy-zincy,5,False,True
zineb,slate-diner-piney-vinew-zineb,5,False,True
zines,slate-runes-crimp-vowed-fines-nines-bines-kines-zines,9,False,False
zings,slate-hokum-crisp-dweeb-finis-gings-jings-zings,8,False,False
zingy,slate-crony-pudgy-bingy-kingy-mingy-wingy-zingy,8,False,False
zinke,slate-doing-wince-minke-zinke,5,False,True
zinky,slate-crony-pudgy-kinky-hinky-binky-winky-zinky,8,False,False
zinos,slate-hokum-cross-bigos-didos-finos-vinos-winos-zinos,9,False,False
zippo,slate-crony-bough-widow-zippo,5,False,True
zippy,slate-crony-dumpy-zippy,4,True,True
ziram,slate-corny-parka-abrim-diram-ziram,6,False,True
zitis,slate-trout-ditsy-jitis-mitis-zitis,6,False,True
zitty,slate-briny-waked-fifty-titty-jitty-zitty,7,False,False
zizel,slate-never-dumpy-bowel-chiel-zizel,6,False,True
zizit,slate-count-dwarf-might-pipit-zizit,6,False,True
zlote,slate-flute-elite-clote-zlote,5,False,True
zloty,slate-glitz-zloty,3,False,True
zoaea,slate-derby-zoaea,3,False,True
zobos,slate-hokum-boson-gobos-zobos,5,False,True
zobus,slate-hokum-bonus-zobus,4,False,True
zocco,slate-crony-pouch-bocci-zocco,5,False,True
zoeae,slate-corgi-novae-zoeae,4,False,True
zoeal,slate-rangy-medal-equal-wheal-zoeal,6,False,True
zoeas,slate-ashen-resaw-ideas-oxeas-zoeas,6,False,True
zoism,slate-hokum-bosom-zoism,4,False,True
zoist,slate-trout-whomp-foist-joist-zoist,6,False,True
zokor,slate-crony-furor-vigor-bomor-zokor,6,False,True
zolle,slate-bingo-whole-joule-colle-molle-zolle,7,False,False
zombi,slate-crony-bough-kombi-zombi,5,False,True
zonae,slate-corgi-novae-zonae,4,False,True
zonal,slate-molar-local-zonal,4,True,True
zonda,slate-corny-woman-honda-fonda-nonda-zonda,7,False,False
zoned,slate-diner-botch-zoned,4,True,True
zoner,slate-diner-goner-boner-honer-moner-zoner,7,False,False
zones,slate-runes-crimp-jumbo-zones,5,True,True
zonks,slate-hokum-crowd-bonks-gonks-konks-ponks-yonks-zonks,9,False,False
zooea,slate-radar-hyena-mecca-fovea-zooea,6,False,True
zooey,slate-diner-chomp-gooey-zooey,5,False,True
zooid,slate-crony-whoop-ovoid-zooid,5,False,True
zooks,slate-hokum-crowd-books-nooks-gooks-jooks-kooks-pooks-zooks,10,False,False
zooms,slate-hokum-mossy-brown-cooms-dooms-zooms,7,False,False
zoomy,slate-crony-dough-boozy-zoomy,5,False,True
zoons,slate-hokum-boson-coons-goons-noons-poons-roons-woons-zoons,10,False,False
zooty,slate-briny-potty-cooty-footy-hooty-zooty,7,False,False
zoppa,slate-corny-dogma-poppa-koppa-zoppa,6,False,True
zoppo,slate-crony-bough-iodid-zoppo,5,False,True
zoril,slate-dilly-logic-zoril,4,False,True
zoris,slate-hokum-boson-corps-words-goris-zoris,7,False,False
zorro,slate-crony-furor-zorro,4,True,True
zorse,slate-rosin-worse-horse-gorse-morse-corse-dorse-zorse,9,False,False
zouks,slate-hokum-bouks-douks-gouks-jouks-pouks-rouks-youks-zouks,10,False,False
zowee,slate-doing-bocce-homme-roque-kopje-wowee-zowee,8,False,False
zowie,slate-doing-moxie-bowie-powie-rowie-yowie-zowie,8,False,False
zulus,slate-locus-hilus-pulus-zulus,5,False,True
zupan,slate-corny-admin-pagan-zupan,5,False,True
zupas,slate-oasis-wrung-bubas-dukas-humas-pujas-zupas,8,False,False
zuppa,slate-corny-mafia-bubba-dukka-huzza-zuppa,7,False,False
zurfs,slate-hokum-gussy-bronc-purrs-juris-zurfs,7,False,False
zuzim,slate-crony-kudzu-zuzim,4,False,True
zygal,slate-molar-canal-fugal-pygal-zygal,6,False,True
zygon,slate-crony-dykon-zygon,4,False,True
zymes,slate-runes-feces-moped-zymes,5,False,True
zymic,slate-crony-yucch-zymic,4,False,True
