target,guesses,guess_count,is_common,won_in_6
aahed,slate-raced-funky-wedge-depth-hazed-aahed,7,False,False
aalii,slate-colin-valid-malik-aalii,5,False,True
aapas,slate-oasis-brink-apace-aapas,5,False,True
aargh,slate-corny-fluke-parma-aargh,5,False,True
aarti,slate-carny-garth-aahed-aarti,5,False,True
abaca,slate-churn-aback-abaca,4,False,True
abaci,slate-churn-aback-abaca-abaci,5,False,True
aback,slate-churn-aback,3,True,True
abacs,slate-curbs-abacs,3,False,True
abaft,slate-grunt-adapt-await-abaft,5,False,True
abaht,slate-grunt-adapt-await-abaft-abaht,6,False,True
abaka,slate-churn-foamy-aalii-abaka,5,False,True
abamp,slate-churn-foamy-aapas-abamp,5,False,True
aband,slate-churn-piano-abjad-aband,5,False,True
abase,slate-beech-abase,3,True,True
abash,slate-curbs-abash,3,True,True
abask,slate-curbs-abash-abask,4,False,True
abate,slate-corgi-abate,3,True,True
abaya,slate-churn-foamy-abaca-abaya,5,False,True
abbas,slate-oasis-anger-abbas,4,True,True
abbed,slate-raced-admin-abbed,4,False,True
abbes,slate-wiper-casks-fudgy-abbes,5,False,True
abbey,slate-raced-aback-abbey,4,True,True
abbot,slate-tarot-afoot-abbot,4,True,True
abcee,slate-garbo-abide-abcee,4,False,True
abeam,slate-raced-venom-abeam,4,False,True
abear,slate-raced-blown-zebra-abear,5,False,True
abeat,slate-treed-aback-abeat,4,False,True
abeer,slate-raced-about-abeer,4,False,True
abele,slate-anglo-amped-abide-abele,5,False,True
abeng,slate-raced-venom-hyena-abeng,5,False,True
abers,slate-wiper-abase-abers,4,False,True
abets,slate-chefs-abets,3,False,True
abeys,slate-wiper-bands-abeys,4,False,True
abhor,slate-corny-vroom-abhor,4,True,True
abide,slate-garbo-abide,3,True,True
abies,slate-wiper-jambe-abies,4,False,True
abius,slate-oasis-aback-abius,4,False,True
abjad,slate-corny-mamba-abjad,4,False,True
abjud,slate-corny-mamba-abuzz-abjud,5,False,True
abled,slate-rangy-medal-abled,4,True,True
abler,slate-rangy-feral-abler,4,False,True
ables,slate-lambs-ables,3,False,True
ablet,slate-paler-ablet,3,False,True
ablow,slate-colin-aglow-ablow,4,False,True
abmho,slate-corny-dumbo-abmho,4,False,True
abnet,slate-treed-acing-abnet,4,False,True
abode,slate-garbo-abode,3,True,True
abohm,slate-corny-dumbo-abohm,4,False,True
aboil,slate-colin-aboil,3,True,True
aboma,slate-corny-dumbo-abohm-aboma,5,False,True
aboon,slate-corny-badge-aboon,4,False,True
abord,slate-corny-vroom-agora-aahed-abord,6,False,True
abore,slate-garbo-abore,3,False,True
aborn,slate-corny-odour-groan-aborn,5,False,True
abort,slate-tarot-abort,3,True,True
about,slate-tarot-about,3,True,True
above,slate-garbo-abode-above,4,True,True
abram,slate-corny-fluke-parma-abram,5,False,True
abray,slate-corny-aphid-array-abray,5,False,True
abrim,slate-corny-fluke-parma-ahead-abrim,6,False,True
abrin,slate-corny-quran-abrin,4,False,True
abris,slate-oasis-aburn-abris,4,False,True
absey,slate-wiper-casks-absey,4,False,True
absit,slate-antsy-ascot-absit,4,False,True
abuna,slate-corny-mixup-fauna-abuna,5,False,True
abune,slate-garbo-abide-abcee-abune,5,False,True
abura,slate-corny-rabid-abura,4,False,True
aburn,slate-corny-aboil-aburn,4,False,True
abuse,slate-crump-abuse,3,True,True
abuts,slate-nymph-farce-vista-abuts,5,False,True
abuzz,slate-corny-mamba-abuzz,4,True,True
abyes,slate-wiper-casks-fudgy-abyes,5,False,True
abysm,slate-oasis-bursa-abysm,4,False,True
abyss,slate-oasis-abyss,3,True,True
acais,slate-curbs-acais,3,False,True
acara,slate-churn-acara,3,False,True
acari,slate-churn-acara-acari,4,False,True
accas,slate-oasis-anger-abbas-amuck-accas,6,False,True
accha,slate-corny-acrid-accha,4,False,True
accoy,slate-corny-accoy,3,False,True
accra,slate-corny-vicar-accra,4,False,True
acedy,slate-raced-acedy,3,False,True
acene,slate-garbo-anime-acene,4,False,True
acerb,slate-raced-aroma-acerb,4,False,True
acers,slate-wiper-abase-cagot-acers,5,False,True
aceta,slate-earth-amnic-aceta,4,False,True
achar,slate-corny-vicar-achar,4,False,True
ached,slate-raced-ached,3,True,True
acher,slate-raced-aahed-acher,4,False,True
aches,slate-wiper-casks-aches,4,True,True
achey,slate-raced-achey,3,False,True
achoo,slate-corny-choco-achoo,4,True,True
acids,slate-oasis-aback-acids,4,True,True
acidy,slate-corny-awash-acidy,4,False,True
acies,slate-wiper-jambe-acies,4,False,True
acing,slate-corny-acing,3,True,True
acini,slate-corny-acing-acini,4,False,True
ackee,slate-garbo-anime-aahed-ackee,5,False,True
acker,slate-raced-aahed-acker,4,False,True
acmes,slate-wiper-casks-aches-acmes,5,False,True
acmic,slate-corny-acrid-acmic,4,False,True
acned,slate-raced-ached-acned,4,False,True
acnes,slate-wiper-casks-aches-acmes-acnes,6,False,True
acock,slate-corny-choco-acock,4,False,True
acoel,slate-rangy-medal-abcee-acoel,5,False,True
acold,slate-colin-acold,3,False,True
acone,slate-garbo-awoke-anode-acone,5,False,True
acorn,slate-corny-acorn,3,True,True
acral,slate-colin-larch-acral,4,False,True
acred,slate-raced-acred,3,False,True
acres,slate-wiper-march-acres,4,True,True
acrid,slate-corny-balmy-acrid,4,True,True
acron,slate-corny-narco-acron,4,False,True
acros,slate-oasis-comas-acros,4,False,True
acryl,slate-colin-larch-acral-acryl,5,False,True
actas,slate-antsy-astir-afanc-actas,5,False,True
acted,slate-treed-amigo-acted,4,True,True
actin,slate-tarot-ached-actin,4,True,True
acton,slate-tarot-acton,3,True,True
actor,slate-tarot-actor,3,True,True
actus,slate-antsy-astir-afanc-actus,5,False,True
acute,slate-actor-acute,3,True,True
acyls,slate-basis-pulmo-abord-acyls,5,False,True
adage,slate-prick-mewed-adage,4,True,True
adapt,slate-grunt-adapt,3,True,True
adats,slate-combe-whats-ridgy-adats,5,False,True
adawn,slate-churn-again-adawn,4,False,True
adaws,slate-curbs-acing-amass-apayd-adaws,6,False,True
adays,slate-curbs-acing-amass-apayd-adays,6,False,True
adbot,slate-tarot-afoot-abbot-adbot,5,False,True
addas,slate-oasis-anger-abbas-amuck-addas,6,False,True
addax,slate-corny-mamba-abjud-addax,5,False,True
added,slate-raced-admin-added,4,True,True
adder,slate-raced-adder,3,True,True
addin,slate-corny-denim-addin,4,False,True
addio,slate-corny-dumbo-abide-addio,5,False,True
addle,slate-anglo-amped-addle,4,True,True
addra,slate-corny-rabid-aapas-addra,5,False,True
adead,slate-raced-aback-ahead-adead,5,False,True
adeem,slate-raced-adieu-adawn-adeem,5,False,True
adept,slate-treed-adept,3,True,True
adhan,slate-corny-denim-adhan,4,False,True
adhoc,slate-corny-choco-havoc-adhoc,5,False,True
adieu,slate-raced-adieu,3,True,True
adios,slate-oasis-adios,3,True,True
adits,slate-nymph-farce-vista-adits,5,False,True
adlib,slate-colin-valid-adlib,4,False,True
adman,slate-corny-denim-aahed-adman,5,False,True
admen,slate-raced-adieu-adawn-admen,5,False,True
admin,slate-corny-denim-admin,4,True,True
admit,slate-tarot-adage-admit,4,True,True
admix,slate-corny-mamba-admix,4,False,True
adnex,slate-raced-adieu-adawn-adnex,5,False,True
adobe,slate-garbo-adobe,3,True,True
adobo,slate-corny-dumbo-adobo,4,True,True
adoon,slate-corny-badge-adoon,4,False,True
adopt,slate-tarot-about-adopt,4,True,True
adorb,slate-corny-vroom-agora-aahed-adorb,6,False,True
adore,slate-garbo-adore,3,True,True
adorn,slate-corny-odour-adorn,4,True,True
adown,slate-corny-badge-adoon-adown,5,False,True
adoze,slate-garbo-awoke-anode-adoze,5,False,True
adrad,slate-corny-fluke-parma-aahed-adrad,6,False,True
adraw,slate-corny-fluke-parma-aahed-adraw,6,False,True
adred,slate-raced-armed-aired-adred,5,False,True
adret,slate-treed-dater-adret,4,False,True
adrip,slate-corny-fluke-parma-adrip,5,False,True
adsum,slate-oasis-unsay-aargh-adsum,5,False,True
aduki,slate-corny-mamba-befit-jihad-aduki,6,False,True
adult,slate-taint-adult,3,True,True
adunc,slate-corny-acing-adunc,4,False,True
adust,slate-antsy-adust,3,False,True
advew,slate-raced-adieu-adawn-advew,5,False,True
advts,slate-nymph-farce-vista-advts,5,False,True
adyta,slate-carny-adyta,3,False,True
adyts,slate-nymph-tasty-adyts,4,False,True
adzed,slate-raced-admin-added-adzed,5,False,True
adzes,slate-wiper-casks-fudgy-adzes,5,False,True
aecia,slate-raced-mecca-aecia,4,False,True
aedes,slate-wiper-casks-fudgy-aedes,5,False,True
aeger,slate-raced-about-anger-aeger,5,False,True
aegis,slate-wiper-aegis,3,True,True
aeons,slate-wiper-bands-abeam-aeons,5,False,True
aerie,slate-garbo-aerie,3,True,True
aeros,slate-wiper-abase-cagot-aeros,5,False,True
aesir,slate-wiper-aesir,3,False,True
aevum,slate-raced-venom-aevum,4,False,True
afald,slate-corgi-qualm-aahed-afald,5,False,True
afanc,slate-churn-knack-afanc,4,False,True
afara,slate-churn-abide-amaro-afara,5,False,True
afars,slate-curbs-dowse-agony-afara-afars,6,False,True
afear,slate-raced-blown-freak-afear,5,False,True
affix,slate-corny-mamba-befit-affix,5,True,True
affly,slate-colin-grump-badly-affly,5,False,True
afion,slate-corny-badge-axion-anvil-afion,6,False,True
afire,slate-garbo-afire,3,True,True
afizz,slate-corny-mamba-befit-afizz,5,False,True
aflaj,slate-colin-madly-gulag-aflaj,5,False,True
aflap,slate-colin-madly-gulag-aflaj-aflap,6,False,True
aflow,slate-colin-aglow-ablow-aflow,5,False,True
afoam,slate-corny-dumbo-axiom-afoam,5,False,True
afoot,slate-tarot-afoot,3,True,True
afore,slate-garbo-adore-afore,4,True,True
afoul,slate-colin-brood-afoul,4,True,True
afret,slate-treed-watch-afret,4,False,True
afrit,slate-tarot-acmes-afrit,4,False,True
afros,slate-oasis-comas-grand-afros,5,False,True
after,slate-treed-watch-after,4,True,True
aftos,slate-antsy-astir-afanc-aftos,5,False,True
again,slate-churn-again,3,True,True
agals,slate-doing-abamp-agals,4,False,True
agama,slate-churn-foamy-aapas-agama,5,False,True
agami,slate-churn-foamy-aapas-agami,5,False,True
agamy,slate-churn-foamy-agamy,4,False,True
agape,slate-prick-agape,3,True,True
agars,slate-curbs-dowse-agony-agars,5,False,True
agasp,slate-curbs-awash-agasp,4,False,True
agast,slate-bronc-avast-agast,4,False,True
agate,slate-corgi-agate,3,True,True
agaty,slate-aback-abaya-agaty,4,False,True
agave,slate-prick-mewed-agave,4,True,True
agaze,slate-prick-mewed-agave-agaze,5,False,True
agbas,slate-oasis-anger-abaht-agbas,5,False,True
agene,slate-garbo-aggie-agene,4,False,True
agent,slate-treed-aback-agent,4,True,True
agers,slate-wiper-abase-cagot-agers,5,False,True
aggag,slate-corny-mamba-abjud-aggag,5,False,True
agger,slate-raced-about-anger-aeger-agger,6,False,True
aggie,slate-garbo-aggie,3,True,True
aggri,slate-corny-rabid-prima-aggri,5,False,True
aggro,slate-corny-vroom-radio-aggro,5,False,True
aggry,slate-corny-ached-agmas-aggry,5,False,True
aghas,slate-oasis-anger-abaht-aghas,5,False,True
agidi,slate-corny-mamba-befit-jihad-aduki-agidi,7,False,False
agila,slate-colin-derby-axial-agila,5,False,True
agile,slate-anglo-agile,3,True,True
aging,slate-corny-mixup-aging,4,True,True
agios,slate-oasis-adios-agios,4,False,True
agism,slate-oasis-aargh-agism,4,False,True
agist,slate-antsy-adust-agist,4,False,True
agita,slate-carny-boobs-agita,4,True,True
aglee,slate-anglo-aglee,3,False,True
aglet,slate-paler-ablet-aglet,4,False,True
agley,slate-rangy-agley,3,False,True
agloo,slate-colin-aglow-agloo,4,False,True
aglow,slate-colin-aglow,3,True,True
aglus,slate-basis-pulmo-aglus,4,False,True
agmas,slate-oasis-anger-abaht-agmas,5,False,True
agoge,slate-garbo-agoge,3,False,True
agogo,slate-corny-dumbo-kazoo-agogo,5,False,True
agone,slate-garbo-agoge-agone,4,False,True
agons,slate-oasis-comas-grand-agons,5,False,True
agony,slate-corny-agony,3,True,True
agood,slate-corny-dumbo-avoid-agood,5,False,True
agora,slate-corny-vroom-agora,4,True,True
agree,slate-garbo-agree,3,True,True
agria,slate-corny-fluke-parma-agria,5,False,True
agrin,slate-corny-quran-abrin-agrin,5,False,True
agros,slate-oasis-comas-grand-agros,5,False,True
agrum,slate-corny-fluke-padam-agrum,5,False,True
agued,slate-raced-admin-abbed-agued,5,False,True
agues,slate-wiper-casks-fudgy-agues,5,False,True
aguey,slate-raced-aback-annex-aguey,5,False,True
aguna,slate-corny-mixup-fauna-abuna-aguna,6,False,True
agush,slate-oasis-bursa-agush,4,False,True
aguti,slate-carny-boobs-agita-aguti,5,False,True
ahead,slate-raced-aback-ahead,4,True,True
aheap,slate-raced-venom-aahed-aheap,5,False,True
ahent,slate-treed-aback-agent-abmho-ahent,6,False,True
ahigh,slate-corny-mamba-befit-jihad-ahigh,6,False,True
ahind,slate-corny-mixup-aging-ahind,5,False,True
ahing,slate-corny-mixup-aging-ankhs-ahing,6,False,True
ahint,slate-tarot-adage-ambit-ahint,5,False,True
ahold,slate-colin-brood-ahold,4,True,True
ahole,slate-anglo-abmho-ahole,4,False,True
ahull,slate-colin-grump-uvula-howdy-ahull,6,False,True
ahuru,slate-corny-rabid-augur-ahuru,5,False,True
aidas,slate-oasis-aback-arias-aidas,5,False,True
aided,slate-raced-admin-aided,4,True,True
aider,slate-raced-adder-aider,4,True,True
aides,slate-wiper-aides,3,True,True
aidoi,slate-corny-dumbo-avoid-aidoi,5,False,True
aidos,slate-oasis-adios-aidos,4,False,True
aiery,slate-raced-blown-freak-afizz-aiery,6,False,True
aigas,slate-oasis-aback-arias-aidas-aigas,6,False,True
aight,slate-tarot-adage-aught-aight,5,False,True
ailed,slate-rangy-medal-abled-ailed,5,True,True
aimag,slate-corny-mamba-aimag,4,False,True
aimak,slate-corny-mamba-aimag-aimak,5,False,True
aimed,slate-raced-admin-aimed,4,True,True
aimer,slate-raced-about-anger-amrit-aimer,6,False,True
ainee,slate-garbo-anime-ainee,4,False,True
ainga,slate-corny-denim-ninja-aapas-ainga,6,False,True
aioli,slate-colin-aioli,3,True,True
aired,slate-raced-armed-aired,4,True,True
airer,slate-raced-about-anger-amrit-airer,6,False,True
airns,slate-oasis-aback-angry-airns,5,False,True
airth,slate-carny-aorta-airth,4,False,True
airts,slate-nymph-farce-airts,4,False,True
aisle,slate-abled-aisle,3,True,True
aitch,slate-tarot-ached-aitch,4,False,True
aitus,slate-antsy-astir-aitus,4,False,True
aiver,slate-raced-about-anger-amrit-aiver,6,False,True
aixes,slate-wiper-aides-aixes,4,False,True
aiyah,slate-corny-kayak-aiyah,4,False,True
aiyee,slate-garbo-anime-aiyee,4,False,True
aiyoh,slate-corny-bayou-aiyoh,4,False,True
aiyoo,slate-corny-bayou-aiyoh-aiyoo,5,False,True
aizle,slate-anglo-amped-abide-aizle,5,False,True
ajies,slate-wiper-jambe-ajies,4,False,True
ajiva,slate-corny-mamba-acing-ajiva,5,False,True
ajuga,slate-corny-mamba-acing-ajuga,5,False,True
ajupa,slate-corny-mamba-acing-ajupa,5,False,True
ajwan,slate-corny-denim-pagan-ajwan,5,False,True
akara,slate-churn-abide-amaro-afara-akara,6,False,True
akees,slate-wiper-casks-akees,4,False,True
akela,slate-rangy-medal-aahed-akela,5,False,True
akene,slate-garbo-anime-acene-akene,5,False,True
aking,slate-corny-mixup-aging-ankhs-aking,6,False,True
akita,slate-carny-boobs-agita-akita,5,False,True
akkas,slate-oasis-anger-abbas-amuck-akkas,6,False,True
akker,slate-raced-about-anger-amrit-akker,6,False,True
akoia,slate-corny-dumbo-ajwan-akoia,5,False,True
akoja,slate-corny-dumbo-ajwan-akoja,5,False,True
akoya,slate-corny-bayou-aargh-akoya,5,False,True
aksed,slate-wiper-casks-aksed,4,False,True
akses,slate-wiper-casks-akses,4,False,True
alaap,slate-prick-glamp-alaap,4,False,True
alack,slate-prick-beefs-clack-alack,5,False,True
alala,slate-prick-aback-acold-alala,5,False,True
alamo,slate-prick-aback-acold-alamo,5,False,True
aland,slate-prick-aback-acold-aland,5,False,True
alane,slate-crumb-defog-plane-alane,5,False,True
alang,slate-prick-aback-acold-alang,5,False,True
alans,slate-chaps-adage-alans,4,False,True
alant,slate-plant-alant,3,False,True
alapa,slate-prick-glamp-alapa,4,False,True
alaps,slate-chaps-flaps-aback-alaps,5,False,True
alarm,slate-prick-alarm,3,True,True
alary,slate-prick-alarm-alary,4,False,True
alata,slate-bepat-alata,3,False,True
alate,slate-plate-elate-abaca-alate,5,False,True
alays,slate-chaps-adage-alans-alays,5,False,True
albas,slate-alias-befog-albas,4,False,True
albee,slate-brink-albee,3,False,True
albid,slate-agora-album-albid,4,False,True
album,slate-agora-album,3,True,True
alcea,slate-anger-alley-aahed-alcea,5,False,True
alces,slate-fleas-abmho-alces,4,False,True
alcid,slate-agora-album-byked-alcid,5,False,True
alcos,slate-alias-colog-alcos,4,False,True
aldea,slate-anger-alley-aahed-aldea,5,False,True
alder,slate-anger-alder,3,True,True
aldol,slate-agora-allow-aldol,4,False,True
aleak,slate-anger-aahed-aleak,4,False,True
aleck,slate-anger-aahed-aleck,4,False,True
alecs,slate-fleas-alecs,3,False,True
aleem,slate-anger-alley-aahed-aleem,5,False,True
alefs,slate-fleas-alefs,3,False,True
aleft,slate-bicep-alert-aleft,4,False,True
aleph,slate-anger-aahed-aleph,4,False,True
alert,slate-bicep-alert,3,True,True
alews,slate-fleas-alecs-alews,4,False,True
aleye,slate-brink-algae-abbey-aleye,5,False,True
alfas,slate-alias-befog-alfas,4,False,True
algae,slate-brink-algae,3,True,True
algal,slate-agora-algal,3,False,True
algas,slate-alias-befog-algas,4,False,True
algid,slate-agora-align-algid,4,False,True
algin,slate-agora-align-algin,4,False,True
algor,slate-agora-algor,3,False,True
algos,slate-alias-colog-algos,4,False,True
algum,slate-agora-align-algum,4,False,True
alias,slate-alias,2,True,True
alibi,slate-agora-album-alibi,4,True,True
alick,slate-agora-album-byked-alick,5,False,True
alien,slate-anger-alien,3,True,True
alifs,slate-alias-abmho-alifs,4,False,True
align,slate-agora-align,3,True,True
alike,slate-brink-alike,3,True,True
alims,slate-alias-abmho-alims,4,False,True
aline,slate-brink-aline,3,True,True
alios,slate-alias-abmho-alios,4,False,True
alist,slate-alist,2,False,True
alive,slate-brink-alive,3,True,True
aliya,slate-agora-alpha-aliya,4,False,True
alkie,slate-brink-alkie,3,False,True
alkin,slate-agora-album-byked-alkin,5,False,True
alkos,slate-alias-colog-alkos,4,False,True
alkyd,slate-agora-album-byked-alkyd,5,False,True
alkyl,slate-agora-album-byked-alkyl,5,False,True
allan,slate-agora-allan,3,True,True
allay,slate-agora-allan-allay,4,True,True
allee,slate-brink-algae-abbey-allee,5,False,True
allel,slate-anger-alley-allel,4,False,True
allen,slate-anger-alien-allen,4,True,True
aller,slate-anger-alder-aller,4,False,True
alley,slate-anger-alley,3,True,True
allin,slate-agora-album-byked-allin,5,False,True
allis,slate-alias-allis,3,False,True
allod,slate-agora-allow-alloy-allod,5,False,True
allot,slate-begat-aloft-allot,4,True,True
allow,slate-agora-allow,3,True,True
alloy,slate-agora-allow-alloy,4,True,True
allus,slate-alias-colog-allus,4,False,True
allyl,slate-agora-album-byked-allyl,5,False,True
almah,slate-agora-allan-alway-almah,5,False,True
almas,slate-alias-befog-almas,4,False,True
almeh,slate-anger-alley-aahed-almeh,5,False,True
almes,slate-fleas-abmho-almes,4,False,True
almud,slate-agora-album-almud,4,False,True
almug,slate-agora-align-algum-almug,5,False,True
alods,slate-alias-colog-alods,4,False,True
aloed,slate-anger-alley-aahed-aloed,5,False,True
aloes,slate-fleas-abmho-aloes,4,False,True
aloft,slate-begat-aloft,3,True,True
aloha,slate-agora-aloha,3,True,True
aloin,slate-agora-aloof-aloud-aloin,5,False,True
alone,slate-brink-alone,3,True,True
along,slate-agora-along,3,True,True
aloof,slate-agora-aloof,3,True,True
aloos,slate-alias-colog-aloos,4,False,True
alose,slate-alose,2,False,True
aloud,slate-agora-aloof-aloud,4,True,True
alowe,slate-brink-algae-abbey-alowe,5,False,True
alpha,slate-agora-alpha,3,True,True
altar,slate-begat-altar,3,True,True
alter,slate-bicep-alter,3,True,True
altho,slate-begat-ultra-altho,4,False,True
altos,slate-alist-altos,3,False,True
alula,slate-agora-alpha-aliya-alula,5,False,True
alums,slate-alias-colog-alums,4,False,True
alumy,slate-agora-album-alumy,4,False,True
alure,slate-brink-alure,3,False,True
alurk,slate-agora-alurk,3,False,True
alvar,slate-agora-alvar,3,False,True
alway,slate-agora-allan-alway,4,True,True
amahs,slate-curbs-acing-amass-amahs,5,False,True
amain,slate-churn-again-amain,4,False,True
amari,slate-churn-abide-amari,4,False,True
amaro,slate-churn-abide-amaro,4,True,True
amass,slate-curbs-acing-amass,4,True,True
amate,slate-corgi-abate-amate,4,False,True
amaut,slate-grunt-amaut,3,False,True
amaze,slate-prick-mewed-amaze,4,True,True
amban,slate-corny-denim-human-abaca-amban,6,False,True
amber,slate-raced-about-amber,4,True,True
ambit,slate-tarot-adage-ambit,4,True,True
amble,slate-anglo-amped-amble,4,True,True
ambos,slate-oasis-comas-ambos,4,False,True
ambry,slate-corny-ached-agmas-ambry,5,False,True
ameba,slate-raced-venom-ameba,4,False,True
ameer,slate-raced-about-anger-amrit-ameer,6,False,True
amend,slate-raced-aback-amend,4,True,True
amene,slate-garbo-anime-amene,4,False,True
amens,slate-wiper-bands-abeam-amens,5,False,True
ament,slate-treed-aback-agent-abmho-ament,6,False,True
amias,slate-oasis-aback-arias-amias,5,False,True
amice,slate-garbo-anime-amice,4,False,True
amici,slate-corny-acrid-amici,4,False,True
amide,slate-garbo-anime-amice-amide,5,False,True
amido,slate-corny-dumbo-amido,4,False,True
amids,slate-oasis-aback-angry-amids,5,False,True
amies,slate-wiper-jambe-amies,4,False,True
amiga,slate-corny-mamba-amiga,4,False,True
amigo,slate-corny-dumbo-amigo,4,True,True
amine,slate-garbo-anime-amine,4,False,True
amino,slate-corny-amino,3,True,True
amins,slate-oasis-aback-angry-amins,5,False,True
amirs,slate-oasis-aback-angry-amirs,5,False,True
amiss,slate-oasis-amiss,3,True,True
amity,slate-carny-amity,3,True,True
amlas,slate-basis-pulmo-amlas,4,False,True
amman,slate-corny-denim-human-amman,5,True,True
ammas,slate-oasis-anger-abbas-amuck-ammas,6,False,True
ammon,slate-corny-badge-axion-ammon,5,False,True
ammos,slate-oasis-comas-ammos,4,False,True
amnia,slate-corny-denim-mania-amnia,5,False,True
amnic,slate-corny-admit-amnic,4,False,True
amnio,slate-corny-badge-axion-amnio,5,False,True
amoks,slate-oasis-comas-ambos-amoks,5,False,True
amole,slate-anglo-abmho-amole,4,False,True
among,slate-corny-amino-among,4,True,True
amore,slate-garbo-adore-afore-amore,5,False,True
amort,slate-tarot-abort-amort,4,False,True
amour,slate-corny-vroom-amour,4,True,True
amove,slate-garbo-awoke-anode-amove,5,False,True
amowt,slate-tarot-about-adopt-amowt,5,False,True
amped,slate-raced-admin-amped,4,True,True
ample,slate-anglo-amped-ample,4,True,True
amply,slate-colin-grump-amply,4,True,True
ampul,slate-colin-grump-ampul,4,False,True
amrit,slate-tarot-acmes-amrit,4,False,True
amuck,slate-corny-acrid-amuck,4,True,True
amuse,slate-crump-amuse,3,True,True
amyls,slate-basis-pulmo-amyls,4,False,True
anana,slate-churn-piano-abjad-anana,5,False,True
anata,slate-aback-abaya-anata,4,False,True
ancho,slate-corny-abbot-ancho,4,True,True
ancle,slate-anglo-ankle-abaci-ancle,5,False,True
ancon,slate-corny-abbot-ancon,4,False,True
andic,slate-corny-admit-andic,4,False,True
andro,slate-corny-odour-radon-andro,5,False,True
anear,slate-raced-blown-arena-anear,5,False,True
anele,slate-anglo-ankle-abaci-anele,5,False,True
anent,slate-treed-aback-agent-abmho-anent,6,False,True
angas,slate-oasis-anger-angas,4,False,True
angel,slate-rangy-angel,3,True,True
anger,slate-raced-about-anger,4,True,True
angle,slate-anglo-angle,3,True,True
anglo,slate-colin-anglo,3,True,True
angry,slate-corny-abide-angry,4,True,True
angst,slate-antsy-angst,3,True,True
anigh,slate-corny-denim-abbas-anigh,5,False,True
anile,slate-anglo-ankle-abaci-anile,5,False,True
anils,slate-basis-pring-anils,4,False,True
anima,slate-corny-denim-anima,4,True,True
anime,slate-garbo-anime,3,True,True
animi,slate-corny-denim-anima-animi,5,False,True
anion,slate-corny-badge-axion-anvil-anion,6,False,True
anise,slate-crump-anise,3,True,True
anker,slate-raced-about-anger-anker,5,False,True
ankhs,slate-oasis-anger-annas-ankhs,5,False,True
ankle,slate-anglo-ankle,3,True,True
ankus,slate-oasis-anger-annas-ankhs-ankus,6,False,True
anlas,slate-basis-pulmo-anlas,4,False,True
annal,slate-colin-larva-annal,4,True,True
annan,slate-corny-denim-ganja-annan,5,False,True
annas,slate-oasis-anger-annas,4,True,True
annat,slate-tarot-adage-annat,4,False,True
annex,slate-raced-aback-annex,4,True,True
annoy,slate-corny-annoy,3,True,True
annul,slate-colin-larva-annul,4,True,True
annum,slate-corny-denim-annum,4,True,True
annus,slate-oasis-anger-annas-annus,5,False,True
anoas,slate-oasis-comas-anoas,4,False,True
anode,slate-garbo-awoke-anode,4,True,True
anole,slate-anglo-anole,3,True,True
anomy,slate-corny-annoy-anomy,4,False,True
ansae,slate-crump-anise-ansae,4,False,True
ansas,slate-oasis-ansas,3,False,True
antae,slate-about-antae,3,False,True
antar,slate-tarot-abaya-antar,4,False,True
antas,slate-antsy-antas,3,False,True
anted,slate-treed-amigo-acted-anted,5,False,True
antes,slate-dater-antes,3,False,True
antic,slate-tarot-ached-antic,4,True,True
antis,slate-antsy-antas-antis,4,False,True
antra,slate-tarot-abaya-antra,4,False,True
antre,slate-about-antae-antre,4,False,True
antsy,slate-antsy,2,True,True
anura,slate-corny-aboil-aapas-anura,5,False,True
anvil,slate-colin-anvil,3,True,True
anyon,slate-corny-anyon,3,False,True
aorta,slate-carny-aorta,3,True,True
apace,slate-prick-apace,3,True,True
apage,slate-prick-agape-apage,4,False,True
apaid,slate-churn-foamy-aalii-apaid,5,False,True
apart,slate-grunt-apart,3,True,True
apayd,slate-churn-foamy-abaca-apayd,5,False,True
apays,slate-curbs-acing-amass-apayd-apays,6,False,True
apeak,slate-raced-venom-aahed-apeak,5,False,True
apeek,slate-raced-aback-apeek,4,False,True
apers,slate-wiper-apers,3,False,True
apert,slate-treed-avert-apert,4,False,True
apery,slate-raced-blown-freak-afizz-apery,6,False,True
apgar,slate-corny-rabid-augur-apgar,5,False,True
aphid,slate-corny-mamba-befit-aphid,5,True,True
aphis,slate-oasis-aburn-aphis,4,False,True
apian,slate-corny-denim-abbas-avian-apian,6,False,True
aping,slate-corny-mixup-aping,4,True,True
apiol,slate-colin-aioli-apiol,4,False,True
apish,slate-oasis-aargh-apish,4,False,True
apism,slate-oasis-aargh-apism,4,False,True
apnea,slate-raced-aback-apnea,4,True,True
apode,slate-garbo-awoke-anode-apode,5,False,True
apods,slate-oasis-comas-grand-apods,5,False,True
apols,slate-basis-pulmo-apols,4,False,True
apoop,slate-corny-dumbo-ajwan-apoop,5,False,True
aport,slate-tarot-abort-amort-aport,5,False,True
appal,slate-colin-grump-apply-appal,5,False,True
appam,slate-corny-mamba-appam,4,False,True
appay,slate-corny-gaped-appay,4,False,True
appel,slate-rangy-medal-abcee-appel,5,False,True
apple,slate-anglo-amped-apple,4,True,True
apply,slate-colin-grump-apply,4,True,True
appro,slate-corny-vroom-radio-aggro-appro,6,False,True
appts,slate-nymph-pasta-appts,4,False,True
appui,slate-corny-mamba-befit-jihad-appui,6,False,True
appuy,slate-corny-gaped-appay-appuy,5,False,True
apres,slate-wiper-apres,3,False,True
apron,slate-corny-apron,3,True,True
apses,slate-wiper-acing-apses,4,False,True
apsis,slate-oasis-apsis,3,False,True
apsos,slate-oasis-apsos,3,False,True
apted,slate-treed-amigo-acted-anted-apted,6,False,True
apter,slate-treed-watch-after-apter,5,False,True
aptly,slate-taint-abbey-aptly,4,True,True
aquae,slate-garbo-anime-aahed-aquae,5,False,True
aquas,slate-oasis-anger-abbas-amuck-aquas,6,False,True
araba,slate-churn-abode-araba,4,False,True
araks,slate-curbs-dowse-agony-afara-araks,6,False,True
arame,slate-prick-agave-arame,4,False,True
arars,slate-curbs-dowse-agony-afara-arars,6,False,True
arbah,slate-corny-rabid-umbra-arbah,5,False,True
arbas,slate-oasis-anger-arras-arbas,5,False,True
arbor,slate-corny-vroom-ardor-arbor,5,True,True
arced,slate-raced-arced,3,True,True
archi,slate-corny-vicar-archi,4,False,True
arcos,slate-oasis-comas-acros-arcos,5,False,True
arcus,slate-oasis-anger-arras-arcus,5,False,True
ardeb,slate-raced-adder-ardeb,4,False,True
ardor,slate-corny-vroom-ardor,4,True,True
ardri,slate-corny-rabid-ardri,4,False,True
aread,slate-raced-bread-dread-aread,5,False,True
areae,slate-garbo-afire-aahed-areae,5,False,True
areal,slate-rangy-feral-areal,4,False,True
arear,slate-raced-blown-freak-arear,5,False,True
areas,slate-wiper-abase-areas,4,True,True
areca,slate-raced-aroma-areca,4,False,True
aredd,slate-raced-bread-aredd,4,False,True
arede,slate-garbo-afire-aahed-arede,5,False,True
arefy,slate-raced-blown-freak-arefy,5,False,True
areic,slate-raced-aroma-areic,4,False,True
arena,slate-raced-blown-arena,4,True,True
arene,slate-garbo-afire-aahed-arene,5,False,True
arepa,slate-raced-blown-freak-arepa,5,False,True
arere,slate-garbo-afire-azure-arere,5,False,True
arete,slate-actor-arete,3,False,True
arets,slate-chefs-abets-arets,4,False,True
arett,slate-earth-aapas-arett,4,False,True
argal,slate-colin-grump-argal,4,False,True
argan,slate-corny-aboil-aapas-argan,5,False,True
argil,slate-colin-abram-argil,4,False,True
argle,slate-anglo-argle,3,False,True
argol,slate-colin-brood-argol,4,False,True
argon,slate-corny-odour-argon,4,True,True
argot,slate-tarot-argot,3,True,True
argue,slate-garbo-argue,3,True,True
argus,slate-oasis-anger-argus,4,True,True
arhat,slate-tarot-aahed-arhat,4,False,True
arias,slate-oasis-aback-arias,4,True,True
ariel,slate-rangy-feral-ariel,4,False,True
ariki,slate-corny-rabid-prima-friar-ariki,6,False,True
arils,slate-basis-pring-arils,4,False,True
ariot,slate-tarot-argot-ariot,4,False,True
arise,slate-crump-arise,3,True,True
arish,slate-oasis-aargh-arish,4,False,True
arith,slate-carny-abius-arith,4,False,True
arked,slate-raced-armed-arked,4,False,True
arled,slate-rangy-feral-abler-arled,5,False,True
arles,slate-lambs-axles-arles,4,False,True
armed,slate-raced-armed,3,True,True
armer,slate-raced-about-anger-amrit-armer,6,False,True
armet,slate-treed-abram-armet,4,False,True
armil,slate-colin-abram-armil,4,False,True
armor,slate-corny-vroom-armor,4,True,True
arnas,slate-oasis-anger-arnas,4,False,True
arnis,slate-oasis-aburn-arnis,4,False,True
arnut,slate-tarot-aahed-arnut,4,False,True
aroba,slate-corny-vroom-broad-aroba,5,False,True
aroha,slate-corny-vroom-broad-aroha,5,False,True
aroid,slate-corny-vroom-broad-aroid,5,False,True
aroma,slate-corny-vroom-aroma,4,True,True
arose,slate-crump-arise-arose,4,True,True
arpas,slate-oasis-anger-arras-arbas-arpas,6,False,True
arpen,slate-raced-about-anger-arpen,5,False,True
arrah,slate-corny-fluke-parma-aahed-arrah,6,False,True
arras,slate-oasis-anger-arras,4,True,True
array,slate-corny-aphid-array,4,True,True
arret,slate-treed-abram-arret,4,False,True
arris,slate-oasis-aburn-arris,4,False,True
arrow,slate-corny-abide-arrow,4,True,True
arroz,slate-corny-abide-arrow-arroz,5,False,True
arsed,slate-wiper-march-arses-arsed,5,False,True
arses,slate-wiper-march-arses,4,True,True
arsey,slate-wiper-march-arses-arsed-arsey,6,False,True
arsis,slate-oasis-apsis-arsis,4,False,True
arson,slate-oasis-arson,3,True,True
artal,slate-taint-abbey-atoll-artal,5,False,True
artel,slate-paler-artel,3,False,True
arter,slate-treed-abram-arter,4,False,True
artic,slate-tarot-abaya-artic,4,False,True
artis,slate-antsy-astir-artis,4,False,True
artly,slate-taint-abbey-aptly-artly,5,False,True
artsy,slate-antsy-artsy,3,True,True
aruhe,slate-garbo-afire-aahed-aruhe,5,False,True
arums,slate-oasis-anger-arras-arcus-arums,6,False,True
arval,slate-colin-grump-arval,4,False,True
arvee,slate-garbo-afire-aahed-arvee,5,False,True
arvos,slate-oasis-comas-grand-arvos,5,False,True
aryls,slate-basis-pulmo-abord-aryls,5,False,True
asada,slate-curbs-awash-asada,4,False,True
asana,slate-curbs-awash-asada-asana,5,False,True
ascon,slate-oasis-abord-ascon,4,False,True
ascot,slate-antsy-ascot,3,True,True
ascus,slate-oasis-abyss-ascus,4,False,True
asdic,slate-oasis-aspic-asdic,4,False,True
ashed,slate-wiper-casks-ashen-ashed,5,True,True
ashen,slate-wiper-casks-ashen,4,True,True
ashes,slate-wiper-casks-ashes,4,True,True
ashet,slate-dater-asset-ashet,4,False,True
aside,slate-crump-anise-aside,4,True,True
asity,slate-nymph-tasty-asity,4,False,True
askar,slate-oasis-bursa-askar,4,False,True
asked,slate-wiper-casks-asked,4,True,True
asker,slate-wiper-asker,3,True,True
askew,slate-wiper-askew,3,True,True
askoi,slate-oasis-aalii-askoi,4,False,True
askos,slate-oasis-askos,3,False,True
aspen,slate-wiper-aspen,3,True,True
asper,slate-wiper-asper,3,False,True
aspic,slate-oasis-aspic,3,True,True
aspie,slate-crump-passe-aspie,4,False,True
aspis,slate-oasis-aspis,3,False,True
aspro,slate-oasis-abord-aspro,4,False,True
assai,slate-oasis-assai,3,False,True
assam,slate-oasis-assay-assam,4,False,True
assay,slate-oasis-assay,3,True,True
assed,slate-wiper-casks-assed,4,False,True
asses,slate-wiper-casks-asses,4,True,True
asset,slate-dater-asset,3,True,True
assez,slate-wiper-casks-assed-assez,5,False,True
assot,slate-antsy-ascot-assot,4,False,True
aster,slate-dater-aster,3,True,True
astir,slate-antsy-astir,3,True,True
astun,slate-antsy-astun,3,False,True
asura,slate-oasis-bursa-asura,4,False,True
asway,slate-oasis-bursa-pshaw-asway,5,False,True
aswim,slate-oasis-aspic-aswim,4,False,True
asyla,slate-basis-usual-asyla,4,False,True
ataps,slate-bronc-avast-ataps,4,False,True
ataxy,slate-grunt-toady-ataxy,4,False,True
atigi,slate-tarot-ached-aalii-atigi,5,False,True
atilt,slate-taint-atilt,3,False,True
atimy,slate-tarot-ached-aalii-atimy,5,False,True
atlas,slate-adieu-atlas,3,True,True
atman,slate-tarot-ached-aalii-atman,5,False,True
atmas,slate-antsy-ascot-atmas,4,False,True
atmos,slate-antsy-ascot-atmos,4,False,True
atocs,slate-antsy-ascot-atocs,4,False,True
atoke,slate-about-atone-atoke,4,False,True
atoks,slate-antsy-ascot-atoms-atoks,5,False,True
atoll,slate-taint-abbey-atoll,4,True,True
atoms,slate-antsy-ascot-atoms,4,True,True
atomy,slate-tarot-moany-atomy,4,False,True
atone,slate-about-atone,3,True,True
atony,slate-tarot-moany-atony,4,False,True
atopy,slate-tarot-moany-atopy,4,False,True
atria,slate-tarot-atria,3,True,True
atrip,slate-tarot-atria-atrip,4,False,True
attap,slate-tarot-attic-attap,4,False,True
attar,slate-tarot-attar,3,False,True
attas,slate-antsy-astir-afanc-attas,5,False,True
atter,slate-treed-watch-after-apter-atter,6,False,True
attic,slate-tarot-attic,3,True,True
atuas,slate-antsy-ascot-atmas-atuas,5,False,True
aucht,slate-tarot-adage-ambit-aucht,5,False,True
audad,slate-corny-mamba-abjud-audad,5,False,True
audax,slate-corny-mamba-abjud-audax,5,False,True
audio,slate-corny-dumbo-audio,4,True,True
audit,slate-tarot-adage-audit,4,True,True
augen,slate-raced-aback-annex-augen,5,False,True
auger,slate-raced-about-auger,4,True,True
auges,slate-wiper-casks-fudgy-auges,5,False,True
aught,slate-tarot-adage-aught,4,True,True
augur,slate-corny-rabid-augur,4,True,True
aulas,slate-basis-pulmo-aargh-aulas,5,False,True
aulic,slate-colin-malic-aulic,4,False,True
auloi,slate-colin-aahed-auloi,4,False,True
aulos,slate-basis-pulmo-aulos,4,False,True
aumil,slate-colin-abram-aumil,4,False,True
aunes,slate-wiper-casks-fudgy-aunes,5,False,True
aunts,slate-nymph-abhor-aunts,4,True,True
aunty,slate-carny-aunty,3,True,True
aurae,slate-garbo-aerie-aurae,4,False,True
aural,slate-colin-grump-aural,4,True,True
aurar,slate-corny-fluke-padam-aurar,5,False,True
auras,slate-oasis-anger-arras-auras,5,False,True
aurei,slate-raced-about-auger-aurei,5,False,True
aures,slate-wiper-march-aures,4,False,True
auric,slate-corny-balmy-acrid-auric,5,False,True
auris,slate-oasis-aburn-auris,4,False,True
aurum,slate-corny-fluke-padam-agrum-aurum,6,False,True
autos,slate-antsy-astir-afanc-autos,5,False,True
auxin,slate-corny-denim-fagin-auxin,5,False,True
avail,slate-corgi-avail,3,True,True
avale,slate-leave-avale,3,False,True
avant,slate-grunt-chant-avant,4,True,True
avast,slate-bronc-avast,3,True,True
avels,slate-lambs-axles-avels,4,False,True
avens,slate-wiper-bands-abeam-avens,5,False,True
avers,slate-wiper-abase-cagot-avers,5,False,True
avert,slate-treed-avert,3,True,True
avgas,slate-oasis-anger-avgas,4,False,True
avian,slate-corny-denim-abbas-avian,5,True,True
avine,slate-garbo-anime-avine,4,False,True
avion,slate-corny-badge-axion-anvil-avion,6,False,True
avise,slate-crump-anise-avise,4,False,True
aviso,slate-oasis-aalii-aviso,4,False,True
avize,slate-garbo-anime-avize,4,False,True
avoid,slate-corny-dumbo-avoid,4,True,True
avows,slate-oasis-comas-grand-avows,5,False,True
avyze,slate-garbo-anime-aahed-avyze,5,False,True
await,slate-grunt-adapt-await,4,True,True
awake,slate-prick-about-awake,4,True,True
award,slate-churn-abide-award,4,True,True
aware,slate-prick-aware,3,True,True
awari,slate-churn-abide-amari-awari,5,False,True
awarn,slate-churn-awarn,3,False,True
awash,slate-curbs-awash,3,True,True
awato,slate-aback-abaya-awato,4,False,True
awave,slate-prick-mewed-awave,4,False,True
aways,slate-curbs-acing-amass-apayd-aways,6,False,True
awdls,slate-basis-pulmo-abord-awdls,5,False,True
aweel,slate-rangy-medal-abcee-aweel,5,False,True
aweto,slate-earth-amnic-aweto,4,False,True
awful,slate-colin-grump-awful,4,True,True
awing,slate-corny-mixup-aging-ankhs-awing,6,False,True
awkin,slate-corny-denim-fagin-auxin-awkin,6,False,True
awmry,slate-corny-ached-agmas-awmry,5,False,True
awned,slate-raced-admin-awned,4,False,True
awner,slate-raced-about-anger-awner,5,False,True
awoke,slate-garbo-awoke,3,True,True
awols,slate-basis-pulmo-awols,4,False,True
awork,slate-corny-vroom-agora-aahed-awork,6,False,True
axels,slate-lambs-axles-axels,4,False,True
axial,slate-colin-derby-axial,4,True,True
axile,slate-anglo-amped-abide-axile,5,False,True
axils,slate-basis-pring-axils,4,False,True
axing,slate-corny-mixup-axing,4,True,True
axiom,slate-corny-dumbo-axiom,4,True,True
axion,slate-corny-badge-axion,4,True,True
axite,slate-actor-axite,3,False,True
axled,slate-rangy-medal-abled-ailed-axled,6,False,True
axles,slate-lambs-axles,3,True,True
axman,slate-corny-denim-human-amman-axman,6,False,True
axmen,slate-raced-aback-annex-axmen,5,False,True
axoid,slate-corny-dumbo-avoid-axoid,5,False,True
axone,slate-garbo-awoke-anode-acone-axone,6,False,True
axons,slate-oasis-comas-grand-axons,5,False,True
ayahs,slate-curbs-acing-amass-apayd-ayahs,6,False,True
ayaya,slate-churn-foamy-abaca-ayaya,5,False,True
ayelp,slate-rangy-ayelp,3,False,True
aygre,slate-garbo-argue-aygre,4,False,True
ayins,slate-oasis-aback-angry-ayins,5,False,True
aymag,slate-corny-kayak-aymag,4,False,True
ayont,slate-tarot-about-adopt-amowt-ayont,6,False,True
ayres,slate-wiper-march-aures-ayres,5,False,True
ayrie,slate-garbo-aerie-ayrie,4,False,True
azans,slate-curbs-acing-azans,4,False,True
azide,slate-garbo-anime-avize-azide,5,False,True
azido,slate-corny-dumbo-abide-azido,5,False,True
azine,slate-garbo-anime-avine-azine,5,False,True
azlon,slate-colin-aahed-azlon,4,False,True
azoic,slate-corny-choco-azoic,4,False,True
azole,slate-anglo-abmho-azole,4,False,True
azons,slate-oasis-comas-grand-axons-azons,6,False,True
azote,slate-actor-azote,3,False,True
azoth,slate-carny-boobs-quota-azoth,5,False,True
azuki,slate-corny-mamba-befit-jihad-appui-azuki,7,False,False
azure,slate-garbo-afire-azure,4,True,True
azurn,slate-corny-aboil-aapas-azurn,5,False,True
azury,slate-corny-ached-agmas-azury,5,False,True
azygy,slate-corny-gaped-azygy,4,False,True
azyme,slate-garbo-anime-azyme,4,False,True
azyms,slate-oasis-anger-abbas-azyms,5,False,True
baaed,slate-hardy-abaca-baaed,4,False,True
baals,slate-doing-psalm-aargh-baals,5,False,True
baaps,slate-curbs-addio-baaps,4,False,True
babas,slate-oasis-brink-whump-embay-babas,6,False,True
babby,slate-corny-gaped-champ-jazzy-baffs-babby,7,False,False
babel,slate-rangy-lymph-babel,4,True,True
babes,slate-wiper-casks-gamed-abash-babes,6,True,True
babka,slate-corny-mamba-babka,4,True,True
baboo,slate-corny-dumbo-baboo,4,False,True
babul,slate-colin-grump-awful-babul,5,False,True
babus,slate-oasis-brink-whump-babus,5,False,True
bacca,slate-corny-acrid-macaw-bekah-bacca,6,False,True
bacco,slate-corny-choco-bacco,4,False,True
baccy,slate-corny-awash-jacky-baccy,5,False,True
bacha,slate-corny-acrid-macaw-bekah-bacha,6,False,True
bachs,slate-oasis-brink-whump-bachs,5,False,True
backs,slate-oasis-brink-backs,4,True,True
backy,slate-corny-awash-jacky-backy,5,False,True
bacne,slate-garbo-bacne,3,False,True
bacon,slate-corny-abbot-bacon,4,True,True
badam,slate-corny-mamba-badam,4,False,True
baddy,slate-corny-gaped-abide-bawdy-baddy,6,False,True
badge,slate-garbo-badge,3,True,True
badly,slate-colin-grump-badly,4,True,True
baels,slate-lambs-bales-baels,4,False,True
baffs,slate-oasis-brink-whump-embay-baffs,6,False,True
baffy,slate-corny-gaped-champ-jazzy-baffs-baffy,7,False,False
bafta,slate-carny-faith-bafta,4,False,True
bafts,slate-nymph-farce-wafts-bafts,5,False,True
bagel,slate-rangy-bagel,3,True,True
baggy,slate-corny-gaped-baggy,4,True,True
baghs,slate-oasis-brink-whump-bachs-baghs,6,False,True
bagie,slate-garbo-badge-bagie,4,False,True
bagsy,slate-oasis-admin-harsh-abaca-bagsy,6,False,True
bagua,slate-corny-mamba-babka-bagua,5,False,True
bahts,slate-nymph-harts-bahts,4,False,True
bahus,slate-oasis-brink-whump-bahus,5,False,True
bahut,slate-tarot-dough-bahut,4,False,True
baiks,slate-oasis-padre-gains-kembo-baiks,6,False,True
baile,slate-anglo-caped-fable-baile,5,False,True
bails,slate-basis-bails,3,True,True
bairn,slate-corny-aboil-bairn,4,False,True
baisa,slate-oasis-daisy-baisa,4,False,True
baith,slate-carny-faith-baith,4,False,True
baits,slate-nymph-farce-abide-baits,5,True,True
baiza,slate-corny-mamba-babka-bagua-baiza,6,False,True
baize,slate-garbo-bacne-baize,4,False,True
bajan,slate-corny-denim-pagan-bhava-bajan,6,False,True
bajra,slate-corny-rabid-abaka-bajra,5,False,True
bajri,slate-corny-rabid-bajri,4,False,True
bajus,slate-oasis-brink-whump-babus-bajus,6,False,True
baked,slate-raced-funky-baked,4,True,True
baken,slate-raced-homed-waxen-abamp-baken,6,False,True
baker,slate-raced-pygmy-forks-baker,5,True,True
bakes,slate-wiper-casks-album-bakes,5,True,True
bakra,slate-corny-rabid-abaka-bakra,5,False,True
balas,slate-basis-balls-dukas-balas,5,False,True
balds,slate-basis-balls-dukas-balds,5,False,True
baldy,slate-colin-madly-baldy,4,True,True
baled,slate-rangy-lymph-babel-baled,5,True,True
baler,slate-rangy-balmy-baler,4,True,True
bales,slate-lambs-bales,3,True,True
balks,slate-basis-balls-dukas-balks,5,False,True
balky,slate-colin-madly-balky,4,True,True
ballo,slate-colin-aglow-aahed-ballo,5,False,True
balls,slate-basis-balls,3,True,True
bally,slate-colin-madly-bower-bally,5,True,True
balms,slate-basis-balls-dukas-balms,5,False,True
balmy,slate-colin-madly-balmy,4,True,True
baloi,slate-colin-aahed-baloi,4,False,True
balon,slate-colin-aahed-balon,4,False,True
baloo,slate-colin-aglow-valor-baloo,5,False,True
balot,slate-taint-fault-balot,4,False,True
balsa,slate-basis-balsa,3,True,True
balti,slate-aglow-malty-balti,4,False,True
balun,slate-colin-bubby-balun,4,False,True
balus,slate-basis-balls-dukas-balus,5,False,True
balut,slate-taint-fault-balut,4,False,True
bamas,slate-oasis-brink-whump-bamas,5,False,True
bambi,slate-corny-mamba-aalii-bambi,5,False,True
bamma,slate-corny-mamba-bamma,4,False,True
bammy,slate-corny-gaped-champ-jammy-bammy,6,False,True
banak,slate-corny-denim-ganja-abaht-banak,6,False,True
banal,slate-colin-larva-banal,4,True,True
banco,slate-corny-abbot-banco,4,True,True
bancs,slate-oasis-brink-bands-bangs-bancs,6,False,True
banda,slate-corny-denim-panda-banda,5,True,True
bandh,slate-corny-denim-panda-bandh,5,False,True
bands,slate-oasis-brink-bands,4,True,True
bandy,slate-corny-dough-bandy,4,True,True
baned,slate-raced-funky-waned-abamp-baned,6,False,True
banes,slate-wiper-casks-gamed-abash-babes-banes,7,False,False
bangs,slate-oasis-brink-bands-bangs,5,True,True
bania,slate-corny-denim-bania,4,False,True
banjo,slate-corny-badge-banjo,4,True,True
banks,slate-oasis-brink-banks,4,True,True
banky,slate-corny-dough-nappy-janky-abamp-banky,7,False,False
banns,slate-oasis-brink-banns,4,False,True
bants,slate-nymph-abhor-bants,4,False,True
bantu,slate-carny-manta-natto-bantu,5,False,True
banty,slate-carny-natty-panty-embow-banty,6,False,True
bantz,slate-carny-manta-natto-bantu-bantz,6,False,True
banya,slate-corny-mayan-banya,4,False,True
baons,slate-oasis-nymph-aback-baons,5,False,True
baozi,slate-corny-dumbo-kabob-baozi,5,False,True
bappu,slate-corny-mamba-bappu,4,False,True
bapus,slate-oasis-brink-whump-bapus,5,False,True
barbe,slate-garbo-barbe,3,False,True
barbs,slate-oasis-brink-barbs,4,True,True
barby,slate-corny-aphid-marry-babka-barby,6,False,True
barca,slate-corny-balmy-barca,4,False,True
barde,slate-garbo-barre-barde,4,False,True
bardo,slate-corny-abide-bardo,4,True,True
bards,slate-oasis-brink-barbs-bards,5,True,True
bardy,slate-corny-aphid-demob-bardy,5,False,True
bared,slate-raced-bebop-bared,4,True,True
barer,slate-raced-pygmy-forks-barer,5,True,True
bares,slate-wiper-march-dares-fares-abeng-bares,7,False,False
barfi,slate-corny-fluke-barfi,4,False,True
barfs,slate-oasis-brink-barbs-bards-abamp-barfs,7,False,False
barfy,slate-corny-aphid-marry-babka-barfy,6,False,True
barge,slate-garbo-barge,3,True,True
baric,slate-corny-balmy-barca-baric,5,False,True
barks,slate-oasis-brink-barks,4,True,True
barky,slate-corny-aphid-marry-babka-barky,6,False,True
barms,slate-oasis-brink-barbs-bards-abamp-barms,7,False,False
barmy,slate-corny-aphid-marry-barmy,5,False,True
barns,slate-oasis-brink-barns,4,True,True
barny,slate-corny-barny,3,False,True
baron,slate-corny-apron-baron,4,True,True
barps,slate-oasis-brink-barbs-bards-abamp-barps,7,False,False
barra,slate-corny-fluke-parma-gived-barra,6,False,True
barre,slate-garbo-barre,3,True,True
barro,slate-corny-abide-garbo-barro,5,False,True
barry,slate-corny-aphid-marry-barry,5,True,True
barye,slate-garbo-barre-barde-barye,5,False,True
basal,slate-basis-basal,3,True,True
basan,slate-oasis-adapt-masha-basan,5,False,True
basas,slate-oasis-gecko-wasps-abamp-basas,6,False,True
based,slate-wiper-casks-based,4,True,True
basen,slate-wiper-casks-based-basen,5,False,True
baser,slate-wiper-asker-rebec-baser,5,False,True
bases,slate-wiper-casks-beget-bases,5,True,True
basha,slate-oasis-adapt-masha-basha,5,False,True
basho,slate-oasis-mason-basho,4,False,True
basic,slate-oasis-basic,3,True,True
basij,slate-oasis-basic-basin-basij,5,False,True
basil,slate-basis-basil,3,True,True
basin,slate-oasis-basic-basin,4,True,True
basis,slate-oasis-basis,3,True,True
basks,slate-oasis-gecko-masks-basks,5,False,True
bason,slate-oasis-mason-bason,4,False,True
basse,slate-crump-anise-basse,4,False,True
bassi,slate-oasis-bassi,3,False,True
basso,slate-oasis-basso,3,False,True
bassy,slate-oasis-gassy-bassy,4,False,True
basta,slate-nymph-farce-abide-actas-basta,6,False,True
baste,slate-epoch-batty-baste,4,True,True
basti,slate-nymph-farce-abide-basti,5,False,True
basto,slate-nymph-farce-abide-actas-basto,6,False,True
basts,slate-nymph-farce-abide-actas-basts,6,False,True
batch,slate-tarot-whomp-bocce-batch,5,True,True
bated,slate-treed-amigo-abash-bated,5,True,True
bates,slate-dater-batch-bates,4,True,True
bathe,slate-about-bathe,3,True,True
baths,slate-antsy-bebop-baths,4,True,True
batik,slate-tarot-whomp-batik,4,True,True
baton,slate-tarot-baton,3,True,True
batos,slate-antsy-bebop-batos,4,False,True
batta,slate-carny-faith-abamp-batta,5,False,True
batts,slate-nymph-farce-abide-actas-batts,6,False,True
battu,slate-carny-faith-abamp-battu,5,False,True
batty,slate-carny-flaps-batty,4,True,True
bauds,slate-oasis-brink-whump-bauds,5,False,True
bauks,slate-oasis-brink-backs-bauks,5,False,True
baulk,slate-colin-grump-uvula-howdy-baulk,6,False,True
baurs,slate-oasis-brink-barbs-baurs,5,False,True
bavin,slate-corny-denim-fagin-bavin,5,False,True
bawds,slate-oasis-brink-whump-bawds,5,False,True
bawdy,slate-corny-gaped-abide-bawdy,5,True,True
bawks,slate-oasis-brink-backs-bauks-bawks,6,False,True
bawls,slate-basis-balls-bawls,4,False,True
bawns,slate-oasis-brink-banns-bawns,5,False,True
bawrs,slate-oasis-brink-barbs-baurs-bawrs,6,False,True
bawty,slate-carny-flaps-batty-bawty,5,False,True
bayas,slate-oasis-brink-whump-embay-bayas,6,False,True
bayed,slate-raced-funky-bayed,4,True,True
bayer,slate-raced-pygmy-barfi-bayer,5,False,True
bayes,slate-wiper-casks-gamed-abash-babes-banes-bayes,8,False,False
bayle,slate-anglo-caped-fable-baile-bayle,6,False,True
bayou,slate-corny-bayou,3,True,True
bayts,slate-nymph-tasty-bayts,4,False,True
bazar,slate-corny-rabid-abaka-bazar,5,False,True
bazas,slate-oasis-brink-whump-embay-bazas,6,False,True
bazoo,slate-corny-dumbo-baboo-bazoo,5,False,True
bball,slate-corgi-qualm-aahed-bball,5,False,True
bdays,slate-curbs-addio-bdays,4,False,True
beach,slate-hardy-beach,3,True,True
beads,slate-rebid-beads,3,True,True
beady,slate-hardy-beady,3,True,True
beaks,slate-rebid-admin-beaks,4,True,True
beaky,slate-hardy-baken-beaky,4,False,True
beals,slate-ahold-meals-reals-abeng-beals,6,False,True
beams,slate-rebid-admin-beams,4,True,True
beamy,slate-hardy-baken-beamy,4,False,True
beano,slate-hardy-beaux-beano,4,False,True
beans,slate-rebid-admin-beans,4,True,True
beany,slate-hardy-baken-beany,4,False,True
beard,slate-hardy-beard,3,True,True
beare,slate-prick-aware-deare-abmho-beare,6,False,True
bears,slate-rebid-bears,3,True,True
beast,slate-tabby-beast,3,True,True
beath,slate-homed-neath-beath,4,False,True
beats,slate-thumb-beats,3,True,True
beaty,slate-homed-peaty-beaty,4,False,True
beaus,slate-rebid-admin-beaks-beaus,5,False,True
beaut,slate-bench-beaut,3,True,True
beaux,slate-hardy-beaux,3,True,True
bebop,slate-diner-whomp-bebop,4,True,True
becap,slate-raced-mecca-pecan-becap,5,False,True
becke,slate-groin-decaf-becke,4,False,True
becks,slate-roses-punch-becks,4,True,True
bedad,slate-raced-aback-agama-bedad,5,False,True
bedel,slate-oiler-leech-above-bezel-bedel,6,False,True
bedes,slate-roses-denim-baccy-bedes,5,False,True
bedew,slate-diner-moped-bedew,4,False,True
bedim,slate-diner-medic-bedim,4,False,True
bedye,slate-groin-decaf-bedye,4,False,True
beech,slate-diner-whomp-beech,4,True,True
beedi,slate-diner-medic-beedi,4,False,True
beefs,slate-roses-punch-defog-beefs,5,True,True
beefy,slate-diner-whomp-beefy,4,True,True
beeps,slate-roses-punch-aback-beeps,5,True,True
beers,slate-roses-being-beers,4,True,True
beery,slate-diner-myrrh-every-beery,5,False,True
beets,slate-trips-vined-beets,4,True,True
befit,slate-titer-denim-befit,4,True,True
befog,slate-diner-whomp-gecko-befog,5,True,True
begad,slate-raced-aback-agama-begad,5,False,True
began,slate-raced-venom-began,4,True,True
begar,slate-raced-blown-break-begar,5,False,True
begat,slate-treed-expat-begat,4,True,True
begem,slate-diner-chomp-aevum-begem,5,False,True
beget,slate-titer-amigo-beget,4,True,True
begin,slate-diner-baggy-begin,4,True,True
begob,slate-diner-whomp-gecko-befog-begob,6,False,True
begot,slate-titer-bacon-begot,4,True,True
begum,slate-diner-whomp-accas-begum,5,False,True
begun,slate-diner-bevel-begun,4,True,True
beige,slate-groin-beige,3,True,True
beigy,slate-diner-habit-beigy,4,False,True
being,slate-diner-baggy-being,4,True,True
beins,slate-roses-punch-abide-beins,5,False,True
beira,slate-raced-blown-break-beira,5,False,True
beisa,slate-wiper-aegis-beisa,4,False,True
bekah,slate-raced-venom-kebab-bekah,5,False,True
belah,slate-rangy-medal-abjud-belah,5,False,True
belar,slate-rangy-feral-abcee-belar,5,False,True
belay,slate-rangy-delay-belay,4,True,True
belch,slate-oiler-janky-belch,4,True,True
belee,slate-bingo-belle-belee,4,False,True
belga,slate-rangy-belga,3,False,True
belie,slate-bingo-belie,3,True,True
belit,slate-enter-abled-belit,4,False,True
belle,slate-bingo-belle,3,True,True
belli,slate-oiler-helix-belli,4,False,True
bello,slate-oiler-combo-bello,4,True,True
bells,slate-oiler-psych-bells,4,True,True
belly,slate-oiler-janky-belly,4,True,True
belon,slate-oiler-combo-below-belon,5,False,True
below,slate-oiler-combo-below,4,True,True
belts,slate-balmy-belts,3,True,True
belve,slate-bingo-belle-belee-belve,5,False,True
bemad,slate-raced-aback-agama-bemad,5,False,True
bemas,slate-wiper-bands-bemas,4,False,True
bemix,slate-diner-habit-bemix,4,False,True
bemud,slate-diner-weedy-bemud,4,False,True
bench,slate-diner-bumpy-bench,4,True,True
bends,slate-roses-punch-bends,4,True,True
bendy,slate-diner-bendy,3,True,True
benes,slate-roses-denim-genes-abamp-benes,6,False,True
benet,slate-titer-amigo-duvet-aband-benet,6,False,True
benga,slate-raced-venom-henna-aargh-benga,6,False,True
benis,slate-roses-punch-bends-benis,5,False,True
benji,slate-diner-ennui-benji,4,False,True
benne,slate-groin-cheep-venue-benne,5,False,True
benni,slate-diner-ennui-benni,4,False,True
benny,slate-diner-bumpy-benny,4,True,True
bento,slate-pinch-bento,3,True,True
bents,slate-trips-vined-cents-gents-abmho-bents,7,False,False
benty,slate-pinch-bento-benty,4,False,True
bepat,slate-treed-expat-bepat,4,False,True
beray,slate-raced-blown-break-begar-beray,6,False,True
beres,slate-roses-ficus-heres-peres-badam-beres,7,False,False
beret,slate-titer-aerie-beret,4,True,True
bergs,slate-roses-being-bergs,4,False,True
berko,slate-diner-myrrh-xerox-berko,5,False,True
berks,slate-roses-being-beers-berks,5,False,True
berme,slate-groin-curvy-berme,4,False,True
berms,slate-roses-being-beers-berks-berms,6,False,True
berob,slate-diner-myrrh-xerox-abaca-berob,6,False,True
berry,slate-diner-myrrh-aback-berry,5,True,True
berth,slate-pinch-abbot-berth,4,True,True
beryl,slate-oiler-abort-beryl,4,True,True
besat,slate-dater-axons-besat,4,False,True
besaw,slate-wiper-besaw,3,False,True
besee,slate-group-dense-besee,4,False,True
beses,slate-roses-album-beses,4,False,True
beset,slate-hurst-aboil-beset,4,True,True
besit,slate-hurst-aboil-besit,4,False,True
besom,slate-roses-besom,3,False,True
besot,slate-hurst-aboil-besot,4,True,True
besti,slate-trips-besti,3,False,True
bests,slate-trips-vined-beets-bests,5,False,True
betas,slate-dater-abeng-betas,4,False,True
beted,slate-titer-donut-feted-meted-beted,6,False,True
betel,slate-enter-betel,3,True,True
betes,slate-hurst-timon-bytes-betes,5,False,True
beths,slate-hurst-ethos-techs-beths,5,False,True
betid,slate-titer-fetid-betid,4,False,True
beton,slate-titer-abhor-beton,4,False,True
betta,slate-earth-amnic-abaft-betta,5,False,True
betty,slate-pinch-jetty-betty,4,False,True
bevan,slate-raced-venom-bevan,4,False,True
bevel,slate-oiler-leech-above-bevel,5,True,True
bever,slate-diner-whomp-fryer-queer-bavin-bever,7,False,False
bevor,slate-diner-achoo-error-bevor,5,False,True
bevue,slate-groin-decaf-peeve-bevue,5,False,True
bevvy,slate-diner-whomp-beefy-bevvy,5,False,True
bewdy,slate-diner-weedy-bewdy,4,False,True
bewet,slate-titer-amigo-duvet-aband-bewet,6,False,True
bewig,slate-diner-habit-bemix-bewig,5,False,True
bezel,slate-oiler-leech-above-bezel,5,True,True
bezes,slate-roses-denim-feces-vibex-bezes,6,False,True
bezil,slate-oiler-devil-bezil,4,False,True
bezzy,slate-diner-whomp-beefy-bevvy-bezzy,6,False,True
bhais,slate-curbs-addio-bhais,4,False,True
bhaji,slate-churn-khaki-bhaji,4,False,True
bhang,slate-churn-whang-bhang,4,False,True
bhats,slate-combe-brats-bhats,4,False,True
bhava,slate-churn-khaki-aahed-bhava,5,False,True
bhels,slate-oiler-depth-bhels,4,False,True
bhoot,slate-rhino-aflow-bhoot,4,False,True
bhuna,slate-corny-mixup-fauna-bhuna,5,False,True
bhuts,slate-grimy-bronc-busts-bhuts,5,False,True
biach,slate-churn-poach-biach,4,False,True
biali,slate-corgi-biali,3,False,True
bialy,slate-corgi-avail-bialy,4,False,True
bibbs,slate-mochi-kirby-abjad-bibbs,5,False,True
bibes,slate-roses-denim-vichy-kappa-fixes-begob-bibes,8,False,False
bibis,slate-mochi-kirby-binds-aegis-bibis,6,False,True
bible,slate-bingo-bible,3,True,True
biccy,slate-crony-humid-picky-biccy,5,False,True
bicep,slate-diner-bicep,3,True,True
bices,slate-roses-denim-vichy-bices,5,False,True
bicky,slate-crony-humid-picky-ablow-bicky,6,False,True
biddy,slate-crony-dumps-aback-biddy,5,True,True
bided,slate-diner-biped-bided,4,True,True
bider,slate-diner-crewe-rider-hider-bider,6,False,True
bides,slate-roses-denim-hides-abaca-bides,6,False,True
bidet,slate-titer-aback-bidet,4,True,True
bidis,slate-mochi-kirby-binds-bidis,5,False,True
bidon,slate-crony-bough-bidon,4,False,True
bidri,slate-crony-ahead-aalii-bidri,5,False,True
bield,slate-oiler-alway-field-bield,5,False,True
biers,slate-roses-being-biers,4,False,True
biffo,slate-crony-bipod-bimbo-biffo,5,False,True
biffs,slate-mochi-kirby-binds-aegis-biffs,6,False,True
biffy,slate-crony-dumps-affix-jiffy-biffy,6,False,True
bifid,slate-crony-field-bifid,4,False,True
bigae,slate-garbo-bigae,3,False,True
biggs,slate-mochi-kirby-binds-aegis-biggs,6,False,True
biggy,slate-crony-dumps-affix-jiggy-biggy,6,False,True
bigha,slate-corny-mamba-aalii-bigha,5,False,True
bight,slate-rhino-witty-fight-might-baked-bight,7,False,False
bigly,slate-dilly-girly-bigly,4,False,True
bigos,slate-mochi-arses-pious-devon-bigos,6,False,True
bigot,slate-rhino-oomph-bigot,4,True,True
bihon,slate-crony-bough-bihon,4,False,True
bijou,slate-crony-bipod-bijou,4,True,True
biked,slate-diner-biped-bided-biked,5,True,True
biker,slate-diner-phlox-befog-biker,5,True,True
bikes,slate-roses-denim-vichy-kappa-bikes,6,True,True
bikie,slate-groin-pixie-advew-bikie,5,False,True
bikky,slate-crony-dumps-affix-jiggy-avize-bikky,7,False,False
bilal,slate-colin-afire-villa-bilal,5,False,True
bilat,slate-taint-bilat,3,False,True
bilbo,slate-dilly-befog-bilbo,4,True,True
bilby,slate-dilly-milky-aargh-bilby,5,False,True
biled,slate-oiler-awful-piled-biled,5,False,True
biles,slate-oiler-frump-wiles-biles,5,False,True
bilge,slate-bingo-bilge,3,True,True
bilgy,slate-dilly-milky-aargh-bilgy,5,False,True
bilks,slate-lucid-morph-befog-bills-bilks,6,False,True
bills,slate-lucid-morph-befog-bills,5,True,True
billy,slate-dilly-wharf-album-billy,5,True,True
bimah,slate-corny-mamba-bimah,4,False,True
bimas,slate-oasis-aback-aargh-bimas,5,False,True
bimbo,slate-crony-bipod-bimbo,4,True,True
binal,slate-colin-final-binal,4,False,True
bindi,slate-crony-unhip-aband-bindi,5,False,True
binds,slate-mochi-kirby-binds,4,True,True
biner,slate-diner-finer-miner-abamp-biner,6,False,True
bines,slate-roses-denim-awful-naive-pines-aback-bines,8,False,False
binge,slate-groin-binge,3,True,True
bingo,slate-crony-bough-bingo,4,True,True
bings,slate-mochi-kirby-binds-bings,5,False,True
bingy,slate-crony-pudge-bawks-bingy,5,False,True
binit,slate-rhino-bonus-binit,4,False,True
binks,slate-mochi-kirby-binks,4,False,True
binky,slate-crony-pudge-kinky-hinky-ablow-binky,7,False,False
bints,slate-grimy-nymph-tints-abode-bints,6,False,True
biogs,slate-mochi-arses-pious-biogs,5,False,True
biome,slate-groin-diode-biome,4,True,True
bions,slate-mochi-arses-pious-biogs-bions,6,False,True
biont,slate-rhino-biont,3,False,True
biose,slate-group-ancho-moose-biose,5,False,True
biota,slate-carny-boobs-biota,4,False,True
biped,slate-diner-biped,3,True,True
bipod,slate-crony-bipod,3,True,True
bippy,slate-crony-dumps-zippy-hippy-pygmy-bippy,7,False,False
birch,slate-crony-birch,3,True,True
birdo,slate-crony-furry-morph-virgo-birdo,6,False,True
birds,slate-mochi-kirby-birds,4,True,True
biris,slate-mochi-kirby-birds-biris,5,False,True
birks,slate-mochi-kirby-birks,4,False,True
birle,slate-bingo-bible-birle,4,False,True
birls,slate-lucid-morph-girls-aband-birls,6,False,True
biros,slate-mochi-arses-aband-biros,5,False,True
birrs,slate-mochi-kirby-birds-biris-birrs,6,False,True
birse,slate-group-rinse-birse,4,False,True
birsy,slate-mochi-kirby-birsy,4,False,True
birth,slate-irony-befog-birth,4,True,True
birze,slate-groin-fibre-birze,4,False,True
birzz,slate-crony-ahead-quirk-birzz,5,False,True
bises,slate-roses-album-beses-bises,5,False,True
bisks,slate-mochi-kirby-binks-bisks,5,False,True
bisom,slate-mochi-adios-bisom,4,False,True
bison,slate-mochi-arses-bison,4,True,True
bitch,slate-rhino-witty-hoped-fitch-mitch-bitch,7,False,False
biter,slate-titer-miter-biter,4,True,True
bites,slate-hurst-timon-aback-bites,5,True,True
bitey,slate-titer-cited-abamp-bitey,5,False,True
bitos,slate-trout-goths-bitos,4,False,True
bitou,slate-rhino-oomph-bigot-bitou,5,False,True
bitsy,slate-trout-abase-bitsy,4,True,True
bitte,slate-turbo-bitte,3,False,True
bitts,slate-grimy-nymph-fists-abaca-bitts,6,False,True
bitty,slate-irony-dwarf-aback-bitty,5,True,True
bivia,slate-corny-mamba-aalii-bivia,5,False,True
bivvy,slate-crony-dumps-affix-jiggy-avize-bivvy,7,False,False
bizes,slate-roses-denim-vichy-kappa-fixes-begob-bizes,8,False,False
bizzo,slate-crony-bipod-bimbo-biffo-bizzo,6,False,True
bizzy,slate-crony-dumps-affix-jiggy-avize-bizzy,7,False,False
blabs,slate-chaps-adage-flaws-abbey-blabs,6,False,True
black,slate-prick-beefs-black,4,True,True
blade,slate-crumb-blade,3,True,True
blads,slate-chaps-adage-blads,4,False,True
blady,slate-prick-aback-bland-blady,5,False,True
blaer,slate-aahed-blaer,3,False,True
blaes,slate-abaca-blaes,3,False,True
blaff,slate-prick-aback-bland-blaff,5,False,True
blags,slate-chaps-adage-flags-blags,5,False,True
blahs,slate-chaps-blahs,3,False,True
blain,slate-prick-flail-blain,4,False,True
blame,slate-crumb-blame,3,True,True
blams,slate-chaps-adage-flaws-abbey-blams,6,False,True
blanc,slate-prick-clang-blanc,4,True,True
bland,slate-prick-aback-bland,4,True,True
blank,slate-prick-blank,3,True,True
blare,slate-crumb-blare,3,True,True
blart,slate-plant-abear-blart,4,False,True
blase,slate-blase,2,True,True
blash,slate-chaps-flash-blash,4,False,True
blast,slate-blast,2,True,True
blate,slate-plate-elate-abaca-blate,5,False,True
blats,slate-flats-abaca-blats,4,False,True
blatt,slate-bepat-blatt,3,False,True
blaud,slate-prick-aback-bland-blaud,5,False,True
blawn,slate-prick-aback-bland-blawn,5,False,True
blaws,slate-chaps-adage-flaws-blaws,5,False,True
blays,slate-chaps-adage-flaws-abbey-blays,6,False,True
blaze,slate-crumb-blade-blaze,4,True,True
bleah,slate-anger-bleak-bleah,4,False,True
bleak,slate-anger-bleak,3,True,True
blear,slate-anger-clear-blear,4,False,True
bleat,slate-bicep-bleat,3,True,True
blebs,slate-plebe-blebs,3,False,True
blech,slate-freed-pubic-blech,4,False,True
bleed,slate-freed-bleed,3,True,True
bleep,slate-freed-bleep,3,True,True
blees,slate-plebe-blees,3,False,True
blend,slate-freed-blend,3,True,True
blent,slate-aback-abear-blent,4,False,True
blert,slate-aback-abear-blert,4,False,True
bless,slate-plebe-bless,3,True,True
blest,slate-blest,2,True,True
blets,slate-blets,2,False,True
bleys,slate-plebe-bless-bleys,4,False,True
blimp,slate-bucko-acing-blimp,4,True,True
blimy,slate-bucko-acing-blimp-blimy,5,False,True
blind,slate-bucko-acing-blind,4,True,True
bling,slate-bucko-acing-bling,4,True,True
blini,slate-bucko-acing-blind-blini,5,False,True
blink,slate-bucko-blink,3,True,True
blins,slate-flops-bliss-blins,4,False,True
bliny,slate-bucko-acing-blind-blini-bliny,6,False,True
blips,slate-flops-clips-blips,4,False,True
bliss,slate-flops-bliss,3,True,True
blist,slate-blist,2,False,True
blite,slate-acing-elite-blite,4,False,True
blits,slate-aback-blots-blits,4,False,True
blitz,slate-aboil-blitz,3,True,True
blive,slate-bipod-blive,3,False,True
bloat,slate-begat-bloat,3,True,True
blobs,slate-flops-gawky-clods-blobs,5,False,True
block,slate-bucko-block,3,True,True
blocs,slate-flops-gawky-clods-blocs,5,False,True
blogs,slate-flops-gawky-blogs,4,True,True
bloke,slate-bipod-bloke,3,True,True
blond,slate-bucko-admin-blond,4,True,True
blonx,slate-bucko-admin-blonx,4,False,True
blood,slate-bucko-admin-blood,4,True,True
blook,slate-bucko-blook,3,False,True
bloom,slate-bucko-admin-bloom,4,True,True
bloop,slate-bucko-admin-bloop,4,True,True
blore,slate-bipod-bloke-blore,4,False,True
blots,slate-aback-blots,3,True,True
blown,slate-bucko-admin-blown,4,True,True
blows,slate-flops-gawky-blows,4,True,True
blowy,slate-bucko-admin-bloop-blowy,5,False,True
blubs,slate-flops-bliss-abbed-blubs,5,False,True
blude,slate-bipod-blude,3,False,True
bluds,slate-flops-bliss-abbed-bluds,5,False,True
bludy,slate-bucko-bluff-blurb-bludy,5,False,True
blued,slate-freed-acids-glued-blued,5,False,True
bluer,slate-freed-abide-bluer,4,True,True
blues,slate-plebe-blues,3,True,True
bluet,slate-aback-abear-bluet,4,False,True
bluey,slate-freed-gluey-bluey,4,False,True
bluff,slate-bucko-bluff,3,True,True
bluid,slate-bucko-bluff-blurb-bludy-bluid,6,False,True
blume,slate-bipod-blume,3,False,True
blunk,slate-bucko-blunk,3,False,True
blunt,slate-flung-blunt,3,True,True
blurb,slate-bucko-bluff-blurb,4,True,True
blurs,slate-flops-bliss-abbed-blurs,5,False,True
blurt,slate-flung-blurt,3,True,True
blush,slate-flops-blush,3,True,True
blype,slate-bipod-blype,3,False,True
boabs,slate-curbs-boabs,3,False,True
boaks,slate-curbs-addio-boaks,4,False,True
board,slate-churn-abide-board,4,True,True
boars,slate-curbs-aglow-boars,4,True,True
boart,slate-grunt-apart-chart-boart,5,False,True
boast,slate-bronc-boast,3,True,True
boats,slate-combe-boats,3,True,True
boaty,slate-aback-boaty,3,False,True
bobac,slate-corny-mocha-bobac,4,False,True
bobak,slate-corny-gaped-momma-abaci-bobak,6,False,True
bobas,slate-oasis-comas-henry-aback-bobas,6,False,True
bobby,slate-crony-badge-bobby,4,True,True
bobol,slate-dilly-whang-cromb-bobol,5,False,True
bobos,slate-mochi-bundy-abbot-bobos,5,False,True
bocca,slate-corny-mocha-bocca,4,False,True
bocce,slate-groin-blush-bocce,4,True,True
bocci,slate-crony-bicep-bocci,4,False,True
boche,slate-groin-blush-boche,4,False,True
bocks,slate-mochi-curds-jocks-powny-bocks,6,False,True
boded,slate-diner-moped-oxbow-boded,5,True,True
bodes,slate-roses-munch-biped-bodes,5,False,True
bodge,slate-groin-dodge-abamp-bodge,5,False,True
bodgy,slate-crony-badge-bodgy,4,False,True
bodhi,slate-crony-bipod-bodhi,4,True,True
bodle,slate-bingo-boule-bodle,4,False,True
bodoh,slate-crony-bipod-bodoh,4,False,True
boeps,slate-roses-poems-boeps,4,False,True
boers,slate-roses-doers-abmho-boers,5,False,True
boeti,slate-pinch-deity-boeti,4,False,True
boets,slate-trips-vined-beets-boets,5,False,True
boeuf,slate-diner-whomp-gecko-boeuf,5,False,True
boffo,slate-crony-bipod-boffo,4,True,True
boffs,slate-mochi-bundy-abbot-books-boffs,6,False,True
bogan,slate-corny-aimed-hogan-bogan,5,False,True
bogey,slate-diner-chomp-defog-bogey,5,True,True
boggy,slate-crony-badge-boggy,4,True,True
bogie,slate-groin-bogie,3,True,True
bogle,slate-bingo-bogle,3,False,True
bogue,slate-groin-dodge-vogue-abamp-bogue,6,False,True
bogus,slate-mochi-bundy-bogus,4,True,True
bohea,slate-raced-aback-bohea,4,False,True
bohos,slate-mochi-drank-hoofs-bohos,5,False,True
boils,slate-lucid-morph-boils,4,True,True
boing,slate-crony-bodhi-boing,4,True,True
boink,slate-crony-bodhi-boing-boink,5,False,True
boite,slate-turbo-boite,3,False,True
boked,slate-diner-moped-oxbow-boded-boked,6,False,True
bokeh,slate-diner-chomp-hokey-bokeh,5,False,True
bokes,slate-roses-munch-biped-boxes-bokes,6,False,True
bokos,slate-mochi-bundy-abbot-bozos-bokos,6,False,True
bolar,slate-colin-alpha-molar-bolar,5,False,True
bolas,slate-basis-bolas,3,False,True
boldo,slate-dilly-boldo,3,False,True
bolds,slate-lucid-defog-holds-molds-bolds,6,False,True
boles,slate-oiler-camps-holes-aband-boles,6,False,True
bolet,slate-enter-abbot-bolet,4,False,True
bolix,slate-dilly-capon-folio-bolix,5,False,True
bolks,slate-lucid-frown-polls-bomoh-bolks,6,False,True
bolls,slate-lucid-frown-polls-abamp-bolls,6,False,True
bolos,slate-lucid-frown-polls-bomoh-bolos,6,False,True
bolts,slate-bolus-bolts,3,True,True
bolus,slate-lucid-bolus,3,True,True
bomas,slate-oasis-comas-bandh-bomas,5,False,True
bombe,slate-groin-blush-bocce-bombe,5,False,True
bombo,slate-crony-bipod-boffo-bombo,5,False,True
bombs,slate-mochi-words-bombs,4,True,True
bomoh,slate-crony-bipod-buxom-bomoh,5,False,True
bomor,slate-crony-furry-vigor-bomor,5,False,True
bonce,slate-groin-donna-ponce-bonce,5,False,True
bonds,slate-mochi-bundy-bonds,4,True,True
boned,slate-diner-botch-boned,4,True,True
boner,slate-diner-aglow-boner,4,True,True
bones,slate-roses-munch-abuzz-bones,5,True,True
boney,slate-diner-abash-boney,4,True,True
bongo,slate-crony-bough-bongo,4,True,True
bongs,slate-mochi-bundy-bongs,4,False,True
bonie,slate-groin-bonie,3,False,True
bonks,slate-mochi-bundy-bongs-bonks,5,False,True
bonne,slate-groin-donna-bonne,4,True,True
bonny,slate-crony-award-bonny,4,True,True
bonum,slate-crony-bough-bonum,4,False,True
bonus,slate-mochi-bundy-bonus,4,True,True
bonza,slate-corny-aimed-hogan-bonza,5,False,True
bonze,slate-groin-donna-ponce-bonze,5,False,True
booai,slate-corny-gaped-momma-abaci-booai,6,False,True
booay,slate-corny-abhor-booay,4,False,True
boobs,slate-mochi-bundy-abbot-boobs,5,True,True
booby,slate-crony-dough-abuzz-booby,5,True,True
boody,slate-crony-dough-moody-woody-boody,6,False,True
booed,slate-diner-moped-oxbow-booed,5,True,True
boofy,slate-crony-dough-abuzz-booby-afoam-boofy,7,False,False
boogy,slate-crony-dough-boogy,4,False,True
boohs,slate-mochi-boogy-boohs,4,False,True
books,slate-mochi-bundy-abbot-books,5,True,True
booky,slate-crony-dough-abuzz-booby-afoam-booky,7,False,False
bools,slate-lucid-frown-pools-abamp-bools,6,False,True
booms,slate-mochi-words-bombs-booms,5,True,True
boomy,slate-crony-dough-abuzz-booby-afoam-boomy,7,False,False
boong,slate-crony-gimps-boong,4,False,True
boons,slate-mochi-bundy-boson-boons,5,False,True
boord,slate-crony-fjord-boord,4,False,True
boors,slate-mochi-bundy-abbot-books-boors,6,False,True
boose,slate-group-ancho-moose-boose,5,False,True
boost,slate-trout-boost,3,True,True
booth,slate-irony-bloop-booth,4,True,True
boots,slate-grimy-bronc-boots,4,True,True
booty,slate-irony-booty,3,True,True
booze,slate-groin-aback-booze,4,True,True
boozy,slate-crony-dough-abuzz-boozy,5,True,True
boppy,slate-crony-badge-bobby-boppy,5,False,True
borak,slate-corny-borax-borak,4,False,True
boral,slate-colin-amour-royal-baghs-boral,6,False,True
boras,slate-oasis-comas-henry-aback-boras,6,False,True
borax,slate-corny-borax,3,True,True
borde,slate-groin-boric-borde,4,False,True
bords,slate-mochi-bundy-bords,4,False,True
bored,slate-diner-befog-bored,4,True,True
boree,slate-groin-boric-borde-boree,5,False,True
borek,slate-diner-creek-borek,4,False,True
borel,slate-oiler-morel-abaft-borel,5,False,True
borer,slate-diner-whomp-rocky-boxer-borer,6,False,True
bores,slate-roses-aback-bores,4,True,True
borgo,slate-crony-furry-morph-borgo,5,False,True
boric,slate-crony-abhor-boric,4,True,True
borks,slate-mochi-bundy-abbot-books-borks,6,False,True
borms,slate-mochi-words-forms-norms-borms,6,False,True
borna,slate-corny-borna,3,False,True
borne,slate-groin-borne,3,True,True
boron,slate-crony-demon-boron,4,True,True
borts,slate-grimy-adopt-forts-ablow-borts,6,False,True
borty,slate-irony-forty-biped-borty,5,False,True
bortz,slate-irony-forth-bortz,4,False,True
bosey,slate-roses-nymph-bosey,4,False,True
bosie,slate-group-abled-bosie,4,False,True
bosks,slate-mochi-bundy-abbot-books-borks-bosks,7,False,False
bosky,slate-mochi-bundy-bossy-bosky,5,False,True
bosom,slate-mochi-words-bosom,4,True,True
boson,slate-mochi-bundy-boson,4,True,True
bossa,slate-oasis-bossa,3,True,True
bossy,slate-mochi-bundy-bossy,4,True,True
bosun,slate-mochi-bundy-bosun,4,False,True
botas,slate-antsy-bebop-botas,4,False,True
botch,slate-rhino-acute-botch,4,True,True
boteh,slate-titer-donut-abaht-boteh,5,False,True
botel,slate-enter-abhor-botel,4,False,True
botes,slate-hurst-timon-dotes-votes-abaca-botes,7,False,False
botew,slate-titer-donut-abaht-botew,5,False,True
bothy,slate-rhino-acute-abamp-bothy,5,False,True
botos,slate-trout-goths-abaci-botos,5,False,True
botte,slate-turbo-boite-botte,4,False,True
botts,slate-grimy-bronc-bouts-botts,5,False,True
botty,slate-irony-acted-potty-thumb-botty,6,False,True
bouge,slate-groin-dodge-abamp-bouge,5,False,True
bough,slate-crony-bipod-boffo-bough,5,True,True
bouks,slate-mochi-bundy-bogus-bouks,5,False,True
boule,slate-bingo-boule,3,True,True
boult,slate-grout-moult-boult,4,False,True
bound,slate-crony-bodhi-bound,4,True,True
bouns,slate-mochi-bundy-bosun-bouns,5,False,True
bourd,slate-crony-furry-gourd-bourd,5,False,True
bourg,slate-crony-furry-gourd-bourg,5,False,True
bourn,slate-crony-demon-robin-bourn,5,False,True
bouse,slate-group-homed-youse-bouse,5,False,True
bousy,slate-mochi-bundy-bousy,4,False,True
bouts,slate-grimy-bronc-bouts,4,True,True
boutu,slate-irony-ached-motto-boutu,5,False,True
bovid,slate-crony-bipod-bovid,4,False,True
bowat,slate-tarot-about-bowat,4,False,True
bowed,slate-diner-moped-oxbow-bowed,5,True,True
bowel,slate-oiler-bawdy-bowel,4,True,True
bower,slate-diner-whomp-aback-bower,5,True,True
bowes,slate-roses-munch-biped-boxes-bokes-bowes,7,False,False
bowet,slate-titer-amigo-covet-abaft-bowet,6,False,True
bowie,slate-groin-mauve-bowie,4,True,True
bowls,slate-lucid-frown-bowls,4,True,True
bowne,slate-groin-donna-bowne,4,False,True
bowrs,slate-mochi-bundy-abbot-books-boffs-bowrs,7,False,False
bowse,slate-group-abled-bosie-bowse,5,False,True
boxed,slate-diner-moped-oxbow-boxed,5,True,True
boxen,slate-diner-mocks-woven-boxen,5,False,True
boxer,slate-diner-whomp-rocky-boxer,5,True,True
boxes,slate-roses-munch-biped-boxes,5,True,True
boxla,slate-colin-amour-loyal-abbed-boxla,6,False,True
boxty,slate-irony-acted-pouty-boxty,5,False,True
boyar,slate-corny-boyar,3,False,True
boyau,slate-corny-abhor-boyau,4,False,True
boyed,slate-diner-moped-oxbow-boded-boked-boyed,7,False,False
boyey,slate-diner-chomp-defog-jokey-boyey,6,False,True
boyfs,slate-mochi-bundy-afion-boyfs,5,False,True
boygs,slate-mochi-bundy-afion-boygs,5,False,True
boyla,slate-colin-amour-loyal-boyla,5,False,True
boyly,slate-dilly-bowed-boyly,4,False,True
boyos,slate-mochi-bundy-afion-boyos,5,False,True
boysy,slate-mochi-bundy-bossy-boysy,5,False,True
bozos,slate-mochi-bundy-abbot-bozos,5,True,True
braai,slate-churn-abode-brava-braai,5,False,True
brace,slate-prick-brace,3,True,True
brach,slate-churn-roach-brach,4,False,True
brack,slate-churn-flown-brack,4,True,True
bract,slate-grunt-brick-bract,4,False,True
brads,slate-curbs-aglow-brass-chynd-brads,6,False,True
braes,slate-rebid-braes,3,False,True
brags,slate-curbs-aglow-brags,4,True,True
brahs,slate-curbs-aglow-brass-chynd-brahs,6,False,True
braid,slate-churn-abode-braid,4,True,True
brail,slate-corgi-frail-brail,4,False,True
brain,slate-churn-abide-brain,4,True,True
brake,slate-prick-brake,3,True,True
braks,slate-curbs-aglow-brass-chynd-braks,6,False,True
braky,slate-churn-abode-brava-braky,5,False,True
brame,slate-prick-agave-frame-brame,5,False,True
brand,slate-churn-biped-brand,4,True,True
brane,slate-prick-agave-frame-aband-brane,6,False,True
brank,slate-churn-biped-brank,4,False,True
brans,slate-curbs-aglow-brass-chynd-brans,6,False,True
brant,slate-grunt-brant,3,True,True
brash,slate-curbs-brash,3,True,True
brass,slate-curbs-aglow-brass,4,True,True
brast,slate-bronc-brast,3,False,True
brats,slate-combe-brats,3,True,True
brava,slate-churn-abode-brava,4,True,True
brave,slate-prick-agave-brave,4,True,True
bravi,slate-churn-abode-brava-bravi,5,False,True
bravo,slate-churn-abode-bravo,4,True,True
brawl,slate-corgi-brawl,3,True,True
brawn,slate-churn-abide-brawn,4,True,True
braws,slate-curbs-aglow-braws,4,False,True
braxy,slate-churn-abode-brava-braky-braxy,6,False,True
brays,slate-curbs-aglow-brass-chynd-brays,6,False,True
braza,slate-churn-abode-brava-braza,5,False,True
braze,slate-prick-agave-frame-aband-braze,6,False,True
bread,slate-raced-bread,3,True,True
break,slate-raced-blown-break,4,True,True
bream,slate-raced-blown-break-bream,5,True,True
brede,slate-groin-amped-crude-brede,5,False,True
breds,slate-roses-being-brews-abord-breds,6,False,True
breed,slate-diner-befog-breed,4,True,True
breem,slate-diner-creek-breem,4,False,True
breer,slate-diner-whomp-fryer-breer,5,False,True
brees,slate-roses-ficus-heres-aband-brees,6,False,True
breid,slate-diner-abide-rebid-breid,5,False,True
breis,slate-roses-being-biers-breis,5,False,True
breme,slate-groin-amped-creme-breme,5,False,True
brens,slate-roses-being-brens,4,False,True
brent,slate-titer-vouch-exert-brent,5,True,True
brere,slate-groin-amped-crewe-abers-brere,6,False,True
brers,slate-roses-being-brews-abord-brers,6,False,True
breve,slate-groin-amped-crewe-abers-breve,6,False,True
brews,slate-roses-being-brews,4,True,True
breys,slate-roses-being-brews-abord-breys,6,False,True
briar,slate-corny-rabid-briar,4,True,True
bribe,slate-groin-dumps-bribe,4,True,True
brick,slate-crony-brick,3,True,True
bride,slate-groin-dumps-bride,4,True,True
brief,slate-diner-brief,3,True,True
brier,slate-diner-acute-brier,4,True,True
bries,slate-roses-ficus-dries-abamp-bries,6,False,True
brigs,slate-mochi-kirby-abeng-brigs,5,False,True
briki,slate-crony-amigo-frizz-briki,5,False,True
briks,slate-mochi-kirby-brisk-briks,5,False,True
brill,slate-dilly-gruff-krill-brill,5,True,True
brims,slate-mochi-dippy-aback-brims,5,False,True
brine,slate-groin-brine,3,True,True
bring,slate-crony-being-bring,4,True,True
brink,slate-crony-being-brink,4,True,True
brins,slate-mochi-kirby-abeng-brins,5,False,True
briny,slate-crony-briny,3,True,True
brios,slate-mochi-arses-irons-brios,5,False,True
brise,slate-group-frise-brise,4,False,True
brisk,slate-mochi-kirby-brisk,4,True,True
briss,slate-mochi-kirby-abeng-briss,5,False,True
brith,slate-irony-fritz-britt-brith,5,False,True
brits,slate-grimy-brits,3,True,True
britt,slate-irony-fritz-britt,4,True,True
brize,slate-groin-dumps-bribe-brize,5,False,True
broad,slate-corny-vroom-broad,4,True,True
broch,slate-crony-frock-broch,4,False,True
brock,slate-crony-frock-brock,4,True,True
brods,slate-mochi-gross-abide-brods,5,False,True
brogh,slate-crony-dumbo-brook-brogh,5,False,True
brogs,slate-mochi-gross-frogs-brogs,5,False,True
broil,slate-dilly-acorn-broil,4,True,True
broke,slate-groin-baldy-broke,4,True,True
brome,slate-groin-baldy-broke-brome,5,False,True
bromo,slate-crony-dumbo-bromo,4,False,True
bronc,slate-crony-bronc,3,True,True
brond,slate-crony-adapt-frond-brond,5,False,True
brood,slate-crony-dumbo-brood,4,True,True
brook,slate-crony-dumbo-brook,4,True,True
brool,slate-dilly-whang-cromb-brool,5,False,True
broom,slate-crony-dumbo-broom,4,True,True
broos,slate-mochi-gross-abide-brows-broos,6,False,True
brose,slate-group-brose,3,False,True
brosy,slate-mochi-gross-abaya-brosy,5,False,True
broth,slate-irony-batty-broth,4,True,True
brown,slate-crony-gibed-brown,4,True,True
brows,slate-mochi-gross-abide-brows,5,True,True
bruck,slate-crony-brick-bruck,4,False,True
brugh,slate-crony-amigo-brugh,4,False,True
bruhs,slate-mochi-agape-bushy-bruhs,5,False,True
bruin,slate-crony-bruin,3,True,True
bruit,slate-rhino-fruit-bruit,4,False,True
bruja,slate-corny-rabid-abura-bruja,5,False,True
brujo,slate-crony-prior-brujo,4,False,True
brule,slate-bingo-belle-brule,4,False,True
brume,slate-groin-amped-creme-brume,5,False,True
brung,slate-crony-being-brung,4,False,True
brunt,slate-rhino-argot-brunt,4,True,True
brush,slate-mochi-arses-brush,4,True,True
brusk,slate-mochi-gunky-brusk,4,True,True
brust,slate-trout-crust-brust,4,False,True
brute,slate-turbo-brute,3,True,True
bruts,slate-grimy-trots-bruts,4,False,True
bruvs,slate-mochi-gunky-usurp-bruvs,5,False,True
buats,slate-combe-brats-bhats-buats,5,False,True
buaze,slate-prick-mewed-agave-buaze,5,False,True
bubal,slate-colin-grump-awful-bubal,5,False,True
bubas,slate-oasis-anger-dumpy-bubas,5,False,True
bubba,slate-corny-mamba-bubba,4,True,True
bubbe,slate-groin-decaf-queue-bubbe,5,False,True
bubby,slate-crony-dumps-befog-buzzy-bubby,6,False,True
bubus,slate-mochi-gunky-abhor-buffs-bubus,6,False,True
buchu,slate-crony-aback-pubic-buchu,5,False,True
bucko,slate-crony-bicep-bucko,4,True,True
bucks,slate-mochi-abide-bucks,4,True,True
bucku,slate-crony-aback-bucku,4,False,True
budas,slate-oasis-anger-dumpy-budas,5,False,True
buddy,slate-crony-dumps-banjo-buddy,5,True,True
buded,slate-diner-moped-beech-aduki-buded,6,False,True
budes,slate-roses-denim-edges-budes,5,False,True
budge,slate-groin-awful-banjo-budge,5,True,True
budis,slate-mochi-kirby-budis,4,False,True
budos,slate-mochi-gross-kudos-budos,5,False,True
buena,slate-raced-venom-hyena-abamp-buena,6,False,True
buffa,slate-corny-mamba-aalii-buffa,5,False,True
buffe,slate-groin-decaf-buffe,4,False,True
buffi,slate-crony-field-whiff-buffi,5,False,True
buffo,slate-crony-bipod-boffo-buffo,5,False,True
buffs,slate-mochi-gunky-abhor-buffs,5,True,True
buffy,slate-crony-dumps-befog-buffy,5,True,True
bufos,slate-mochi-gross-kudos-bufos,5,False,True
bufty,slate-irony-optic-tufty-bufty,5,False,True
bugan,slate-corny-denim-pagan-bugan,5,False,True
buggy,slate-crony-dumps-befog-buggy,5,True,True
bugle,slate-bingo-bugle,3,True,True
buhls,slate-lucid-bebop-bulls-buhls,5,False,True
buhrs,slate-mochi-arses-buhrs,4,False,True
buiks,slate-mochi-kirby-buiks,4,False,True
build,slate-dilly-aback-build,4,True,True
built,slate-grout-abide-built,4,True,True
buist,slate-trout-agism-buist,4,False,True
bukes,slate-roses-denim-cubes-bukes,5,False,True
bukos,slate-mochi-gross-kudos-bukos,5,False,True
bulbs,slate-lucid-bebop-bulbs,4,True,True
bulge,slate-bingo-bulge,3,True,True
bulgy,slate-dilly-block-bulgy,4,True,True
bulks,slate-lucid-bebop-bulls-bulks,5,False,True
bulky,slate-dilly-block-bulky,4,True,True
bulla,slate-colin-madly-bulla,4,False,True
bulls,slate-lucid-bebop-bulls,4,True,True
bully,slate-dilly-laugh-aback-bully,5,True,True
bulse,slate-abode-bulse,3,False,True
bumbo,slate-crony-bipod-boffo-bumbo,5,False,True
bumfs,slate-mochi-bardo-bumps-bumfs,5,False,True
bumph,slate-crony-field-humph-bumph,5,False,True
bumps,slate-mochi-bardo-bumps,4,True,True
bumpy,slate-crony-dumps-bumpy,4,True,True
bunas,slate-oasis-anger-abamp-bunas,5,False,True
bunce,slate-groin-cheep-dunce-bunce,5,False,True
bunch,slate-crony-blimp-bunch,4,True,True
bunco,slate-crony-ionic-bunco,4,False,True
bunde,slate-groin-cheep-undue-bunde,5,False,True
bundh,slate-crony-unhip-bundh,4,False,True
bunds,slate-mochi-gunky-funds-bunds,5,False,True
bundt,slate-rhino-uncut-bundt,4,True,True
bundu,slate-crony-unhip-aback-bundu,5,False,True
bundy,slate-crony-pudge-bundy,4,True,True
bungs,slate-mochi-gunky-abord-bungs,5,False,True
bungy,slate-crony-pudge-abamp-bungy,5,False,True
bunia,slate-corny-denim-bania-bunia,5,False,True
bunje,slate-groin-cheep-undue-bunje,5,False,True
bunjy,slate-crony-pudge-chafe-junky-bunjy,6,False,True
bunko,slate-crony-bough-bunko,4,False,True
bunks,slate-mochi-gunky-banjo-bunks,5,True,True
bunns,slate-mochi-gunky-funds-bunns,5,False,True
bunny,slate-crony-bicep-bunny,4,True,True
bunts,slate-grimy-bronc-bunts,4,False,True
bunty,slate-irony-nutty-bunty,4,False,True
bunya,slate-corny-mayan-bunya,4,False,True
buoys,slate-mochi-gross-aback-buoys,5,True,True
buppy,slate-crony-dumps-puppy-guppy-buppy,6,False,True
buran,slate-corny-quran-buran,4,False,True
buras,slate-oasis-anger-mardy-buras,5,False,True
burbs,slate-mochi-gunky-abhor-burbs,5,True,True
burds,slate-mochi-gunky-abhor-burbs-abord-burds,7,False,False
buret,slate-titer-aerie-abaca-buret,5,False,True
burfi,slate-crony-ahead-quirk-burfi,5,False,True
burgh,slate-crony-ahead-burgh,4,False,True
burgs,slate-mochi-gunky-aargh-burgs,5,False,True
burin,slate-crony-abide-rubin-burin,5,False,True
burka,slate-corny-fluke-burka,4,True,True
burke,slate-groin-curvy-puree-akara-burke,6,False,True
burks,slate-mochi-gunky-abord-burks,5,False,True
burls,slate-lucid-bebop-bulls-buhls-burls,6,False,True
burly,slate-dilly-bowed-burly,4,True,True
burns,slate-mochi-gunky-burns,4,True,True
burnt,slate-rhino-argot-burnt,4,True,True
buroo,slate-crony-furry-buroo,4,False,True
burps,slate-mochi-gunky-abhor-burbs-abord-burps,7,False,False
burqa,slate-corny-fluke-padam-abers-burqa,6,False,True
burra,slate-corny-fluke-padam-abers-burra,6,False,True
burro,slate-crony-furry-burro,4,True,True
burrs,slate-mochi-gunky-abhor-burbs-abord-burrs,7,False,False
burry,slate-crony-midge-furry-hurry-burry,6,False,True
bursa,slate-oasis-bursa,3,True,True
burse,slate-group-acing-reuse-burse,5,False,True
burst,slate-trout-bawdy-burst,4,True,True
busby,slate-mochi-gunky-fussy-busby,5,False,True
bused,slate-roses-album-bused,4,True,True
buses,slate-roses-album-buses,4,True,True
bushy,slate-mochi-agape-bushy,4,True,True
busks,slate-mochi-gunky-abord-busks,5,False,True
busky,slate-mochi-gunky-dusky-busky,5,False,True
bussu,slate-mochi-gunky-abhor-buffs-bussu,6,False,True
busti,slate-grimy-nymph-fists-busti,5,False,True
busts,slate-grimy-bronc-busts,4,True,True
busty,slate-grimy-abide-busty,4,True,True
butch,slate-rhino-abled-butch,4,True,True
buteo,slate-titer-donut-buteo,4,False,True
butes,slate-hurst-actin-mutes-abjad-butes,6,False,True
butle,slate-tight-butle,3,False,True
butoh,slate-rhino-acute-ought-butoh,5,False,True
butte,slate-turbo-butte,3,True,True
butts,slate-grimy-bronc-busts-butts,5,True,True
butty,slate-irony-optic-gutty-abjad-butty,6,False,True
butut,slate-rhino-aback-tubby-butut,5,False,True
butyl,slate-grout-tulip-butyl,4,False,True
buxom,slate-crony-bipod-buxom,4,True,True
buyer,slate-diner-whomp-fryer-buyer,5,True,True
buyin,slate-crony-nymph-buyin,4,False,True
buzzy,slate-crony-dumps-befog-buzzy,5,True,True
bwana,slate-churn-piano-abjad-bwana,5,False,True
bwazi,slate-churn-foamy-aalii-bwazi,5,False,True
byded,slate-diner-moped-beech-aduki-byded,6,False,True
bydes,slate-roses-denim-edges-budes-bydes,6,False,True
byked,slate-diner-moped-beech-aduki-byked,6,False,True
bykes,slate-roses-denim-cubes-bykes,5,False,True
bylaw,slate-colin-madly-bylaw,4,True,True
byres,slate-roses-ficus-heres-abamp-byres,6,False,True
byrls,slate-lucid-frown-byrls,4,False,True
byssi,slate-mochi-byssi,3,False,True
bytes,slate-hurst-timon-bytes,4,True,True
byway,slate-corny-gaped-byway,4,True,True
caaed,slate-hardy-abaca-caaed,4,False,True
cabal,slate-colin-cabal,3,True,True
cabas,slate-oasis-brink-rugby-cabas,5,False,True
cabby,slate-corny-abide-cabby,4,True,True
caber,slate-raced-caper-carer-abeng-caber,6,False,True
cabin,slate-corny-cabin,3,True,True
cable,slate-anglo-caped-cable,4,True,True
cabob,slate-corny-cacao-cabob,4,False,True
caboc,slate-corny-cacao-caboc,4,False,True
cabre,slate-garbo-cabre,3,False,True
cacao,slate-corny-cacao,3,True,True
cacas,slate-oasis-brink-apace-cecum-cacas,6,False,True
cache,slate-garbo-cumin-cache,4,True,True
cacks,slate-oasis-brink-champ-arcus-cacks,6,False,True
cacky,slate-corny-abide-campy-cacky,5,False,True
cacti,slate-carny-cacti,3,True,True
caddy,slate-corny-abide-caddy,4,True,True
cadee,slate-garbo-cumin-cache-cadee,5,False,True
cades,slate-wiper-casks-fagin-caves-cades,6,False,True
cadet,slate-treed-cadet,3,True,True
cadge,slate-garbo-admin-cadge,4,True,True
cadgy,slate-corny-abide-cadgy,4,False,True
cadie,slate-garbo-cumin-cadie,4,False,True
cadis,slate-oasis-mavis-nazis-darga-cawks-cadis,7,False,False
cadre,slate-garbo-camps-cadre,4,True,True
caeca,slate-raced-caeca,3,False,True
caese,slate-crump-caese,3,False,True
cafes,slate-wiper-casks-fagin-cafes,5,True,True
caffe,slate-garbo-cumin-cache-cadee-caffe,6,False,True
caffs,slate-oasis-brink-apace-camus-caffs,6,False,True
caged,slate-raced-aping-caged,4,True,True
cager,slate-raced-caper-carer-abeng-cager,6,False,True
cages,slate-wiper-casks-fagin-cages,5,True,True
cagey,slate-raced-cagey,3,True,True
cagot,slate-tarot-gamic-cagot,4,False,True
cahow,slate-corny-cacao-cabob-cahow,5,False,True
caids,slate-oasis-padre-maids-eking-calve-caids,7,False,False
cains,slate-oasis-padre-gains-mains-chawk-cains,7,False,False
caird,slate-corny-cigar-capri-caird,5,False,True
cairn,slate-corny-cairn,3,True,True
cajon,slate-corny-canon-capon-cajon,5,False,True
cajun,slate-corny-cabin-cajun,4,True,True
caked,slate-raced-aping-askew-caked,5,True,True
cakes,slate-wiper-casks-cakes,4,True,True
cakey,slate-raced-cagey-cakey,4,False,True
calfs,slate-basis-mulch-calls-flock-calfs,6,False,True
calid,slate-colin-cilia-addax-calid,5,False,True
calif,slate-colin-cilia-addax-calif,5,False,True
calix,slate-colin-cilia-addax-calix,5,False,True
calks,slate-basis-mulch-calls-flock-calks,6,False,True
calla,slate-colin-culpa-calla,4,False,True
calle,slate-anglo-caped-cable-calle,5,False,True
calls,slate-basis-mulch-calls,4,True,True
calms,slate-basis-mulch-calms,4,True,True
calmy,slate-colin-culpa-calmy,4,False,True
calos,slate-basis-mulch-calls-flock-calos,6,False,True
calpa,slate-colin-culpa-calpa,4,False,True
calps,slate-basis-mulch-calls-flock-calps,6,False,True
calve,slate-anglo-chevy-calve,4,True,True
calyx,slate-colin-culpa-calmy-calyx,5,False,True
caman,slate-corny-cabin-cajun-caman,5,False,True
camas,slate-oasis-brink-apace-cecum-camas,6,False,True
camel,slate-rangy-lymph-camel,4,True,True
cameo,slate-raced-cagey-cameo,4,True,True
cames,slate-wiper-casks-fagin-caves-cades-cames,7,False,False
camis,slate-oasis-mavis-acker-camis,5,False,True
camos,slate-oasis-nymph-camos,4,False,True
campi,slate-corny-chica-campi,4,False,True
campo,slate-corny-cacao-campo,4,False,True
camps,slate-oasis-brink-apace-camps,5,True,True
campy,slate-corny-abide-campy,4,True,True
camus,slate-oasis-brink-apace-camus,5,True,True
canal,slate-colin-canal,3,True,True
cando,slate-corny-canon-cando,4,False,True
candy,slate-corny-candy,3,True,True
caned,slate-raced-aping-caned,4,True,True
caneh,slate-raced-cagey-cameo-caneh,5,False,True
caner,slate-raced-caper-carer-abeng-caner,6,False,True
canes,slate-wiper-casks-fagin-canes,5,True,True
cangs,slate-oasis-brink-glyph-fangs-advew-cangs,7,False,False
canid,slate-corny-cabin-canid,4,False,True
canna,slate-corny-china-canna,4,False,True
canns,slate-oasis-brink-adapt-yawns-aucht-canns,7,False,False
canny,slate-corny-canny,3,True,True
canoe,slate-garbo-canoe,3,True,True
canon,slate-corny-canon,3,True,True
canso,slate-oasis-acing-canso,4,False,True
canst,slate-antsy-canst,3,True,True
canti,slate-carny-canti,3,False,True
canto,slate-carny-canti-canto,4,False,True
cants,slate-nymph-abhor-wants-cadge-cants,6,False,True
canty,slate-carny-canty,3,False,True
capas,slate-oasis-brink-apace-capas,5,False,True
capax,slate-corny-chica-capax,4,False,True
caped,slate-raced-aping-caped,4,True,True
caper,slate-raced-caper,3,True,True
capes,slate-wiper-aspen-capes,4,True,True
capex,slate-raced-cagey-cameo-caneh-capex,6,False,True
caphs,slate-oasis-brink-apace-camps-caphs,6,False,True
capiz,slate-corny-chica-campi-capiz,5,False,True
caple,slate-anglo-caped-caple,4,False,True
capon,slate-corny-canon-capon,4,True,True
capos,slate-oasis-nymph-abcee-capos,5,False,True
capot,slate-tarot-gamic-capot,4,False,True
capri,slate-corny-cigar-capri,4,True,True
capul,slate-colin-cabal-capul,4,False,True
caput,slate-tarot-dough-kaput-caput,5,True,True
carap,slate-corny-circa-carap,4,False,True
carat,slate-tarot-carat,3,True,True
carbo,slate-corny-abbot-carbo,4,False,True
carbs,slate-oasis-brink-carbs,4,True,True
carby,slate-corny-carry-aband-carby,5,False,True
cardi,slate-corny-circa-cardi,4,False,True
cards,slate-oasis-brink-whims-cards,5,True,True
cardy,slate-corny-carry-aband-cardy,5,False,True
cared,slate-raced-cared,3,True,True
carer,slate-raced-caper-carer,4,True,True
cares,slate-wiper-march-cares,4,True,True
caret,slate-treed-watch-caret,4,True,True
carex,slate-raced-caper-carex,4,False,True
cargo,slate-corny-abbot-cargo,4,True,True
carks,slate-oasis-brink-amped-racks-carks,6,False,True
carle,slate-anglo-caped-cable-calle-carle,6,False,True
carls,slate-basis-mulch-lacks-carls,5,False,True
carne,slate-garbo-capon-carne,4,True,True
carns,slate-oasis-brink-warns-yarns-aahed-carns,7,False,False
carny,slate-corny-carny,3,True,True
carob,slate-corny-abbot-carob,4,True,True
carol,slate-colin-carol,3,True,True
carom,slate-corny-abbot-carom,4,True,True
caron,slate-corny-caron,3,False,True
carpe,slate-garbo-capon-carpe,4,True,True
carpi,slate-corny-circa-cardi-carpi,5,False,True
carps,slate-oasis-brink-whims-cards-carps,6,False,True
carrs,slate-oasis-brink-whims-cards-carps-carrs,7,False,False
carry,slate-corny-carry,3,True,True
carse,slate-crump-carse,3,False,True
carta,slate-carny-carta,3,False,True
carte,slate-actor-carte,3,True,True
carts,slate-nymph-farce-carts,4,True,True
carve,slate-garbo-capon-carve,4,True,True
carvy,slate-corny-carry-aband-carvy,5,False,True
casas,slate-oasis-gecko-casas,4,False,True
casco,slate-oasis-mason-basho-casco,5,False,True
cased,slate-wiper-casks-cased,4,True,True
caser,slate-wiper-asker-rebec-caser,5,False,True
cases,slate-wiper-casks-cases,4,True,True
casks,slate-oasis-gecko-casks,4,True,True
casky,slate-oasis-adapt-washy-casky,5,False,True
caste,slate-epoch-caste,3,True,True
casts,slate-nymph-farce-casts,4,True,True
casus,slate-oasis-gecko-casas-casus,5,False,True
catch,slate-tarot-whomp-bocce-catch,5,True,True
cater,slate-treed-watch-cater,4,True,True
cates,slate-dater-batch-cates,4,True,True
catty,slate-carny-catty,3,True,True
cauda,slate-corny-chica-aahed-cauda,5,False,True
cauks,slate-oasis-brink-champ-arcus-cauks,6,False,True
cauld,slate-colin-cabal-caulk-cauld,5,False,True
caulk,slate-colin-cabal-caulk,4,True,True
cauls,slate-basis-mulch-cauls,4,False,True
caums,slate-oasis-brink-apace-camus-caums,6,False,True
caups,slate-oasis-brink-apace-camps-caups,6,False,True
cauri,slate-corny-cigar-capri-cauri,5,False,True
causa,slate-oasis-admin-harsh-abaca-causa,6,False,True
cause,slate-crump-cause,3,True,True
cavas,slate-oasis-brink-apace-cecum-cavas,6,False,True
caved,slate-raced-aping-askew-caved,5,True,True
cavel,slate-rangy-lymph-babel-afanc-cavel,6,False,True
caver,slate-raced-caper-carer-abeng-caver,6,False,True
caves,slate-wiper-casks-fagin-caves,5,True,True
cavie,slate-garbo-cumin-cadie-cavie,5,False,True
cavil,slate-colin-cavil,3,True,True
cavus,slate-oasis-brink-apace-camus-cavus,6,False,True
cawed,slate-raced-aping-askew-cawed,5,True,True
cawks,slate-oasis-brink-champ-arcus-cawks,6,False,True
caxon,slate-corny-canon-capon-cajon-caxon,6,False,True
cease,slate-beech-cease,3,True,True
ceaze,slate-prick-chafe-ceaze,4,False,True
cebid,slate-diner-medic-cebid,4,False,True
cecal,slate-rangy-medal-fecal-cecal,5,False,True
cecum,slate-diner-whomp-accas-cecum,5,False,True
cedar,slate-raced-cedar,3,True,True
ceded,slate-diner-moped-beech-ceded,5,True,True
ceder,slate-diner-odder-ruder-abcee-ceder,6,False,True
cedes,slate-roses-denim-baccy-cedes,5,False,True
cedis,slate-roses-punch-becks-cedis,5,False,True
ceiba,slate-raced-cheap-ceiba,4,False,True
ceili,slate-oiler-devil-ceili,4,False,True
ceils,slate-oiler-exalt-veils-ached-ceils,6,False,True
celeb,slate-oiler-julep-celeb,4,True,True
cella,slate-rangy-medal-fella-cella,5,False,True
celli,slate-oiler-helix-belli-celli,5,False,True
cello,slate-oiler-combo-cello,4,True,True
cells,slate-oiler-psych-cells,4,True,True
celly,slate-oiler-janky-belly-ached-celly,6,False,True
celom,slate-oiler-combo-celom,4,False,True
celts,slate-balmy-pelts-swack-celts,5,False,True
cense,slate-group-dense-cense,4,False,True
cento,slate-pinch-cento,3,False,True
cents,slate-trips-vined-cents,4,True,True
centu,slate-pinch-cento-centu,4,False,True
ceorl,slate-oiler-aecia-ceorl,4,False,True
cepes,slate-roses-denim-feces-cepes,5,False,True
cerci,slate-diner-affix-reiki-cerci,5,False,True
cered,slate-diner-befog-amuck-cered,5,False,True
ceres,slate-roses-ficus-ceres,4,True,True
cerge,slate-groin-album-verge-cerge,5,False,True
ceria,slate-raced-aroma-ceria,4,False,True
ceric,slate-diner-affix-aargh-ceric,5,False,True
cerne,slate-groin-nerve-aback-cerne,5,False,True
ceroc,slate-diner-myrrh-xerox-abaca-ceroc,6,False,True
ceros,slate-roses-abuzz-overs-chawk-ceros,6,False,True
certs,slate-trips-rents-certs,4,False,True
certy,slate-pinch-certy,3,False,True
cesse,slate-group-dense-fasci-cesse,5,False,True
cesta,slate-chefs-cesta,3,False,True
cesti,slate-trips-besti-cesti,4,False,True
cetes,slate-hurst-timon-bytes-fecks-cetes,6,False,True
cetyl,slate-enter-letup-acock-cetyl,5,False,True
cezve,slate-groin-decaf-cezve,4,False,True
chaap,slate-churn-champ-chaap,4,False,True
chaat,slate-grunt-adapt-chaat,4,False,True
chace,slate-prick-chace,3,False,True
chack,slate-churn-champ-chaff-cocky-chack,6,False,True
chaco,slate-churn-champ-chaff-cocky-chaco,6,False,True
chado,slate-churn-champ-chaff-cocky-chado,6,False,True
chads,slate-curbs-chaos-chaps-dimly-chads,6,False,True
chafe,slate-prick-chafe,3,True,True
chaff,slate-churn-champ-chaff,4,True,True
chaft,slate-grunt-adapt-abaca-chaft,5,False,True
chain,slate-churn-chain,3,True,True
chair,slate-churn-chair,3,True,True
chais,slate-curbs-chaos-chaps-dimly-chais,6,False,True
chalk,slate-corgi-chalk,3,True,True
chals,slate-doing-psalm-aargh-chals,5,False,True
champ,slate-churn-champ,3,True,True
chams,slate-curbs-chaos-chaps-dimly-chams,6,False,True
chana,slate-churn-chang-chana,4,False,True
chang,slate-churn-chang,3,True,True
chank,slate-churn-chang-chana-chank,5,False,True
chant,slate-grunt-chant,3,True,True
chaos,slate-curbs-chaos,3,True,True
chape,slate-prick-chape,3,False,True
chaps,slate-curbs-chaos-chaps,4,True,True
chapt,slate-grunt-adapt-chapt,4,False,True
chara,slate-churn-admin-chary-aback-chara,6,False,True
chard,slate-churn-admin-chard,4,True,True
chare,slate-prick-chare,3,False,True
chark,slate-churn-admin-chary-aback-chark,6,False,True
charm,slate-churn-admin-charm,4,True,True
charr,slate-churn-admin-chary-aback-charr,6,False,True
chars,slate-curbs-agape-crass-chars,5,False,True
chart,slate-grunt-apart-chart,4,True,True
chary,slate-churn-admin-chary,4,True,True
chase,slate-beech-chase,3,True,True
chasm,slate-curbs-chasm,3,True,True
chats,slate-combe-chats,3,True,True
chava,slate-churn-champ-chaff-cocky-chava,6,False,True
chave,slate-prick-chafe-chave,4,False,True
chavs,slate-curbs-chaos-chaps-dimly-chavs,6,False,True
chawk,slate-churn-champ-chaff-cocky-chawk,6,False,True
chawl,slate-corgi-chalk-chawl,4,False,True
chaws,slate-curbs-chaos-chaps-dimly-chavs-chaws,7,False,False
chaya,slate-churn-champ-chaff-cocky-chaya,6,False,True
chays,slate-curbs-chaos-chaps-dimly-chays,6,False,True
cheap,slate-raced-cheap,3,True,True
cheat,slate-treed-aback-cheat,4,True,True
cheba,slate-raced-cheap-cheba,4,False,True
check,slate-diner-whomp-check,4,True,True
chedi,slate-diner-medic-chedi,4,False,True
cheeb,slate-diner-chomp-cheek-cheeb,5,False,True
cheek,slate-diner-chomp-cheek,4,True,True
cheep,slate-diner-chomp-cheep,4,True,True
cheer,slate-diner-whomp-cheer,4,True,True
cheet,slate-titer-amigo-duvet-aband-cheet,6,False,True
chefs,slate-roses-punch-chefs,4,True,True
cheka,slate-raced-cheap-cheba-cheka,5,False,True
chela,slate-rangy-medal-aahed-chela,5,False,True
chelp,slate-oiler-hunky-leech-chelp,5,False,True
chemo,slate-diner-whomp-chemo,4,True,True
chems,slate-roses-punch-chefs-chews-chems,6,False,True
chere,slate-groin-curvy-chere,4,False,True
chert,slate-titer-vouch-chert,4,False,True
chess,slate-roses-chess,3,True,True
chest,slate-hurst-chest,3,True,True
cheth,slate-pinch-cheth,3,False,True
chevy,slate-diner-whomp-check-chevy,5,True,True
chews,slate-roses-punch-chefs-chews,5,True,True
chewy,slate-diner-whomp-chewy,4,True,True
chiao,slate-corny-cacao-chiao,4,False,True
chias,slate-oasis-aback-champ-chias,5,False,True
chiba,slate-corny-chica-chiba,4,False,True
chibs,slate-mochi-chins-chips-aback-chibs,6,False,True
chica,slate-corny-chica,3,True,True
chich,slate-crony-biped-chick-chich,5,False,True
chick,slate-crony-biped-chick,4,True,True
chico,slate-crony-amigo-chico,4,True,True
chics,slate-mochi-chins-chips-aback-chics,6,False,True
chide,slate-groin-dumps-chide,4,True,True
chief,slate-diner-chief,3,True,True
chiel,slate-oiler-impel-chiel,4,False,True
chiko,slate-crony-amigo-chico-chiko,5,False,True
chiks,slate-mochi-chins-chips-aback-chiks,6,False,True
child,slate-dilly-aback-child,4,True,True
chile,slate-bingo-beech-chile,4,True,True
chili,slate-dilly-chili,3,True,True
chill,slate-dilly-gruff-chill,4,True,True
chimb,slate-crony-biped-cubic-chimb,5,False,True
chime,slate-groin-dumps-chime,4,True,True
chimo,slate-crony-amigo-chimo,4,False,True
chimp,slate-crony-biped-chimp,4,True,True
china,slate-corny-china,3,True,True
chine,slate-groin-chemo-chine,4,False,True
ching,slate-crony-abuse-ching,4,True,True
chink,slate-crony-abuse-ching-chink,5,False,True
chino,slate-crony-chino,3,True,True
chins,slate-mochi-chins,3,True,True
chips,slate-mochi-chins-chips,4,True,True
chirk,slate-crony-chirp-amour-chirk,5,False,True
chirl,slate-dilly-acorn-chirl,4,False,True
chirm,slate-crony-chirp-amour-chirm,5,False,True
chiro,slate-crony-curio-chiro,4,False,True
chirp,slate-crony-chirp,3,True,True
chirr,slate-crony-chirp-amour-chirr,5,False,True
chirt,slate-rhino-third-chirt,4,False,True
chiru,slate-crony-chirp-amour-chiru,5,False,True
chiti,slate-irony-ached-chiti,4,False,True
chits,slate-grimy-ankle-quits-cotta-chits,6,False,True
chiva,slate-corny-chica-chiba-chiva,5,False,True
chive,slate-groin-dumps-chive,4,True,True
chivs,slate-mochi-chins-chips-aback-chivs,6,False,True
chivy,slate-crony-cubby-aargh-chivy,5,False,True
chizz,slate-crony-biped-chick-chizz,5,False,True
chock,slate-crony-chuck-chock,4,True,True
choco,slate-crony-chuck-choco,4,True,True
chocs,slate-mochi-chops-angst-chocs,5,False,True
chode,slate-groin-aback-aahed-chode,5,False,True
chogs,slate-mochi-chops-angst-chogs,5,False,True
choil,slate-dilly-acorn-choil,4,False,True
choir,slate-crony-choir,3,True,True
choke,slate-groin-aback-choke,4,True,True
choko,slate-crony-chuck-choko,4,False,True
choky,slate-crony-abmho-choky,4,False,True
chola,slate-colin-carol-chola,4,False,True
choli,slate-dilly-chili-choli,4,False,True
cholo,slate-dilly-cholo,3,True,True
chomp,slate-crony-chuck-chomp,4,True,True
chons,slate-mochi-chops-angst-chons,5,False,True
choof,slate-crony-chuck-chomp-choof,5,False,True
chook,slate-crony-chuck-chook,4,False,True
choom,slate-crony-chuck-chomp-choom,5,False,True
choon,slate-crony-choon,3,False,True
chops,slate-mochi-chops,3,True,True
chord,slate-crony-choir-chord,4,True,True
chore,slate-groin-chore,3,True,True
chose,slate-group-ancho-chose,4,True,True
choss,slate-mochi-chops-angst-choss,5,False,True
chota,slate-carny-about-chota,4,False,True
chott,slate-irony-bloop-quoth-chott,5,False,True
chout,slate-rhino-aflow-chout,4,False,True
choux,slate-crony-chuck-choux,4,True,True
chowk,slate-crony-chuck-chook-chowk,5,False,True
chows,slate-mochi-chops-angst-chocs-chows,6,False,True
chubs,slate-mochi-crush-chubs,4,False,True
chuck,slate-crony-biped-chuck,4,True,True
chufa,slate-corny-chica-chufa,4,False,True
chuff,slate-crony-biped-chuck-chuff,5,False,True
chugs,slate-mochi-crush-chubs-chugs,5,False,True
chump,slate-crony-biped-chump,4,True,True
chums,slate-mochi-chums,3,True,True
chunk,slate-crony-abuse-chunk,4,True,True
churl,slate-dilly-whang-churl,4,True,True
churn,slate-crony-churn,3,True,True
churr,slate-crony-chirp-churr,4,False,True
chuse,slate-group-unsee-chuse,4,False,True
chute,slate-turbo-chute,3,True,True
chuts,slate-grimy-bronc-ducts-chuts,5,False,True
chyle,slate-bingo-armed-cycle-chyle,5,False,True
chyme,slate-groin-decaf-chyme,4,False,True
chynd,slate-crony-chynd,3,False,True
cibol,slate-dilly-acing-civil-cibol,5,False,True
cided,slate-diner-biped-hakim-fixed-advew-cided,7,False,False
cider,slate-diner-crewe-cider,4,True,True
cides,slate-roses-denim-hides-abaca-cides,6,False,True
ciels,slate-oiler-adunc-ciels,4,False,True
cigar,slate-corny-cigar,3,True,True
ciggy,slate-crony-cubby-aargh-ciggy,5,False,True
cilia,slate-colin-cilia,3,True,True
cills,slate-lucid-coils-cills,4,False,True
cimar,slate-corny-cigar-cimar,4,False,True
cimex,slate-diner-bicep-cimex,4,False,True
cinch,slate-crony-cinch,3,True,True
cinct,slate-rhino-bonus-innit-cinct,5,False,True
cines,slate-roses-denim-awful-naive-pines-aback-cines,8,False,False
cinqs,slate-mochi-abyss-crips-cinqs,5,False,True
cions,slate-mochi-abode-icons-cions,5,False,True
cippi,slate-crony-biped-cippi,4,False,True
circa,slate-corny-circa,3,True,True
circs,slate-mochi-abyss-crips-circs,5,False,True
cires,slate-roses-ficus-cires,4,False,True
cirls,slate-lucid-coils-cills-cirls,5,False,True
cirri,slate-crony-chirp-cirri,4,False,True
cisco,slate-mochi-abode-cisco,4,True,True
cissy,slate-mochi-abyss-cissy,4,False,True
cists,slate-grimy-nymph-fists-aback-cists,6,False,True
cital,slate-taint-vital-cital,4,False,True
cited,slate-titer-cited,3,True,True
citee,slate-chirp-cutie-citee,4,False,True
citer,slate-titer-miter-biter-aback-citer,6,False,True
cites,slate-hurst-timon-aback-cites,5,True,True
cives,slate-roses-denim-vichy-cives,5,False,True
civet,slate-titer-aback-civet,4,True,True
civic,slate-crony-biped-civic,4,True,True
civie,slate-groin-pixie-advew-civie,5,False,True
civil,slate-dilly-acing-civil,4,True,True
civvy,slate-crony-cubby-aargh-civvy,5,False,True
clach,slate-prick-clach,3,False,True
clack,slate-prick-beefs-clack,4,True,True
clade,slate-crumb-clave-clade,4,True,True
clads,slate-chaps-snows-clams-acedy-clads,6,False,True
claes,slate-abaca-claes,3,False,True
clags,slate-chaps-snows-clams-acedy-clags,6,False,True
claim,slate-prick-claim,3,True,True
clair,slate-prick-clair,3,True,True
clame,slate-crumb-clame,3,False,True
clamp,slate-prick-clamp,3,True,True
clams,slate-chaps-snows-clams,4,True,True
clang,slate-prick-clang,3,True,True
clank,slate-prick-clank,3,True,True
clans,slate-chaps-snows-clans,4,True,True
claps,slate-chaps-claps,3,True,True
clapt,slate-plant-clapt,3,False,True
claro,slate-prick-clary-claro,4,False,True
clart,slate-plant-abear-clart,4,False,True
clary,slate-prick-clary,3,True,True
clash,slate-chaps-clash,3,True,True
clasp,slate-chaps-clasp,3,True,True
class,slate-chaps-snows-class,4,True,True
clast,slate-blast-apace-clast,4,False,True
clats,slate-flats-abaca-clats,4,False,True
claut,slate-plant-abear-claut,4,False,True
clave,slate-crumb-clave,3,True,True
clavi,slate-prick-claim-clavi,4,False,True
claws,slate-chaps-snows-claws,4,True,True
clays,slate-chaps-snows-clams-acedy-clays,6,False,True
clean,slate-anger-clean,3,True,True
clear,slate-anger-clear,3,True,True
cleat,slate-bicep-cleat,3,True,True
cleck,slate-freed-pubic-cleck,4,False,True
cleek,slate-freed-bleep-cleek,4,False,True
cleep,slate-freed-bleep-cleep,4,False,True
clefs,slate-plebe-flesh-clefs,4,False,True
cleft,slate-aback-cleft,3,True,True
clegs,slate-plebe-flesh-goyim-clegs,5,False,True
cleik,slate-freed-pubic-cleik,4,False,True
clems,slate-plebe-flesh-goyim-clems,5,False,True
clepe,slate-bipod-plume-abcee-clepe,5,False,True
clept,slate-aback-cleft-clept,4,False,True
clerk,slate-freed-clerk,3,True,True
cleve,slate-bipod-aback-cleve,4,True,True
clews,slate-plebe-flesh-goyim-clews,5,False,True
click,slate-bucko-bocce-click,4,True,True
clied,slate-freed-acids-clied,4,False,True
clies,slate-plebe-clues-clies,4,False,True
cliff,slate-bucko-cliff,3,True,True
clift,slate-flung-clift,3,True,True
climb,slate-bucko-climb,3,True,True
clime,slate-bipod-clime,3,True,True
cline,slate-bipod-clime-cline,4,True,True
cling,slate-bucko-cliff-cling,4,True,True
clink,slate-bucko-bocce-clink,4,True,True
clint,slate-flung-clint,3,True,True
clipe,slate-bipod-clipe,3,False,True
clips,slate-flops-clips,3,True,True
clipt,slate-flung-apiol-clipt,4,False,True
clits,slate-aback-clots-clits,4,False,True
cloak,slate-agora-cloak,3,True,True
cloam,slate-agora-cloak-cloam,4,False,True
clock,slate-bucko-clock,3,True,True
clods,slate-flops-gawky-clods,4,True,True
cloff,slate-bucko-clown-clomp-cloff,5,False,True
clogs,slate-flops-gawky-blogs-clogs,5,True,True
cloke,slate-bipod-acing-clove-akoya-cloke,6,False,True
clomb,slate-bucko-clomb,3,False,True
clomp,slate-bucko-clown-clomp,4,True,True
clone,slate-bipod-acing-clone,4,True,True
clonk,slate-bucko-clock-clonk,4,False,True
clons,slate-flops-gawky-clods-clons,5,False,True
cloop,slate-bucko-clown-clomp-cloop,5,False,True
cloot,slate-flung-apiol-cloot,4,False,True
clops,slate-flops-acing-clops,4,False,True
close,slate-close,2,True,True
clote,slate-acing-clote,3,False,True
cloth,slate-aboil-cloth,3,True,True
clots,slate-aback-clots,3,True,True
cloud,slate-bucko-cloud,3,True,True
clour,slate-bucko-cloud-clour,4,False,True
clous,slate-flops-gawky-clods-clons-clous,6,False,True
clout,slate-flung-clout,3,True,True
clove,slate-bipod-acing-clove,4,True,True
clown,slate-bucko-clown,3,True,True
clows,slate-flops-gawky-blows-clows,5,False,True
cloye,slate-bipod-acing-clove-akoya-cloye,6,False,True
cloys,slate-flops-gawky-cloys,4,False,True
cloze,slate-bipod-acing-clove-akoya-cloze,6,False,True
clubs,slate-flops-bliss-clubs,4,True,True
cluck,slate-bucko-apace-cluck,4,True,True
clued,slate-freed-acids-clued,4,True,True
clues,slate-plebe-clues,3,True,True
cluey,slate-freed-gluey-bluey-cluey,5,False,True
clump,slate-bucko-clump,3,True,True
clung,slate-bucko-clump-clung,4,True,True
clunk,slate-bucko-apace-clunk,4,True,True
clype,slate-bipod-plume-abcee-clype,5,False,True
cnida,slate-corny-cabin-cnida,4,False,True
coach,slate-churn-coach,3,True,True
coact,slate-grunt-adapt-abaca-coact,5,False,True
coady,slate-churn-coady,3,False,True
coala,slate-corgi-coala,3,False,True
coals,slate-doing-coals,3,True,True
coaly,slate-corgi-coala-coaly,4,False,True
coapt,slate-grunt-adapt-chapt-coapt,5,False,True
coarb,slate-churn-coarb,3,False,True
coast,slate-bronc-coast,3,True,True
coate,slate-corgi-coate,3,False,True
coati,slate-aback-coati,3,True,True
coats,slate-combe-coats,3,True,True
cobbs,slate-mochi-parks-coons-cobbs,5,False,True
cobby,slate-crony-cocky-comfy-cobby,5,False,True
cobia,slate-corny-cocoa-comma-abaci-cobia,6,False,True
coble,slate-bingo-chord-coble,4,False,True
cobot,slate-rhino-abide-cobot,4,False,True
cobra,slate-corny-cobra,3,True,True
cobza,slate-corny-cocoa-comma-abaci-cobza,6,False,True
cocas,slate-oasis-comas-cocas,4,False,True
cocci,slate-crony-amigo-abaca-cocci,5,False,True
cocco,slate-crony-amigo-cocco,4,False,True
cocks,slate-mochi-curds-cocks,4,True,True
cocky,slate-crony-cocky,3,True,True
cocoa,slate-corny-cocoa,3,True,True
cocos,slate-mochi-curds-cocks-cocos,5,False,True
cocus,slate-mochi-curds-cocus,4,False,True
codas,slate-oasis-comas-cocas-codas,5,False,True
codec,slate-diner-moped-codex-codec,5,False,True
coded,slate-diner-moped-oxbow-badly-coded,6,True,True
coden,slate-diner-fudge-ended-coden,5,False,True
coder,slate-diner-odder-coder,4,True,True
codes,slate-roses-munch-asked-codes,5,True,True
codex,slate-diner-moped-codex,4,True,True
codon,slate-crony-abide-codon,4,False,True
coeds,slate-roses-poems-aback-coeds,5,False,True
coffs,slate-mochi-parks-coons-cobbs-coffs,6,False,True
cogie,slate-groin-bogie-caved-cogie,5,False,True
cogon,slate-crony-abide-conch-cogon,5,False,True
cogue,slate-groin-dodge-vogue-abamp-cogue,6,False,True
cohab,slate-corny-cocoa-cohab,4,False,True
cohen,slate-diner-mocks-coven-cohen,5,True,True
cohoe,slate-groin-blush-homme-cohoe,5,False,True
cohog,slate-crony-amigo-cohog,4,False,True
cohos,slate-mochi-cohos,3,False,True
coifs,slate-mochi-coins-coifs,4,False,True
coign,slate-crony-abide-coign,4,False,True
coils,slate-lucid-coils,3,True,True
coins,slate-mochi-coins,3,True,True
coirs,slate-mochi-coins-coifs-coirs,5,False,True
coits,slate-grimy-ankle-quits-cotta-coits,6,False,True
coked,slate-diner-moped-oxbow-badly-joked-coked,7,False,False
cokes,slate-roses-munch-asked-cokes,5,True,True
cokey,slate-diner-chomp-covey-cokey,5,False,True
colas,slate-basis-pulmo-aback-colas,5,False,True
colby,slate-dilly-block-colby,4,False,True
colds,slate-lucid-colds,3,True,True
coled,slate-oiler-ditch-coled,4,False,True
coles,slate-oiler-camps-coles,4,True,True
coley,slate-oiler-ditch-coley,4,True,True
colic,slate-dilly-capon-colic,4,True,True
colin,slate-dilly-capon-colin,4,True,True
colle,slate-bingo-ahold-joule-enzym-colle,6,False,True
colls,slate-lucid-cools-colls,4,False,True
colly,slate-dilly-laugh-frump-jolly-colly,6,False,True
colog,slate-dilly-argon-colog,4,False,True
colon,slate-dilly-argon-colon,4,True,True
color,slate-dilly-argon-color,4,True,True
colts,slate-bolus-cajun-colts,4,True,True
colza,slate-colin-colza,3,False,True
comae,slate-garbo-awoke-amnic-comae,5,False,True
comal,slate-colin-coral-mawps-comal,5,False,True
comas,slate-oasis-comas,3,True,True
combe,slate-groin-blush-combe,4,True,True
combi,slate-crony-amigo-comic-combi,5,False,True
combo,slate-crony-amigo-combo,4,True,True
combs,slate-mochi-combs,3,True,True
comby,slate-crony-cocky-comfy-comby,5,False,True
comer,slate-diner-whomp-acing-comer,5,True,True
comes,slate-roses-munch-comes,4,True,True
comet,slate-titer-amigo-comet,4,True,True
comfy,slate-crony-cocky-comfy,4,True,True
comic,slate-crony-amigo-comic,4,True,True
comix,slate-crony-amigo-comic-comix,5,False,True
comma,slate-corny-cocoa-comma,4,True,True
comme,slate-groin-blush-comme,4,True,True
commo,slate-crony-amigo-combo-commo,5,False,True
comms,slate-mochi-combs-comps-comms,5,False,True
commy,slate-crony-cocky-comfy-comby-commy,6,False,True
compo,slate-crony-amigo-combo-commo-compo,6,False,True
comps,slate-mochi-combs-comps,4,True,True
compt,slate-rhino-abide-tommy-compt,5,False,True
comte,slate-turbo-acing-comte,4,True,True
comus,slate-mochi-combs-comps-comms-comus,6,False,True
conch,slate-crony-abide-conch,4,True,True
condo,slate-crony-abide-condo,4,True,True
coned,slate-diner-botch-coned,4,True,True
cones,slate-roses-munch-cones,4,True,True
conex,slate-diner-abash-money-conex,5,False,True
coney,slate-diner-abash-money-coney,5,False,True
confs,slate-mochi-parks-coons-confs,5,False,True
conga,slate-corny-conga,3,True,True
conge,slate-groin-conge,3,False,True
congo,slate-crony-abide-conch-congo,5,False,True
conia,slate-corny-conga-conia,4,False,True
conic,slate-crony-abide-conic,4,True,True
conin,slate-crony-abide-conic-conin,5,False,True
conks,slate-mochi-parks-cooks-conks,5,False,True
conky,slate-crony-conky,3,False,True
conne,slate-groin-donna-bonne-conne,5,False,True
conns,slate-mochi-parks-coons-conns,5,False,True
conte,slate-turbo-acing-conte,4,False,True
conto,slate-irony-month-conto,4,False,True
conus,slate-mochi-parks-coons-confs-conus,6,False,True
convo,slate-crony-abide-conch-congo-convo,6,False,True
cooch,slate-crony-chuck-cooch,4,False,True
cooed,slate-diner-moped-oxbow-cooed,5,True,True
cooee,slate-groin-aback-aahed-cooee,5,False,True
cooer,slate-diner-whomp-cooer,4,False,True
cooey,slate-diner-chomp-cooey,4,False,True
coofs,slate-mochi-parks-coons-coofs,5,False,True
cooks,slate-mochi-parks-cooks,4,True,True
cooky,slate-crony-abmho-cooky,4,False,True
cools,slate-lucid-cools,3,True,True
cooly,slate-dilly-bowed-coyly-cooly,5,False,True
coomb,slate-crony-chuck-coomb,4,False,True
cooms,slate-mochi-combs-cooms,4,False,True
coomy,slate-crony-abmho-coomy,4,False,True
coons,slate-mochi-parks-coons,4,True,True
coops,slate-mochi-parks-about-coops,5,False,True
coopt,slate-rhino-abide-tommy-aback-coopt,6,False,True
coost,slate-trout-boost-coost,4,False,True
coots,slate-grimy-bronc-coots,4,False,True
cooty,slate-irony-booty-caphs-cooty,5,False,True
cooze,slate-groin-aback-aahed-cooze,5,False,True
copal,slate-colin-coral-mawps-copal,5,False,True
copay,slate-corny-copay,3,True,True
coped,slate-diner-moped-coped,4,True,True
copen,slate-diner-mocks-coven-cohen-copen,6,False,True
coper,slate-diner-whomp-poker-roper-coper,6,False,True
copes,slate-roses-munch-asked-coves-capax-copes,7,False,False
copha,slate-corny-cocoa-comma-abaci-copha,6,False,True
coppy,slate-crony-cocky-comfy-cobby-coppy,6,False,True
copra,slate-corny-cobra-copra,4,False,True
copse,slate-group-acids-copse,4,True,True
copsy,slate-mochi-parks-copsy,4,False,True
coqui,slate-crony-amigo-abaca-coqui,5,False,True
coral,slate-colin-coral,3,True,True
coram,slate-corny-abide-coram,4,False,True
corbe,slate-groin-boric-corbe,4,False,True
corby,slate-crony-corky-corby,4,True,True
corda,slate-corny-abide-corda,4,False,True
cords,slate-mochi-parks-cords,4,True,True
cored,slate-diner-befog-pooch-cored,5,True,True
corer,slate-diner-whomp-rocky-cover-corer,6,True,True
cores,slate-roses-aback-cores,4,True,True
corey,slate-diner-creek-corey,4,False,True
corgi,slate-crony-curio-corgi,4,True,True
coria,slate-corny-abide-coria,4,False,True
corks,slate-mochi-parks-corks,4,True,True
corky,slate-crony-corky,3,True,True
corms,slate-mochi-combs-cooms-corms,5,False,True
corni,slate-crony-abius-corni,4,False,True
corno,slate-crony-abius-corno,4,False,True
corns,slate-mochi-parks-cords-corns,5,True,True
cornu,slate-crony-abius-cornu,4,False,True
corny,slate-crony-corny,3,True,True
corps,slate-mochi-parks-corps,4,True,True
corse,slate-group-awash-morse-acedy-corse,6,False,True
corso,slate-mochi-parks-corso,4,True,True
cosec,slate-roses-nymph-dosed-cosec,5,False,True
cosed,slate-roses-nymph-dosed-cosed,5,False,True
coses,slate-roses-nymph-doses-aback-coses,6,False,True
coset,slate-hurst-aboil-onset-coset,5,False,True
cosey,slate-roses-nymph-bosey-cosey,5,False,True
cosie,slate-group-abled-noise-cosie,5,False,True
costa,slate-nymph-farce-costa,4,True,True
coste,slate-piste-begum-coste,4,False,True
costs,slate-grimy-bronc-costs,4,True,True
cotan,slate-tarot-moany-cotan,4,False,True
cotch,slate-rhino-acute-botch-gopak-cotch,6,False,True
coted,slate-titer-donut-voted-abamp-coted,6,False,True
cotes,slate-hurst-timon-dotes-votes-abaca-cotes,7,False,False
coths,slate-trout-goths-moths-coths,5,False,True
cotta,slate-carny-about-cotta,4,False,True
cotts,slate-grimy-bronc-costs-cotts,5,False,True
couch,slate-crony-amigo-couch,4,True,True
coude,slate-groin-blush-coupe-coude,5,False,True
cough,slate-crony-amigo-cough,4,True,True
could,slate-dilly-amuck-could,4,True,True
count,slate-rhino-amuck-count,4,True,True
coupe,slate-groin-blush-coupe,4,True,True
coups,slate-mochi-parks-about-coups,5,False,True
courb,slate-crony-curio-courb,4,False,True
courd,slate-crony-curio-courb-courd,5,False,True
coure,slate-groin-boric-roche-coure,5,False,True
cours,slate-mochi-parks-cours,4,False,True
court,slate-rhino-tromp-court,4,True,True
couta,slate-carny-about-couta,4,False,True
couth,slate-irony-ached-couth,4,True,True
coved,slate-diner-moped-oxbow-badly-joked-chava-coved,8,False,False
coven,slate-diner-mocks-coven,4,True,True
cover,slate-diner-whomp-rocky-cover,5,True,True
coves,slate-roses-munch-asked-coves,5,True,True
covet,slate-titer-amigo-covet,4,True,True
covey,slate-diner-chomp-covey,4,True,True
covin,slate-crony-abide-conic-covin,5,False,True
cowal,slate-colin-coral-mawps-cowal,5,False,True
cowan,slate-corny-conga-cowan,4,True,True
cowed,slate-diner-moped-oxbow-calve-cowed,6,True,True
cower,slate-diner-whomp-aback-cower,5,True,True
cowks,slate-mochi-parks-cooks-conks-cowks,6,False,True
cowls,slate-lucid-cools-colls-cowls,5,False,True
cowps,slate-mochi-parks-about-cowps,5,False,True
cowry,slate-crony-corky-cowry,4,False,True
coxae,slate-garbo-awoke-amnic-coxae,5,False,True
coxal,slate-colin-coral-mawps-coxal,5,False,True
coxed,slate-diner-moped-oxbow-coxed,5,True,True
coxes,slate-roses-munch-asked-coves-capax-coxes,7,False,False
coxib,slate-crony-amigo-abaca-coxib,5,False,True
coyau,slate-corny-coyau,3,False,True
coyed,slate-diner-moped-oxbow-badly-yoked-accha-coyed,8,False,False
coyer,slate-diner-whomp-rocky-coyer,5,False,True
coyly,slate-dilly-bowed-coyly,4,True,True
coypu,slate-crony-coypu,3,False,True
cozed,slate-diner-moped-oxbow-badly-joked-chava-cozed,8,False,False
cozen,slate-diner-mocks-coven-cohen-copen-cozen,7,False,False
cozes,slate-roses-munch-asked-coves-capax-cozes,7,False,False
cozey,slate-diner-chomp-covey-cokey-cozey,6,False,True
cozie,slate-groin-mauve-bowie-caked-cozie,6,False,True
craal,slate-corgi-crawl-craal,4,False,True
crabs,slate-curbs-crabs,3,True,True
crack,slate-churn-comic-crack,4,True,True
craft,slate-grunt-brick-craft,4,True,True
crags,slate-curbs-agape-crags,4,True,True
craic,slate-churn-comic-craic,4,False,True
craig,slate-churn-comic-craig,4,True,True
crake,slate-prick-crake,3,False,True
crame,slate-prick-anvil-craze-crame,5,False,True
cramp,slate-churn-comic-cramp,4,True,True
crams,slate-curbs-agape-crass-anomy-crams,6,False,True
crane,slate-prick-anvil-crane,4,True,True
crank,slate-churn-crank,3,True,True
crans,slate-curbs-agape-crass-anomy-crans,6,False,True
crape,slate-prick-crape,3,False,True
craps,slate-curbs-agape-craps,4,True,True
crapy,slate-churn-comic-crazy-crapy,5,False,True
crare,slate-prick-anvil-craze-crame-crare,6,False,True
crash,slate-curbs-crash,3,True,True
crass,slate-curbs-agape-crass,4,True,True
crate,slate-corgi-crate,3,True,True
crave,slate-prick-anvil-crave,4,True,True
crawl,slate-corgi-crawl,3,True,True
craws,slate-curbs-agape-crass-anomy-craws,6,False,True
crays,slate-curbs-agape-crass-anomy-crays,6,False,True
craze,slate-prick-anvil-craze,4,True,True
crazy,slate-churn-comic-crazy,4,True,True
creak,slate-raced-aroma-creak,4,True,True
cream,slate-raced-aroma-cream,4,True,True
credo,slate-diner-beefy-credo,4,True,True
creds,slate-roses-being-crews-abamp-creds,6,False,True
creed,slate-diner-befog-acres-creed,5,True,True
creek,slate-diner-creek,3,True,True
creel,slate-oiler-pubic-creel,4,False,True
creep,slate-diner-creek-creep,4,True,True
crees,slate-roses-ficus-ceres-crees,5,False,True
crein,slate-diner-reign-crein,4,False,True
crema,slate-raced-aroma-crema,4,True,True
creme,slate-groin-amped-creme,4,True,True
crems,slate-roses-being-crews-abamp-crems,6,False,True
crena,slate-raced-aroma-erica-crena,5,False,True
crepe,slate-groin-amped-crepe,4,True,True
creps,slate-roses-being-crews-abamp-creps,6,False,True
crept,slate-titer-vouch-crept,4,True,True
crepy,slate-diner-myrrh-rebuy-crepy,5,False,True
cress,slate-roses-arced-cress,4,True,True
crest,slate-hurst-crest,3,True,True
crewe,slate-groin-amped-crewe,4,True,True
crews,slate-roses-being-crews,4,True,True
crias,slate-oasis-aback-champ-crias,5,False,True
cribo,slate-crony-aband-cribo,4,False,True
cribs,slate-mochi-abyss-cribs,4,True,True
crick,slate-crony-album-crick,4,True,True
cried,slate-diner-chief-cried,4,True,True
crier,slate-diner-acute-crier,4,True,True
cries,slate-roses-ficus-cries,4,True,True
crime,slate-groin-dumps-crime,4,True,True
crimp,slate-crony-album-crimp,4,True,True
crims,slate-mochi-crims,3,False,True
crine,slate-groin-brine-urine-crine,5,False,True
crink,slate-crony-crink,3,False,True
crins,slate-mochi-abyss-crips-crins,5,False,True
crios,slate-mochi-abode-cisco-crios,5,False,True
cripe,slate-groin-dumps-cripe,4,False,True
crips,slate-mochi-abyss-crips,4,True,True
crise,slate-group-frise-brise-crise,5,False,True
crisp,slate-mochi-abyss-crisp,4,True,True
criss,slate-mochi-abyss-criss,4,True,True
crith,slate-irony-fritz-britt-crith,5,False,True
crits,slate-grimy-brits-afanc-crits,5,False,True
croak,slate-corny-croak,3,True,True
croci,slate-crony-amuck-croci,4,False,True
crock,slate-crony-amuck-crock,4,True,True
crocs,slate-mochi-awash-crops-abeng-crocs,6,False,True
croft,slate-rhino-tromp-grout-croft,5,False,True
crogs,slate-mochi-awash-crops-abeng-crogs,6,False,True
cromb,slate-crony-amuck-cromb,4,False,True
crome,slate-groin-baldy-froze-prove-acara-crome,7,False,False
crone,slate-groin-decks-crone,4,True,True
cronk,slate-crony-cronk,3,False,True
crons,slate-mochi-awash-crops-abeng-crons,6,False,True
crony,slate-crony,2,True,True
crook,slate-crony-amuck-crook,4,True,True
crool,slate-dilly-whang-cromb-crool,5,False,True
croon,slate-crony-croon,3,True,True
crops,slate-mochi-awash-crops,4,True,True
crore,slate-groin-baldy-froze-prove-acara-crore,7,False,False
cross,slate-mochi-awash-cross,4,True,True
crost,slate-trout-frost-crost,4,False,True
croup,slate-crony-amuck-croup,4,True,True
crout,slate-rhino-tromp-grout-crout,5,False,True
crowd,slate-crony-amuck-crowd,4,True,True
crowl,slate-dilly-whang-prowl-crowl,5,False,True
crown,slate-crony-croon-crown,4,True,True
crows,slate-mochi-awash-crows,4,True,True
croze,slate-groin-baldy-froze-croze,5,False,True
cruck,slate-crony-album-cruck,4,False,True
crude,slate-groin-amped-crude,4,True,True
crudo,slate-crony-aband-crudo,4,False,True
cruds,slate-mochi-abhor-curds-cruds,5,False,True
crudy,slate-crony-crudy,3,False,True
cruel,slate-oiler-pubic-cruel,4,True,True
crues,slate-roses-ficus-cures-crues,5,False,True
cruet,slate-titer-aerie-cruet,4,True,True
cruft,slate-rhino-aback-crypt-cruft,5,False,True
crumb,slate-crony-album-crumb,4,True,True
crump,slate-crony-album-crump,4,True,True
crunk,slate-crony-crink-crunk,4,False,True
cruor,slate-crony-aband-cruor,4,False,True
crura,slate-corny-cigar-crura,4,False,True
cruse,slate-group-cruse,3,False,True
crush,slate-mochi-crush,3,True,True
crust,slate-trout-crust,3,True,True
crusy,slate-mochi-abhor-curds-crusy,5,False,True
cruve,slate-groin-amped-crewe-cruve,5,False,True
crwth,slate-irony-truth-crwth,4,False,True
cryer,slate-diner-whomp-fryer-cryer,5,False,True
cryne,slate-groin-prune-cryne,4,False,True
crypt,slate-rhino-aback-crypt,4,True,True
ctene,slate-chirp-ctene,3,False,True
cubby,slate-crony-cubby,3,True,True
cubeb,slate-diner-chomp-cubeb,4,False,True
cubed,slate-diner-moped-beech-cubed,5,True,True
cuber,slate-diner-whomp-fryer-queer-cuber,6,False,True
cubes,slate-roses-denim-cubes,4,True,True
cubic,slate-crony-biped-cubic,4,True,True
cubit,slate-rhino-sized-cubit,4,True,True
cucks,slate-mochi-abide-fucks-crapy-cucks,6,False,True
cudda,slate-corny-chica-aahed-cudda,5,False,True
cuddy,slate-crony-cubby-cuddy,4,True,True
cueca,slate-raced-cheap-cueca,4,False,True
cuffo,slate-crony-amigo-cocco-cuffo,5,False,True
cuffs,slate-mochi-abhor-cuffs,4,True,True
cuifs,slate-mochi-abyss-crips-cuifs,5,False,True
cuing,slate-crony-abuse-cuing,4,True,True
cuish,slate-mochi-chins-cuish,4,False,True
cuits,slate-grimy-ankle-quits-cuits,5,False,True
cukes,slate-roses-denim-cubes-cukes,5,False,True
culch,slate-dilly-argon-mulch-culch,5,False,True
culet,slate-enter-abbot-filet-culet,5,False,True
culex,slate-oiler-julep-abysm-culex,5,False,True
culls,slate-lucid-curls-culls,4,False,True
cully,slate-dilly-laugh-aback-cully,5,True,True
culms,slate-lucid-curls-culms,4,False,True
culpa,slate-colin-culpa,3,True,True
culti,slate-achoo-culti,3,False,True
cults,slate-bolus-cults,3,True,True
culty,slate-achoo-culti-culty,4,False,True
cumec,slate-diner-chomp-cumec,4,False,True
cumin,slate-crony-cinch-cumin,4,True,True
cundy,slate-crony-cundy,3,False,True
cunei,slate-diner-cunei,3,False,True
cunit,slate-rhino-bonus-tunic-cunit,5,False,True
cunny,slate-crony-cunny,3,False,True
cunts,slate-grimy-bronc-cunts,4,True,True
cupel,slate-oiler-leech-cupel,4,False,True
cupid,slate-crony-biped-cupid,4,True,True
cuppa,slate-corny-chica-aahed-cuppa,5,False,True
cuppy,slate-crony-cubby-cuddy-cuppy,5,False,True
cupro,slate-crony-curio-cupro,4,False,True
curat,slate-tarot-acmes-curat,4,False,True
curbs,slate-mochi-abhor-curbs,4,True,True
curch,slate-crony-chirp-curch,4,False,True
curds,slate-mochi-abhor-curds,4,True,True
curdy,slate-crony-curry-curvy-curdy,5,False,True
cured,slate-diner-befog-acres-cured,5,True,True
curer,slate-diner-whomp-fryer-curer,5,True,True
cures,slate-roses-ficus-cures,4,True,True
curet,slate-titer-aerie-abaca-curet,5,False,True
curfs,slate-mochi-abhor-curds-aborn-curfs,6,False,True
curia,slate-corny-circa-curia,4,True,True
curie,slate-groin-aback-curie,4,True,True
curio,slate-crony-curio,3,True,True
curli,slate-dilly-chili-curli,4,False,True
curls,slate-lucid-curls,3,True,True
curly,slate-dilly-bowed-curly,4,True,True
curns,slate-mochi-abhor-curds-aborn-curns,6,False,True
curny,slate-crony-curny,3,False,True
currs,slate-mochi-abhor-curds-aborn-currs,6,False,True
curry,slate-crony-curry,3,True,True
curse,slate-group-acing-curse,4,True,True
cursi,slate-mochi-cursi,3,False,True
curst,slate-trout-bawdy-hurst-curst,5,False,True
curve,slate-groin-curvy-curve,4,True,True
curvy,slate-crony-curry-curvy,4,True,True
cusec,slate-roses-album-fused-cusec,5,False,True
cushy,slate-mochi-cushy,3,True,True
cusks,slate-mochi-abhor-cuffs-cusks,5,False,True
cusps,slate-mochi-abhor-cuffs-cusks-cusps,6,False,True
cuspy,slate-mochi-abhor-cuffs-cuspy,5,False,True
cusso,slate-mochi-awash-cross-cusso,5,False,True
cusum,slate-mochi-cusum,3,False,True
cutch,slate-rhino-abled-hutch-acmic-cutch,6,False,True
cuter,slate-titer-mound-cuter,4,True,True
cutes,slate-hurst-actin-cutes,4,False,True
cutey,slate-titer-donut-cutey,4,False,True
cutie,slate-chirp-cutie,3,True,True
cutin,slate-rhino-bonus-unfit-cutin,5,False,True
cutis,slate-trout-gutsy-aback-cutis,5,False,True
cutto,slate-irony-ached-cutto,4,False,True
cutty,slate-irony-optic-cutty,4,True,True
cutup,slate-rhino-aback-cutup,4,True,True
cuvee,slate-groin-decaf-chyme-cuvee,5,False,True
cuzes,slate-roses-denim-cubes-cukes-cuzes,6,False,True
cwtch,slate-rhino-abled-hutch-cwtch,5,False,True
cyano,slate-churn-cyano,3,False,True
cyans,slate-curbs-chaos-cyans,4,False,True
cyber,slate-diner-whomp-fryer-cyber,5,True,True
cycad,slate-corny-cycad,3,False,True
cycas,slate-oasis-anger-dumpy-cycas,5,False,True
cycle,slate-bingo-armed-cycle,4,True,True
cyclo,slate-dilly-cyclo,3,False,True
cyder,slate-diner-odder-ruder-abcee-cyder,6,False,True
cylix,slate-dilly-calix-cylix,4,False,True
cymae,slate-garbo-anime-cymae,4,False,True
cymar,slate-corny-cymar,3,False,True
cymas,slate-oasis-anger-dumpy-cymas,5,False,True
cymes,slate-roses-denim-fumes-cymes,5,False,True
cymol,slate-dilly-lymph-cymol,4,False,True
cynic,slate-crony-cynic,3,True,True
cysts,slate-grimy-cysts,3,True,True
cytes,slate-hurst-timon-bytes-cawks-cytes,6,False,True
cyton,slate-rhino-donut-cyton,4,False,True
czars,slate-curbs-agape-crass-chars-czars,6,False,True
daals,slate-doing-aahed-daals,4,False,True
dabba,slate-corny-mamba-dabba,4,False,True
daces,slate-wiper-casks-faces-daces,5,False,True
dacha,slate-corny-acrid-dacha,4,True,True
dacks,slate-oasis-brink-champ-jacks-bawdy-dacks,7,False,False
dadah,slate-corny-mamba-wiped-dadah,5,False,True
dadas,slate-oasis-brink-apace-mamas-gyved-dadas,7,False,False
daddy,slate-corny-gaped-abide-daddy,5,True,True
dadis,slate-oasis-mavis-nazis-darga-dadis,6,False,True
dadla,slate-colin-grump-badly-dadla,5,False,True
dados,slate-oasis-nymph-dagga-dados,5,False,True
daffs,slate-oasis-brink-apace-degum-daffs,6,False,True
daffy,slate-corny-gaped-abide-daffy,5,True,True
dagga,slate-corny-mamba-kappa-adage-dagga,6,False,True
daggy,slate-corny-gaped-daggy,4,False,True
dagos,slate-oasis-nymph-dagga-dagos,5,False,True
dahis,slate-oasis-mavis-nazis-darga-dadis-dahis,7,False,False
dahls,slate-basis-mulch-abhor-dahls,5,False,True
daiko,slate-corny-dumbo-daiko,4,False,True
daily,slate-colin-derby-daily,4,True,True
daine,slate-garbo-cumin-naive-daine,5,False,True
daint,slate-tarot-dough-aalii-daint,5,False,True
dairy,slate-corny-ached-dairy,4,True,True
daisy,slate-oasis-daisy,3,True,True
daker,slate-raced-fader-arroz-daker,5,False,True
daled,slate-rangy-lymph-babel-ceded-daled,6,False,True
dalek,slate-rangy-lymph-babel-ceded-dalek,6,False,True
dales,slate-lambs-graph-vales-wales-edify-dales,7,False,False
dalis,slate-basis-prick-advew-dalis,5,False,True
dalle,slate-anglo-caped-ladle-dalle,5,False,True
dally,slate-colin-madly-dally,4,True,True
dalts,slate-lasts-aahed-dalts,4,False,True
daman,slate-corny-denim-daman,4,False,True
damar,slate-corny-rabid-damar,4,False,True
dames,slate-wiper-casks-gamed-dames,5,True,True
damme,slate-garbo-cumin-damme,4,True,True
damna,slate-corny-mixup-damna,4,False,True
damns,slate-oasis-brink-adapt-dawns-damns,6,False,True
damps,slate-oasis-brink-apace-vamps-damps,6,False,True
dampy,slate-corny-gaped-paddy-dampy,5,False,True
dance,slate-garbo-cumin-dance,4,True,True
dancy,slate-corny-fancy-dancy,4,False,True
danda,slate-corny-denim-danda,4,False,True
dandy,slate-corny-dough-dandy,4,True,True
dangs,slate-oasis-brink-glyph-fangs-advew-dangs,7,False,False
danio,slate-corny-badge-danio,4,False,True
danks,slate-oasis-brink-hanks-yanks-opgaf-adawn-danks,8,False,False
danny,slate-corny-admin-danny,4,True,True
danse,slate-crump-anise-danse,4,False,True
dants,slate-nymph-abhor-wants-cadge-dants,6,False,True
dappy,slate-corny-gaped-dappy,4,False,True
daraf,slate-corny-fluke-barfi-daraf,5,False,True
darbs,slate-oasis-brink-carbs-adage-darbs,6,False,True
darcy,slate-corny-darcy,3,True,True
dared,slate-raced-bebop-beefs-dared,5,True,True
darer,slate-raced-fader-arroz-darer,5,False,True
dares,slate-wiper-march-dares,4,True,True
darga,slate-corny-fluke-parma-gived-darga,6,False,True
dargs,slate-oasis-brink-whims-cards-dargs,6,False,True
daric,slate-corny-balmy-parch-daric,5,False,True
daris,slate-oasis-mavis-nazis-darga-daris,6,False,True
darks,slate-oasis-brink-amped-darks,5,False,True
darky,slate-corny-aphid-demob-darky,5,False,True
darls,slate-basis-mulch-acing-larks-abjad-darls,7,False,False
darns,slate-oasis-brink-warns-yarns-aahed-darns,7,False,False
darre,slate-garbo-capon-advew-darre,5,False,True
darts,slate-nymph-farce-award-darts,5,True,True
darzi,slate-corny-fluke-parma-abord-darzi,6,False,True
dashi,slate-oasis-acned-dashi,4,False,True
dashy,slate-oasis-adapt-dashy,4,False,True
datal,slate-taint-fatal-abord-datal,5,False,True
dated,slate-treed-amigo-abash-dated,5,True,True
dater,slate-treed-dater,3,True,True
dates,slate-dater-dates,3,True,True
datil,slate-taint-datil,3,False,True
datos,slate-antsy-bebop-dervs-datos,5,False,True
datto,slate-carny-faith-abamp-datto,5,False,True
datum,slate-tarot-whomp-datum,4,True,True
daube,slate-garbo-maybe-daube,4,False,True
daubs,slate-oasis-brink-rugby-daubs,5,False,True
dauby,slate-corny-gaped-abide-dauby,5,False,True
dauds,slate-oasis-brink-apace-degum-dauds,6,False,True
dault,slate-taint-fault-vault-aahed-dault,6,False,True
daunt,slate-tarot-dough-daunt,4,True,True
daurs,slate-oasis-brink-whims-cards-daurs,6,False,True
dauts,slate-nymph-farce-abide-ajwan-dauts,6,False,True
daven,slate-raced-daven,3,False,True
davit,slate-tarot-dough-aalii-davit,5,False,True
dawah,slate-corny-mamba-wiped-dawah,5,False,True
dawds,slate-oasis-brink-apace-degum-daffs-dawds,7,False,False
dawed,slate-raced-funky-wedge-jawed-pawed-abmho-dawed,8,False,False
dawen,slate-raced-daven-dawen,4,False,True
dawgs,slate-oasis-brink-apace-degum-dawgs,6,False,True
dawks,slate-oasis-brink-champ-kawau-dawks,6,False,True
dawns,slate-oasis-brink-adapt-dawns,5,True,True
dawts,slate-nymph-farce-abide-ajwan-dawts,6,False,True
dayal,slate-colin-grump-badly-dayal,5,False,True
dayan,slate-corny-mayan-dayan,4,False,True
daych,slate-corny-yucca-daych,4,False,True
daynt,slate-tarot-dough-aalii-daynt,5,False,True
dazed,slate-raced-funky-wedge-depth-dazed,6,True,True
dazer,slate-raced-fader-arroz-dazer,5,False,True
dazes,slate-wiper-casks-gamed-fades-dazes,6,False,True
dbags,slate-curbs-addio-dbags,4,False,True
deads,slate-rebid-heads-meads-deads,5,False,True
deair,slate-hardy-beard-deair,4,False,True
deals,slate-ahold-deals,3,True,True
dealt,slate-bends-dealt,3,True,True
deans,slate-rebid-heads-deans,4,False,True
deare,slate-prick-aware-deare,4,True,True
dearn,slate-hardy-beard-dearn,4,False,True
dears,slate-rebid-dears,3,True,True
deary,slate-hardy-deary,3,False,True
deash,slate-rebid-heads-deash,4,False,True
death,slate-homed-death,3,True,True
deave,slate-prick-mewed-deave,4,False,True
deaws,slate-rebid-heads-deans-deaws,5,False,True
deawy,slate-hardy-deawy,3,False,True
debag,slate-raced-media-abnet-debag,5,False,True
debar,slate-raced-dream-debar,4,True,True
debby,slate-diner-aback-debug-debby,5,False,True
debel,slate-oiler-leech-above-bezel-aband-debel,7,False,False
debes,slate-roses-denim-aback-debes,5,False,True
debit,slate-titer-denim-debit,4,True,True
debts,slate-trips-vined-debts,4,True,True
debud,slate-diner-aback-debug-debud,5,False,True
debug,slate-diner-aback-debug,4,True,True
debur,slate-diner-decor-demur-debur,5,False,True
debus,slate-roses-punch-feuds-debus,5,False,True
debut,slate-titer-bacon-debut,4,True,True
debye,slate-groin-decaf-debye,4,False,True
decad,slate-raced-decad,3,False,True
decaf,slate-raced-decay-decaf,4,True,True
decal,slate-rangy-medal-decal,4,True,True
decan,slate-raced-decay-decaf-decan,5,False,True
decay,slate-raced-decay,3,True,True
decim,slate-diner-deify-abcee-decim,5,False,True
decko,slate-diner-aback-decko,4,False,True
decks,slate-roses-punch-becks-decks,5,True,True
decor,slate-diner-decor,3,True,True
decos,slate-roses-dumpy-decos,4,False,True
decoy,slate-diner-aback-decoy,4,True,True
decry,slate-diner-aback-decry,4,True,True
decyl,slate-oiler-hunky-decyl,4,False,True
dedal,slate-rangy-medal-pedal-dedal,5,False,True
deeds,slate-roses-punch-defog-deeds,5,True,True
deedy,slate-diner-aback-defog-deedy,5,False,True
deely,slate-oiler-hunky-leggy-fjeld-deely,6,False,True
deems,slate-roses-punch-defog-deeds-deems,6,True,True
deens,slate-roses-punch-abide-deens,5,False,True
deeps,slate-roses-punch-aback-jeeps-weeps-degum-deeps,8,False,False
deere,slate-groin-curvy-where-deere,5,False,True
deers,slate-roses-being-jeeps-veers-adeem-deers,7,False,False
deets,slate-trips-vined-debts-deets,5,False,True
deeve,slate-groin-decaf-debye-deeve,5,False,True
deevs,slate-roses-punch-defog-deeds-deems-deevs,7,False,False
defat,slate-treed-defat,3,False,True
defer,slate-diner-bebop-defer,4,True,True
deffo,slate-diner-aback-defog-deffo,5,False,True
defis,slate-roses-punch-defog-defis,5,False,True
defog,slate-diner-aback-defog,4,True,True
degas,slate-wiper-bands-degas,4,True,True
degum,slate-diner-aback-defog-degum,5,False,True
degus,slate-roses-punch-feuds-debus-degus,6,False,True
deice,slate-groin-dumps-deice,4,False,True
deids,slate-roses-punch-defog-deeds-deids,6,False,True
deify,slate-diner-deify,3,True,True
deign,slate-diner-deign,3,True,True
deils,slate-oiler-exalt-veils-ached-deils,6,False,True
deink,slate-diner-deign-deink,4,False,True
deism,slate-roses-newsy-pepsi-deism,5,False,True
deist,slate-hurst-exist-deist,4,True,True
deity,slate-pinch-deity,3,True,True
deked,slate-diner-bumpy-dozed-deked,5,False,True
dekes,slate-roses-denim-aback-dekes,5,False,True
dekko,slate-diner-aback-dekko,4,False,True
delay,slate-rangy-delay,3,True,True
deled,slate-oiler-julep-celeb-deled,5,False,True
deles,slate-oiler-mules-whyda-deles,5,False,True
delfs,slate-oiler-psych-bells-dawgs-delfs,6,False,True
delft,slate-enter-abled-veldt-delft,5,False,True
delis,slate-oiler-delis,3,False,True
della,slate-rangy-medal-della,4,True,True
dells,slate-oiler-psych-bells-wells-dumka-dells,7,False,False
delly,slate-oiler-janky-belly-ached-delly,6,False,True
delos,slate-oiler-aahed-delos,4,False,True
delph,slate-oiler-janky-belch-delph,5,False,True
delta,slate-delta,2,True,True
delts,slate-balmy-pelts-swack-adage-delts,6,False,True
delve,slate-bingo-armed-delve,4,True,True
deman,slate-raced-media-deman,4,False,True
demes,slate-roses-denim-demes,4,False,True
demic,slate-diner-deify-abcee-demic,5,False,True
demit,slate-titer-denim-demit,4,False,True
demob,slate-diner-aback-debug-demob,5,False,True
demoi,slate-diner-deify-abcee-demoi,5,False,True
demon,slate-diner-demon,3,True,True
demos,slate-roses-dumpy-demos,4,True,True
demot,slate-titer-bacon-depot-demot,5,False,True
dempt,slate-titer-bacon-kempt-dempt,5,False,True
demur,slate-diner-decor-demur,4,True,True
denar,slate-raced-dream-debar-denar,5,False,True
denay,slate-raced-media-abnet-denay,5,False,True
dench,slate-diner-dench,3,False,True
denes,slate-roses-denim-denes,4,False,True
denet,slate-titer-amigo-duvet-denet,5,False,True
denim,slate-diner-denim,3,True,True
denis,slate-roses-punch-bends-denis,5,False,True
dense,slate-group-dense,3,True,True
dente,slate-turbo-white-bandy-dente,5,False,True
dents,slate-trips-vined-dents,4,True,True
deoch,slate-diner-aback-deoch,4,False,True
deoxy,slate-diner-aback-defog-deoxy,5,False,True
depot,slate-titer-bacon-depot,4,True,True
depth,slate-pinch-depth,3,True,True
derat,slate-treed-derat,3,False,True
deray,slate-raced-dream-debar-deray,5,False,True
derby,slate-diner-aback-derby,4,True,True
dered,slate-diner-abeer-dered,4,False,True
deres,slate-roses-ficus-heres-peres-badam-deres,7,False,False
derig,slate-diner-derig,3,False,True
derma,slate-raced-dream-derma,4,False,True
derms,slate-roses-being-jeeps-herds-derms,6,False,True
derns,slate-roses-being-ferns-aphid-derns,6,False,True
derny,slate-diner-derny,3,False,True
deros,slate-roses-abuzz-overs-chawk-deros,6,False,True
derpy,slate-diner-aback-derry-derpy,5,False,True
derro,slate-diner-aback-derry-derro,5,False,True
derry,slate-diner-aback-derry,4,True,True
derth,slate-pinch-abbot-teeth-derth,5,False,True
dervs,slate-roses-being-jeeps-herds-derms-dervs,7,False,False
desex,slate-roses-album-advew-desex,5,False,True
deshi,slate-roses-pesky-deshi,4,False,True
desis,slate-roses-desks-desis,4,False,True
desks,slate-roses-desks,3,True,True
desse,slate-group-dense-desse,4,False,True
detag,slate-treed-defat-detag,4,False,True
deter,slate-titer-mound-deter,4,True,True
detox,slate-titer-abhor-detox,4,True,True
deuce,slate-groin-decaf-deuce,4,True,True
devas,slate-wiper-bands-degas-devas,5,False,True
devel,slate-oiler-leech-above-aband-devel,6,False,True
devil,slate-oiler-devil,3,True,True
devis,slate-roses-punch-defog-deeds-devis,6,False,True
devon,slate-diner-demon-devon,4,True,True
devos,slate-roses-dumpy-decos-devos,5,False,True
devot,slate-titer-bacon-depot-demot-devot,6,False,True
dewan,slate-raced-media-abnet-dewan,5,False,True
dewar,slate-raced-dream-debar-denar-dewar,6,False,True
dewax,slate-raced-media-abnet-dewax,5,False,True
dewed,slate-diner-bumpy-dozed-deked-dewed,6,False,True
dexes,slate-roses-denim-aback-dexes,5,False,True
dexie,slate-groin-pixie-dexie,4,False,True
dexys,slate-roses-punch-defog-deeds-devis-dexys,7,False,False
dhaba,slate-churn-khaki-aahed-dhaba,5,False,True
dhaks,slate-curbs-acing-foams-bawdy-dhaks,6,False,True
dhals,slate-doing-aahed-dhals,4,False,True
dhikr,slate-crony-ahead-dhikr,4,False,True
dhobi,slate-crony-adios-ovoid-dhobi,5,False,True
dhole,slate-bingo-ahold-dhole,4,False,True
dholl,slate-dilly-droll-dholl,4,False,True
dhols,slate-lucid-defog-dolls-dhols,5,False,True
dhoni,slate-crony-gimps-dhoni,4,False,True
dhoti,slate-irony-dhoti,3,False,True
dhows,slate-mochi-frosh-adapt-dhows,5,False,True
dhuti,slate-irony-ached-width-dhuti,5,False,True
diact,slate-grunt-adapt-diact,4,False,True
dials,slate-doing-dials,3,True,True
diana,slate-churn-piano-aahed-diana,5,False,True
diane,slate-prick-adage-diane,4,True,True
diary,slate-churn-abide-diary,4,True,True
diazo,slate-churn-foamy-okapi-diazo,5,False,True
dibbs,slate-mochi-kirby-abjad-dibbs,5,False,True
diced,slate-diner-caked-diced,4,True,True
dicer,slate-diner-diver-dicer,4,True,True
dices,slate-roses-denim-dives-dices,5,False,True
dicey,slate-diner-caked-dicey,4,True,True
dicht,slate-rhino-witty-fight-dicht,5,False,True
dicks,slate-mochi-kendo-dicks,4,True,True
dicky,slate-crony-humid-dicky,4,True,True
dicot,slate-rhino-oomph-bigot-divot-dicot,6,False,True
dicta,slate-carny-dicta,3,False,True
dicto,slate-irony-ditto-dicto,4,False,True
dicts,slate-grimy-nymph-fists-abaca-dicts,6,False,True
dictu,slate-irony-ached-dictu,4,False,True
dicty,slate-irony-dwarf-ditty-dicty,5,False,True
diddy,slate-crony-dumps-dazed-diddy,5,True,True
didie,slate-groin-pixie-advew-didie,5,False,True
didis,slate-mochi-kirby-waged-finds-didis,6,False,True
didos,slate-mochi-arses-pious-devon-didos,6,False,True
didst,slate-trout-aimed-didst,4,True,True
diebs,slate-roses-punch-defog-diebs,5,False,True
diels,slate-oiler-adunc-diels,4,False,True
diene,slate-groin-chemo-diene,4,False,True
diets,slate-trips-diets,3,True,True
diffs,slate-mochi-kirby-waged-finds-diffs,6,False,True
dight,slate-rhino-witty-fight-might-baked-dight,7,False,False
digit,slate-rhino-sized-digit,4,True,True
dikas,slate-oasis-aback-piend-dikas,5,False,True
diked,slate-diner-caked-diked,4,True,True
diker,slate-diner-diver-dicer-abram-diker,6,False,True
dikes,slate-roses-denim-dives-dices-dikes,6,False,True
dikey,slate-diner-caked-dikey,4,False,True
dildo,slate-dilly-dildo,3,True,True
dilli,slate-dilly-dilli,3,False,True
dills,slate-lucid-idols-dills,4,False,True
dilly,slate-dilly,2,True,True
dimbo,slate-crony-bipod-dimbo,4,False,True
dimer,slate-diner-diver-dicer-abram-dimer,6,False,True
dimes,slate-roses-denim-dimes,4,True,True
dimly,slate-dilly-dimly,3,True,True
dimps,slate-mochi-dippy-dimps,4,False,True
dinar,slate-corny-aboil-dinar,4,True,True
dined,slate-diner-dined,3,True,True
diner,slate-diner,2,True,True
dines,slate-roses-denim-dines,4,True,True
dinge,slate-groin-binge-hinge-amped-dinge,6,False,True
dingo,slate-crony-bough-dingo,4,True,True
dings,slate-mochi-kirby-waged-dings,5,True,True
dingy,slate-crony-pudge-dingy,4,True,True
dinic,slate-crony-blimp-winch-dinic,5,False,True
dinks,slate-mochi-kirby-jawed-disks-dinks,6,False,True
dinky,slate-crony-pudge-windy-dinky,5,True,True
dinlo,slate-dilly-dinlo,3,False,True
dinna,slate-corny-mixup-acned-dinna,5,False,True
dinos,slate-mochi-arses-pious-devon-dinos,6,False,True
dints,slate-grimy-nymph-tints-abode-dints,6,False,True
dioch,slate-crony-amped-dioch,4,False,True
diode,slate-groin-diode,3,True,True
diols,slate-lucid-idols-diols,4,False,True
diota,slate-carny-boobs-quota-diota,5,False,True
dippy,slate-crony-dumps-dippy,4,True,True
dipso,slate-mochi-arses-kiosk-dipso,5,False,True
diram,slate-corny-fluke-parma-ahead-diram,6,False,True
direr,slate-diner-diver-dicer-abram-direr,6,False,True
dirge,slate-groin-dirge,3,True,True
dirke,slate-groin-fibre-riche-dirke,5,False,True
dirks,slate-mochi-kirby-adapt-dirks,5,False,True
dirls,slate-lucid-idols-dills-dirls,5,False,True
dirts,slate-grimy-rifts-dirts,4,False,True
dirty,slate-irony-dirty,3,True,True
disas,slate-oasis-visas-disas,4,False,True
disci,slate-mochi-cursi-disci,4,False,True
disco,slate-mochi-abode-disco,4,True,True
discs,slate-mochi-abyss-discs,4,True,True
dishy,slate-mochi-acids-dishy,4,True,True
disks,slate-mochi-kirby-jawed-disks,5,True,True
disme,slate-group-dense-disme,4,False,True
dital,slate-taint-vital-cital-dital,5,False,True
ditas,slate-antsy-bebop-maths-avoid-ditas,6,False,True
ditch,slate-rhino-witty-hoped-ditch,5,True,True
dited,slate-titer-cited-askew-dited,5,False,True
dites,slate-hurst-timon-aback-bawdy-dites,6,False,True
ditsy,slate-trout-abase-ditsy,4,True,True
ditto,slate-irony-ditto,3,True,True
ditts,slate-grimy-nymph-fists-abaca-ditts,6,False,True
ditty,slate-irony-dwarf-ditty,4,True,True
ditzy,slate-rhino-sized-ditzy,4,True,True
divan,slate-corny-denim-divan,4,True,True
divas,slate-oasis-aback-minas-diver-divas,6,False,True
dived,slate-diner-caked-dived,4,True,True
diver,slate-diner-diver,3,True,True
dives,slate-roses-denim-dives,4,True,True
divey,slate-diner-caked-divey,4,False,True
divis,slate-mochi-kirby-waged-finds-didis-divis,7,False,False
divna,slate-corny-mixup-acned-divna,5,False,True
divos,slate-mochi-arses-pious-devon-divos,6,False,True
divot,slate-rhino-oomph-bigot-divot,5,True,True
divvy,slate-crony-dumps-dazed-divvy,5,True,True
diwan,slate-corny-denim-divan-diwan,5,False,True
dixie,slate-groin-pixie-dixie,4,True,True
dixit,slate-rhino-sized-digit-dixit,5,False,True
diyas,slate-oasis-aback-minas-diver-diyas,6,False,True
dizen,slate-diner-dizen,3,False,True
dizzy,slate-crony-dumps-dazed-dizzy,5,True,True
djinn,slate-crony-aduki-djinn,4,False,True
djins,slate-mochi-kirby-using-djins,5,False,True
doabs,slate-curbs-boabs-doabs,4,False,True
doats,slate-combe-goats-doats,4,False,True
dobby,slate-crony-badge-dobby,4,False,True
dobes,slate-roses-munch-biped-dobes,5,False,True
dobie,slate-groin-mauve-bowie-dobie,5,False,True
dobla,slate-colin-amour-loyal-abbed-dobla,6,False,True
doble,slate-bingo-chord-doble,4,False,True
dobra,slate-corny-moira-aduki-dobra,5,False,True
dobro,slate-crony-furry-dobro,4,False,True
docht,slate-rhino-acute-botch-docht,5,False,True
docks,slate-mochi-curds-docks,4,True,True
docos,slate-mochi-curds-docks-docos,5,False,True
docus,slate-mochi-curds-docus,4,False,True
doddy,slate-crony-badge-damps-doddy,5,False,True
dodge,slate-groin-dodge,3,True,True
dodgy,slate-crony-badge-dodgy,4,True,True
dodos,slate-mochi-bundy-doors-dodos,5,False,True
doeks,slate-roses-poems-aback-doeks,5,False,True
doers,slate-roses-doers,3,True,True
doest,slate-hurst-exist-adown-doest,5,False,True
doeth,slate-pinch-abbot-doeth,4,True,True
doffs,slate-mochi-bundy-doors-affix-doffs,6,False,True
dogal,slate-colin-amour-loyal-adage-dogal,6,False,True
dogan,slate-corny-aimed-honda-dogan,5,False,True
doges,slate-roses-munch-biped-doves-agaze-doges,7,False,False
dogey,slate-diner-bumpy-dogey,4,False,True
doggo,slate-crony-bipod-dough-doggo,5,False,True
doggy,slate-crony-badge-doggy,4,True,True
dogie,slate-groin-bogie-caved-dogie,5,False,True
dogly,slate-dilly-dryly-adown-dogly,5,False,True
dogma,slate-corny-gaped-dogma,4,True,True
dohyo,slate-crony-yoppo-dohyo,4,False,True
doilt,slate-grout-pilot-doilt,4,False,True
doily,slate-dilly-doily,3,True,True
doing,slate-crony-bodhi-doing,4,True,True
doits,slate-grimy-ankle-quits-cotta-doits,6,False,True
dojos,slate-mochi-bundy-doors-dodos-dojos,6,False,True
dolce,slate-bingo-ahold-dolce,4,True,True
dolci,slate-dilly-dolci,3,False,True
doled,slate-oiler-ditch-doled,4,True,True
dolee,slate-bingo-ahold-dolce-dolee,5,False,True
doles,slate-oiler-camps-holes-aband-doles,6,False,True
doley,slate-oiler-ditch-doled-doley,5,False,True
dolia,slate-colin-dolia,3,False,True
dolie,slate-bingo-voile-louie-famed-dolie,6,False,True
dolls,slate-lucid-defog-dolls,4,True,True
dolly,slate-dilly-dolly,3,True,True
dolma,slate-colin-alpha-abamp-dolma,5,False,True
dolor,slate-dilly-dolor,3,False,True
dolos,slate-lucid-defog-dolos,4,False,True
dolts,slate-bolus-cajun-volts-thump-dolts,6,False,True
domal,slate-colin-amour-modal-domal,5,False,True
domed,slate-diner-bumpy-domed,4,True,True
domes,slate-roses-munch-domes,4,True,True
domic,slate-crony-bicep-agidi-domic,5,False,True
donah,slate-corny-aimed-honda-donah,5,False,True
donas,slate-oasis-comas-henry-donas,5,False,True
donee,slate-groin-donna-donee,4,False,True
doner,slate-diner-doner,3,False,True
donga,slate-corny-aimed-honda-donga,5,False,True
dongs,slate-mochi-bundy-dongs,4,True,True
donko,slate-crony-bough-mondo-donko,5,False,True
donna,slate-corny-gonna-donna,4,True,True
donne,slate-groin-donna-donne,4,True,True
donny,slate-crony-award-donny,4,True,True
donor,slate-crony-demon-donor,4,True,True
donsy,slate-mochi-bundy-donsy,4,False,True
donut,slate-rhino-donut,3,True,True
doobs,slate-mochi-bundy-doobs,4,False,True
dooce,slate-groin-aback-dooce,4,False,True
doody,slate-crony-dough-doozy-aimak-doody,6,False,True
doofs,slate-mochi-bundy-doors-doofs,5,False,True
dooks,slate-mochi-bundy-doors-doofs-dooks,6,False,True
dooky,slate-crony-dough-doozy-aimak-dooky,6,False,True
doole,slate-bingo-ahold-doole,4,False,True
dools,slate-lucid-defog-dolls-dools,5,False,True
dooly,slate-dilly-dryly-adown-dooly,5,False,True
dooms,slate-mochi-words-dooms,4,False,True
doomy,slate-crony-dough-doozy-aimak-doomy,6,False,True
doona,slate-corny-gonna-doona,4,False,True
doorn,slate-crony-doorn,3,False,True
doors,slate-mochi-bundy-doors,4,True,True
doozy,slate-crony-dough-doozy,4,True,True
dopas,slate-oasis-comas-henry-aback-dopas,6,False,True
doped,slate-diner-bumpy-doped,4,True,True
doper,slate-diner-bebop-doper,4,True,True
dopes,slate-roses-munch-biped-dopes,5,True,True
dopey,slate-diner-bumpy-dopey,4,True,True
doppe,slate-groin-blush-comme-adzed-doppe,6,False,True
dorad,slate-corny-borax-hadji-dorad,5,False,True
dorba,slate-corny-borax-dorba,4,False,True
dorbs,slate-mochi-bundy-doobs-dorbs,5,False,True
doree,slate-groin-boric-horde-doree,5,False,True
dores,slate-roses-aback-pores-fudgy-dores,6,False,True
doric,slate-crony-abhor-micro-doric,5,False,True
doris,slate-mochi-acids-doris,4,True,True
dorje,slate-groin-boric-horde-doree-dorje,6,False,True
dorks,slate-mochi-bundy-doors-dorks,5,True,True
dorky,slate-crony-dowry-dorky,4,True,True
dorms,slate-mochi-words-dorms,4,True,True
dormy,slate-crony-dowry-dorky-dormy,5,False,True
dorps,slate-mochi-bundy-doors-dorks-dorps,6,False,True
dorrs,slate-mochi-bundy-doors-dorrs,5,False,True
dorsa,slate-oasis-abord-dorsa,4,False,True
dorse,slate-group-awash-morse-acedy-dorse,6,False,True
dorts,slate-grimy-adopt-dorts,4,False,True
dorty,slate-irony-forty-biped-dorty,5,False,True
dosai,slate-oasis-dosai,3,False,True
dosas,slate-oasis-apsos-dosas,4,False,True
dosed,slate-roses-nymph-dosed,4,True,True
doseh,slate-roses-nymph-doseh,4,False,True
doser,slate-roses-poser-aahed-doser,5,False,True
doses,slate-roses-nymph-doses,4,True,True
dosha,slate-oasis-arson-dosha,4,False,True
dotal,slate-taint-abbey-octal-dotal,5,False,True
doted,slate-titer-donut-doted,4,True,True
doter,slate-titer-mound-doter,4,False,True
dotes,slate-hurst-timon-dotes,4,True,True
dotty,slate-irony-acted-dotty,4,True,True
douar,slate-corny-moira-abjud-douar,5,False,True
doubt,slate-rhino-abide-doubt,4,True,True
douce,slate-groin-blush-coupe-douce,5,False,True
doucs,slate-mochi-parks-coons-doucs,5,False,True
dough,slate-crony-bipod-dough,4,True,True
douks,slate-mochi-bundy-adapt-douks,5,False,True
doula,slate-colin-amour-doula,4,True,True
douma,slate-corny-gaped-vodka-douma,5,False,True
doums,slate-mochi-words-dooms-doums,5,False,True
doups,slate-mochi-bundy-adapt-doups,5,False,True
doura,slate-corny-moira-aduki-doura,5,False,True
douse,slate-group-homed-douse,4,True,True
douts,slate-grimy-bronc-hosts-cupid-douts,6,False,True
doved,slate-diner-bumpy-dozed-advew-doved,6,False,True
doven,slate-diner-dozen-doven,4,False,True
dover,slate-diner-bebop-dozer-dover,5,False,True
doves,slate-roses-munch-biped-doves,5,True,True
dovie,slate-groin-mauve-dovie,4,False,True
dowak,slate-corny-gaped-vodka-dowak,5,False,True
dowar,slate-corny-moira-abjud-dowar,5,False,True
dowds,slate-mochi-bundy-dwarf-dowds,5,False,True
dowdy,slate-crony-badge-dowdy,4,True,True
dowed,slate-diner-bumpy-dozed-advew-dowed,6,False,True
dowel,slate-oiler-bawdy-dowel,4,True,True
dower,slate-diner-bebop-dozer-dover-dower,6,False,True
dowfs,slate-mochi-bundy-doors-affix-dowfs,6,False,True
dowie,slate-groin-mauve-bowie-apayd-dowie,6,False,True
dowle,slate-bingo-ahold-abyes-dowle,5,False,True
dowls,slate-lucid-defog-dolls-dools-dowls,6,False,True
dowly,slate-dilly-dryly-adown-dowly,5,False,True
downa,slate-corny-gonna-doona-downa,5,False,True
downs,slate-mochi-bundy-downs,4,True,True
downy,slate-crony-award-downy,4,True,True
dowps,slate-mochi-bundy-doors-affix-dowps,6,False,True
dowry,slate-crony-dowry,3,True,True
dowse,slate-group-abled-dowse,4,True,True
dowts,slate-grimy-bronc-hosts-cupid-dowts,6,False,True
doxed,slate-diner-bumpy-dozed-advew-doxed,6,False,True
doxes,slate-roses-munch-biped-doves-agaze-doxes,7,False,False
doxie,slate-groin-mauve-bowie-caked-doxie,6,False,True
doyen,slate-diner-dozen-doven-doyen,5,False,True
doyly,slate-dilly-dryly-doyly,4,False,True
dozed,slate-diner-bumpy-dozed,4,True,True
dozen,slate-diner-dozen,3,True,True
dozer,slate-diner-bebop-dozer,4,True,True
dozes,slate-roses-munch-biped-doves-agaze-dozes,7,False,False
drabs,slate-curbs-grabs-aduki-drabs,5,False,True
drack,slate-churn-flown-brack-drack,5,False,True
draco,slate-churn-flown-draco,4,True,True
draff,slate-churn-abode-drama-draff,5,False,True
draft,slate-grunt-brick-draft,4,True,True
drags,slate-curbs-dowse-drags,4,True,True
drail,slate-corgi-frail-brail-drail,5,False,True
drain,slate-churn-abide-drain,4,True,True
drake,slate-prick-brake-drake,4,True,True
drama,slate-churn-abode-drama,4,True,True
drams,slate-curbs-dowse-drags-abamp-drams,6,False,True
drank,slate-churn-biped-drank,4,True,True
drant,slate-grunt-brant-abode-drant,5,False,True
drape,slate-prick-drape,3,True,True
draps,slate-curbs-dowse-drags-abamp-draps,6,False,True
drapy,slate-churn-abode-drama-draff-drapy,6,False,True
drats,slate-combe-whats-ridgy-drats,5,False,True
drave,slate-prick-agave-brave-drave,5,False,True
drawl,slate-corgi-brawl-drawl,4,True,True
drawn,slate-churn-abide-drawn,4,True,True
draws,slate-curbs-dowse-draws,4,True,True
drays,slate-curbs-dowse-drags-abamp-drays,6,False,True
dread,slate-raced-bread-dread,4,True,True
dream,slate-raced-dream,3,True,True
drear,slate-raced-dream-drear,4,False,True
dreck,slate-diner-aback-dreck,4,True,True
dreed,slate-diner-abeer-dreed,4,False,True
dreer,slate-diner-bebop-dryer-dreer,5,False,True
drees,slate-roses-ficus-heres-aband-drees,6,False,True
dregs,slate-roses-being-dregs,4,True,True
dreks,slate-roses-being-crews-preys-dreks,6,False,True
drent,slate-titer-vouch-exert-brent-acedy-drent,7,False,False
drere,slate-groin-amped-crude-drere,5,False,True
dress,slate-roses-arced-dress,4,True,True
drest,slate-hurst-crest-wrest-adapt-drest,6,False,True
dreys,slate-roses-being-crews-preys-dreys,6,False,True
dribs,slate-mochi-kirby-dribs,4,False,True
drice,slate-groin-dumps-drive-drice,5,False,True
dried,slate-diner-dried,3,True,True
drier,slate-diner-drier,3,True,True
dries,slate-roses-ficus-dries,4,True,True
drift,slate-rhino-ached-drift,4,True,True
drill,slate-dilly-drill,3,True,True
drily,slate-dilly-doily-drily,4,False,True
drink,slate-crony-being-drink,4,True,True
drips,slate-mochi-kirby-bundt-drips,5,True,True
dript,slate-rhino-ached-drift-dript,5,False,True
drive,slate-groin-dumps-drive,4,True,True
drock,slate-crony-frock-brock-drock,5,False,True
droid,slate-crony-dumbo-droop-droid,5,True,True
droil,slate-dilly-droil,3,False,True
droit,slate-rhino-orbit-droit,4,True,True
droke,slate-groin-baldy-drove-droke,5,False,True
drole,slate-bingo-ahold-doole-drole,5,False,True
droll,slate-dilly-droll,3,True,True
drome,slate-groin-baldy-drove-droke-drome,6,False,True
drone,slate-groin-decks-drone,4,True,True
drony,slate-crony-irony-drony,4,False,True
droob,slate-crony-dumbo-droob,4,False,True
droog,slate-crony-dumbo-droop-droog,5,False,True
drook,slate-crony-dumbo-droop-droog-drook,6,False,True
drool,slate-dilly-drool,3,True,True
droop,slate-crony-dumbo-droop,4,True,True
drops,slate-mochi-gross-abide-drops,5,True,True
dropt,slate-rhino-tromp-dropt,4,False,True
dross,slate-mochi-gross-dross,4,True,True
drouk,slate-crony-dumbo-drouk,4,False,True
drove,slate-groin-baldy-drove,4,True,True
drown,slate-crony-gibed-drown,4,True,True
drows,slate-mochi-gross-abide-drops-drows,6,False,True
drubs,slate-mochi-gunky-usurp-bruvs-drubs,6,False,True
drugs,slate-mochi-gunky-drugs,4,True,True
druid,slate-crony-amigo-druid,4,True,True
drums,slate-mochi-bardo-drums,4,True,True
drunk,slate-crony-being-drunk,4,True,True
drupe,slate-groin-amped-prude-drupe,5,False,True
druse,slate-group-cruse-druse,4,False,True
drusy,slate-mochi-gunky-usury-drusy,5,False,True
druxy,slate-crony-grimy-druxy,4,False,True
dryad,slate-corny-hydra-dryad,4,False,True
dryas,slate-oasis-anger-mardy-dryas,5,False,True
dryer,slate-diner-bebop-dryer,4,True,True
dryly,slate-dilly-dryly,3,True,True
dsobo,slate-mochi-gross-dsobo,4,False,True
dsomo,slate-mochi-orgue-dsomo,4,False,True
duads,slate-curbs-quads-duads,4,False,True
duals,slate-doing-aahed-duals,4,False,True
duans,slate-curbs-quads-duans,4,False,True
duars,slate-curbs-duars,3,False,True
dubbo,slate-crony-bipod-dumbo-dubbo,5,False,True
dubby,slate-crony-dumps-dubby,4,False,True
ducal,slate-colin-larch-ducal,4,False,True
ducat,slate-tarot-adage-ducat,4,True,True
duces,slate-roses-denim-amuck-duces,5,False,True
duchy,slate-crony-humid-duchy,4,True,True
ducks,slate-mochi-abide-ducks,4,True,True
ducky,slate-crony-humid-ducky,4,True,True
ducti,slate-irony-ached-dictu-ducti,5,False,True
ducts,slate-grimy-bronc-ducts,4,True,True
duddy,slate-crony-dumps-dubby-duddy,5,False,True
duded,slate-diner-bumpy-duked-duded,5,False,True
dudes,slate-roses-denim-amuck-dudes,5,True,True
duels,slate-oiler-depth-duels,4,True,True
duets,slate-trips-vined-debts-duets,5,False,True
duett,slate-pinch-jetty-duett,4,False,True
duffs,slate-mochi-gunky-abhor-puffs-adawn-duffs,7,False,False
dufus,slate-mochi-gunky-abhor-puffs-dufus,6,False,True
duing,slate-crony-aduki-duing,4,False,True
duits,slate-grimy-ankle-quits-cuits-duits,6,False,True
dukas,slate-oasis-anger-dumpy-dukas,5,False,True
duked,slate-diner-bumpy-duked,4,True,True
dukes,slate-roses-denim-amuck-dukes,5,True,True
dukka,slate-corny-mamba-pizza-dukka,5,False,True
dukun,slate-crony-unhip-aback-dukun,5,False,True
dulce,slate-bingo-armed-delve-dulce,5,False,True
dules,slate-oiler-mules-glyph-dules,5,False,True
dulia,slate-colin-valid-adlib-dulia,5,False,True
dulls,slate-lucid-dulls,3,False,True
dully,slate-dilly-dolly-dully,4,True,True
dulse,slate-abode-dulse,3,False,True
dumas,slate-oasis-anger-dumpy-dumas,5,False,True
dumbo,slate-crony-bipod-dumbo,4,True,True
dumbs,slate-mochi-bardo-dumbs,4,False,True
dumka,slate-corny-mamba-dumka,4,False,True
dumky,slate-crony-dumps-dummy-dumky,5,False,True
dummy,slate-crony-dumps-dummy,4,True,True
dumps,slate-mochi-bardo-dumps,4,True,True
dumpy,slate-crony-dumps-dumpy,4,True,True
dunam,slate-corny-denim-dunam,4,False,True
dunce,slate-groin-cheep-dunce,4,True,True
dunch,slate-crony-blimp-hunch-dunch,5,False,True
dunes,slate-roses-denim-dunes,4,True,True
dungs,slate-mochi-gunky-abord-dungs,5,False,True
dungy,slate-crony-pudge-dungy,4,False,True
dunks,slate-mochi-gunky-banjo-punks-afald-dunks,7,False,False
dunno,slate-crony-bodhi-dunno,4,True,True
dunny,slate-crony-bicep-funny-adage-dunny,6,False,True
dunsh,slate-mochi-arses-dunsh,4,False,True
dunts,slate-grimy-bronc-hunts-adapt-dunts,6,False,True
duomi,slate-crony-adios-ovoid-dhobi-duomi,6,False,True
duomo,slate-crony-adios-duomo,4,False,True
duped,slate-diner-bumpy-duped,4,True,True
duper,slate-diner-bebop-duper,4,False,True
dupes,slate-roses-denim-amuck-dudes-dupes,6,False,True
duple,slate-bingo-armed-delve-duple,5,False,True
duply,slate-dilly-dryly-adown-duply,5,False,True
duppy,slate-crony-dumps-duppy,4,False,True
dural,slate-colin-grump-aural-rural-abjad-dural,7,False,False
duras,slate-oasis-anger-mardy-duras,5,False,True
dured,slate-diner-abeer-dured,4,False,True
dures,slate-roses-ficus-urges-amped-dures,6,False,True
durgy,slate-crony-midge-durgy,4,False,True
durns,slate-mochi-gunky-burns-durns,5,False,True
duroc,slate-crony-abhor-duroc,4,False,True
duros,slate-mochi-gross-derpy-duros,5,False,True
duroy,slate-crony-dowry-duroy,4,False,True
durra,slate-corny-fluke-padam-durra,5,False,True
durrs,slate-mochi-gunky-abhor-purrs-durrs,6,False,True
durry,slate-crony-midge-purdy-durry,5,False,True
durst,slate-trout-bawdy-durst,4,True,True
durum,slate-crony-ahead-aalii-durum,5,False,True
durzi,slate-crony-ahead-aalii-durzi,5,False,True
dusks,slate-mochi-gunky-abord-dusks,5,False,True
dusky,slate-mochi-gunky-dusky,4,True,True
dusts,slate-grimy-bronc-tufts-dusts,5,False,True
dusty,slate-grimy-abide-dusty,4,True,True
dutch,slate-rhino-abled-dutch,4,True,True
duvet,slate-titer-amigo-duvet,4,True,True
duxes,slate-roses-denim-amuck-dudes-dupes-duxes,7,False,False
dwaal,slate-corgi-qualm-dwaal,4,False,True
dwale,slate-leave-whale-dwale,4,False,True
dwalm,slate-corgi-qualm-dwalm,4,False,True
dwams,slate-curbs-acing-foams-dwams,5,False,True
dwamy,slate-churn-foamy-agamy-dwamy,5,False,True
dwang,slate-churn-piano-abjad-dwang,5,False,True
dwarf,slate-churn-abide-dwarf,4,True,True
dwaum,slate-churn-acing-quaff-dwaum,5,False,True
dweeb,slate-diner-bumpy-dweeb,4,True,True
dwell,slate-oiler-hunky-dwell,4,True,True
dwelt,slate-enter-abled-dwelt,4,True,True
dwile,slate-bingo-beech-kylie-dwile,5,False,True
dwine,slate-groin-chemo-knife-vexed-dwine,6,False,True
dyads,slate-curbs-acing-foams-bawdy-dyads,6,False,True
dyers,slate-roses-being-crews-apayd-dyers,6,False,True
dying,slate-crony-dying,3,True,True
dyked,slate-diner-bumpy-dyked,4,False,True
dykes,slate-roses-denim-amuck-dykes,5,True,True
dykey,slate-diner-bumpy-dogey-dykey,5,False,True
dykon,slate-crony-agood-dykon,4,False,True
dynel,slate-oiler-leech-kugel-dynel,5,False,True
dynes,slate-roses-denim-dunes-dynes,5,False,True
dynos,slate-mochi-gross-kudos-dynos,5,False,True
dzhos,slate-mochi-frosh-absey-dzhos,5,False,True
eager,slate-raced-pygmy-eager,4,True,True
eagle,slate-anglo-eagle,3,True,True
eagly,slate-rangy-eagly,3,False,True
eagre,slate-garbo-range-eagre,4,False,True
ealed,slate-rangy-lymph-babel-ceded-ealed,6,False,True
eales,slate-lambs-graph-vales-wales-edify-eales,7,False,False
eaned,slate-raced-funky-waned-abamp-eaned,6,False,True
eards,slate-wiper-abase-earns-eards,5,False,True
eared,slate-raced-bebop-beefs-eared,5,True,True
earls,slate-lambs-graph-earls,4,True,True
early,slate-rangy-early,3,True,True
earns,slate-wiper-abase-earns,4,True,True
earnt,slate-treed-extra-earnt,4,False,True
earst,slate-dater-earst,3,False,True
earth,slate-earth,2,True,True
eased,slate-wiper-casks-based-eased,5,True,True
easel,slate-lambs-easel,3,True,True
easer,slate-wiper-asker-rebec-easer,5,False,True
eases,slate-wiper-casks-beget-eases,5,True,True
easle,slate-abled-lapse-easle,4,False,True
easts,slate-chefs-easts,3,False,True
eaten,slate-treed-eaten,3,True,True
eater,slate-treed-eater,3,True,True
eathe,slate-about-vitae-abeer-eathe,5,False,True
eatin,slate-treed-expat-aalii-eatin,5,False,True
eaved,slate-raced-funky-wedge-eaved,5,False,True
eaver,slate-raced-pygmy-forks-waver-eaver,6,False,True
eaves,slate-wiper-casks-gamed-abash-faxes-convo-eaves,8,False,False
ebank,slate-hardy-beaux-ebank,4,False,True
ebbed,slate-diner-moped-beech-ebbed,5,True,True
ebbet,slate-titer-amigo-duvet-aband-ebbet,6,False,True
ebena,slate-raced-venom-hyena-abamp-ebena,6,False,True
ebene,slate-groin-cheep-abamp-ebene,5,False,True
ebike,slate-groin-dumps-chive-ebike,5,False,True
ebons,slate-roses-dumpy-ovens-benji-ebons,6,False,True
ebony,slate-diner-bevel-ebony,4,True,True
ebook,slate-diner-whomp-ebook,4,True,True
ecads,slate-rebid-ecads,3,False,True
ecard,slate-hardy-beard-ecard,4,False,True
ecash,slate-rebid-exams-ecash,4,False,True
eched,slate-diner-moped-beech-eched,5,False,True
eches,slate-roses-denim-cubes-eches,5,False,True
echos,slate-roses-dumpy-ovens-echos,5,False,True
ecigs,slate-roses-punch-becks-ecigs,5,False,True
eclat,slate-paler-eclat,3,True,True
ecole,slate-bingo-ahold-prole-ecole,5,False,True
ecrus,slate-roses-being-crews-ecrus,5,False,True
edema,slate-raced-media-edema,4,True,True
edged,slate-diner-moped-beech-edged,5,True,True
edger,slate-diner-odder-edger,4,True,True
edges,slate-roses-denim-edges,4,True,True
edict,slate-titer-denim-edict,4,True,True
edify,slate-diner-medic-edify,4,True,True
edile,slate-bingo-beech-exile-edile,5,False,True
edits,slate-trips-admin-edits,4,True,True
educe,slate-groin-decaf-educe,4,True,True
educt,slate-titer-bacon-eject-educt,5,False,True
eejit,slate-titer-denim-befit-eejit,5,False,True
eensy,slate-roses-newsy-eensy,4,False,True
eerie,slate-groin-aback-eerie,4,True,True
eeven,slate-diner-mocks-queen-avyze-eeven,6,False,True
eever,slate-diner-whomp-fryer-queer-bavin-eever,7,False,False
eevns,slate-roses-punch-abide-evens-eevns,6,False,True
effed,slate-diner-moped-beech-edged-aduki-effed,7,False,False
effer,slate-diner-whomp-fryer-effer,5,False,True
efits,slate-trips-admin-exits-efits,5,False,True
egads,slate-rebid-ecads-egads,4,False,True
egers,slate-roses-being-dregs-egers,5,False,True
egest,slate-hurst-exist-egest,4,False,True
eggar,slate-raced-blown-freak-aargh-eggar,6,False,True
egged,slate-diner-moped-beech-edged-egged,6,True,True
egger,slate-diner-whomp-fryer-queer-bavin-egger,7,False,False
egmas,slate-wiper-bands-vegas-egmas,5,False,True
egret,slate-titer-aerie-egret,4,True,True
ehing,slate-diner-baggy-eking-ehing,5,False,True
eider,slate-diner-crewe-eider,4,True,True
eidos,slate-roses-dumpy-eidos,4,False,True
eight,slate-titer-eight,3,True,True
eigne,slate-groin-binge-eigne,4,False,True
eiked,slate-diner-biped-hakim-affly-eiked,6,False,True
eikon,slate-diner-eikon,3,False,True
eilds,slate-oiler-eilds,3,False,True
eiron,slate-diner-eiron,3,False,True
eisel,slate-oiler-knave-limes-eisel,5,False,True
eject,slate-titer-bacon-eject,4,True,True
ejido,slate-diner-medic-edify-ejido,5,False,True
ekdam,slate-raced-media-ekdam,4,False,True
eking,slate-diner-baggy-eking,4,True,True
ekkas,slate-wiper-bands-vegas-axiom-ekkas,6,False,True
elain,slate-aahed-elain,3,False,True
eland,slate-aahed-eland,3,False,True
elans,slate-abaca-elans,3,False,True
elate,slate-plate-elate,3,True,True
elbow,slate-freed-elbow,3,True,True
elchi,slate-freed-elbow-elchi,4,False,True
elder,slate-freed-elder,3,True,True
eldin,slate-freed-eldin,3,False,True
elect,slate-aback-elect,3,True,True
eleet,slate-aback-fleet-eleet,4,False,True
elegy,slate-freed-elegy,3,True,True
elemi,slate-freed-elegy-elemi,4,False,True
elfed,slate-freed-elfed,3,False,True
elfin,slate-freed-elfin,3,True,True
eliad,slate-anger-bleak-eliad,4,False,True
elide,slate-bipod-glide-elide,4,True,True
elint,slate-aback-fleet-elint,4,False,True
elite,slate-acing-elite,3,True,True
elmen,slate-freed-elmen,3,False,True
eloge,slate-bipod-acing-glove-eloge,5,False,True
elogy,slate-freed-elbow-elogy,4,False,True
eloin,slate-freed-elbow-elogy-eloin,5,False,True
elope,slate-bipod-elope,3,True,True
elops,slate-plebe-elops,3,False,True
elpee,slate-bipod-elpee,3,False,True
elsin,slate-plebe-clues-elsin,4,False,True
elude,slate-bipod-elude,3,True,True
elute,slate-acing-flute-elute,4,False,True
elvan,slate-anger-clean-elvan,4,False,True
elven,slate-freed-elmen-elven,4,False,True
elver,slate-freed-elver,3,False,True
elves,slate-plebe-elves,3,True,True
emacs,slate-rebid-exams-emacs,4,False,True
email,slate-leery-email,3,True,True
embar,slate-raced-blown-zebra-embar,5,False,True
embay,slate-raced-venom-ameba-embay,5,False,True
embed,slate-diner-moped-embed,4,True,True
ember,slate-diner-whomp-ember,4,True,True
embog,slate-diner-whomp-mezzo-embog,5,False,True
embow,slate-diner-whomp-embow,4,False,True
embox,slate-diner-whomp-mezzo-embog-embox,6,False,True
embus,slate-roses-punch-feuds-embus,5,False,True
emcee,slate-groin-decaf-emcee,4,True,True
emeer,slate-diner-whomp-ember-emeer,5,False,True
emend,slate-diner-added-upend-emend,5,False,True
emerg,slate-diner-myrrh-emerg,4,False,True
emery,slate-diner-myrrh-emery,4,True,True
emeus,slate-roses-punch-feuds-embus-emeus,6,False,True
emics,slate-roses-punch-execs-emics,5,False,True
emirs,slate-roses-being-emirs,4,False,True
emits,slate-trips-admin-emits,4,True,True
emmas,slate-wiper-bands-vegas-axiom-emmas,6,False,True
emmer,slate-diner-whomp-ember-emeer-emmer,6,False,True
emmet,slate-titer-amigo-emmet,4,True,True
emmew,slate-diner-chomp-aevum-emmew,5,False,True
emmys,slate-roses-punch-defog-views-emmys,6,False,True
emoji,slate-diner-habit-emoji,4,True,True
emong,slate-diner-bevel-enjoy-emong,5,False,True
emote,slate-turbo-acing-emote,4,True,True
emove,slate-groin-aback-pheme-emove,5,False,True
empts,slate-trips-pests-empts,4,False,True
empty,slate-pinch-empty,3,True,True
emule,slate-bingo-armed-emule,4,False,True
emure,slate-groin-curvy-emure,4,False,True
emyde,slate-groin-decaf-exude-emyde,5,False,True
emyds,slate-roses-punch-defog-emyds,5,False,True
enact,slate-bench-enact,3,True,True
enarm,slate-hardy-rearm-enarm,4,False,True
enate,slate-corgi-abate-enate,4,False,True
ended,slate-diner-fudge-ended,4,True,True
ender,slate-diner-under-ender,4,False,True
endew,slate-diner-fudge-ended-endew,5,False,True
endow,slate-diner-added-endow,4,True,True
endue,slate-groin-cheep-venue-endue,5,False,True
enema,slate-raced-venom-enema,4,True,True
enemy,slate-diner-bevel-enemy,4,True,True
enews,slate-roses-punch-abide-evens-enews,6,False,True
enfix,slate-diner-baggy-epoch-enfix,5,False,True
eniac,slate-raced-cheap-eniac,4,False,True
enjoy,slate-diner-bevel-enjoy,4,True,True
enlit,slate-enter-enlit,3,False,True
enmew,slate-diner-mocks-hymen-enmew,5,False,True
ennog,slate-diner-bumpy-xenon-ennog,5,False,True
ennui,slate-diner-ennui,3,True,True
enoki,slate-diner-baggy-epoch-enoki,5,False,True
enols,slate-oiler-loess-enols,4,False,True
enorm,slate-diner-acorn-enorm,4,False,True
enows,slate-roses-dumpy-ovens-enows,5,False,True
enrol,slate-oiler-aecia-enrol,4,False,True
ensew,slate-roses-album-advew-ensew,5,False,True
ensky,slate-roses-pesky-ensky,4,False,True
ensue,slate-group-ensue,3,True,True
enter,slate-titer-mound-enter,4,True,True
entia,slate-treed-expat-aalii-entia,5,False,True
entre,slate-chirp-acton-entre,4,False,True
entry,slate-titer-barry-entry,4,True,True
enure,slate-groin-nerve-enure,4,False,True
enurn,slate-diner-acorn-enurn,4,False,True
envoi,slate-diner-baggy-epoch-envoi,5,False,True
envoy,slate-diner-bevel-envoy,4,True,True
enzym,slate-diner-bevel-enjoy-enzym,5,False,True
eolid,slate-oiler-eolid,3,False,True
eorls,slate-oiler-eorls,3,False,True
eosin,slate-roses-eosin,3,False,True
epact,slate-bench-exact-epact,4,False,True
epees,slate-roses-denim-cubes-glyph-epees,6,False,True
epena,slate-raced-venom-hyena-abamp-epena,6,False,True
epene,slate-groin-cheep-epene,4,False,True
ephah,slate-raced-venom-aahed-ephah,5,False,True
ephas,slate-wiper-abaca-ephas,4,False,True
ephod,slate-diner-weedy-ephod,4,False,True
ephor,slate-diner-achoo-ephor,4,False,True
epics,slate-roses-punch-epics,4,True,True
epoch,slate-diner-whomp-epoch,4,True,True
epode,slate-groin-aback-pheme-epode,5,False,True
epopt,slate-titer-bacon-epopt,4,False,True
epoxy,slate-diner-whomp-epoxy,4,True,True
eppie,slate-groin-pixie-eppie,4,False,True
epris,slate-roses-being-piers-epris,5,False,True
equal,slate-rangy-medal-equal,4,True,True
eques,slate-roses-denim-cubes-eques,5,False,True
equid,slate-diner-medic-equid,4,False,True
equip,slate-diner-habit-equip,4,True,True
erase,slate-beech-erase,3,True,True
erbia,slate-raced-blown-zebra-erbia,5,False,True
erect,slate-titer-vouch-erect,4,True,True
erevs,slate-roses-being-crews-preys-dreks-erevs,7,False,False
ergon,slate-diner-acorn-heron-adept-ergon,6,False,True
ergos,slate-roses-abuzz-overs-chawk-deros-ergos,7,False,False
ergot,slate-titer-vouch-repot-ergot,5,False,True
erhus,slate-roses-being-crews-erhus,5,False,True
erica,slate-raced-aroma-erica,4,True,True
erick,slate-diner-affix-reiki-erick,5,False,True
erics,slate-roses-being-emirs-erics,5,False,True
ering,slate-diner-reign-ering,4,False,True
erned,slate-diner-arcus-erned,4,False,True
ernes,slate-roses-ficus-heres-aband-ernes,6,False,True
erode,slate-groin-baldy-erode,4,True,True
erose,slate-group-brose-erose,4,False,True
erred,slate-diner-befog-acres-erred,5,True,True
error,slate-diner-achoo-error,4,True,True
erses,slate-roses-erses,3,False,True
eruct,slate-titer-vouch-eruct,4,False,True
erugo,slate-diner-myrrh-wreck-erugo,5,False,True
erupt,slate-titer-vouch-erupt,4,True,True
eruvs,slate-roses-being-crews-erhus-eruvs,6,False,True
erven,slate-diner-agape-rouen-erven,5,False,True
ervil,slate-oiler-peril-ervil,4,False,True
escar,slate-wiper-ackee-escar,4,False,True
escot,slate-hurst-aboil-onset-escot,5,False,True
esile,slate-abode-pulse-esile,4,False,True
eskar,slate-wiper-ackee-eskar,4,False,True
esker,slate-roses-usher-esker,4,False,True
esnes,slate-roses-esnes,3,False,True
esrog,slate-roses-verso-esrog,4,False,True
essay,slate-wiper-bands-essay,4,True,True
esses,slate-roses-album-peeve-esses,5,False,True
ester,slate-hurst-aider-ester,4,True,True
estoc,slate-hurst-timon-aapas-estoc,5,False,True
estop,slate-hurst-timon-aapas-estop,5,False,True
estro,slate-hurst-aider-awmry-estro,5,False,True
etage,slate-ached-grope-etage,4,False,True
etape,slate-ached-grope-etape,4,False,True
etats,slate-thumb-feats-etats,4,False,True
etens,slate-hurst-timon-etens,4,False,True
ethal,slate-paler-fetal-ethal,4,False,True
ether,slate-titer-ether,3,True,True
ethic,slate-titer-denim-ethic,4,True,True
ethne,slate-chirp-ewked-ethne,4,False,True
ethos,slate-hurst-ethos,3,True,True
ethyl,slate-enter-exult-ethyl,4,True,True
etics,slate-hurst-timon-etics,4,False,True
etnas,slate-dater-axons-etnas,4,False,True
etrog,slate-titer-vouch-repot-etrog,5,False,True
ettin,slate-titer-petit-ettin,4,False,True
ettle,slate-tight-ettle,3,False,True
etude,slate-chirp-etude,3,True,True
etuis,slate-hurst-fetus-etuis,4,False,True
etwee,slate-chirp-etude-etwee,4,False,True
etyma,slate-treed-expat-aalii-etyma,5,False,True
eughs,slate-roses-punch-eughs,4,False,True
euked,slate-diner-moped-beech-edged-aduki-euked,7,False,False
eupad,slate-raced-aback-adhan-eupad,5,False,True
euros,slate-roses-abuzz-euros,4,True,True
eusol,slate-oiler-loess-eusol,4,False,True
evade,slate-prick-mewed-evade,4,True,True
evegs,slate-roses-punch-defog-evegs,5,False,True
evens,slate-roses-punch-abide-evens,5,True,True
event,slate-titer-bacon-event,4,True,True
evert,slate-titer-vouch-evert,4,True,True
every,slate-diner-myrrh-every,4,True,True
evets,slate-trips-vined-evets,4,False,True
evhoe,slate-groin-blush-homme-evhoe,5,False,True
evict,slate-titer-denim-evict,4,True,True
evils,slate-oiler-exalt-evils,4,True,True
evite,slate-turbo-white-evite,4,False,True
evohe,slate-groin-aback-pheme-evohe,5,False,True
evoke,slate-groin-aback-evoke,4,True,True
ewers,slate-roses-being-crews-ewers,5,False,True
ewest,slate-hurst-exist-egest-ewest,5,False,True
ewhow,slate-diner-whomp-ewhow,4,False,True
ewked,slate-diner-moped-beech-edged-aduki-ewked,7,False,False
exact,slate-bench-exact,3,True,True
exalt,slate-bends-exalt,3,True,True
exams,slate-rebid-exams,3,True,True
excel,slate-oiler-leech-excel,4,True,True
exeat,slate-treed-exeat,3,False,True
execs,slate-roses-punch-execs,4,True,True
exeem,slate-diner-chomp-aevum-exeem,5,False,True
exeme,slate-groin-decaf-queue-exeme,5,False,True
exert,slate-titer-vouch-exert,4,True,True
exfil,slate-oiler-devil-exfil,4,False,True
exier,slate-diner-acute-brier-exier,5,False,True
exies,slate-roses-denim-vichy-exies,5,False,True
exile,slate-bingo-beech-exile,4,True,True
exine,slate-groin-chemo-knife-vexed-exine,6,False,True
exing,slate-diner-baggy-eking-ehing-exing,6,False,True
exist,slate-hurst-exist,3,True,True
exite,slate-turbo-white-evite-exite,5,False,True
exits,slate-trips-admin-exits,4,True,True
exode,slate-groin-aback-pheme-exode,5,False,True
exome,slate-groin-aback-pheme-exome,5,False,True
exons,slate-roses-dumpy-ovens-benji-exons,6,False,True
expat,slate-treed-expat,3,True,True
expel,slate-oiler-leech-expel,4,True,True
expos,slate-roses-dumpy-opens-aeger-expos,6,False,True
extol,slate-enter-extol,3,True,True
extra,slate-treed-extra,3,True,True
exude,slate-groin-decaf-exude,4,True,True
exuls,slate-oiler-depth-fuels-exuls,5,False,True
exult,slate-enter-exult,3,True,True
exurb,slate-diner-myrrh-exurb,4,True,True
eyass,slate-rebid-exams-eyass,4,False,True
eyers,slate-roses-being-crews-apayd-eyers,6,False,True
eying,slate-diner-baggy-eying,4,True,True
eyots,slate-trips-vined-beets-eyots,5,False,True
eyras,slate-wiper-abase-earns-eyras,5,False,True
eyres,slate-roses-ficus-heres-eyres,5,False,True
eyrie,slate-groin-aback-eerie-eyrie,5,False,True
eyrir,slate-diner-kefir-eyrir,4,False,True
ezine,slate-groin-chemo-knife-vexed-ezine,6,False,True
fabbo,slate-corny-dumbo-fabbo,4,False,True
fabby,slate-corny-gaped-champ-jazzy-baffs-fabby,7,False,False
fable,slate-anglo-caped-fable,4,True,True
faced,slate-raced-faced,3,True,True
facer,slate-raced-pacer-facer,4,False,True
faces,slate-wiper-casks-faces,4,True,True
facet,slate-treed-acing-facet,4,True,True
facey,slate-raced-affly-facey,4,False,True
facia,slate-corny-acrid-magic-facia,5,False,True
facie,slate-garbo-cumin-facie,4,False,True
facta,slate-carny-facto-facta,4,False,True
facto,slate-carny-facto,3,True,True
facts,slate-nymph-farce-facts,4,True,True
facty,slate-carny-facty,3,False,True
faddy,slate-corny-gaped-abide-daddy-aflow-faddy,7,False,False
faded,slate-raced-funky-amaze-faded,5,True,True
fader,slate-raced-fader,3,True,True
fades,slate-wiper-casks-gamed-fades,5,True,True
fadge,slate-garbo-admin-cadge-advew-fadge,6,False,True
fados,slate-oasis-nymph-dagga-fados,5,False,True
faena,slate-raced-paean-faena,4,False,True
faery,slate-raced-faery,3,False,True
faffs,slate-oasis-brink-apace-degum-chewy-faffs,7,False,False
faffy,slate-corny-gaped-champ-jazzy-baffs-faffy,7,False,False
faggy,slate-corny-gaped-baggy-faggy,5,False,True
fagin,slate-corny-denim-fagin,4,True,True
fagot,slate-tarot-gamic-fagot,4,False,True
faiks,slate-oasis-padre-gains-kembo-faiks,6,False,True
fails,slate-basis-frown-fails,4,True,True
faine,slate-garbo-cumin-naive-daine-faine,6,False,True
fains,slate-oasis-padre-gains-mains-chawk-fains,7,False,False
faint,slate-tarot-dough-faint,4,True,True
faire,slate-garbo-camps-faire,4,True,True
fairs,slate-oasis-padre-fairs,4,True,True
fairy,slate-corny-ached-fairy,4,True,True
faith,slate-carny-faith,3,True,True
faked,slate-raced-funky-faked,4,True,True
faker,slate-raced-pygmy-forks-faker,5,True,True
fakes,slate-wiper-casks-album-fakes,5,True,True
fakey,slate-raced-homed-waxen-aflaj-fakey,6,False,True
fakie,slate-garbo-cumin-akoja-fakie,5,False,True
fakir,slate-corny-rabid-fakir,4,True,True
falaj,slate-colin-madly-halal-frump-falaj,6,False,True
fales,slate-lambs-graph-vales-wales-edify-fales,7,False,False
falls,slate-basis-mulch-fowls-falls,5,True,True
false,slate-abled-false,3,True,True
falsy,slate-basis-palsy-falsy,4,False,True
famed,slate-raced-funky-amaze-famed,5,True,True
fames,slate-wiper-casks-gamed-james-names-fames,7,False,False
fanal,slate-colin-larva-banal-fanal,5,False,True
fancy,slate-corny-fancy,3,True,True
fands,slate-oasis-brink-glyph-wands-fands,6,False,True
fanes,slate-wiper-casks-gamed-abash-faxes-anvil-fanes,8,False,False
fanga,slate-corny-denim-ganja-aflap-fanga,6,False,True
fango,slate-corny-badge-mango-fango,5,False,True
fangs,slate-oasis-brink-glyph-fangs,5,True,True
fanks,slate-oasis-brink-hanks-yanks-opgaf-fanks,7,False,False
fanny,slate-corny-admin-nanny-aflaj-fanny,6,False,True
fanon,slate-corny-badge-panko-fanon,5,False,True
fanos,slate-oasis-nymph-aback-fanos,5,False,True
fanum,slate-corny-denim-annum-fanum,5,False,True
faqir,slate-corny-rabid-fakir-faqir,5,False,True
farad,slate-corny-fluke-firma-farad,5,False,True
farce,slate-garbo-capon-farce,4,True,True
farci,slate-corny-balmy-parch-farci,5,False,True
farcy,slate-corny-darcy-farcy,4,False,True
fards,slate-oasis-brink-whims-cards-yards-fards,7,False,False
fared,slate-raced-bebop-beefs-fared,5,True,True
farer,slate-raced-pygmy-forks-farer,5,False,True
fares,slate-wiper-march-dares-fares,5,True,True
farle,slate-anglo-caped-fable-farle,5,False,True
farls,slate-basis-mulch-acing-larks-abjad-farls,7,False,False
farms,slate-oasis-brink-whims-farms,5,True,True
faros,slate-oasis-nymph-dagga-faros,5,False,True
farro,slate-corny-abide-gamps-farro,5,False,True
farse,slate-crump-raise-farse,4,False,True
farts,slate-nymph-farce-farts,4,True,True
fasci,slate-oasis-acned-fasci,4,False,True
fasti,slate-nymph-farce-abius-fasti,5,False,True
fasts,slate-nymph-farce-abius-fasts,5,False,True
fatal,slate-taint-fatal,3,True,True
fated,slate-treed-amigo-abash-dated-fated,6,True,True
fates,slate-dater-batch-amigo-fates,5,True,True
fatly,slate-taint-fatal-fatly,4,False,True
fatso,slate-antsy-fatso,3,True,True
fatty,slate-carny-flaps-fatty,4,True,True
fatwa,slate-tarot-whomp-fatwa,4,True,True
fauch,slate-corny-acrid-macaw-agave-fauch,6,False,True
faugh,slate-corny-mamba-haiku-faugh,5,False,True
fauld,slate-colin-grump-uvula-howdy-fauld,6,False,True
fault,slate-taint-fault,3,True,True
fauna,slate-corny-mixup-fauna,4,True,True
fauns,slate-oasis-brink-adapt-yawns-aucht-fauns,7,False,False
faurd,slate-corny-rabid-faurd,4,False,True
faute,slate-actor-haute-faute,4,False,True
fauts,slate-nymph-farce-abius-fauts,5,False,True
fauve,slate-garbo-cumin-fauve,4,False,True
favas,slate-oasis-brink-apace-mamas-gyved-favas,7,False,False
favel,slate-rangy-lymph-babel-afanc-favel,6,False,True
faver,slate-raced-pygmy-forks-faver,5,False,True
faves,slate-wiper-casks-gamed-abash-faxes-anvil-faves,8,False,False
favor,slate-corny-vroom-favor,4,True,True
favus,slate-oasis-brink-apace-degum-favus,6,False,True
fawns,slate-oasis-brink-adapt-yawns-afizz-fawns,7,False,False
fawny,slate-corny-admin-nanny-fawny,5,False,True
faxed,slate-raced-funky-amaze-faded-faxed,6,True,True
faxes,slate-wiper-casks-gamed-abash-faxes,6,True,True
fayed,slate-raced-funky-fayed,4,True,True
fayer,slate-raced-pygmy-barfi-fayer,5,False,True
fayne,slate-garbo-cumin-panna-fayne,5,False,True
fayre,slate-garbo-camps-faire-fayre,5,False,True
fazed,slate-raced-funky-amaze-fazed,5,True,True
fazes,slate-wiper-casks-gamed-abash-faxes-anvil-fazes,8,False,False
feals,slate-ahold-meals-reals-abeng-advew-afizz-feals,8,False,False
feard,slate-hardy-beard-feard,4,False,True
feare,slate-prick-aware-deare-abmho-feare,6,False,True
fears,slate-rebid-glyph-fears,4,True,True
feart,slate-bench-teary-feart,4,False,True
fease,slate-beech-abamp-fease,4,False,True
feast,slate-tabby-feast,3,True,True
feats,slate-thumb-feats,3,True,True
feaze,slate-prick-mewed-heave-feaze,5,False,True
fecal,slate-rangy-medal-fecal,4,True,True
feces,slate-roses-denim-feces,4,True,True
fecht,slate-titer-bacon-hecht-fecht,5,False,True
fecit,slate-titer-denim-befit-fecit,5,False,True
fecks,slate-roses-punch-becks-decks-afoam-fecks,7,False,False
fedai,slate-raced-media-fedai,4,False,True
fedex,slate-diner-moped-bedew-fedex,5,False,True
feebs,slate-roses-punch-defog-beefs-feebs,6,False,True
feeds,slate-roses-punch-defog-feeds,5,True,True
feels,slate-oiler-depth-feels,4,True,True
feely,slate-oiler-hunky-leggy-fjeld-feely,6,False,True
feens,slate-roses-punch-abide-evens-aflow-feens,7,False,False
feers,slate-roses-being-jeeps-veers-adeem-feers,7,False,False
feese,slate-group-dense-fasci-feese,5,False,True
feeze,slate-groin-decaf-femme-feeze,5,False,True
fehme,slate-groin-decaf-femme-fehme,5,False,True
feign,slate-diner-baggy-feign,4,True,True
feint,slate-titer-denim-feint,4,True,True
feist,slate-hurst-exist-deist-abeng-feist,6,False,True
felch,slate-oiler-janky-belch-flimp-felch,6,False,True
felid,slate-oiler-helix-flack-felid,5,False,True
felix,slate-oiler-helix-felix,4,False,True
fella,slate-rangy-medal-fella,4,True,True
fells,slate-oiler-psych-bells-wells-dumka-aflaj-fells,8,False,False
felly,slate-oiler-janky-belly-ached-aflow-felly,7,False,False
felon,slate-oiler-combo-felon,4,True,True
felts,slate-balmy-pelts-swack-adage-felts,6,False,True
felty,slate-lefty-felty,3,False,True
femal,slate-rangy-medal-femal,4,False,True
femes,slate-roses-denim-femme-femes,5,False,True
femic,slate-diner-habit-equip-femic,5,False,True
femme,slate-groin-decaf-femme,4,True,True
femmy,slate-diner-whomp-jemmy-femmy,5,False,True
femur,slate-diner-achoo-femur,4,True,True
fence,slate-groin-cheep-fence,4,True,True
fends,slate-roses-punch-bends-advew-fends,6,False,True
fendy,slate-diner-bendy-fendy,4,False,True
fenis,slate-roses-punch-bends-abrim-fenis,6,False,True
fenks,slate-roses-punch-bends-abrim-fenks,6,False,True
fenny,slate-diner-bumpy-henny-gowfs-fenny,6,False,True
fents,slate-trips-vined-cents-gents-abmho-aflow-fents,8,False,False
feods,slate-roses-dumpy-eidos-feods,5,False,True
feoff,slate-diner-whomp-ebook-feoff,5,False,True
feral,slate-rangy-feral,3,True,True
ferer,slate-diner-whomp-fryer-ferer,5,False,True
feres,slate-roses-ficus-frees-feres,5,False,True
feria,slate-raced-blown-freak-feria,5,False,True
ferly,slate-oiler-abort-reply-ferly,5,False,True
fermi,slate-diner-affix-reify-fermi,5,False,True
ferms,slate-roses-being-jeeps-herds-mawky-ferms,7,False,False
ferns,slate-roses-being-ferns,4,True,True
ferny,slate-diner-acorn-nervy-ferny,5,False,True
ferox,slate-diner-myrrh-xerox-ferox,5,False,True
ferry,slate-diner-myrrh-aback-ferry,5,True,True
fesse,slate-group-dense-fasci-fesse,5,False,True
festa,slate-chefs-festa,3,False,True
fests,slate-trips-vined-beets-fishy-fests,6,False,True
festy,slate-trips-zesty-afanc-festy,5,False,True
fetal,slate-paler-fetal,3,True,True
fetas,slate-dater-abeng-makaf-fetas,5,False,True
fetch,slate-titer-abhor-fetch,4,True,True
feted,slate-titer-donut-feted,4,True,True
fetes,slate-hurst-timon-bytes-fecks-fetes,6,False,True
fetid,slate-titer-fetid,3,True,True
fetor,slate-titer-fetor,3,False,True
fetta,slate-earth-amnic-abaft-fetta,5,False,True
fetts,slate-trips-vined-beets-fishy-fetts,6,False,True
fetus,slate-hurst-fetus,3,True,True
fetwa,slate-treed-expat-fetwa,4,False,True
feuar,slate-raced-blown-freak-feuar,5,False,True
feuds,slate-roses-punch-feuds,4,True,True
feued,slate-diner-moped-beech-keyed-vexed-feued,7,False,False
fever,slate-diner-whomp-fryer-fever,5,True,True
fewer,slate-diner-whomp-fewer,4,True,True
feyed,slate-diner-moped-beech-keyed-feyed,6,False,True
feyer,slate-diner-whomp-fryer-feyer,5,False,True
feyly,slate-oiler-hunky-leggy-fjeld-feyly,6,False,True
fezes,slate-roses-denim-feces-fezes,5,False,True
fezzy,slate-diner-whomp-beefy-fezzy,5,False,True
fiars,slate-curbs-dowse-agony-fraim-fiars,6,False,True
fiats,slate-combe-whats-ridgy-fiats,5,False,True
fiber,slate-diner-phlox-befog-fiber,5,True,True
fibre,slate-groin-fibre,3,True,True
fibro,slate-crony-furry-fibro,4,False,True
fices,slate-roses-denim-vichy-bices-fices,6,False,True
fiche,slate-groin-dumps-chive-fiche,5,False,True
fichu,slate-crony-aback-mimic-fichu,5,False,True
ficin,slate-crony-blimp-winch-ficin,5,False,True
ficos,slate-mochi-ficos,3,False,True
ficta,slate-carny-dicta-ficta,4,False,True
ficus,slate-mochi-kendo-ficus,4,True,True
fides,slate-roses-denim-hides-abaca-fides,6,False,True
fidge,slate-groin-beige-midge-fidge,5,False,True
fidos,slate-mochi-arses-pious-devon-fidos,6,False,True
fidus,slate-mochi-kirby-waged-finds-fidus,6,False,True
fiefs,slate-roses-punch-defog-fiefs,5,False,True
field,slate-oiler-alway-field,4,True,True
fiend,slate-diner-fiend,3,True,True
fient,slate-titer-eight-fient,4,False,True
fiere,slate-groin-fibre-fiere,4,False,True
fieri,slate-diner-fiery-fieri,4,False,True
fiers,slate-roses-being-piers-evoke-fiers,6,False,True
fiery,slate-diner-fiery,3,True,True
fiest,slate-hurst-exist-fiest,4,False,True
fifed,slate-diner-biped-hakim-fixed-fifed,6,False,True
fifer,slate-diner-phlox-befog-fifer,5,False,True
fifes,slate-roses-denim-vichy-kappa-fixes-fifes,7,False,False
fifis,slate-mochi-kirby-waged-finis-fifis,6,False,True
fifth,slate-irony-ached-fifth,4,True,True
fifty,slate-irony-dwarf-fifty,4,True,True
figgy,slate-crony-dumps-affix-fizzy-figgy,6,False,True
fight,slate-rhino-witty-fight,4,True,True
figos,slate-mochi-arses-pious-devon-bigos-figos,7,False,False
fiked,slate-diner-biped-hakim-affly-fiked,6,False,True
fikes,slate-roses-denim-vichy-kappa-bikes-fikes,7,False,False
filar,slate-colin-afire-filar,4,False,True
filch,slate-dilly-befog-filch,4,True,True
filed,slate-oiler-awful-filed,4,True,True
filer,slate-oiler-miler-filer,4,True,True
files,slate-oiler-frump-files,4,True,True
filet,slate-enter-abbot-filet,4,True,True
filii,slate-dilly-befog-filch-aalii-filii,6,False,True
filks,slate-lucid-morph-befog-fills-filks,6,False,True
fille,slate-bingo-alarm-ville-fille,5,False,True
fillo,slate-dilly-abhor-fillo,4,False,True
fills,slate-lucid-morph-befog-fills,5,True,True
filly,slate-dilly-wharf-filly,4,True,True
filmi,slate-dilly-befog-filch-aalii-filmi,6,False,True
films,slate-lucid-morph-films,4,True,True
filmy,slate-dilly-milky-filmy,4,True,True
filon,slate-dilly-befog-filon,4,False,True
filos,slate-lucid-morph-kilos-filos,5,False,True
filth,slate-achoo-filth,3,True,True
filum,slate-dilly-befog-filch-aalii-filum,6,False,True
final,slate-colin-final,3,True,True
finca,slate-corny-admit-aevum-finca,5,False,True
finch,slate-crony-blimp-winch-finch,5,True,True
finds,slate-mochi-kirby-waged-finds,5,True,True
fined,slate-diner-frump-fined,4,True,True
finer,slate-diner-finer,3,True,True
fines,slate-roses-denim-awful-fines,5,True,True
finis,slate-mochi-kirby-waged-finis,5,True,True
finks,slate-mochi-kirby-jawed-pinks-finks,6,False,True
finny,slate-crony-bicep-agave-ninny-abmho-finny,7,False,False
finos,slate-mochi-arses-pious-devon-wakfs-finos,7,False,False
fiord,slate-crony-fjord-fiord,4,False,True
fiqhs,slate-mochi-acids-highs-fiqhs,5,False,True
fique,slate-groin-dumps-fique,4,False,True
fired,slate-diner-wharf-fired,4,True,True
firer,slate-diner-phlox-befog-fiver-firer,6,False,True
fires,slate-roses-ficus-fires,4,True,True
firie,slate-groin-aback-eerie-firie,5,False,True
firks,slate-mochi-kirby-adapt-firks,5,False,True
firma,slate-corny-fluke-firma,4,True,True
firms,slate-mochi-dippy-firms,4,True,True
firni,slate-crony-ruing-firni,4,False,True
firns,slate-mochi-kirby-virus-aping-firns,6,False,True
firry,slate-crony-midge-kirby-firry,5,False,True
first,slate-trout-first,3,True,True
firth,slate-irony-befog-firth,4,True,True
fiscs,slate-mochi-abyss-discs-fiscs,5,False,True
fisho,slate-mochi-fisho,3,False,True
fishy,slate-mochi-acids-fishy,4,True,True
fisks,slate-mochi-kirby-jawed-pinks-fisks,6,False,True
fists,slate-grimy-nymph-fists,4,True,True
fisty,slate-grimy-fisty,3,False,True
fitch,slate-rhino-witty-hoped-fitch,5,True,True
fitly,slate-grout-twill-fitly,4,False,True
fitna,slate-tarot-ached-untag-fitna,5,False,True
fitte,slate-turbo-white-fitte,4,False,True
fitts,slate-grimy-nymph-fists-fitts,5,False,True
fiver,slate-diner-phlox-befog-fiver,5,True,True
fives,slate-roses-denim-vichy-aglow-fives,6,True,True
fixed,slate-diner-biped-hakim-fixed,5,True,True
fixer,slate-diner-phlox-fixer,4,True,True
fixes,slate-roses-denim-vichy-kappa-fixes,6,True,True
fixie,slate-groin-pixie-dixie-fixie,5,False,True
fixit,slate-rhino-sized-tippy-fixit,5,False,True
fizzy,slate-crony-dumps-affix-fizzy,5,True,True
fjeld,slate-oiler-hunky-dwell-fjeld,5,False,True
fjord,slate-crony-fjord,3,True,True
flabs,slate-chaps-adage-flaws-banky-flabs,6,False,True
flack,slate-prick-beefs-flack,4,True,True
flaff,slate-prick-aback-gland-awmry-flaff,6,False,True
flags,slate-chaps-adage-flags,4,True,True
flail,slate-prick-flail,3,True,True
flair,slate-prick-flair,3,True,True
flake,slate-crumb-defog-flake,4,True,True
flaks,slate-chaps-adage-flaws-banky-flaks,6,False,True
flaky,slate-prick-flaky,3,True,True
flame,slate-crumb-flame,3,True,True
flamm,slate-prick-aback-gland-awmry-flamm,6,False,True
flams,slate-chaps-adage-flaws-banky-flams,6,False,True
flamy,slate-prick-aback-gland-awmry-flamy,6,False,True
flane,slate-crumb-defog-flake-flane,5,False,True
flank,slate-prick-blank-flank,4,True,True
flans,slate-chaps-adage-flaws-banky-flans,6,False,True
flaps,slate-chaps-flaps,3,True,True
flare,slate-crumb-flare,3,True,True
flary,slate-prick-alarm-flary,4,False,True
flash,slate-chaps-flash,3,True,True
flask,slate-chaps-flask,3,True,True
flats,slate-flats,2,True,True
flava,slate-prick-aback-llama-flava,5,False,True
flawn,slate-prick-aback-gland-flawn,5,False,True
flaws,slate-chaps-adage-flaws,4,True,True
flawy,slate-prick-aback-gland-awmry-flawy,6,False,True
flaxy,slate-prick-aback-gland-awmry-flaxy,6,False,True
flays,slate-chaps-adage-flaws-banky-flays,6,False,True
fleam,slate-anger-bleak-plead-abaci-fleam,6,False,True
fleas,slate-fleas,2,True,True
fleck,slate-freed-fleck,3,True,True
fleek,slate-freed-fleek,3,False,True
fleer,slate-freed-fleer,3,False,True
flees,slate-plebe-flees,3,True,True
fleet,slate-aback-fleet,3,True,True
flegs,slate-plebe-flesh-agamy-flegs,5,False,True
fleme,slate-bipod-aback-flume-fleme,5,False,True
flesh,slate-plebe-flesh,3,True,True
fleur,slate-freed-fleur,3,True,True
flews,slate-plebe-flesh-agamy-flews,5,False,True
flexi,slate-freed-fleck-flexi,4,False,True
flexo,slate-freed-fleck-flexi-flexo,5,False,True
fleys,slate-plebe-flesh-agamy-fleys,5,False,True
flick,slate-bucko-bocce-flick,4,True,True
flics,slate-flops-abram-flics,4,False,True
flied,slate-freed-flied,3,True,True
flier,slate-freed-flier,3,True,True
flies,slate-plebe-clues-flies,4,True,True
flimp,slate-bucko-fling-flimp,4,False,True
flims,slate-flops-abram-flims,4,False,True
fling,slate-bucko-fling,3,True,True
flint,slate-flung-flint,3,True,True
flips,slate-flops-flips,3,True,True
flirs,slate-flops-abram-flirs,4,False,True
flirt,slate-flung-flirt,3,True,True
flisk,slate-flops-flush-flisk,4,False,True
flite,slate-acing-elite-blite-flite,5,False,True
flits,slate-aback-plots-acing-flits,5,False,True
flitt,slate-aboil-glitz-flitt,4,False,True
float,slate-begat-float,3,True,True
flobs,slate-flops-floss-flows-acerb-flobs,6,False,True
flock,slate-bucko-clock-flock,4,True,True
flocs,slate-flops-floss-flows-acerb-flocs,6,False,True
floes,slate-plebe-clues-flies-floes,5,False,True
flogs,slate-flops-floss-flows-acerb-flogs,6,False,True
flong,slate-bucko-angry-flong,4,False,True
flood,slate-bucko-angry-flood,4,True,True
floor,slate-bucko-angry-floor,4,True,True
flops,slate-flops,2,True,True
flora,slate-agora-flora,3,True,True
flore,slate-bipod-acing-flore,4,False,True
flors,slate-flops-floss-flows-acerb-flors,6,False,True
flory,slate-bucko-angry-flory,4,False,True
flosh,slate-flops-flosh,3,False,True
floss,slate-flops-floss,3,True,True
flota,slate-flota,2,False,True
flote,slate-acing-flute-flote,4,False,True
flour,slate-bucko-flour,3,True,True
flout,slate-flung-flout,3,True,True
flown,slate-bucko-angry-flown,4,True,True
flows,slate-flops-floss-flows,4,True,True
flowy,slate-bucko-angry-flowy,4,True,True
flubs,slate-flops-abram-flubs,4,False,True
flued,slate-freed-flied-flued,4,False,True
flues,slate-plebe-clues-flues,4,False,True
fluey,slate-freed-fluey,3,False,True
fluff,slate-bucko-admin-fluff,4,True,True
fluid,slate-bucko-admin-fluid,4,True,True
fluke,slate-bipod-aback-fluke,4,True,True
fluky,slate-bucko-fluky,3,True,True
flume,slate-bipod-aback-flume,4,True,True
flump,slate-bucko-admin-plump-flump,5,False,True
flung,slate-bucko-admin-flung,4,True,True
flunk,slate-bucko-flunk,3,True,True
fluor,slate-bucko-flour-fluor,4,False,True
flurr,slate-bucko-admin-fluff-flurr,5,False,True
flush,slate-flops-flush,3,True,True
flute,slate-acing-flute,3,True,True
fluty,slate-aboil-klutz-fluty,4,False,True
fluyt,slate-flung-fluyt,3,False,True
flyby,slate-bucko-flyby,3,True,True
flyer,slate-freed-flier-flyer,4,True,True
flyin,slate-bucko-fling-flyin,4,False,True
flype,slate-bipod-plume-abcee-flype,5,False,True
flyte,slate-acing-flute-flote-flyte,5,False,True
fnarr,slate-churn-acing-fnarr,4,False,True
foals,slate-doing-coals-foals,4,True,True
foams,slate-curbs-acing-foams,4,True,True
foamy,slate-churn-foamy,3,True,True
focal,slate-colin-falls-focal,4,True,True
focus,slate-mochi-curds-focus,4,True,True
foehn,slate-diner-bevel-enjoy-foehn,5,False,True
fogey,slate-diner-chomp-defog-fogey,5,True,True
foggy,slate-crony-badge-foggy,4,True,True
fogie,slate-groin-bogie-caved-fogie,5,False,True
fogle,slate-bingo-acyls-fogle,4,False,True
fogos,slate-mochi-bundy-afore-aglow-fogos,6,False,True
fogou,slate-crony-bipod-aargh-fogou,5,False,True
fohns,slate-mochi-drank-johns-fohns,5,False,True
foids,slate-mochi-acids-faver-foids,5,False,True
foils,slate-lucid-morph-boils-foils,5,False,True
foins,slate-mochi-acids-joins-foins,5,False,True
foist,slate-trout-champ-foist,4,True,True
folds,slate-lucid-defog-folds,4,True,True
foley,slate-oiler-ditch-golem-foley,5,False,True
folia,slate-colin-dolia-folia,4,False,True
folic,slate-dilly-capon-folic,4,True,True
folie,slate-bingo-voile-louie-famed-folie,6,False,True
folio,slate-dilly-capon-folio,4,True,True
folks,slate-lucid-frown-folks,4,True,True
folky,slate-dilly-block-folky,4,True,True
folly,slate-dilly-laugh-frump-folly,5,True,True
fomes,slate-roses-munch-domes-fomes,5,False,True
fonda,slate-corny-aimed-honda-afizz-fonda,6,False,True
fonds,slate-mochi-bundy-ponds-fonds,5,False,True
fondu,slate-crony-bough-adman-fondu,5,False,True
fones,slate-roses-munch-abuzz-jones-aflap-fones,7,False,False
fonio,slate-crony-bough-mondo-fonio,5,False,True
fonly,slate-dilly-bowed-coyly-chomp-fonly,6,False,True
fonts,slate-grimy-bronc-whoof-fonts,5,False,True
foods,slate-mochi-bundy-dwarf-foods,5,True,True
foody,slate-crony-dough-moody-woody-boody-foody,7,False,False
fools,slate-lucid-frown-fools,4,True,True
foots,slate-grimy-bronc-chafe-foots,5,True,True
footy,slate-irony-booty-caphs-footy,5,False,True
foram,slate-corny-borax-hadji-foram,5,False,True
foray,slate-corny-foray,3,True,True
forbs,slate-mochi-bundy-gazar-forbs,5,False,True
forby,slate-crony-dowry-porky-aargh-forby,6,False,True
force,slate-groin-boric-force,4,True,True
fordo,slate-crony-furry-forgo-fordo,5,False,True
fords,slate-mochi-bundy-dwarf-fords,5,True,True
forel,slate-oiler-morel-abaft-forel,5,False,True
fores,slate-roses-aback-pores-fudgy-fores,6,False,True
forex,slate-diner-creek-borty-forex,5,False,True
forge,slate-groin-about-forge,4,True,True
forgo,slate-crony-furry-forgo,4,True,True
forks,slate-mochi-bundy-afore-forks,5,True,True
forky,slate-crony-dowry-porky-forky,5,False,True
forma,slate-corny-borax-fermi-forma,5,False,True
forme,slate-groin-boric-horde-abamp-forme,6,False,True
forms,slate-mochi-words-forms,4,True,True
forte,slate-turbo-forte,3,True,True
forth,slate-irony-forth,3,True,True
forts,slate-grimy-adopt-forts,4,True,True
forty,slate-irony-forty,3,True,True
forum,slate-crony-furry-forum,4,True,True
forza,slate-corny-borax-fermi-forza,5,False,True
forze,slate-groin-boric-horde-abamp-forze,6,False,True
fossa,slate-oasis-bossa-fossa,4,False,True
fosse,slate-group-abled-noise-fosse,5,False,True
fouat,slate-tarot-about-fouat,4,False,True
fouds,slate-mochi-bundy-fouds,4,False,True
fouer,slate-diner-whomp-rocky-boxer-gofer-fouer,7,False,False
fouet,slate-titer-amigo-covet-abaft-fouet,6,False,True
foule,slate-bingo-ahold-joule-cramp-foule,6,False,True
fouls,slate-lucid-bolus-fouls,4,True,True
found,slate-crony-bodhi-frump-found,5,True,True
fount,slate-rhino-amuck-fount,4,True,True
fours,slate-mochi-bundy-fours,4,True,True
fouth,slate-irony-ached-mouth-fouth,5,False,True
fovea,slate-raced-aback-abohm-fovea,5,False,True
fowls,slate-lucid-frown-fowls,4,True,True
fowth,slate-irony-ached-mouth-fowth,5,False,True
foxed,slate-diner-moped-oxbow-coxed-foxed,6,False,True
foxes,slate-roses-munch-biped-afoot-foxes,6,True,True
foxie,slate-groin-mauve-bowie-caked-foxie,6,False,True
foyer,slate-diner-whomp-rocky-foyer,5,True,True
foyle,slate-bingo-ahold-joule-enzym-foyle,6,False,True
foyne,slate-groin-donna-bowne-foyne,5,False,True
frabs,slate-curbs-grabs-aduki-frabs,5,False,True
frack,slate-churn-flown-frack,4,True,True
fract,slate-grunt-brick-tract-fract,5,False,True
frags,slate-curbs-dowse-agony-grams-frags,6,False,True
frail,slate-corgi-frail,3,True,True
fraim,slate-churn-abode-gravy-fraim,5,False,True
frais,slate-curbs-dowse-agony-fraim-frais,6,False,True
frame,slate-prick-agave-frame,4,True,True
franc,slate-churn-franc,3,True,True
frank,slate-churn-biped-frank,4,True,True
frape,slate-prick-drape-grape-frape,5,False,True
fraps,slate-curbs-dowse-agony-fraim-fraps,6,False,True
frass,slate-curbs-dowse-grass-frass,5,False,True
frate,slate-corgi-prate-aflow-frate,5,False,True
frati,slate-aback-wrath-adapt-frati,5,False,True
frats,slate-combe-whats-ridgy-aflap-frats,6,False,True
fraud,slate-churn-fraud,3,True,True
fraus,slate-curbs-adopt-fraus,4,False,True
frays,slate-curbs-dowse-agony-prays-affix-frays,7,False,False
freak,slate-raced-blown-freak,4,True,True
freed,slate-diner-befog-freed,4,True,True
freer,slate-diner-whomp-fryer-freer,5,True,True
frees,slate-roses-ficus-frees,4,True,True
freet,slate-titer-aerie-greet-freet,5,False,True
freit,slate-titer-amman-refit-freit,5,False,True
fremd,slate-diner-beefy-fremd,4,False,True
frena,slate-raced-blown-arena-frena,5,False,True
freon,slate-diner-acorn-heron-adept-freon,6,False,True
frere,slate-groin-amped-crewe-abers-frere,6,False,True
fresh,slate-roses-fresh,3,True,True
frets,slate-trips-frets,3,True,True
friar,slate-corny-rabid-prima-friar,5,True,True
fribs,slate-mochi-kirby-dribs-fribs,5,False,True
fried,slate-diner-chief-fried,4,True,True
frier,slate-diner-acute-brier-aflap-frier,6,False,True
fries,slate-roses-ficus-fries,4,True,True
frigs,slate-mochi-kirby-bundt-grips-frigs,6,False,True
frill,slate-dilly-gruff-frill,4,True,True
frise,slate-group-frise,3,True,True
frisk,slate-mochi-kirby-frisk,4,True,True
frist,slate-trout-grist-wrist-frist,5,False,True
frita,slate-carny-abius-frita,4,False,True
frite,slate-turbo-write-frite,4,False,True
frith,slate-irony-fritz-frith,4,False,True
frits,slate-grimy-brits-afanc-frits,5,False,True
fritt,slate-irony-fritz-frith-fritt,5,False,True
fritz,slate-irony-fritz,3,True,True
frize,slate-groin-dumps-bribe-frize,5,False,True
frizz,slate-crony-amigo-frizz,4,True,True
frock,slate-crony-frock,3,True,True
froes,slate-roses-ogres-froes,4,False,True
frogs,slate-mochi-gross-frogs,4,True,True
fromm,slate-crony-dumbo-groom-fromm,5,False,True
frond,slate-crony-adapt-frond,4,True,True
frons,slate-mochi-gross-abide-props-advew-frons,7,False,False
front,slate-rhino-front,3,True,True
froom,slate-crony-dumbo-groom-vroom-froom,6,False,True
frore,slate-groin-baldy-froze-frore,5,False,True
frorn,slate-crony-gibed-frown-frorn,5,False,True
frory,slate-crony-proxy-advew-frory,5,False,True
frosh,slate-mochi-frosh,3,True,True
frost,slate-trout-frost,3,True,True
froth,slate-irony-batty-froth,4,True,True
frown,slate-crony-gibed-frown,4,True,True
frows,slate-mochi-gross-abide-props-advew-frows,7,False,False
frowy,slate-crony-proxy-advew-frowy,5,False,True
froyo,slate-crony-froyo,3,False,True
froze,slate-groin-baldy-froze,4,True,True
frugs,slate-mochi-gunky-drugs-frugs,5,False,True
fruit,slate-rhino-fruit,3,True,True
frump,slate-crony-amigo-frump,4,True,True
frush,slate-mochi-arses-brush-frush,5,False,True
frust,slate-trout-crust-brust-frust,5,False,True
fryer,slate-diner-whomp-fryer,4,True,True
fubar,slate-corny-rabid-umbra-fubar,5,False,True
fubby,slate-crony-dumps-befog-fubby,5,False,True
fubsy,slate-mochi-gunky-fussy-fubsy,5,False,True
fucks,slate-mochi-abide-fucks,4,True,True
fucus,slate-mochi-abide-fucks-fucus,5,False,True
fuddy,slate-crony-dumps-banjo-fudgy-fuddy,6,False,True
fudge,slate-groin-awful-fudge,4,True,True
fudgy,slate-crony-dumps-banjo-fudgy,5,True,True
fuels,slate-oiler-depth-fuels,4,True,True
fuero,slate-diner-myrrh-exurb-fuero,5,False,True
fuffs,slate-mochi-gunky-abhor-puffs-adawn-fuffs,7,False,False
fuffy,slate-crony-dumps-befog-huffy-fuffy,6,False,True
fugal,slate-colin-grump-fugal,4,True,True
fuggy,slate-crony-dumps-befog-fuggy,5,False,True
fugie,slate-groin-aevum-fugie,4,False,True
fugio,slate-crony-bipod-fugio,4,False,True
fugis,slate-mochi-kirby-using-fugis,5,False,True
fugle,slate-bingo-aeger-fugle,4,False,True
fugly,slate-dilly-bowed-curly-fugly,5,False,True
fugue,slate-groin-awful-fugue,4,True,True
fugus,slate-mochi-gunky-aargh-fugus,5,False,True
fujis,slate-mochi-kirby-using-fujis,5,False,True
fulla,slate-colin-madly-bulla-fulla,5,False,True
fulls,slate-lucid-bebop-gulls-hulls-enmew-fulls,7,False,False
fully,slate-dilly-laugh-aback-fully,5,True,True
fulth,slate-achoo-filth-fulth,4,False,True
fulwa,slate-colin-madly-gulag-advew-fulwa,6,False,True
fumed,slate-diner-moped-embed-fumed,5,True,True
fumer,slate-diner-whomp-ember-fumer,5,False,True
fumes,slate-roses-denim-fumes,4,True,True
fumet,slate-titer-amigo-unmet-fumet,5,False,True
funda,slate-corny-denim-panda-funda,5,False,True
fundi,slate-crony-unhip-fungi-fundi,5,False,True
fundo,slate-crony-bough-union-fundo,5,False,True
funds,slate-mochi-gunky-funds,4,True,True
fundy,slate-crony-pudge-bundy-fundy,5,False,True
fungi,slate-crony-unhip-fungi,4,True,True
fungo,slate-crony-bough-fungo,4,True,True
fungs,slate-mochi-gunky-abord-fungs,5,False,True
funic,slate-crony-blimp-winch-funic,5,False,True
funis,slate-mochi-kirby-using-funis,5,False,True
funks,slate-mochi-gunky-banjo-punks-afald-funks,7,False,False
funky,slate-crony-pudge-chafe-funky,5,True,True
funny,slate-crony-bicep-funny,4,True,True
funsy,slate-mochi-gunky-funsy,4,False,True
funts,slate-grimy-bronc-hunts-adapt-funts,6,False,True
fural,slate-colin-grump-aural-rural-abjad-fural,7,False,False
furan,slate-corny-quran-buran-furan,5,False,True
furca,slate-corny-balmy-acrid-furca,5,False,True
furls,slate-lucid-bebop-gulls-fanum-furls,6,False,True
furol,slate-dilly-whang-cromb-furol,5,False,True
furor,slate-crony-furry-furor,4,True,True
furos,slate-mochi-gross-derpy-furos,5,False,True
furrs,slate-mochi-gunky-abhor-purrs-durrs-furrs,7,False,False
furry,slate-crony-midge-furry,4,True,True
furth,slate-irony-furth,3,False,True
furze,slate-groin-curvy-puree-akara-furze,6,False,True
furzy,slate-crony-midge-furry-furzy,5,False,True
fused,slate-roses-album-fused,4,True,True
fusee,slate-group-unsee-fusee,4,False,True
fusel,slate-oiler-mungy-abacs-fusel,5,False,True
fuses,slate-roses-album-fuses,4,True,True
fusil,slate-lucid-fusil,3,False,True
fusks,slate-mochi-gunky-abord-fusks,5,False,True
fussy,slate-mochi-gunky-fussy,4,True,True
fusts,slate-grimy-bronc-tufts-fusts,5,False,True
fusty,slate-grimy-abide-fusty,4,True,True
futon,slate-rhino-donut-futon,4,True,True
fuzed,slate-diner-moped-beech-juked-fuzed,6,False,True
fuzee,slate-groin-decaf-buffe-fuzee,5,False,True
fuzes,slate-roses-denim-cubes-kopje-fuzes,6,False,True
fuzil,slate-dilly-acorn-pupil-fuzil,5,False,True
fuzzy,slate-crony-dumps-befog-fuzzy,5,True,True
fyces,slate-roses-denim-cubes-eches-fyces,6,False,True
fyked,slate-diner-moped-beech-juked-fyked,6,False,True
fykes,slate-roses-denim-cubes-glyph-fykes,6,False,True
fyles,slate-oiler-mules-whyda-fyles,5,False,True
fyrds,slate-mochi-gunky-fyrds,4,False,True
fytte,slate-turbo-white-bandy-fytte,5,False,True
gabba,slate-corny-mamba-dabba-gabba,5,False,True
gabby,slate-corny-gaped-aback-gabby,5,True,True
gable,slate-anglo-gable,3,True,True
gaddi,slate-corny-mamba-haiku-vapid-gaddi,6,False,True
gades,slate-wiper-casks-gamed-gades,5,False,True
gadge,slate-garbo-abuzz-gaffe-abjad-gadge,6,False,True
gadgy,slate-corny-gaped-gaudy-gadgy,5,False,True
gadid,slate-corny-mamba-haiku-vapid-gadid,6,False,True
gadis,slate-oasis-mavis-nazis-darga-gadis,6,False,True
gadje,slate-garbo-abuzz-gaffe-abjad-gadje,6,False,True
gadjo,slate-corny-dumbo-abide-gadjo,5,False,True
gadso,slate-oasis-acing-gadso,4,False,True
gaffe,slate-garbo-abuzz-gaffe,4,True,True
gaffs,slate-oasis-brink-apace-degum-gaffs,6,False,True
gaged,slate-raced-funky-wedge-amped-gazed-gaged,7,False,False
gager,slate-raced-pygmy-eager-wager-gager,6,False,True
gages,slate-wiper-casks-gamed-gazes-gages,6,False,True
gaids,slate-oasis-padre-maids-eking-gaids,6,False,True
gaily,slate-colin-derby-gaily,4,True,True
gains,slate-oasis-padre-gains,4,True,True
gairs,slate-oasis-padre-fairs-hairs-advew-gairs,7,False,False
gaita,slate-carny-faith-gaita,4,False,True
gaits,slate-nymph-farce-abide-waits-gaits,6,False,True
gaitt,slate-carny-faith-gaita-gaitt,5,False,True
gajos,slate-oasis-nymph-dagga-gajos,5,False,True
galah,slate-colin-madly-halal-galah,5,False,True
galas,slate-basis-mulch-fowls-gnapi-galas,6,False,True
galax,slate-colin-madly-halal-frump-galax,6,False,True
galea,slate-rangy-bagel-galea,4,False,True
galed,slate-rangy-bagel-galea-galed,5,False,True
gales,slate-lambs-graph-gales,4,True,True
galia,slate-colin-valid-malik-aalii-galia,6,False,True
galis,slate-basis-prick-advew-galis,5,False,True
galls,slate-basis-mulch-fowls-galls,5,True,True
gally,slate-colin-madly-bower-pally-gally,6,False,True
galop,slate-colin-aglow-galop,4,False,True
galut,slate-taint-fault-balut-galut,5,False,True
galvo,slate-colin-aglow-galvo,4,False,True
gamas,slate-oasis-brink-apace-mamas-gamas,6,False,True
gamay,slate-corny-gaped-aback-gamay,5,False,True
gamba,slate-corny-mamba-gamba,4,False,True
gambe,slate-garbo-gambe,3,False,True
gambo,slate-corny-dumbo-mambo-agaze-gambo,6,False,True
gambs,slate-oasis-brink-rugby-gambs,5,False,True
gamed,slate-raced-funky-wedge-amped-gamed,6,True,True
gamer,slate-raced-pygmy-gamer,4,True,True
games,slate-wiper-casks-gamed-games,5,True,True
gamey,slate-raced-homed-gamey,4,True,True
gamic,slate-corny-acrid-magic-gamic,5,False,True
gamin,slate-corny-denim-gamin,4,False,True
gamma,slate-corny-mamba-gamma,4,True,True
gamme,slate-garbo-abuzz-gaffe-abjad-gamme,6,False,True
gammy,slate-corny-gaped-aback-gauzy-gammy,6,False,True
gamps,slate-oasis-brink-apace-vamps-damps-gamps,7,False,False
gamut,slate-tarot-dough-gamut,4,True,True
ganch,slate-corny-admit-uncap-ganch,5,False,True
gandy,slate-corny-dough-gandy,4,False,True
ganef,slate-raced-homed-waxen-ganef,5,False,True
ganev,slate-raced-homed-waxen-ganef-ganev,6,False,True
gangs,slate-oasis-brink-glyph-gangs,5,True,True
ganja,slate-corny-denim-ganja,4,True,True
ganks,slate-oasis-brink-hanks-yanks-opgaf-ganks,7,False,False
ganof,slate-corny-badge-wagon-ganof,5,False,True
gants,slate-nymph-abhor-wants-cadge-gants,6,False,True
gaols,slate-basis-mulch-acing-gaols,5,False,True
gaped,slate-raced-funky-wedge-amped-gaped,6,True,True
gaper,slate-raced-pygmy-gaper,4,False,True
gapes,slate-wiper-aspen-capes-jugum-gapes,6,False,True
gapos,slate-oasis-nymph-abcee-gapos,5,False,True
gappy,slate-corny-gaped-gappy,4,False,True
garam,slate-corny-fluke-parma-aargh-garam,6,False,True
garba,slate-corny-fluke-parma-gived-garba,6,False,True
garbe,slate-garbo-garbe,3,False,True
garbo,slate-corny-abide-garbo,4,True,True
garbs,slate-oasis-brink-carbs-adage-garbs,6,False,True
garda,slate-corny-fluke-parma-gived-garda,6,False,True
garde,slate-garbo-garde,3,True,True
gares,slate-wiper-march-dares-fares-abeng-gares,7,False,False
garis,slate-oasis-mavis-nazis-darga-garis,6,False,True
garms,slate-oasis-brink-whims-farms-agape-garms,7,False,False
garni,slate-corny-varna-garni,4,False,True
garre,slate-garbo-garde-garre,4,False,True
garri,slate-corny-fluke-parma-abord-garri,6,False,True
garth,slate-carny-garth,3,True,True
garum,slate-corny-fluke-padam-garum,5,False,True
gases,slate-wiper-casks-beget-gases,5,True,True
gashy,slate-oasis-adapt-washy-agama-gashy,6,False,True
gasps,slate-oasis-gecko-gasps,4,True,True
gaspy,slate-oasis-adapt-raspy-aglow-gaspy,6,False,True
gassy,slate-oasis-gassy,3,True,True
gasts,slate-nymph-farce-abide-watts-bogue-gasts,7,False,False
gatch,slate-tarot-whomp-bocce-hatch-gatch,6,False,True
gated,slate-treed-amigo-gated,4,True,True
gater,slate-treed-watch-rater-mater-adopt-gater,7,False,False
gates,slate-dater-batch-amigo-gates,5,True,True
gaths,slate-antsy-bebop-maths-aargh-gaths,6,False,True
gator,slate-tarot-gator,3,True,True
gauch,slate-corny-acrid-macaw-agave-gauch,6,False,True
gaucy,slate-corny-awash-jacky-gaucy,5,False,True
gauds,slate-oasis-brink-apace-degum-gauds,6,False,True
gaudy,slate-corny-gaped-gaudy,4,True,True
gauge,slate-garbo-abuzz-gauge,4,True,True
gauje,slate-garbo-abuzz-gauge-gauje,5,False,True
gault,slate-taint-fault-vault-aahed-gault,6,False,True
gaums,slate-oasis-brink-apace-degum-gaums,6,False,True
gaumy,slate-corny-gaped-aback-gauzy-gaumy,6,False,True
gaunt,slate-tarot-dough-gaunt,4,True,True
gaups,slate-oasis-brink-apace-vamps-guppy-gaups,7,False,False
gaurs,slate-oasis-brink-whims-cards-ajuga-gaurs,7,False,False
gauss,slate-oasis-gauss,3,True,True
gauze,slate-garbo-abuzz-gauze,4,True,True
gauzy,slate-corny-gaped-aback-gauzy,5,True,True
gavel,slate-rangy-bagel-gavel,4,True,True
gavot,slate-tarot-gamic-gavot,4,False,True
gawcy,slate-corny-awash-wacky-gawcy,5,False,True
gawds,slate-oasis-brink-apace-degum-gawds,6,False,True
gawks,slate-oasis-brink-champ-kawau-dawks-gawks,7,False,False
gawky,slate-corny-gaped-aback-gawky,5,True,True
gawps,slate-oasis-brink-apace-vamps-guppy-gawps,7,False,False
gawsy,slate-oasis-admin-harsh-abaca-gawsy,6,False,True
gayal,slate-colin-grump-gayly-gayal,5,False,True
gayer,slate-raced-pygmy-gayer,4,True,True
gayly,slate-colin-grump-gayly,4,True,True
gazal,slate-colin-grump-gayly-gazal,5,False,True
gazar,slate-corny-rabid-gazar,4,False,True
gazed,slate-raced-funky-wedge-amped-gazed,6,True,True
gazer,slate-raced-pygmy-gazer,4,True,True
gazes,slate-wiper-casks-gamed-gazes,5,True,True
gazon,slate-corny-badge-wagon-gazon,5,False,True
gazoo,slate-corny-dumbo-kazoo-wazoo-gazoo,6,False,True
geals,slate-ahold-meals-reals-abeng-geals,6,False,True
geans,slate-rebid-bumps-jeans-agamy-geans,6,False,True
geare,slate-prick-aware-deare-abmho-feare-geare,7,False,False
gears,slate-rebid-glyph-gears,4,True,True
geasa,slate-rebid-bumps-geasa,4,False,True
geats,slate-thumb-feats-aping-geats,5,False,True
gebur,slate-diner-achoo-femur-gebur,5,False,True
gecko,slate-diner-whomp-gecko,4,True,True
gecks,slate-roses-punch-becks-decks-afoam-gecks,7,False,False
geeks,slate-roses-punch-defog-geeks,5,True,True
geeky,slate-diner-whomp-beefy-geeky,5,True,True
geeps,slate-roses-punch-aback-jeeps-weeps-degum-geeps,8,False,False
geese,slate-group-geese,3,True,True
geest,slate-hurst-exist-adown-geest,5,False,True
geist,slate-hurst-exist-deist-abeng-geist,6,False,True
geits,slate-trips-admin-exits-geits,5,False,True
gelds,slate-oiler-psych-bells-dawgs-gelds,6,False,True
gelee,slate-bingo-aeger-gelee,4,False,True
gelid,slate-oiler-helix-flack-gelid,5,False,True
gelly,slate-oiler-janky-belly-ached-aflow-gelly,7,False,False
gelts,slate-balmy-pelts-swack-adage-gelts,6,False,True
gemel,slate-oiler-leech-above-jewel-gemel,6,False,True
gemma,slate-raced-venom-gemma,4,True,True
gemmy,slate-diner-whomp-jemmy-femmy-gemmy,6,False,True
gemot,slate-titer-bacon-depot-gemot,5,False,True
genae,slate-garbo-genae,3,False,True
genal,slate-rangy-genal,3,False,True
genas,slate-wiper-bands-genas,4,False,True
genes,slate-roses-denim-genes,4,True,True
genet,slate-titer-amigo-beget-genet,5,False,True
genic,slate-diner-ennui-cagot-genic,5,False,True
genie,slate-groin-genie,3,True,True
genii,slate-diner-ennui-benji-genii,5,False,True
genin,slate-diner-ennui-genin,4,False,True
genio,slate-diner-ennui-cagot-genio,5,False,True
genip,slate-diner-ennui-cagot-genip,5,False,True
genny,slate-diner-bumpy-henny-gowfs-genny,6,False,True
genoa,slate-raced-venom-genoa,4,True,True
genom,slate-diner-bumpy-venom-genom,5,False,True
genre,slate-groin-genre,3,True,True
genro,slate-diner-genro,3,False,True
gents,slate-trips-vined-cents-gents,5,True,True
genty,slate-pinch-bento-genty,4,False,True
genua,slate-raced-venom-henna-aargh-genua,6,False,True
genus,slate-roses-punch-genus,4,True,True
geode,slate-groin-geode,3,True,True
geoid,slate-diner-medic-geoid,4,False,True
gerah,slate-raced-blown-freak-aargh-gerah,6,False,True
gerbe,slate-groin-gerbe,3,False,True
geres,slate-roses-ficus-heres-peres-badam-geres,7,False,False
gerle,slate-bingo-aeger-gerle,4,False,True
germs,slate-roses-being-germs,4,True,True
germy,slate-diner-myrrh-germy,4,True,True
gerne,slate-groin-genre-gerne,4,False,True
gesse,slate-group-geese-gesse,4,False,True
gesso,slate-roses-gesso,3,False,True
geste,slate-piste-begum-geste,4,False,True
gests,slate-trips-vined-beets-fishy-gawks-gests,7,False,False
getas,slate-dater-abeng-getas,4,False,True
getup,slate-titer-abhor-getup,4,True,True
geums,slate-roses-punch-feuds-agama-geums,6,False,True
geyan,slate-raced-venom-began-geyan,5,False,True
geyer,slate-diner-whomp-fryer-buyer-geyer,6,False,True
ghast,slate-bronc-avast-ghast,4,False,True
ghats,slate-combe-whats-ghats,4,False,True
ghaut,slate-grunt-ghaut,3,False,True
ghazi,slate-churn-khaki-bhaji-ghazi,5,False,True
ghees,slate-roses-denim-cubes-glyph-ghees,6,False,True
ghest,slate-hurst-chest-ghest,4,False,True
ghost,slate-trout-boost-ghost,4,True,True
ghoul,slate-dilly-whang-ghoul,4,True,True
ghusl,slate-lucid-bolus-ghusl,4,False,True
ghyll,slate-dilly-ghyll,3,False,True
giant,slate-grunt-giant,3,True,True
gibed,slate-diner-biped-gibed,4,True,True
gibel,slate-oiler-lanky-pixel-abamp-gibel,6,False,True
giber,slate-diner-phlox-befog-giber,5,False,True
gibes,slate-roses-denim-vichy-kappa-fixes-begob-gibes,8,False,False
gibli,slate-dilly-gibli,3,False,True
gibus,slate-mochi-kirby-binds-gibus,5,False,True
giddy,slate-crony-dumps-aback-giddy,5,True,True
gifts,slate-grimy-gifts,3,True,True
gigas,slate-oasis-aback-minas-diver-gigas,6,False,True
gighe,slate-groin-guide-gimme-gighe,5,False,True
gigot,slate-rhino-oomph-bigot-gigot,5,False,True
gigue,slate-groin-guide-gigue,4,False,True
gilas,slate-basis-pring-gilas,4,False,True
gilds,slate-lucid-idols-wilds-gilds,5,False,True
gilet,slate-enter-abbot-filet-gilet,5,False,True
gilia,slate-colin-valid-adsum-gilia,5,False,True
gills,slate-lucid-morph-befog-gills,5,True,True
gilly,slate-dilly-wharf-album-gilly,5,True,True
gilpy,slate-dilly-milky-aargh-gilpy,5,False,True
gilts,slate-bolus-hilts-tilts-gawks-gilts,6,False,True
gimel,slate-oiler-lanky-pixel-abamp-gimel,6,False,True
gimme,slate-groin-guide-gimme,4,True,True
gimps,slate-mochi-dippy-wimps-gimps,5,False,True
gimpy,slate-crony-dumps-wimpy-gimpy,5,False,True
ginch,slate-crony-blimp-winch-finch-ginch,6,False,True
ginga,slate-corny-denim-ninja-aapas-ginga,6,False,True
ginge,slate-groin-ginge,3,False,True
gings,slate-mochi-kirby-waged-pings-gadje-gings,7,False,False
ginks,slate-mochi-kirby-jawed-pinks-finks-ginks,7,False,False
ginny,slate-crony-bicep-agave-ginny,5,True,True
ginzo,slate-crony-bough-aboon-ginzo,5,False,True
gipon,slate-crony-bough-aboon-gipon,5,False,True
gippo,slate-crony-bipod-hippo-gippo,5,False,True
gippy,slate-crony-dumps-zippy-hippy-pygmy-gippy,7,False,False
gipsy,slate-mochi-kirby-wispy-gipsy,5,True,True
girds,slate-mochi-kirby-virus-aping-girds,6,False,True
girlf,slate-dilly-gibli-girlf,4,False,True
girls,slate-lucid-morph-girls,4,True,True
girly,slate-dilly-girly,3,True,True
girns,slate-mochi-kirby-virus-aping-girns,6,False,True
giron,slate-crony-demon-boron-giron,5,False,True
giros,slate-mochi-arses-aband-giros,5,False,True
girrs,slate-mochi-kirby-virus-aping-girds-girrs,7,False,False
girsh,slate-mochi-brisk-girsh,4,False,True
girth,slate-irony-befog-girth,4,True,True
girts,slate-grimy-girts,3,False,True
gismo,slate-mochi-adios-gismo,4,False,True
gisms,slate-mochi-dippy-firms-gisms,5,False,True
gists,slate-grimy-gifts-gists,4,False,True
gitch,slate-rhino-witty-hoped-fitch-mitch-bitch-gitch,8,False,False
gites,slate-hurst-timon-aback-bawdy-gites,6,False,True
giust,slate-trout-agism-giust,4,False,True
gived,slate-diner-biped-hakim-fixed-advew-gived,7,False,False
given,slate-diner-given,3,True,True
giver,slate-diner-phlox-befog-giver,5,True,True
gives,slate-roses-denim-vichy-aglow-gives,6,True,True
gizmo,slate-crony-bipod-gizmo,4,True,True
glace,slate-crumb-place-glace,4,True,True
glade,slate-crumb-defog-glade,4,True,True
glads,slate-chaps-adage-glads,4,False,True
glady,slate-prick-aback-gland-glady,5,False,True
glaik,slate-prick-glaik,3,False,True
glair,slate-prick-flair-glair,4,False,True
glamp,slate-prick-glamp,3,True,True
glams,slate-chaps-adage-glass-glams,5,False,True
gland,slate-prick-aback-gland,4,True,True
glans,slate-chaps-adage-glass-glams-glans,6,False,True
glare,slate-crumb-flare-glare,4,True,True
glary,slate-prick-alarm-flary-glary,5,False,True
glass,slate-chaps-adage-glass,4,True,True
glatt,slate-bepat-glatt,3,False,True
glaum,slate-prick-aback-gland-glaum,5,False,True
glaur,slate-prick-alarm-glaur,4,False,True
glaze,slate-crumb-defog-glaze,4,True,True
glazy,slate-prick-aback-gland-glaum-glazy,6,False,True
gleam,slate-anger-gleam,3,True,True
glean,slate-anger-glean,3,True,True
gleba,slate-anger-gleam-gleba,4,False,True
glebe,slate-bipod-glebe,3,False,True
gleby,slate-freed-pubic-gleby,4,False,True
glede,slate-bipod-elude-glede,4,False,True
gleds,slate-plebe-flesh-goyim-gleds,5,False,True
gleed,slate-freed-bleed-gleed,4,False,True
gleek,slate-freed-bleep-cleek-gleek,5,False,True
glees,slate-plebe-flees-glees,4,False,True
gleet,slate-aback-fleet-eleet-gleet,5,False,True
gleis,slate-plebe-flesh-goyim-gleis,5,False,True
glens,slate-plebe-flesh-goyim-gleds-glens,6,False,True
glent,slate-aback-fleet-glent,4,False,True
gleys,slate-plebe-flesh-goyim-gleys,5,False,True
glial,slate-agora-glial,3,False,True
glias,slate-alias-glias,3,False,True
glibs,slate-flops-bliss-glibs,4,False,True
glide,slate-bipod-glide,3,True,True
gliff,slate-bucko-fling-gliff,4,False,True
glift,slate-flung-glift,3,False,True
glike,slate-bipod-clime-glike,4,False,True
glime,slate-bipod-clime-glime,4,False,True
glims,slate-flops-bliss-abysm-glims,5,False,True
glint,slate-flung-glint,3,True,True
glisk,slate-flops-blush-glisk,4,False,True
glits,slate-aback-plots-acing-glits,5,False,True
glitz,slate-aboil-glitz,3,True,True
gloam,slate-agora-gloam,3,True,True
gloat,slate-begat-gloat,3,True,True
globe,slate-bipod-globe,3,True,True
globi,slate-bucko-abrim-globi,4,False,True
globs,slate-flops-gawky-gloss-globs,5,False,True
globy,slate-bucko-abrim-globy,4,False,True
glode,slate-bipod-glode,3,False,True
glogg,slate-bucko-angry-gloom-glogg,5,False,True
gloms,slate-flops-gawky-gloss-globs-gloms,6,False,True
gloom,slate-bucko-angry-gloom,4,True,True
gloop,slate-bucko-angry-gloom-gloop,5,True,True
glops,slate-flops-acing-glops,4,False,True
glory,slate-bucko-angry-glory,4,True,True
gloss,slate-flops-gawky-gloss,4,True,True
glost,slate-blist-glost,3,False,True
glout,slate-flung-glout,3,False,True
glove,slate-bipod-acing-glove,4,True,True
glows,slate-flops-gawky-glows,4,True,True
glowy,slate-bucko-angry-glowy,4,True,True
gloze,slate-bipod-acing-glove-gloze,5,False,True
glued,slate-freed-acids-glued,4,True,True
gluer,slate-freed-abide-ulcer-gluer,5,False,True
glues,slate-plebe-clues-flues-glues,5,False,True
gluey,slate-freed-gluey,3,True,True
glugg,slate-bucko-admin-fluff-glugg,5,False,True
glugs,slate-flops-bliss-glugs,4,False,True
glume,slate-bipod-aback-flume-glume,5,False,True
glums,slate-flops-bliss-glugs-glums,5,False,True
gluon,slate-bucko-flour-gluon,4,False,True
glute,slate-acing-glute,3,True,True
gluts,slate-aback-plots-acing-gluts,5,False,True
glyph,slate-bucko-fling-glyph,4,True,True
gnapi,slate-churn-piano-gnapi,4,False,True
gnarl,slate-corgi-gnarl,3,True,True
gnarr,slate-churn-acing-gnarr,4,False,True
gnars,slate-curbs-dowse-agony-gnars,5,False,True
gnash,slate-curbs-awash-gnash,4,True,True
gnats,slate-combe-whats-ridgy-gnats,5,False,True
gnawn,slate-churn-again-gnawn,4,False,True
gnaws,slate-curbs-acing-gnaws,4,False,True
gnome,slate-groin-gnome,3,True,True
gnows,slate-mochi-gross-gnows,4,False,True
goads,slate-curbs-acing-adeem-goads,5,False,True
goafs,slate-curbs-acing-adeem-goafs,5,False,True
goaft,slate-grunt-goaft,3,False,True
goals,slate-doing-goals,3,True,True
goary,slate-churn-abide-ovary-goary,5,False,True
goats,slate-combe-goats,3,True,True
goaty,slate-aback-wrath-goaty,4,False,True
goave,slate-prick-mewed-agave-goave,5,False,True
goban,slate-corny-aimed-hogan-goban,5,False,True
gobar,slate-corny-moira-abjud-gobar,5,False,True
gobbe,slate-groin-gouge-gobbe,4,False,True
gobbi,slate-crony-bipod-agaze-gobbi,5,False,True
gobbo,slate-crony-bipod-gamma-gobbo,5,False,True
gobby,slate-crony-badge-gobby,4,False,True
gobis,slate-mochi-acids-rangy-gobis,5,False,True
gobos,slate-mochi-bundy-gazar-gobos,5,False,True
godet,slate-titer-amigo-godet,4,False,True
godly,slate-dilly-oddly-godly,4,True,True
godso,slate-mochi-bundy-doors-godso,5,False,True
goels,slate-oiler-loess-abeng-goels,5,False,True
goers,slate-roses-doers-abmho-goers,5,False,True
goest,slate-hurst-exist-adown-goest,5,False,True
goeth,slate-pinch-abbot-doeth-goeth,5,False,True
goety,slate-pinch-jetty-goety,4,False,True
gofer,slate-diner-whomp-rocky-boxer-gofer,6,True,True
goffs,slate-mochi-bundy-afore-aglow-goffs,6,False,True
gogga,slate-corny-gaped-gogga,4,False,True
gogos,slate-mochi-bundy-afore-gapos-gogos,6,False,True
goier,slate-diner-acute-brier-exier-goier,6,False,True
going,slate-crony-bodhi-going,4,True,True
gojis,slate-mochi-acids-rangy-gobis-gojis,6,False,True
gokes,slate-roses-munch-biped-afoot-jokes-gokes,7,False,False
golds,slate-lucid-defog-golds,4,True,True
goldy,slate-dilly-moldy-goldy,4,False,True
golem,slate-oiler-ditch-golem,4,True,True
goles,slate-oiler-camps-holes-aband-agave-goles,7,False,False
golfs,slate-lucid-frown-golfs,4,False,True
golly,slate-dilly-laugh-golly,4,True,True
golpe,slate-bingo-acyls-golpe,4,False,True
golps,slate-lucid-frown-polls-golps,5,False,True
gombo,slate-crony-bipod-gamma-gumbo-gombo,6,False,True
gomer,slate-diner-whomp-acing-gomer,5,True,True
gompa,slate-corny-gaped-gompa,4,False,True
gonad,slate-corny-aimed-gonad,4,True,True
gonch,slate-crony-ionic-gonch,4,False,True
gonef,slate-diner-abash-money-conex-gonef,6,False,True
goner,slate-diner-aglow-goner,4,True,True
gongs,slate-mochi-bundy-gongs,4,True,True
gonia,slate-corny-aimed-gonia,4,False,True
gonif,slate-crony-bough-gonzo-gonif,5,False,True
gonks,slate-mochi-bundy-gongs-gonks,5,False,True
gonna,slate-corny-gonna,3,True,True
gonof,slate-crony-bough-gonzo-gonof,5,False,True
gonys,slate-mochi-bundy-gonys,4,False,True
gonzo,slate-crony-bough-gonzo,4,True,True
gooby,slate-crony-dough-goofy-goopy-aback-gooby,7,False,False
goodo,slate-crony-adios-duomo-goodo,5,False,True
goods,slate-mochi-bundy-dwarf-goods,5,True,True
goody,slate-crony-dough-goody,4,True,True
gooey,slate-diner-chomp-gooey,4,True,True
goofs,slate-mochi-bundy-afore-agape-goofs,6,False,True
goofy,slate-crony-dough-goofy,4,True,True
googs,slate-mochi-bundy-afore-poops-ajuga-googs,7,False,False
gooks,slate-mochi-bundy-afore-poops-ajuga-gooks,7,False,False
gooky,slate-crony-dough-goofy-goopy-aback-gooky,7,False,False
goold,slate-dilly-amuck-world-goold,5,False,True
gools,slate-lucid-frown-pools-abamp-gools,6,False,True
gooly,slate-dilly-bowed-coyly-chomp-gooly,6,False,True
goomy,slate-crony-dough-goofy-goopy-aback-goomy,7,False,False
goons,slate-mochi-bundy-aglow-goons,5,True,True
goony,slate-crony-phony-moony-goony,5,False,True
goops,slate-mochi-bundy-afore-poops-goops,6,False,True
goopy,slate-crony-dough-goofy-goopy,5,True,True
goors,slate-mochi-bundy-afore-goors,5,False,True
goory,slate-crony-ivory-goory,4,False,True
goose,slate-group-goose,3,True,True
goosy,slate-mochi-bundy-apoop-goosy,5,False,True
gopak,slate-corny-gaped-gopak,4,False,True
gopik,slate-crony-bipod-gopik,4,False,True
goral,slate-colin-amour-royal-baghs-goral,6,False,True
goras,slate-oasis-comas-henry-aback-goras,6,False,True
goray,slate-corny-foray-moray-goray,5,False,True
gorbs,slate-mochi-bundy-gazar-gorbs,5,False,True
gordo,slate-crony-furry-morph-borgo-gordo,6,False,True
gored,slate-diner-befog-gored,4,True,True
gores,slate-roses-aback-pores-fudgy-gores,6,False,True
gorge,slate-groin-gorge,3,True,True
goris,slate-mochi-acids-rangy-goris,5,False,True
gorms,slate-mochi-words-forms-norms-borms-gorms,7,False,False
gormy,slate-crony-dowry-porky-aargh-gormy,6,False,True
gorps,slate-mochi-bundy-afore-works-gorps,6,False,True
gorse,slate-group-gorse,3,True,True
gorsy,slate-mochi-bundy-apoop-gorsy,5,False,True
gosht,slate-trout-champ-hoist-gosht,5,False,True
gosse,slate-group-gosse,3,False,True
gotch,slate-rhino-acute-botch-gopak-gotch,6,False,True
goths,slate-trout-goths,3,True,True
gothy,slate-rhino-acute-abamp-gothy,5,False,True
gotta,slate-carny-boobs-gotta,4,True,True
gouch,slate-crony-bicep-vouch-gouch,5,False,True
gouge,slate-groin-gouge,3,True,True
gouks,slate-mochi-bundy-fours-ajuga-gouks,6,False,True
goura,slate-corny-moira-aduki-goura,5,False,True
gourd,slate-crony-furry-gourd,4,True,True
gouts,slate-grimy-gusto-gouts,4,False,True
gouty,slate-irony-acted-pouty-gouty,5,False,True
goved,slate-diner-moped-oxbow-badly-joked-chava-goved,8,False,False
goves,slate-roses-munch-biped-afoot-jokes-advew-goves,8,False,False
gowan,slate-corny-aimed-hogan-goban-gowan,6,False,True
gowds,slate-mochi-bundy-dwarf-woods-gowds,6,False,True
gowfs,slate-mochi-bundy-afore-aglow-gowfs,6,False,True
gowks,slate-mochi-bundy-afore-gapos-gowks,6,False,True
gowls,slate-lucid-frown-bowls-howls-agamy-gowls,7,False,False
gowns,slate-mochi-bundy-aglow-gowns,5,True,True
goxes,slate-roses-munch-biped-afoot-jokes-advew-goxes,8,False,False
goyim,slate-crony-yoppo-goyim,4,False,True
goyle,slate-bingo-acyls-goyle,4,False,True
graal,slate-corgi-gnarl-graal,4,False,True
grabs,slate-curbs-grabs,3,True,True
grace,slate-prick-brace-grace,4,True,True
grade,slate-prick-agave-grade,4,True,True
grads,slate-curbs-dowse-grads,4,True,True
graff,slate-churn-abode-gravy-abamp-graff,6,False,True
graft,slate-grunt-graft,3,True,True
grail,slate-corgi-grail,3,True,True
grain,slate-churn-abide-grain,4,True,True
graip,slate-churn-abode-gravy-abamp-graip,6,False,True
grama,slate-churn-abode-gravy-abamp-grama,6,False,True
grame,slate-prick-agave-grade-graze-grame,6,False,True
gramp,slate-churn-abode-gravy-abamp-gramp,6,False,True
grams,slate-curbs-dowse-agony-grams,5,True,True
grana,slate-churn-biped-frank-alamo-grana,6,False,True
grand,slate-churn-biped-grand,4,True,True
grano,slate-churn-biped-frank-alamo-grano,6,False,True
grans,slate-curbs-dowse-agony-grans,5,False,True
grant,slate-grunt-grant,3,True,True
grape,slate-prick-drape-grape,4,True,True
graph,slate-churn-graph,3,True,True
grapy,slate-churn-abode-gravy-grapy,5,False,True
grasp,slate-curbs-grasp,3,True,True
grass,slate-curbs-dowse-grass,4,True,True
grata,slate-aback-grata,3,True,True
grate,slate-corgi-grate,3,True,True
grats,slate-combe-whats-ridgy-grats,5,False,True
grave,slate-prick-agave-grave,4,True,True
gravs,slate-curbs-dowse-agony-grams-gravs,6,False,True
gravy,slate-churn-abode-gravy,4,True,True
grays,slate-curbs-dowse-agony-grays,5,True,True
graze,slate-prick-agave-grade-graze,5,True,True
great,slate-treed-great,3,True,True
grebe,slate-groin-ducky-above-grebe,5,False,True
grebo,slate-diner-myrrh-wreck-abamp-grebo,6,False,True
grece,slate-groin-ducky-grece,4,False,True
greed,slate-diner-befog-greed,4,True,True
greek,slate-diner-creek-greek,4,False,True
green,slate-diner-agape-green,4,True,True
grees,slate-roses-ficus-heres-aband-grees,6,False,True
greet,slate-titer-aerie-greet,4,True,True
grege,slate-groin-ducky-above-grege,5,False,True
grego,slate-diner-myrrh-wreck-abamp-grego,6,False,True
grein,slate-diner-reign-grein,4,False,True
grens,slate-roses-being-grens,4,False,True
greps,slate-roses-being-dregs-alway-greps,6,False,True
grese,slate-group-grese,3,False,True
greve,slate-groin-ducky-above-greve,5,False,True
grews,slate-roses-being-dregs-alway-grews,6,False,True
greys,slate-roses-being-dregs-alway-greys,6,False,True
grice,slate-groin-grime-gripe-caked-grice,6,False,True
gride,slate-groin-grime-gripe-caked-gride,6,False,True
grids,slate-mochi-kirby-bundt-grids,5,True,True
grief,slate-diner-brief-grief,4,True,True
griff,slate-crony-amigo-griff,4,True,True
grift,slate-rhino-ached-grift,4,True,True
grigs,slate-mochi-kirby-bundt-grips-grigs,6,False,True
grike,slate-groin-grime-gripe-caked-grike,6,False,True
grill,slate-dilly-gruff-grill,4,True,True
grime,slate-groin-grime,3,True,True
grimy,slate-crony-grimy,3,True,True
grind,slate-crony-being-grind,4,True,True
grins,slate-mochi-kirby-bundt-grins,5,True,True
griot,slate-rhino-griot,3,False,True
gripe,slate-groin-grime-gripe,4,True,True
grips,slate-mochi-kirby-bundt-grips,5,True,True
gript,slate-rhino-ached-grift-gript,5,False,True
gripy,slate-crony-grimy-gripy,4,False,True
grise,slate-group-grese-grise,4,False,True
grist,slate-trout-grist,3,True,True
grisy,slate-mochi-kirby-grisy,4,False,True
grith,slate-irony-fritz-britt-crith-grith,6,False,True
grits,slate-grimy-grits,3,True,True
grize,slate-groin-grime-gripe-caked-grize,6,False,True
groan,slate-corny-odour-groan,4,True,True
groat,slate-tarot-abort-groat,4,False,True
grody,slate-crony-proxy-advew-grody,5,False,True
grogs,slate-mochi-gross-grows-grogs,5,False,True
groin,slate-crony-gibed-groin,4,True,True
groks,slate-mochi-gross-grows-grogs-groks,6,False,True
groma,slate-corny-vroom-aroma-groma,5,False,True
groms,slate-mochi-orgue-groms,4,False,True
grone,slate-groin-grone,3,False,True
groof,slate-crony-dumbo-proof-groof,5,False,True
groom,slate-crony-dumbo-groom,4,True,True
grope,slate-groin-grope,3,True,True
gross,slate-mochi-gross,3,True,True
grosz,slate-mochi-gross-grosz,4,False,True
grots,slate-grimy-grots,3,False,True
grouf,slate-crony-dumbo-group-grouf,5,False,True
group,slate-crony-dumbo-group,4,True,True
grout,slate-rhino-tromp-grout,4,True,True
grove,slate-groin-grope-grove,4,True,True
grovy,slate-crony-proxy-advew-grovy,5,False,True
growl,slate-dilly-whang-growl,4,True,True
grown,slate-crony-gibed-grown,4,True,True
grows,slate-mochi-gross-grows,4,True,True
grrls,slate-lucid-frown-grrls,4,False,True
grrrl,slate-dilly-whang-mogul-grrrl,5,False,True
grubs,slate-mochi-gunky-grubs,4,True,True
grued,slate-diner-befog-greed-grued,5,False,True
gruel,slate-oiler-pubic-gruel,4,True,True
grues,slate-roses-ficus-urges-grues,5,False,True
grufe,slate-groin-ducky-grufe,4,False,True
gruff,slate-crony-amigo-gruff,4,True,True
grume,slate-groin-ducky-grufe-grume,5,False,True
grump,slate-crony-amigo-grump,4,True,True
grund,slate-crony-being-grund,4,False,True
grunt,slate-rhino-argot-grunt,4,True,True
gryce,slate-groin-ducky-gryce,4,False,True
gryde,slate-groin-ducky-gryde,4,False,True
gryke,slate-groin-ducky-gryke,4,False,True
grype,slate-groin-ducky-grype,4,False,True
grypt,slate-rhino-aback-trump-grypt,5,False,True
guaco,slate-churn-quack-guaco,4,False,True
guana,slate-churn-guano-guana,4,False,True
guano,slate-churn-guano,3,True,True
guans,slate-curbs-quads-guans,4,False,True
guard,slate-churn-guard,3,True,True
guars,slate-curbs-duars-guars,4,False,True
guava,slate-churn-acing-guava,4,True,True
gubba,slate-corny-mamba-bubba-gubba,5,False,True
gucks,slate-mochi-abide-fucks-crapy-gucks,6,False,True
gucky,slate-crony-humid-yucky-gucky,5,False,True
gudes,slate-roses-denim-edges-gudes,5,False,True
guess,slate-roses-chess-guess,4,True,True
guest,slate-hurst-guest,3,True,True
guffs,slate-mochi-gunky-gurus-guffs,5,False,True
gugas,slate-oasis-anger-gugas,4,False,True
guggl,slate-dilly-whang-mogul-guggl,5,False,True
guide,slate-groin-guide,3,True,True
guido,slate-crony-bipod-abius-guido,5,False,True
guids,slate-mochi-kirby-using-guids,5,False,True
guild,slate-dilly-aback-guild,4,True,True
guile,slate-bingo-guile,3,True,True
guilt,slate-grout-guilt,3,True,True
guimp,slate-crony-field-whizz-abamp-guimp,6,False,True
guiro,slate-crony-furry-guiro,4,False,True
guise,slate-group-guise,3,True,True
gulab,slate-colin-madly-gulag-gulab,5,False,True
gulag,slate-colin-madly-gulag,4,True,True
gular,slate-colin-madly-gulag-gulab-gular,6,False,True
gulas,slate-basis-pulmo-aargh-gulas,5,False,True
gulch,slate-dilly-argon-gulch,4,True,True
gules,slate-oiler-mules-glyph-gules,5,False,True
gulet,slate-enter-abbot-filet-culet-gulet,6,False,True
gulfs,slate-lucid-bebop-gulls-gulfs,5,False,True
gulfy,slate-dilly-block-pulpy-gulfy,5,False,True
gulls,slate-lucid-bebop-gulls,4,True,True
gully,slate-dilly-laugh-gully,4,True,True
gulph,slate-dilly-argon-gulch-gulph,5,False,True
gulps,slate-lucid-bebop-pulls-gulps,5,False,True
gulpy,slate-dilly-block-pulpy-gulpy,5,False,True
gumbo,slate-crony-bipod-gamma-gumbo,5,True,True
gumma,slate-corny-mamba-gumma,4,False,True
gummi,slate-crony-field-whizz-agrum-gummi,6,False,True
gummy,slate-crony-dumps-gayly-gummy,5,True,True
gumps,slate-mochi-bardo-jumps-pumps-abeng-gumps,7,False,False
gunas,slate-oasis-anger-gunas,4,False,True
gundi,slate-crony-unhip-fungi-gundi,5,False,True
gundy,slate-crony-pudge-gundy,4,False,True
gunge,slate-groin-gunge,3,False,True
gungy,slate-crony-pudge-abamp-gungy,5,False,True
gunks,slate-mochi-gunky-gunks,4,False,True
gunky,slate-crony-pudge-gunky,4,True,True
gunny,slate-crony-bicep-funny-adage-gunny,6,False,True
guppy,slate-crony-dumps-puppy-guppy,5,True,True
guqin,slate-crony-unhip-guqin,4,False,True
gurdy,slate-crony-midge-gurdy,4,False,True
gurge,slate-groin-gerbe-gurge,4,False,True
gurks,slate-mochi-gunky-gurks,4,False,True
gurls,slate-lucid-bebop-gulls-gurls,5,False,True
gurly,slate-dilly-bowed-curly-aargh-gurly,6,False,True
gurns,slate-mochi-gunky-gurns,4,False,True
gurry,slate-crony-midge-rugby-gurry,5,False,True
gursh,slate-mochi-arses-gursh,4,False,True
gurus,slate-mochi-gunky-gurus,4,True,True
gushy,slate-mochi-agape-gushy,4,True,True
gusla,slate-basis-gusla,3,False,True
gusle,slate-abode-pulse-gusle,4,False,True
gusli,slate-lucid-gusli,3,False,True
gussy,slate-mochi-gunky-gussy,4,True,True
gusto,slate-grimy-gusto,3,True,True
gusts,slate-grimy-gusto-gusts,4,True,True
gusty,slate-grimy-gusty,3,True,True
gutsy,slate-trout-gutsy,3,True,True
gutta,slate-carny-boobs-agita-gutta,5,False,True
gutty,slate-irony-optic-gutty,4,True,True
guyed,slate-diner-moped-beech-juked-fuzed-guyed,7,False,False
guyle,slate-bingo-aeger-guyle,4,False,True
guyot,slate-rhino-abide-tommy-guyot,5,False,True
guyse,slate-group-guise-guyse,4,False,True
gwine,slate-groin-ginge-gwine,4,False,True
gyals,slate-doing-abamp-gyals,4,False,True
gyans,slate-curbs-acing-gyans,4,False,True
gybed,slate-diner-moped-beech-gybed,5,False,True
gybes,slate-roses-denim-cubes-gybes,5,False,True
gyeld,slate-oiler-hunky-decyl-gyeld,5,False,True
gymps,slate-mochi-bardo-jumps-gymps,5,False,True
gynae,slate-garbo-genae-gynae,4,False,True
gynie,slate-groin-genie-gynie,4,False,True
gynny,slate-crony-bicep-funny-gynny,5,False,True
gynos,slate-mochi-gross-gynos,4,False,True
gyoza,slate-corny-bayou-aargh-gyoza,5,False,True
gypes,slate-roses-denim-cubes-glyph-gypes,6,False,True
gypos,slate-mochi-gross-gynos-gypos,5,False,True
gyppo,slate-crony-yoppo-gyppo,4,False,True
gyppy,slate-crony-dumps-zippy-gyppy,5,False,True
gypsy,slate-mochi-gunky-gypsy,4,True,True
gyral,slate-colin-grump-gyral,4,False,True
gyred,slate-diner-befog-greed-gyred,5,False,True
gyres,slate-roses-ficus-heres-abamp-gyres,6,False,True
gyron,slate-crony-gyron,3,False,True
gyros,slate-mochi-gross-gyros,4,False,True
gyrus,slate-mochi-gunky-gyrus,4,False,True
gytes,slate-hurst-timon-bytes-cawks-gytes,6,False,True
gyved,slate-diner-moped-beech-juked-gyved,6,False,True
gyver,slate-diner-whomp-fryer-cyber-gyver,6,False,True
gyves,slate-roses-denim-cubes-glyph-gyves,6,False,True
haafs,slate-curbs-acing-foams-haafs,5,False,True
haars,slate-curbs-dowse-agony-fraim-haars,6,False,True
haats,slate-combe-whats-haats,4,False,True
habit,slate-tarot-dough-habit,4,True,True
hable,slate-anglo-caped-fable-hable,5,False,True
habus,slate-oasis-brink-rugby-habus,5,False,True
hacek,slate-raced-affly-hacek,4,False,True
hacks,slate-oasis-brink-champ-hacks,5,True,True
hacky,slate-corny-awash-hacky,4,True,True
hadal,slate-colin-grump-badly-hadal,5,False,True
haded,slate-raced-funky-wedge-jaded-haded,6,False,True
hades,slate-wiper-casks-gamed-fades-hades,6,True,True
hadji,slate-corny-mamba-haiku-adrip-hadji,6,False,True
hadst,slate-antsy-waist-hadst,4,True,True
haems,slate-wiper-bands-haems,4,False,True
haere,slate-garbo-camps-faire-haere,5,False,True
haets,slate-chefs-haets,3,False,True
haffs,slate-oasis-brink-apace-degum-chewy-haffs,7,False,False
hafiz,slate-corny-mamba-haiku-adrip-hafiz,6,False,True
hafta,slate-carny-faith-hafta,4,False,True
hafts,slate-nymph-harts-hafts,4,False,True
haggs,slate-oasis-brink-apace-degum-haggs,6,False,True
haham,slate-corny-mamba-aahed-haham,5,False,True
hahas,slate-oasis-brink-apace-mamas-gyved-aflow-hahas,8,False,False
haick,slate-corny-acrid-wicca-haick,5,False,True
haika,slate-corny-mamba-kappa-haika,5,False,True
haiks,slate-oasis-padre-gains-kembo-faiks-haiks,7,False,False
haiku,slate-corny-mamba-haiku,4,True,True
hails,slate-basis-frown-champ-hails,5,True,True
haily,slate-colin-derby-gaily-haily,5,False,True
hains,slate-oasis-padre-gains-mains-chawk-hains,7,False,False
haint,slate-tarot-dough-habit-haint,5,False,True
hairs,slate-oasis-padre-fairs-hairs,5,True,True
hairy,slate-corny-ached-hairy,4,True,True
haith,slate-carny-faith-baith-haith,5,False,True
hajes,slate-wiper-casks-gamed-abash-haves-hajes,7,False,False
hajis,slate-oasis-mavis-nazis-darga-hajis,6,False,True
hajji,slate-corny-mamba-haiku-adrip-hajji,6,False,True
hakam,slate-corny-mamba-aahed-hakam,5,False,True
hakas,slate-oasis-brink-champ-hawks-hakas,6,False,True
hakea,slate-raced-homed-haven-hakea,5,False,True
hakes,slate-wiper-casks-album-fakes-hakes,6,False,True
hakim,slate-corny-mamba-hakim,4,True,True
hakus,slate-oasis-brink-champ-hawks-hakas-hakus,7,False,False
halal,slate-colin-madly-halal,4,True,True
haldi,slate-colin-afire-villa-adapt-haldi,6,False,True
haled,slate-rangy-lymph-hazel-haled,5,False,True
haler,slate-rangy-balmy-paler-haler,5,False,True
hales,slate-lambs-graph-hales,4,True,True
halfa,slate-colin-madly-halal-advew-halfa,6,False,True
halfs,slate-basis-mulch-halls-halfs,5,False,True
halid,slate-colin-valid-halid,4,False,True
hallo,slate-colin-aglow-aahed-hallo,5,False,True
halls,slate-basis-mulch-halls,4,True,True
halma,slate-colin-madly-halma,4,False,True
halms,slate-basis-mulch-halms,4,False,True
halon,slate-colin-aahed-halon,4,False,True
halos,slate-basis-mulch-halls-halfs-halos,6,False,True
halse,slate-abled-false-halse,4,False,True
halsh,slate-basis-palsy-halsh,4,False,True
halts,slate-lasts-aahed-halts,4,False,True
halva,slate-colin-madly-halal-advew-halva,6,False,True
halve,slate-anglo-chevy-halve,4,True,True
halwa,slate-colin-madly-halal-advew-halwa,6,False,True
hamal,slate-colin-grump-madly-hamal,5,False,True
hamba,slate-corny-mamba-gamba-hamba,5,False,True
hamed,slate-raced-funky-wedge-depth-hazed-hamed,7,False,False
hamel,slate-rangy-lymph-hamel,4,False,True
hames,slate-wiper-casks-gamed-james-names-fames-hames,8,False,False
hammy,slate-corny-gaped-champ-hammy,5,True,True
hamza,slate-corny-mamba-hamza,4,True,True
hanap,slate-corny-denim-ganja-abaht-hanap,6,False,True
hance,slate-garbo-cumin-dance-nance-hance,6,False,True
hanch,slate-corny-admit-uncap-ganch-hanch,6,False,True
handi,slate-corny-denim-kinda-handi,5,False,True
hands,slate-oasis-brink-glyph-hands,5,True,True
handy,slate-corny-dough-handy,4,True,True
hangi,slate-corny-denim-ninja-hangi,5,False,True
hangs,slate-oasis-brink-glyph-hangs,5,True,True
hanks,slate-oasis-brink-hanks,4,True,True
hanky,slate-corny-dough-hanky,4,True,True
hansa,slate-oasis-admin-pansy-hansa,5,False,True
hanse,slate-crump-anise-danse-hanse,5,False,True
hants,slate-nymph-hants,3,False,True
haole,slate-anglo-haole,3,False,True
haoma,slate-corny-dumbo-axiom-haoma,5,False,True
hapas,slate-oasis-brink-apace-papas-hapas,6,False,True
hapax,slate-corny-mamba-wiped-hapax,5,False,True
haply,slate-colin-grump-apply-haply,5,False,True
happi,slate-corny-mamba-haiku-adrip-happi,6,False,True
happy,slate-corny-gaped-parch-happy,5,True,True
hapus,slate-oasis-brink-apace-vamps-hapus,6,False,True
haram,slate-corny-fluke-parma-aargh-haram,6,False,True
hards,slate-oasis-brink-whims-harps-hards,6,False,True
hardy,slate-corny-aphid-hardy,4,True,True
hared,slate-raced-bebop-beefs-dared-hared,6,False,True
harem,slate-raced-pygmy-harem,4,True,True
hares,slate-wiper-march-hares,4,True,True
harim,slate-corny-fluke-parma-aahed-harim,6,False,True
harks,slate-oasis-brink-amped-racks-chewy-harks,7,False,False
harls,slate-basis-mulch-abhor-harls,5,False,True
harms,slate-oasis-brink-whims-harms,5,True,True
harns,slate-oasis-brink-warns-yarns-aahed-harns,7,False,False
haros,slate-oasis-nymph-haros,4,False,True
harps,slate-oasis-brink-whims-harps,5,True,True
harpy,slate-corny-aphid-harpy,4,True,True
harry,slate-corny-aphid-harry,4,True,True
harsh,slate-oasis-admin-harsh,4,True,True
harts,slate-nymph-harts,3,True,True
hashy,slate-oasis-adapt-washy-agama-hashy,6,False,True
hasks,slate-oasis-gecko-masks-basks-hasks,6,False,True
hasps,slate-oasis-gecko-wasps-aargh-hasps,6,False,True
hasta,slate-nymph-harts-hasta,4,True,True
haste,slate-epoch-haste,3,True,True
hasty,slate-nymph-hasty,3,True,True
hatch,slate-tarot-whomp-bocce-hatch,5,True,True
hated,slate-treed-amigo-abash-hated,5,True,True
hater,slate-treed-watch-hater,4,True,True
hates,slate-dater-batch-hates,4,True,True
hatha,slate-tarot-whomp-bocce-ajiva-hatha,6,False,True
hathi,slate-tarot-whomp-bocce-ajiva-hathi,6,False,True
hatty,slate-carny-flaps-batty-tatty-hatty,6,False,True
hauds,slate-oasis-brink-apace-degum-hauds,6,False,True
haufs,slate-oasis-brink-apace-degum-haufs,6,False,True
haugh,slate-corny-mamba-haiku-haugh,5,False,True
haugo,slate-corny-dumbo-haugo,4,False,True
hauld,slate-colin-grump-uvula-howdy-hauld,6,False,True
haulm,slate-colin-grump-aahed-haulm,5,False,True
hauls,slate-basis-mulch-hauls,4,True,True
hault,slate-taint-fault-vault-aahed-hault,6,False,True
hauns,slate-oasis-brink-adapt-yawns-aucht-hauns,7,False,False
haunt,slate-tarot-dough-haunt,4,True,True
hause,slate-crump-abuse-hause,4,False,True
haute,slate-actor-haute,3,True,True
havan,slate-corny-denim-pagan-bhava-havan,6,False,True
havel,slate-rangy-lymph-hazel-havel,5,False,True
haven,slate-raced-homed-haven,4,True,True
haver,slate-raced-pygmy-forks-waver-eaver-haver,7,False,False
haves,slate-wiper-casks-gamed-abash-haves,6,True,True
havoc,slate-corny-choco-havoc,4,True,True
hawed,slate-raced-funky-wedge-jawed-pawed-abmho-hawed,8,False,False
hawks,slate-oasis-brink-champ-hawks,5,True,True
hawms,slate-oasis-brink-apace-degum-hawms,6,False,True
hawse,slate-crump-anise-basse-hawse,5,False,True
hayed,slate-raced-funky-bayed-payed-abmho-hayed,7,False,False
hayer,slate-raced-pygmy-barfi-hayer,5,False,True
hayey,slate-raced-homed-haven-hakea-hayey,6,False,True
hayle,slate-anglo-caped-fable-hairy-hayle,6,False,True
hazan,slate-corny-denim-pagan-bhava-hazan,6,False,True
hazed,slate-raced-funky-wedge-depth-hazed,6,True,True
hazel,slate-rangy-lymph-hazel,4,True,True
hazer,slate-raced-pygmy-forks-waver-hazer,6,False,True
hazes,slate-wiper-casks-gamed-abash-haves-hajes-hazes,8,False,False
hazle,slate-anglo-caped-fable-hairy-hazle,6,False,True
heads,slate-rebid-heads,3,True,True
heady,slate-hardy-heady,3,True,True
heald,slate-leery-heald,3,False,True
heals,slate-ahold-heals,3,True,True
heame,slate-prick-mewed-heame,4,False,True
heaps,slate-rebid-bumps-heaps,4,True,True
heapy,slate-hardy-heavy-heapy,4,False,True
heard,slate-hardy-heard,3,True,True
heare,slate-prick-aware-deare-abmho-heare,6,False,True
hears,slate-rebid-glyph-hears,4,True,True
heart,slate-bench-heart,3,True,True
heast,slate-tabby-feast-heast,4,False,True
heath,slate-homed-heath,3,True,True
heats,slate-thumb-heats,3,True,True
heaty,slate-homed-heath-heaty,4,False,True
heave,slate-prick-mewed-heave,4,True,True
heavy,slate-hardy-heavy,3,True,True
heben,slate-diner-mocks-queen-avyze-heben,6,False,True
hebes,slate-roses-denim-feces-vibex-hebes,6,False,True
hecht,slate-titer-bacon-hecht,4,True,True
hecks,slate-roses-punch-chefs-abmho-hecks,6,False,True
heder,slate-diner-odder-ruder-abcee-heder,6,False,True
hedge,slate-groin-awful-hedge,4,True,True
hedgy,slate-diner-weedy-hedgy,4,False,True
heeds,slate-roses-punch-acidy-heeds,5,False,True
heedy,slate-diner-weedy-heedy,4,False,True
heels,slate-oiler-depth-heels,4,True,True
heeze,slate-groin-decaf-peeve-ajwan-heeze,6,False,True
hefte,slate-turbo-white-hefte,4,False,True
hefts,slate-trips-vined-beets-fishy-hefts,6,False,True
hefty,slate-pinch-hefty,3,True,True
heiau,slate-raced-venom-kebab-heiau,5,False,True
heids,slate-roses-punch-acidy-heids,5,False,True
heigh,slate-diner-habit-heigh,4,True,True
heils,slate-oiler-exalt-veils-ached-heils,6,False,True
heirs,slate-roses-being-heirs,4,True,True
heist,slate-hurst-heist,3,True,True
hejab,slate-raced-venom-kebab-hejab,5,False,True
hejra,slate-raced-blown-freak-aargh-hejra,6,False,True
heled,slate-oiler-julep-celeb-deled-heled,6,False,True
heles,slate-oiler-mules-whyda-heles,5,False,True
helio,slate-oiler-eolid-helio,4,False,True
helix,slate-oiler-helix,3,True,True
hella,slate-rangy-medal-fella-cella-hella,6,False,True
hello,slate-oiler-combo-hello,4,True,True
hells,slate-oiler-psych-hells,4,True,True
helly,slate-oiler-janky-belly-ached-helly,6,False,True
helms,slate-oiler-psych-hells-helms,5,True,True
helos,slate-oiler-aahed-helos,4,False,True
helot,slate-enter-abled-telly-helot,5,False,True
helps,slate-oiler-psych-helps,4,True,True
helve,slate-bingo-armed-cycle-ablow-helve,6,False,True
hemal,slate-rangy-medal-femal-hemal,5,False,True
hemes,slate-roses-denim-femme-hemes,5,False,True
hemic,slate-diner-habit-hemic,4,False,True
hemin,slate-diner-baggy-epoch-hemin,5,False,True
hemps,slate-roses-punch-hemps,4,False,True
hempy,slate-diner-whomp-hempy,4,False,True
hence,slate-groin-cheep-hence,4,True,True
hench,slate-diner-bumpy-xenon-wench-hench,6,False,True
hends,slate-roses-punch-hends,4,False,True
henge,slate-groin-nudge-hawms-henge,5,False,True
henna,slate-raced-venom-henna,4,True,True
henny,slate-diner-bumpy-henny,4,True,True
henry,slate-diner-genro-henry,4,False,True
hents,slate-trips-vined-cents-gents-abmho-hents,7,False,False
hepar,slate-raced-blown-freak-aargh-hepar,6,False,True
herbs,slate-roses-being-herbs,4,True,True
herby,slate-diner-myrrh-herby,4,True,True
herds,slate-roses-being-jeeps-herds,5,True,True
heres,slate-roses-ficus-heres,4,True,True
herls,slate-oiler-reels-abamp-herls,5,False,True
herma,slate-raced-blown-freak-aargh-herma,6,False,True
herms,slate-roses-being-jeeps-herds-herms,6,False,True
herns,slate-roses-being-ferns-aphid-herns,6,False,True
heron,slate-diner-acorn-heron,4,True,True
heros,slate-roses-abuzz-overs-chawk-heros,6,False,True
herps,slate-roses-being-jeeps-herps,5,False,True
herry,slate-diner-myrrh-herry,4,False,True
herse,slate-group-rinse-verse-herse,5,False,True
hertz,slate-pinch-hefty-hertz,4,True,True
herye,slate-groin-curvy-herye,4,False,True
hesps,slate-roses-desks-hesps,4,False,True
hests,slate-trips-vined-beets-fishy-hests,6,False,True
hetes,slate-hurst-hetes,3,False,True
heths,slate-hurst-hetes-heths,4,False,True
heuch,slate-diner-whomp-beech-accoy-heuch,6,False,True
heugh,slate-diner-whomp-beech-heugh,5,False,True
hevea,slate-raced-aback-abohm-hevea,5,False,True
hevel,slate-oiler-leech-hevel,4,False,True
hewed,slate-diner-moped-beech-hewed,5,True,True
hewer,slate-diner-whomp-hewer,4,False,True
hewgh,slate-diner-whomp-hewgh,4,False,True
hexad,slate-raced-aback-adhan-hexad,5,False,True
hexed,slate-diner-moped-beech-hewed-hexed,6,True,True
hexer,slate-diner-whomp-hexer,4,False,True
hexes,slate-roses-denim-feces-vibex-chawk-hexes,7,False,False
hexyl,slate-oiler-hunky-hexyl,4,False,True
heyed,slate-diner-moped-beech-hewed-hexed-heyed,7,False,False
hiant,slate-grunt-chant-hiant,4,False,True
hibas,slate-oasis-aback-aargh-hibas,5,False,True
hicks,slate-mochi-hicks,3,True,True
hided,slate-diner-biped-hakim-hived-hided,6,False,True
hider,slate-diner-crewe-rider-hider,5,True,True
hides,slate-roses-denim-hides,4,True,True
hiems,slate-roses-punch-acidy-hiems,5,False,True
hifis,slate-mochi-brisk-aband-hifis,5,False,True
highs,slate-mochi-acids-highs,4,True,True
hight,slate-rhino-witty-fight-might-baked-hight,7,False,False
hijab,slate-corny-mamba-abuzz-hijab,5,True,True
hijra,slate-corny-rabid-prima-hijra,5,False,True
hiked,slate-diner-biped-hakim-hiked,5,True,True
hiker,slate-diner-phlox-hiker,4,True,True
hikes,slate-roses-denim-vichy-hikes,5,True,True
hikoi,slate-crony-bipod-hikoi,4,False,True
hilar,slate-colin-afire-pilar-hilar,5,False,True
hilch,slate-dilly-befog-zilch-abamp-hilch,6,False,True
hillo,slate-dilly-abhor-hillo,4,False,True
hills,slate-lucid-morph-hills,4,True,True
hilly,slate-dilly-wharf-hilly,4,True,True
hilsa,slate-basis-hilsa,3,False,True
hilts,slate-bolus-hilts,3,True,True
hilum,slate-dilly-befog-zilch-hilum,5,False,True
hilus,slate-lucid-aargh-hilus,4,False,True
himbo,slate-crony-bipod-himbo,4,False,True
hinau,slate-corny-denim-ninja-hinau,5,False,True
hinds,slate-mochi-brisk-aband-hinds,5,False,True
hinge,slate-groin-binge-hinge,4,True,True
hings,slate-mochi-brisk-aband-hings,5,False,True
hinky,slate-crony-pudge-kinky-hinky,5,True,True
hinny,slate-crony-bicep-agave-ninny-abmho-hinny,7,False,False
hints,slate-grimy-nymph-hints,4,True,True
hiois,slate-mochi-hiois,3,False,True
hiped,slate-diner-biped-piped-wiped-hiped,6,False,True
hiper,slate-diner-phlox-hiper,4,False,True
hipes,slate-roses-denim-vichy-hikes-hipes,6,False,True
hiply,slate-dilly-girly-hiply,4,False,True
hippo,slate-crony-bipod-hippo,4,True,True
hippy,slate-crony-dumps-zippy-hippy,5,True,True
hired,slate-diner-wharf-hired,4,True,True
hiree,slate-groin-fibre-riche-hiree,5,False,True
hirer,slate-diner-phlox-hiker-hirer,5,True,True
hires,slate-roses-ficus-hires,4,True,True
hissy,slate-mochi-brisk-hissy,4,True,True
hists,slate-grimy-nymph-hists,4,False,True
hitch,slate-rhino-witty-hoped-hitch,5,True,True
hithe,slate-chirp-tithe-askew-hithe,5,False,True
hived,slate-diner-biped-hakim-hived,5,True,True
hiver,slate-diner-phlox-hiker-hirer-hiver,6,False,True
hives,slate-roses-denim-vichy-hives,5,True,True
hizen,slate-diner-given-hamza-hizen,5,False,True
hoach,slate-churn-poach-hoach,4,False,True
hoaed,slate-hardy-hoaed,3,False,True
hoagy,slate-churn-hoagy,3,False,True
hoard,slate-churn-hoard,3,True,True
hoars,slate-curbs-dowse-roams-hoars,5,False,True
hoary,slate-churn-hoard-hoary,4,True,True
hoast,slate-bronc-toast-hoast,4,False,True
hobby,slate-crony-badge-hobby,4,True,True
hobos,slate-mochi-drank-hoofs-hobos,5,False,True
hocks,slate-mochi-hocus-hocks,4,False,True
hocus,slate-mochi-hocus,3,True,True
hodad,slate-corny-gaped-hodad,4,False,True
hodja,slate-corny-gaped-vodka-hodja,5,False,True
hoers,slate-roses-doers-abmho-hoers,5,False,True
hogan,slate-corny-aimed-hogan,4,True,True
hogen,slate-diner-mocks-woven-boxen-hogen,6,False,True
hoggs,slate-mochi-drank-hoofs-hoggs,5,False,True
hoghs,slate-mochi-boogy-hoghs,4,False,True
hogoh,slate-crony-bipod-aargh-hogoh,5,False,True
hogos,slate-mochi-drank-hoofs-hobos-hogos,6,False,True
hohed,slate-diner-moped-oxbow-badly-joked-chava-hohed,8,False,False
hoick,slate-crony-bicep-agidi-hoick,5,False,True
hoied,slate-diner-ivied-hoied,4,False,True
hoiks,slate-mochi-abaka-hoiks,4,False,True
hoing,slate-crony-bodhi-hoing,4,False,True
hoise,slate-group-abled-noise-hoise,5,False,True
hoist,slate-trout-champ-hoist,4,True,True
hokas,slate-oasis-comas-henry-hokas,5,False,True
hoked,slate-diner-moped-oxbow-badly-joked-coked-hoked,8,False,False
hokes,slate-roses-munch-hopes-advew-hokes,6,False,True
hokey,slate-diner-chomp-hokey,4,True,True
hokis,slate-mochi-abaka-hokis,4,False,True
hokku,slate-crony-bipod-hokum-hokku,5,False,True
hokum,slate-crony-bipod-hokum,4,True,True
holds,slate-lucid-defog-holds,4,True,True
holed,slate-oiler-ditch-holed,4,True,True
holes,slate-oiler-camps-holes,4,True,True
holey,slate-oiler-ditch-holey,4,True,True
holks,slate-lucid-frown-polls-bomoh-holks,6,False,True
holla,slate-colin-alpha-holla,4,True,True
hollo,slate-dilly-bumph-hollo,4,False,True
holly,slate-dilly-laugh-holly,4,True,True
holme,slate-bingo-ahold-holme,4,False,True
holms,slate-lucid-frown-polls-bomoh-holms,6,False,True
holon,slate-dilly-argon-colon-holon,5,False,True
holos,slate-lucid-frown-polls-bomoh-holos,6,False,True
holts,slate-bolus-cajun-volts-thump-holts,6,False,True
homas,slate-oasis-comas-bandh-homas,5,False,True
homed,slate-diner-moped-homed,4,True,True
homer,slate-diner-whomp-homer,4,True,True
homes,slate-roses-munch-homes,4,True,True
homey,slate-diner-chomp-homey,4,True,True
homie,slate-groin-mauve-homie,4,True,True
homme,slate-groin-blush-homme,4,True,True
homos,slate-mochi-homos,3,True,True
honan,slate-corny-aimed-hogan-honan,5,False,True
honda,slate-corny-aimed-honda,4,True,True
honds,slate-mochi-drank-honds,4,False,True
honed,slate-diner-botch-honed,4,True,True
honer,slate-diner-aglow-boner-abmho-honer,6,False,True
hones,slate-roses-munch-hones,4,False,True
honey,slate-diner-abash-honey,4,True,True
hongi,slate-crony-bough-hongi,4,False,True
hongs,slate-mochi-drank-hongs,4,False,True
honks,slate-mochi-drank-honks,4,True,True
honky,slate-crony-wonky-honky,4,True,True
honor,slate-crony-demon-honor,4,True,True
hooch,slate-crony-amped-hooch,4,True,True
hoods,slate-mochi-drank-hoods,4,True,True
hoody,slate-crony-dough-hoody,4,True,True
hooey,slate-diner-chomp-hooey,4,True,True
hoofs,slate-mochi-drank-hoofs,4,True,True
hoogo,slate-crony-adios-whomp-hoogo,5,False,True
hooha,slate-corny-gaped-momma-abaht-hooha,6,False,True
hooka,slate-corny-gaped-momma-abaht-hooka,6,False,True
hooks,slate-mochi-drank-hooks,4,True,True
hooky,slate-crony-dough-hooky,4,True,True
hooly,slate-dilly-bowed-coyly-chomp-hooly,6,False,True
hoons,slate-mochi-drank-johns-hoons,5,False,True
hoops,slate-mochi-drank-hoofs-hoops,5,True,True
hoord,slate-crony-fjord-boord-hoord,5,False,True
hoors,slate-mochi-drank-hours-hoors,5,False,True
hoosh,slate-mochi-drank-hoofs-hoosh,5,False,True
hoots,slate-grimy-bronc-chafe-hoots,5,True,True
hooty,slate-irony-booty-caphs-hooty,5,False,True
hoove,slate-groin-aback-pheme-hoove,5,False,True
hopak,slate-corny-gaped-poppa-hopak,5,False,True
hoped,slate-diner-moped-coped-hoped,5,True,True
hoper,slate-diner-whomp-hoper,4,False,True
hopes,slate-roses-munch-hopes,4,True,True
hoppy,slate-crony-badge-alpha-hoppy,5,True,True
horah,slate-corny-borax-hadji-horah,5,False,True
horal,slate-colin-amour-royal-baghs-horal,6,False,True
horas,slate-oasis-comas-henry-horas,5,False,True
horde,slate-groin-boric-horde,4,True,True
horis,slate-mochi-abaka-horis,4,False,True
horks,slate-mochi-drank-horks,4,False,True
horme,slate-groin-boric-horde-horme,5,False,True
horns,slate-mochi-drank-horns,4,True,True
horny,slate-crony-horny,3,True,True
horse,slate-group-awash-horse,4,True,True
horst,slate-trout-worst-horst,4,True,True
horsy,slate-mochi-drank-hours-horsy,5,False,True
hosed,slate-roses-nymph-hosed,4,True,True
hosel,slate-oiler-above-loses-hosel,5,False,True
hosen,slate-roses-nymph-hosen,4,False,True
hoser,slate-roses-poser-aahed-hoser,5,False,True
hoses,slate-roses-nymph-hoses,4,True,True
hosey,slate-roses-nymph-hosey,4,False,True
hosta,slate-nymph-harts-hosta,4,False,True
hosts,slate-grimy-bronc-hosts,4,True,True
hotch,slate-rhino-acute-botch-gopak-cotch-hotch,7,False,False
hotel,slate-enter-abhor-hotel,4,True,True
hoten,slate-titer-donut-hoten,4,False,True
hotis,slate-trout-goths-hotis,4,False,True
hotly,slate-grout-hotly,3,True,True
hotte,slate-turbo-acing-emote-hotte,5,False,True
hotty,slate-irony-acted-potty-thumb-hotty,6,False,True
houff,slate-crony-bipod-hokum-houff,5,False,True
houfs,slate-mochi-drank-hoofs-houfs,5,False,True
hough,slate-crony-bipod-hokum-houff-hough,6,False,True
hound,slate-crony-bodhi-hound,4,True,True
houri,slate-crony-furry-gourd-houri,5,False,True
hours,slate-mochi-drank-hours,4,True,True
house,slate-group-homed-house,4,True,True
houts,slate-grimy-bronc-hosts-houts,5,False,True
hovea,slate-raced-aback-abohm-hovea,5,False,True
hoved,slate-diner-moped-oxbow-badly-joked-chava-hoved,8,False,False
hovel,slate-oiler-bawdy-novel-hovel,5,True,True
hoven,slate-diner-mocks-woven-hoven,5,False,True
hover,slate-diner-whomp-hover,4,True,True
hoves,slate-roses-munch-hopes-advew-hoves,6,False,True
howay,slate-corny-abhor-howay,4,False,True
howbe,slate-groin-blush-howbe,4,False,True
howdy,slate-crony-badge-dowdy-howdy,5,True,True
howes,slate-roses-munch-hopes-advew-howes,6,False,True
howff,slate-crony-bipod-hokum-howff,5,False,True
howfs,slate-mochi-drank-hoofs-houfs-howfs,6,False,True
howks,slate-mochi-drank-hooks-howks,5,False,True
howls,slate-lucid-frown-bowls-howls,5,True,True
howre,slate-groin-boric-roque-howre,5,False,True
howso,slate-mochi-drank-hoofs-howso,5,False,True
howto,slate-irony-ached-mouth-howto,5,False,True
hoxed,slate-diner-moped-oxbow-coxed-foxed-hoxed,7,False,False
hoxes,slate-roses-munch-hopes-advew-hokes-hoxes,7,False,False
hoyas,slate-oasis-comas-henry-hoyas,5,False,True
hoyed,slate-diner-moped-oxbow-badly-yoked-accha-hoyed,8,False,False
hoyle,slate-bingo-ahold-hoyle,4,True,True
hubba,slate-corny-mamba-bubba-gubba-hubba,6,False,True
hubby,slate-crony-dumps-befog-hubby,5,True,True
hucks,slate-mochi-hucks,3,False,True
hudna,slate-corny-mixup-fauna-hudna,5,False,True
hudud,slate-crony-field-hudud,4,False,True
huers,slate-roses-being-crews-apayd-huers,6,False,True
huffs,slate-mochi-arses-hunks-huffs,5,False,True
huffy,slate-crony-dumps-befog-huffy,5,True,True
huger,slate-diner-whomp-hexer-huger,5,False,True
huggy,slate-crony-dumps-befog-huggy,5,True,True
huhus,slate-mochi-arses-hunks-huffs-huhus,6,False,True
huias,slate-oasis-aback-minas-huias,5,False,True
huies,slate-roses-denim-vichy-aheap-huies,6,False,True
hukou,slate-crony-bipod-aargh-hukou,5,False,True
hulas,slate-basis-pulmo-aargh-hulas,5,False,True
hules,slate-oiler-mules-glyph-hules,5,False,True
hulks,slate-lucid-bebop-gulls-adhan-hulks,6,False,True
hulky,slate-dilly-block-hulky,4,True,True
hullo,slate-dilly-bumph-hullo,4,False,True
hulls,slate-lucid-bebop-gulls-hulls,5,True,True
hully,slate-dilly-laugh-hully,4,False,True
human,slate-corny-denim-human,4,True,True
humas,slate-oasis-anger-dumpy-humas,5,False,True
humfs,slate-mochi-about-humps-humfs,5,False,True
humic,slate-crony-aback-mimic-humic,5,False,True
humid,slate-crony-field-humid,4,True,True
humor,slate-crony-furry-humor,4,True,True
humph,slate-crony-field-humph,4,True,True
humps,slate-mochi-about-humps,4,True,True
humpy,slate-crony-dumps-bumpy-jumpy-humpy,6,False,True
humus,slate-mochi-about-humus,4,True,True
hunch,slate-crony-blimp-hunch,4,True,True
hundo,slate-crony-bough-hundo,4,False,True
hunks,slate-mochi-arses-hunks,4,True,True
hunky,slate-crony-pudge-chafe-hunky,5,True,True
hunts,slate-grimy-bronc-hunts,4,True,True
hurds,slate-mochi-arses-buhrs-hurds,5,False,True
hurls,slate-lucid-bebop-gulls-fanum-hurls,6,False,True
hurly,slate-dilly-bowed-curly-aargh-hurly,6,False,True
hurra,slate-corny-fluke-padam-abers-hurra,6,False,True
hurry,slate-crony-midge-furry-hurry,5,True,True
hurst,slate-trout-bawdy-hurst,4,True,True
hurts,slate-grimy-adopt-hurts,4,True,True
hurty,slate-irony-purty-hurty,4,False,True
hushy,slate-mochi-agape-bushy-hushy,5,False,True
husks,slate-mochi-arses-husks,4,True,True
husky,slate-mochi-arses-husky,4,True,True
husos,slate-mochi-frosh-absey-husos,5,False,True
hussy,slate-mochi-arses-hussy,4,True,True
hutch,slate-rhino-abled-hutch,4,True,True
hutia,slate-tarot-ached-hutia,4,False,True
huzza,slate-corny-mamba-pizza-huzza,5,False,True
huzzy,slate-crony-dumps-befog-huzzy,5,False,True
hwyls,slate-lucid-frown-hwyls,4,False,True
hydel,slate-oiler-leech-hydel,4,False,True
hydra,slate-corny-hydra,3,True,True
hydro,slate-crony-hydro,3,True,True
hyena,slate-raced-venom-hyena,4,True,True
hyens,slate-roses-punch-hyens,4,False,True
hygge,slate-groin-awful-hedge-hygge,5,False,True
hying,slate-crony-dying-vying-hying,5,False,True
hykes,slate-roses-denim-cubes-glyph-hykes,6,False,True
hylas,slate-basis-pulmo-anlas-hylas,5,False,True
hyleg,slate-oiler-julep-celeb-aahed-hyleg,6,False,True
hyles,slate-oiler-mules-whyda-hyles,5,False,True
hylic,slate-dilly-calix-hylic,4,False,True
hymen,slate-diner-mocks-hymen,4,True,True
hymns,slate-mochi-about-hymns,4,True,True
hynde,slate-groin-cheep-hynde,4,False,True
hyoid,slate-crony-abamp-hyoid,4,False,True
hyped,slate-diner-moped-hyped,4,True,True
hyper,slate-diner-whomp-hyper,4,True,True
hypes,slate-roses-denim-cubes-glyph-hypes,6,False,True
hypha,slate-corny-kayak-hypha,4,False,True
hyphy,slate-crony-dumps-piggy-hyphy,5,False,True
hypos,slate-mochi-frosh-absey-hypos,5,False,True
hyrax,slate-corny-addra-hyrax,4,False,True
hyson,slate-mochi-frosh-absey-hyson,5,False,True
hythe,slate-chirp-ewked-hythe,4,False,True
iambi,slate-corny-mamba-aalii-iambi,5,False,True
iambs,slate-oasis-padre-gains-iambs,5,False,True
ibrik,slate-crony-ahead-quirk-ibrik,5,False,True
icers,slate-roses-being-piers-icers,5,False,True
iched,slate-diner-ivied-imbed-iched,5,False,True
iches,slate-roses-denim-vichy-iches,5,False,True
ichor,slate-crony-abhor-ichor,4,False,True
icier,slate-diner-acute-icier,4,True,True
icily,slate-dilly-imply-icily,4,True,True
icing,slate-crony-icing,3,True,True
icker,slate-diner-acute-icier-icker,5,False,True
ickle,slate-bingo-beech-ickle,4,False,True
icons,slate-mochi-abode-icons,4,True,True
ictal,slate-taint-vital-ictal,4,False,True
ictic,slate-rhino-sized-cubit-ictic,5,False,True
ictus,slate-trout-ictus,3,False,True
idant,slate-grunt-chant-avant-idant,5,False,True
iddah,slate-corny-mamba-befit-jihad-iddah,6,False,True
iddat,slate-tarot-adage-iddat,4,False,True
iddut,slate-rhino-sized-iddut,4,False,True
ideal,slate-rangy-medal-ideal,4,True,True
ideas,slate-wiper-aegis-ideas,4,True,True
idees,slate-roses-denim-hides-idees,5,False,True
ident,slate-titer-denim-ident,4,False,True
idiom,slate-crony-bipod-idiom,4,True,True
idiot,slate-rhino-idiot,3,True,True
idled,slate-oiler-idled,3,True,True
idler,slate-oiler-idler,3,True,True
idles,slate-oiler-isles-idles,4,False,True
idlis,slate-lucid-idlis,3,False,True
idola,slate-colin-aioli-idola,4,False,True
idols,slate-lucid-idols,3,True,True
idyll,slate-dilly-idyll,3,True,True
idyls,slate-lucid-idols-idyls,4,False,True
iftar,slate-tarot-abaya-iftar,4,False,True
igapo,slate-churn-foamy-okapi-igapo,5,False,True
igged,slate-diner-ivied-imbed-iched-igged,6,False,True
igloo,slate-dilly-capon-igloo,4,True,True
iglus,slate-lucid-aargh-iglus,4,False,True
ignis,slate-mochi-kirby-using-ignis,5,False,True
ihram,slate-corny-fluke-parma-ahead-ihram,6,False,True
iiwis,slate-mochi-kirby-waged-iiwis,5,False,True
ikans,slate-curbs-acing-ikans,4,False,True
ikats,slate-combe-whats-ridgy-ikats,5,False,True
ikons,slate-mochi-arses-pious-ikons,5,False,True
ileac,slate-anger-bleak-plead-abaci-ileac,6,False,True
ileal,slate-anger-bleak-plead-abaci-ileal,6,False,True
ileum,slate-freed-pubic-ileum,4,False,True
ileus,slate-plebe-flesh-goyim-ileus,5,False,True
iliac,slate-agora-iliac,3,True,True
iliad,slate-agora-iliac-iliad,4,False,True
ilial,slate-agora-iliac-iliad-ilial,5,False,True
ilium,slate-bucko-admin-ilium,4,False,True
iller,slate-freed-abide-iller,4,False,True
illth,slate-aboil-glitz-illth,4,False,True
image,slate-prick-adage-image,4,True,True
imago,slate-churn-foamy-imago,4,False,True
imagy,slate-churn-foamy-imagy,4,False,True
imams,slate-curbs-acing-aboma-imams,5,False,True
imari,slate-churn-abide-imari,4,False,True
imaum,slate-churn-acing-umami-imaum,5,False,True
imbar,slate-corny-rabid-imbar,4,False,True
imbed,slate-diner-ivied-imbed,4,True,True
imbos,slate-mochi-adios-imbos,4,False,True
imbue,slate-groin-dumps-imbue,4,True,True
imide,slate-groin-dumps-imide,4,False,True
imido,slate-crony-bipod-abius-imido,5,False,True
imids,slate-mochi-dippy-imids,4,False,True
imine,slate-groin-chemo-imine,4,False,True
imino,slate-crony-bodhi-owing-imino,5,False,True
imlis,slate-lucid-polis-imlis,4,False,True
immew,slate-diner-chief-immew,4,False,True
immit,slate-rhino-sized-cubit-immit,5,False,True
immix,slate-crony-field-whizz-agrum-immix,6,False,True
imped,slate-diner-ivied-imbed-imped,5,False,True
impel,slate-oiler-impel,3,True,True
impis,slate-mochi-dippy-impis,4,False,True
imply,slate-dilly-imply,3,True,True
impot,slate-rhino-oomph-impot,4,False,True
impro,slate-crony-furry-dobro-impro,5,False,True
imshi,slate-mochi-imshi,3,False,True
imshy,slate-mochi-imshy,3,False,True
inane,slate-prick-adage-inane,4,True,True
inapt,slate-grunt-inapt,3,True,True
inarm,slate-churn-acing-inarm,4,False,True
inbox,slate-crony-bough-inbox,4,True,True
inbye,slate-groin-chemo-knife-inbye,5,False,True
incas,slate-oasis-aback-champ-incas,5,False,True
incel,slate-oiler-impel-incel,4,True,True
incle,slate-bingo-incle,3,False,True
incog,slate-crony-ionic-incog,4,False,True
incur,slate-crony-incur,3,True,True
incus,slate-mochi-kendo-incus,4,False,True
incut,slate-rhino-bonus-input-incut,5,False,True
indew,slate-diner-index-indew,4,False,True
index,slate-diner-index,3,True,True
india,slate-corny-denim-addin-india,5,False,True
indie,slate-groin-indie,3,True,True
indol,slate-dilly-lucid-indol,4,False,True
indow,slate-crony-bough-onion-indow,5,False,True
indri,slate-crony-abide-indri,4,False,True
indue,slate-groin-chemo-knife-inbye-indue,6,False,True
inept,slate-titer-denim-inept,4,True,True
inerm,slate-diner-reign-inerm,4,False,True
inert,slate-titer-amman-inert,4,True,True
infer,slate-diner-infer,3,True,True
infix,slate-crony-unhip-infix,4,False,True
infos,slate-mochi-arses-pious-infos,5,False,True
infra,slate-corny-aboil-dinar-aahed-infra,6,False,True
ingan,slate-corny-denim-abbas-wigan-ingan,6,False,True
ingle,slate-bingo-ingle,3,False,True
ingot,slate-rhino-innit-ingot,4,True,True
inion,slate-crony-bough-onion-inion,5,False,True
inked,slate-diner-index-inked,4,True,True
inker,slate-diner-infer-inker,4,False,True
inkle,slate-bingo-incle-inkle,4,False,True
inlay,slate-colin-inlay,3,True,True
inlet,slate-enter-inlet,3,True,True
inned,slate-diner-inned,3,False,True
inner,slate-diner-inner,3,True,True
innie,slate-groin-indie-innie,4,False,True
innit,slate-rhino-bonus-innit,4,True,True
inorb,slate-crony-doorn-inorb,4,False,True
input,slate-rhino-bonus-input,4,True,True
inros,slate-mochi-arses-aband-inros,5,False,True
inrun,slate-crony-abide-mirin-inrun,5,False,True
insee,slate-group-dense-insee,4,False,True
inset,slate-hurst-aboil-inset,4,True,True
inspo,slate-mochi-arses-bison-inspo,5,False,True
intel,slate-enter-intel,3,True,True
inter,slate-titer-inter,3,True,True
intil,slate-grout-twill-intil,4,False,True
intis,slate-trout-abase-myths-aizle-intis,6,False,True
intra,slate-tarot-abaya-intra,4,False,True
intro,slate-rhino-intro,3,True,True
inula,slate-colin-final-inula,4,False,True
inure,slate-groin-inure,3,True,True
inurn,slate-crony-abide-mirin-inurn,5,False,True
inust,slate-trout-agism-inust,4,False,True
invar,slate-corny-aboil-dinar-invar,5,False,True
inver,slate-diner-infer-inker-inver,5,False,True
inwit,slate-rhino-bonus-actin-inwit,5,False,True
iodic,slate-crony-bicep-agidi-iodic,5,False,True
iodid,slate-crony-bipod-iodid,4,False,True
iodin,slate-crony-bough-mondo-iodin,5,False,True
ionic,slate-crony-ionic,3,True,True
ioras,slate-oasis-adios-ioras,4,False,True
iotas,slate-antsy-bebop-oaths-aarti-iotas,6,False,True
ippon,slate-crony-bough-onion-ippon,5,False,True
irade,slate-prick-irade,3,False,True
irate,slate-corgi-irate,3,True,True
irids,slate-mochi-kirby-bundt-grids-irids,6,False,True
iring,slate-crony-being-wring-iring,5,False,True
irked,slate-diner-chief-irked,4,True,True
iroko,slate-crony-dumbo-iroko,4,False,True
irone,slate-groin-irone,3,False,True
irons,slate-mochi-arses-irons,4,True,True
irony,slate-crony-irony,3,True,True
isbas,slate-oasis-amiss-isbas,4,False,True
ishes,slate-roses-esnes-ishes,4,False,True
isled,slate-oiler-isles-isled,4,False,True
isles,slate-oiler-isles,3,True,True
islet,slate-aioli-islet,3,True,True
isnae,slate-crump-anise-isnae,4,False,True
issei,slate-roses-issei,3,False,True
issue,slate-group-ensue-issue,4,True,True
istle,slate-istle,2,False,True
itchy,slate-rhino-witty-itchy,4,True,True
items,slate-hurst-timon-items,4,True,True
ither,slate-titer-ither,3,False,True
ivied,slate-diner-ivied,3,True,True
ivies,slate-roses-denim-vichy-ivies,5,False,True
ivory,slate-crony-ivory,3,True,True
ixias,slate-oasis-aback-minas-huias-ixias,6,False,True
ixnay,slate-corny-dough-nappy-ixnay,5,False,True
ixora,slate-corny-vroom-agora-ixora,5,False,True
ixtle,slate-tight-utile-ixtle,4,False,True
izard,slate-churn-abide-diary-izard,5,False,True
izars,slate-curbs-dowse-agony-fraim-izars,6,False,True
izzat,slate-tarot-adage-ainee-izzat,5,False,True
jaaps,slate-curbs-acing-foams-bawdy-jaaps,6,False,True
jabot,slate-tarot-gamic-jabot,4,False,True
jacal,slate-colin-larch-jacal,4,False,True
jacet,slate-treed-acing-facet-jacet,5,False,True
jacks,slate-oasis-brink-champ-jacks,5,True,True
jacky,slate-corny-awash-jacky,4,True,True
jaded,slate-raced-funky-wedge-jaded,5,True,True
jades,slate-wiper-casks-gamed-fades-hades-jades,7,False,False
jafas,slate-oasis-brink-apace-mamas-gyved-aflow-jafas,8,False,False
jaffa,slate-corny-mamba-kappa-adage-jaffa,6,False,True
jagas,slate-oasis-brink-apace-mamas-gyved-jagas,7,False,False
jager,slate-raced-pygmy-eager-wager-gager-jager,7,False,False
jaggs,slate-oasis-brink-apace-degum-haggs-jaggs,7,False,False
jaggy,slate-corny-gaped-baggy-faggy-jaggy,6,False,True
jagir,slate-corny-rabid-fakir-jagir,5,False,True
jagra,slate-corny-rabid-gazar-jagra,5,False,True
jails,slate-basis-frown-champ-jails,5,True,True
jaker,slate-raced-pygmy-forks-baker-adawn-jaker,7,False,False
jakes,slate-wiper-casks-album-fakes-hakes-jakes,7,False,False
jakey,slate-raced-homed-waxen-aflaj-jakey,6,False,True
jakie,slate-garbo-cumin-akoja-jakie,5,False,True
jalap,slate-colin-madly-halal-frump-jalap,6,False,True
jaleo,slate-rangy-lymph-babel-ceded-jaleo,6,False,True
jalop,slate-colin-aglow-valor-baloo-jalop,6,False,True
jambe,slate-garbo-maybe-jambe,4,False,True
jambo,slate-corny-dumbo-mambo-agaze-jambo,6,False,True
jambs,slate-oasis-brink-rugby-jambs,5,False,True
jambu,slate-corny-mamba-aalii-jambu,5,False,True
james,slate-wiper-casks-gamed-james,5,True,True
jammy,slate-corny-gaped-champ-jammy,5,True,True
jamon,slate-corny-badge-panko-jamon,5,False,True
jamun,slate-corny-denim-human-jamun,5,False,True
janes,slate-wiper-casks-gamed-abash-faxes-convo-janes,8,False,False
janky,slate-corny-dough-nappy-janky,5,True,True
janns,slate-oasis-brink-adapt-yawns-aucht-janns,7,False,False
janny,slate-corny-admin-nanny-aflaj-janny,6,False,True
janty,slate-carny-natty-panty-embow-janty,6,False,True
japan,slate-corny-denim-pagan-japan,5,False,True
japed,slate-raced-funky-wedge-depth-vaped-japed,7,False,False
japer,slate-raced-pygmy-japer,4,False,True
japes,slate-wiper-aspen-capes-jugum-japes,6,False,True
jarks,slate-oasis-brink-amped-racks-chewy-jarks,7,False,False
jarls,slate-basis-mulch-acing-larks-abjad-jarls,7,False,False
jarps,slate-oasis-brink-whims-cards-ajupa-jarps,7,False,False
jarta,slate-carny-garth-aahed-jarta,5,False,True
jarul,slate-colin-grump-aural-jarul,5,False,True
jasey,slate-wiper-casks-based-jasey,5,False,True
jaspe,slate-crump-passe-jaspe,4,False,True
jasps,slate-oasis-gecko-wasps-aargh-jasps,6,False,True
jatha,slate-tarot-whomp-bocce-ajiva-jatha,6,False,True
jatis,slate-antsy-bebop-maths-quirk-jatis,6,False,True
jatos,slate-antsy-bebop-dervs-jatos,5,False,True
jauks,slate-oasis-brink-champ-kawau-jauks,6,False,True
jaune,slate-garbo-cumin-jaune,4,False,True
jaunt,slate-tarot-dough-jaunt,4,True,True
jaups,slate-oasis-brink-apace-vamps-guppy-jaups,7,False,False
javas,slate-oasis-brink-apace-mamas-gyved-favas-javas,8,False,False
javel,slate-rangy-lymph-babel-afanc-javel,6,False,True
jawan,slate-corny-denim-pagan-bhava-jawan,6,False,True
jawed,slate-raced-funky-wedge-jawed,5,True,True
jawns,slate-oasis-brink-adapt-yawns-afizz-jawns,7,False,False
jaxie,slate-garbo-cumin-akoja-jaxie,5,False,True
jazzy,slate-corny-gaped-champ-jazzy,5,True,True
jeans,slate-rebid-bumps-jeans,4,True,True
jeats,slate-thumb-feats-aping-jeats,5,False,True
jebel,slate-oiler-leech-above-bezel-aband-jebel,7,False,False
jedis,slate-roses-punch-defog-weeds-jedis,6,False,True
jeels,slate-oiler-depth-feels-keels-jeels,6,False,True
jeely,slate-oiler-hunky-leggy-fjeld-jeely,6,False,True
jeeps,slate-roses-punch-aback-jeeps,5,True,True
jeera,slate-raced-blown-freak-afizz-jeera,6,False,True
jeers,slate-roses-being-jeeps-jeers,5,True,True
jeeze,slate-groin-decaf-peeve-ajwan-jeeze,6,False,True
jefes,slate-roses-denim-feces-jefes,5,False,True
jeffs,slate-roses-punch-defog-jeffs,5,False,True
jehad,slate-raced-aback-adhan-jehad,5,False,True
jehus,slate-roses-punch-jehus,4,False,True
jelab,slate-rangy-medal-abjud-jelab,5,False,True
jello,slate-oiler-combo-hello-jello,5,True,True
jells,slate-oiler-psych-bells-wells-dumka-aflaj-jells,8,False,False
jelly,slate-oiler-janky-jelly,4,True,True
jembe,slate-groin-decaf-peeve-abbas-jembe,6,False,True
jemmy,slate-diner-whomp-jemmy,4,True,True
jenny,slate-diner-bumpy-henny-gowfs-jenny,6,False,True
jeons,slate-roses-dumpy-ovens-benji-jeons,6,False,True
jerid,slate-diner-abide-redid-jerid,5,False,True
jerks,slate-roses-being-jeeps-jerks,5,True,True
jerky,slate-diner-myrrh-jerky,4,True,True
jerry,slate-diner-myrrh-aback-ferry-ajiva-jerry,7,False,False
jesse,slate-group-dense-fasci-jesse,5,False,True
jessy,slate-roses-messy-jessy,4,False,True
jests,slate-trips-vined-beets-fishy-gawks-jests,7,False,False
jesus,slate-roses-desks-hesps-jesus,5,False,True
jetee,slate-chirp-etude-akene-jetee,5,False,True
jetes,slate-hurst-timon-bytes-fecks-jetes,6,False,True
jeton,slate-titer-abhor-detox-jeton,5,False,True
jetty,slate-pinch-jetty,3,True,True
jeune,slate-groin-cheep-venue-jeune,5,False,True
jewed,slate-diner-moped-beech-keyed-vexed-feued-jewed,8,False,False
jewel,slate-oiler-leech-above-jewel,5,True,True
jewie,slate-groin-pixie-abcee-jewie,5,False,True
jhala,slate-corgi-qualm-aahed-jhala,5,False,True
jheel,slate-oiler-leech-wheel-jheel,5,False,True
jhils,slate-lucid-morph-hills-jhils,5,False,True
jiaos,slate-curbs-acing-aboma-jiaos,5,False,True
jibba,slate-corny-mamba-bubba-jibba,5,False,True
jibbs,slate-mochi-kirby-abjad-jibbs,5,False,True
jibed,slate-diner-biped-gibed-jibed,5,True,True
jiber,slate-diner-phlox-befog-jiber,5,False,True
jibes,slate-roses-denim-vichy-kappa-fixes-begob-jibes,8,False,False
jiffs,slate-mochi-kirby-waged-finis-ajiva-jiffs,7,False,False
jiffy,slate-crony-dumps-affix-jiffy,5,True,True
jiggy,slate-crony-dumps-affix-jiggy,5,True,True
jigot,slate-rhino-oomph-bigot-gigot-jigot,6,False,True
jihad,slate-corny-mamba-befit-jihad,5,True,True
jills,slate-lucid-morph-befog-kills-wills-avyze-jills,8,False,False
jilts,slate-bolus-hilts-tilts-gawks-emoji-jilts,7,False,False
jimmy,slate-crony-dumps-jimmy,4,True,True
jimpy,slate-crony-dumps-wimpy-gimpy-jimpy,6,False,True
jingo,slate-crony-bough-dingo-jingo,5,False,True
jings,slate-mochi-kirby-waged-pings-gadje-jings,7,False,False
jinks,slate-mochi-kirby-jawed-jinks,5,True,True
jinne,slate-groin-chemo-knife-jinne,5,False,True
jinni,slate-crony-aduki-jinni,4,False,True
jinns,slate-mochi-kirby-waged-finis-jinns,6,False,True
jirds,slate-mochi-kirby-virus-aping-jirds,6,False,True
jirga,slate-corny-fluke-parma-advew-jirga,6,False,True
jirre,slate-groin-fibre-adrip-jirre,5,False,True
jisms,slate-mochi-dippy-firms-gisms-jisms,6,False,True
jitis,slate-trout-abase-myths-aizle-jitis,6,False,True
jitty,slate-irony-dwarf-aback-titty-jitty,6,False,True
jived,slate-diner-biped-hakim-fixed-advew-gived-jived,8,False,False
jiver,slate-diner-phlox-befog-river-ajwan-jiver,7,False,False
jives,slate-roses-denim-vichy-aglow-fives-jives,7,False,False
jivey,slate-diner-bicep-aevum-jivey,5,False,True
jnana,slate-churn-piano-abjad-jnana,5,False,True
jobed,slate-diner-moped-oxbow-jobed,5,False,True
jobes,slate-roses-munch-biped-jobes,5,False,True
jocko,slate-crony-bicep-jocko,4,True,True
jocks,slate-mochi-curds-jocks,4,True,True
jocky,slate-crony-bumph-jocky,4,False,True
jocos,slate-mochi-curds-jocks-jocos,5,False,True
jodel,slate-oiler-bawdy-amped-jodel,5,False,True
joeys,slate-roses-poems-aback-joeys,5,False,True
johns,slate-mochi-drank-johns,4,True,True
joins,slate-mochi-acids-joins,4,True,True
joint,slate-rhino-joint,3,True,True
joist,slate-trout-champ-foist-joist,5,True,True
joked,slate-diner-moped-oxbow-badly-joked,6,True,True
joker,slate-diner-whomp-rocky-joker,5,True,True
jokes,slate-roses-munch-biped-afoot-jokes,6,True,True
jokey,slate-diner-chomp-defog-jokey,5,True,True
jokol,slate-dilly-whang-cromb-jokol,5,False,True
joled,slate-oiler-ditch-poled-aevum-joled,6,False,True
joles,slate-oiler-camps-holes-aband-agave-joles,7,False,False
jolie,slate-bingo-voile-louie-famed-jolie,6,False,True
jollo,slate-dilly-bumph-jollo,4,False,True
jolls,slate-lucid-frown-polls-abamp-jolls,6,False,True
jolly,slate-dilly-laugh-frump-jolly,5,True,True
jolts,slate-bolus-cajun-jolts,4,True,True
jolty,slate-achoo-lofty-jolty,4,False,True
jomon,slate-crony-bough-mondo-jomon,5,False,True
jomos,slate-mochi-words-bombs-enjoy-jomos,6,False,True
jones,slate-roses-munch-abuzz-jones,5,True,True
jongs,slate-mochi-bundy-gongs-ajupa-jongs,6,False,True
jonty,slate-irony-jimpy-jonty,4,False,True
jooks,slate-mochi-bundy-afore-poops-ajuga-jooks,7,False,False
joram,slate-corny-borax-hadji-joram,5,False,True
jorts,slate-grimy-adopt-forts-ablow-jerry-jorts,7,False,False
jorum,slate-crony-furry-aback-jorum,5,False,True
jotas,slate-antsy-bebop-oaths-aarti-jotas,6,False,True
jotty,slate-irony-acted-potty-thumb-jotty,6,False,True
jotun,slate-rhino-donut-jotun,4,False,True
joual,slate-colin-amour-doula-joual,5,False,True
jougs,slate-mochi-bundy-fours-ajuga-jougs,6,False,True
jouks,slate-mochi-bundy-fours-ajuga-jouks,6,False,True
joule,slate-bingo-ahold-joule,4,True,True
jours,slate-mochi-bundy-fours-pours-jours,6,False,True
joust,slate-trout-joust,3,True,True
jowar,slate-corny-moira-abjud-jowar,5,False,True
jowed,slate-diner-moped-oxbow-calve-wowed-jowed,7,False,False
jowls,slate-lucid-frown-bowls-howls-agamy-jowls,7,False,False
jowly,slate-dilly-bowed-jowly,4,True,True
joyed,slate-diner-moped-oxbow-badly-yoked-accha-joyed,8,False,False
jubas,slate-oasis-anger-dumpy-bubas-jubas,6,False,True
jubes,slate-roses-denim-cubes-pubes-jubes,6,False,True
jucos,slate-mochi-abjud-jucos,4,False,True
judas,slate-oasis-anger-dumpy-budas-judas,6,False,True
judge,slate-groin-awful-banjo-judge,5,True,True
judgy,slate-crony-dumps-banjo-judgy,5,True,True
judos,slate-mochi-gross-kudos-budos-judos,6,False,True
jugal,slate-colin-grump-fugal-jugal,5,False,True
jugum,slate-crony-field-humph-jugum,5,False,True
juice,slate-groin-dumps-juice,4,True,True
juicy,slate-crony-humid-juicy,4,True,True
jujus,slate-mochi-gunky-abhor-puffs-jujus,6,False,True
juked,slate-diner-moped-beech-juked,5,True,True
jukes,slate-roses-denim-cubes-kopje-jukes,6,False,True
jukus,slate-mochi-gunky-akker-jukus,5,False,True
julep,slate-oiler-julep,3,True,True
julia,slate-colin-valid-adsum-julia,5,False,True
jumar,slate-corny-rabid-augur-jumar,5,False,True
jumbo,slate-crony-bipod-gamma-jumbo,5,True,True
jumby,slate-crony-dumps-gayly-mummy-jumby,6,False,True
jumps,slate-mochi-bardo-jumps,4,True,True
jumpy,slate-crony-dumps-bumpy-jumpy,5,True,True
junco,slate-crony-ionic-bunco-junco,5,False,True
junks,slate-mochi-gunky-banjo-junks,5,True,True
junky,slate-crony-pudge-chafe-junky,5,True,True
junta,slate-carny-junta,3,True,True
junto,slate-irony-month-junto,4,True,True
jupes,slate-roses-denim-cubes-kopje-jupes,6,False,True
jupon,slate-crony-bough-union-jupon,5,False,True
jural,slate-colin-grump-aural-rural-abjad-jural,7,False,False
jurat,slate-tarot-acmes-jurat,4,False,True
jurel,slate-oiler-pubic-lured-jurel,5,False,True
jures,slate-roses-ficus-urges-amped-jures,6,False,True
juris,slate-mochi-kirby-juris,4,False,True
juror,slate-crony-furry-juror,4,True,True
juste,slate-piste-begum-juste,4,False,True
justs,slate-grimy-bronc-tufts-dusts-justs,6,False,True
jutes,slate-hurst-actin-mutes-abjad-jutes,6,False,True
jutty,slate-irony-optic-gutty-abjad-jutty,6,False,True
juves,slate-roses-denim-cubes-kopje-juves,6,False,True
juvie,slate-groin-pixie-abcee-juvie,5,False,True
kaama,slate-churn-foamy-aapas-kaama,5,False,True
kabab,slate-corny-mamba-kabab,4,False,True
kabar,slate-corny-rabid-kabar,4,False,True
kabob,slate-corny-dumbo-kabob,4,True,True
kacha,slate-corny-acrid-macaw-bekah-kacha,6,False,True
kacks,slate-oasis-brink-champ-jacks-bawdy-kacks,7,False,False
kadai,slate-corny-mamba-wiped-kadai,5,False,True
kades,slate-wiper-casks-album-fakes-kades,6,False,True
kadis,slate-oasis-mavis-nazis-darga-cawks-kadis,7,False,False
kafir,slate-corny-rabid-fakir-kafir,5,False,True
kagos,slate-oasis-nymph-dagga-kagos,5,False,True
kagus,slate-oasis-brink-champ-kawau-kagus,6,False,True
kahal,slate-colin-grump-badly-khoja-kahal,6,False,True
kaiak,slate-corny-mamba-wiped-kaiak,5,False,True
kaids,slate-oasis-padre-maids-eking-kaids,6,False,True
kaies,slate-wiper-jambe-kaies,4,False,True
kaifs,slate-oasis-padre-gains-kembo-kaifs,6,False,True
kaika,slate-corny-mamba-kappa-kaika,5,False,True
kaiks,slate-oasis-padre-gains-kembo-kaifs-kaiks,7,False,False
kails,slate-basis-frown-champ-jails-kails,6,False,True
kaims,slate-oasis-padre-gains-kembo-kaims,6,False,True
kaing,slate-corny-mixup-aging-kaing,5,False,True
kains,slate-oasis-padre-gains-mains-chawk-kains,7,False,False
kajal,slate-colin-grump-badly-khoja-kajal,6,False,True
kakas,slate-oasis-brink-champ-kawau-kakas,6,False,True
kakis,slate-oasis-mavis-nazis-darga-hajis-kakis,7,False,False
kalam,slate-colin-madly-halma-kalam,5,False,True
kalas,slate-basis-mulch-fowls-gnapi-kalas,6,False,True
kales,slate-lambs-graph-vales-wales-edify-kales,7,False,False
kalif,slate-colin-valid-malik-kalif,5,False,True
kalis,slate-basis-prick-kalis,4,False,True
kalpa,slate-colin-madly-halal-kalpa,5,False,True
kalua,slate-colin-madly-halal-kalpa-kalua,6,False,True
kamas,slate-oasis-brink-champ-kamas,5,False,True
kames,slate-wiper-casks-album-makes-kames,6,False,True
kamik,slate-corny-mamba-kamik,4,False,True
kamis,slate-oasis-mavis-acker-kamis,5,False,True
kamme,slate-garbo-cumin-damme-kamme,5,False,True
kanae,slate-garbo-cumin-panna-kanae,5,False,True
kanal,slate-colin-larva-banal-fanal-kanal,6,False,True
kanas,slate-oasis-brink-hanks-kanas,5,False,True
kanat,slate-tarot-dough-faint-aimak-kanat,6,False,True
kandy,slate-corny-dough-bandy-kemps-kandy,6,False,True
kaneh,slate-raced-homed-kaneh,4,False,True
kanes,slate-wiper-casks-album-fakes-kades-kanes,7,False,False
kanga,slate-corny-denim-ganja-aflap-kanga,6,False,True
kangs,slate-oasis-brink-hanks-kanas-kangs,6,False,True
kanji,slate-corny-denim-ninja-kanji,5,True,True
kants,slate-nymph-abhor-wants-cadge-kants,6,False,True
kanzu,slate-corny-denim-ganja-kanzu,5,False,True
kaons,slate-oasis-nymph-aback-kaons,5,False,True
kapai,slate-corny-mamba-wiped-kapai,5,False,True
kapas,slate-oasis-brink-champ-aapas-kapas,6,False,True
kapha,slate-corny-mamba-kappa-kapha,5,False,True
kaphs,slate-oasis-brink-champ-kaphs,5,False,True
kapok,slate-corny-dumbo-ajwan-kapok,5,False,True
kapow,slate-corny-dumbo-ajwan-kapow,5,False,True
kappa,slate-corny-mamba-kappa,4,True,True
kapur,slate-corny-rabid-gazar-kapur,5,False,True
kapus,slate-oasis-brink-champ-aapas-kapus,6,False,True
kaput,slate-tarot-dough-kaput,4,True,True
karai,slate-corny-fluke-karma-karai,5,False,True
karas,slate-oasis-brink-amped-racks-karas,6,False,True
karat,slate-tarot-carat-karat,4,True,True
karee,slate-garbo-capon-advew-karee,5,False,True
karez,slate-raced-pygmy-forks-karez,5,False,True
karks,slate-oasis-brink-amped-racks-chewy-jarks-karks,8,False,False
karma,slate-corny-fluke-karma,4,True,True
karns,slate-oasis-brink-karns,4,False,True
karoo,slate-corny-abide-gamps-farro-karoo,6,False,True
karos,slate-oasis-nymph-dagga-faros-karos,6,False,True
karri,slate-corny-fluke-karma-karri,5,False,True
karst,slate-antsy-waist-hadst-karst,5,False,True
karsy,slate-oasis-admin-harsh-karsy,5,False,True
karts,slate-nymph-farce-award-tarts-karts,6,False,True
karzy,slate-corny-aphid-marry-babka-karzy,6,False,True
kasha,slate-oasis-adapt-masha-basha-kasha,6,False,True
kasme,slate-crump-kasme,3,False,True
katal,slate-taint-fatal-abord-katal,5,False,True
katas,slate-antsy-bebop-maths-quirk-katas,6,False,True
katis,slate-antsy-bebop-maths-quirk-katis,6,False,True
katti,slate-carny-faith-katti,4,False,True
kaugh,slate-corny-mamba-haiku-kaugh,5,False,True
kauri,slate-corny-rabid-agrum-kauri,5,False,True
kauru,slate-corny-rabid-gazar-kauru,5,False,True
kaury,slate-corny-ached-fairy-kaury,5,False,True
kaval,slate-colin-grump-badly-khoja-kaval,6,False,True
kavas,slate-oasis-brink-champ-kawau-kakas-kavas,7,False,False
kawas,slate-oasis-brink-champ-kawau-kawas,6,False,True
kawau,slate-corny-mamba-wiped-kawau,5,False,True
kawed,slate-raced-funky-baked-kawed,5,False,True
kayak,slate-corny-kayak,3,True,True
kayle,slate-anglo-caped-fable-hairy-kayle,6,False,True
kayos,slate-oasis-nymph-kayos,4,False,True
kazis,slate-oasis-mavis-nazis-kazis,5,False,True
kazoo,slate-corny-dumbo-kazoo,4,True,True
kbars,slate-curbs-aglow-brass-kbars,5,False,True
kcals,slate-doing-psalm-aargh-kcals,5,False,True
keaki,slate-hardy-beaux-keaki,4,False,True
kebab,slate-raced-venom-kebab,4,True,True
kebar,slate-raced-blown-zebra-kebar,5,False,True
kebob,slate-diner-whomp-gecko-kebob,5,False,True
kecks,slate-roses-punch-becks-decks-afoam-gecks-kecks,8,False,False
kedge,slate-groin-awful-hedge-kedge,5,False,True
kedgy,slate-diner-weedy-hedgy-kedgy,5,False,True
keech,slate-diner-whomp-beech-keech,5,False,True
keefs,slate-roses-punch-defog-beefs-keefs,6,False,True
keeks,slate-roses-punch-defog-weeks-keeks,6,False,True
keels,slate-oiler-depth-feels-keels,5,True,True
keema,slate-raced-venom-gemma-keema,5,False,True
keeno,slate-diner-bevel-weeny-keeno,5,False,True
keens,slate-roses-punch-abide-evens-aflow-keens,7,False,False
keeps,slate-roses-punch-aback-keeps,5,True,True
keets,slate-trips-vined-beets-meets-keets,6,False,True
keeve,slate-groin-decaf-peeve-keeve,5,False,True
kefir,slate-diner-kefir,3,True,True
kehua,slate-raced-venom-kebab-kehua,5,False,True
keirs,slate-roses-being-heirs-keirs,5,False,True
kelep,slate-oiler-julep-kelep,4,False,True
kelim,slate-oiler-helix-flack-kelim,5,False,True
kells,slate-oiler-psych-bells-wells-dumka-kells,7,False,False
kelly,slate-oiler-janky-kelly,4,True,True
kelps,slate-oiler-psych-kelps,4,False,True
kelpy,slate-oiler-janky-kelly-kelpy,5,False,True
kelts,slate-balmy-pelts-swack-kelts,5,False,True
kelty,slate-lefty-melty-kelty,4,False,True
kembo,slate-diner-whomp-mezzo-kembo,5,False,True
kembs,slate-roses-punch-defog-weeks-kembs,6,False,True
kemps,slate-roses-punch-aback-keeps-kemps,6,False,True
kempt,slate-titer-bacon-kempt,4,True,True
kempy,slate-diner-whomp-kempy,4,False,True
kenaf,slate-raced-venom-henna-kenaf,5,False,True
kench,slate-diner-bumpy-xenon-wench-hench-kench,7,False,False
kendo,slate-diner-bendy-kendo,4,True,True
kenos,slate-roses-dumpy-ovens-enows-kenos,6,False,True
kente,slate-turbo-white-bandy-kente,5,False,True
kents,slate-trips-vined-cents-gents-abmho-aflow-kents,8,False,False
kepis,slate-roses-punch-aback-keeps-kepis,6,False,True
kerbs,slate-roses-being-herbs-verbs-kerbs,6,False,True
kerel,slate-oiler-pubic-revel-kerel,5,False,True
kerfs,slate-roses-being-jeeps-herds-mawky-kerfs,7,False,False
kerky,slate-diner-myrrh-jerky-perky-kerky,6,False,True
kerma,slate-raced-blown-freak-kerma,5,False,True
kerne,slate-groin-nerve-aback-kerne,5,False,True
kerns,slate-roses-being-ferns-aphid-kerns,6,False,True
keros,slate-roses-abuzz-overs-chawk-keros,6,False,True
kerry,slate-diner-myrrh-aback-kerry,5,True,True
kerve,slate-groin-curvy-verve-kerve,5,False,True
kesar,slate-wiper-ackee-kesar,4,False,True
kests,slate-trips-vined-beets-fishy-gawks-kests,7,False,False
ketas,slate-dater-abeng-makaf-ketas,5,False,True
ketch,slate-titer-abhor-fetch-ketch,5,False,True
ketes,slate-hurst-timon-bytes-fecks-ketes,6,False,True
ketol,slate-enter-letup-acock-ketol,5,False,True
kevel,slate-oiler-leech-above-aband-kevel,6,False,True
kevil,slate-oiler-devil-kevil,4,False,True
kexes,slate-roses-denim-feces-vibex-chawk-kexes,7,False,False
keyed,slate-diner-moped-beech-keyed,5,True,True
keyer,slate-diner-whomp-fryer-buyer-geyer-keyer,7,False,False
khadi,slate-churn-khaki-khadi,4,False,True
khads,slate-curbs-acing-foams-bawdy-khads,6,False,True
khafs,slate-curbs-acing-foams-haafs-khafs,6,False,True
khaki,slate-churn-khaki,3,True,True
khana,slate-churn-whang-khana,4,False,True
khans,slate-curbs-acing-moans-aapas-khans,6,False,True
khaph,slate-churn-khaki-khaph,4,False,True
khats,slate-combe-whats-ghats-khats,5,False,True
khaya,slate-churn-khaki-khaph-khaya,5,False,True
khazi,slate-churn-khaki-khadi-khazi,5,False,True
kheda,slate-raced-media-kheda,4,False,True
kheer,slate-diner-whomp-cheer-kheer,5,False,True
kheth,slate-pinch-abbot-teeth-kheth,5,False,True
khets,slate-trips-vined-beets-khets,5,False,True
khirs,slate-mochi-brisk-khirs,4,False,True
khoja,slate-corny-dumbo-ajwan-khoja,5,False,True
khors,slate-mochi-frosh-khors,4,False,True
khoum,slate-crony-adios-whomp-khoum,5,False,True
khuds,slate-mochi-arses-hunks-khuds,5,False,True
khula,slate-colin-grump-uvula-khula,5,False,True
khyal,slate-colin-grump-badly-khyal,5,False,True
kiaat,slate-grunt-adapt-chaat-kiaat,5,False,True
kiack,slate-churn-aback-kiack,4,False,True
kiaki,slate-churn-foamy-aalii-kiaki,5,False,True
kiang,slate-churn-piano-aahed-kiang,5,False,True
kiasu,slate-curbs-kiasu,3,False,True
kibbe,slate-groin-dumps-chive-kibbe,5,False,True
kibbi,slate-crony-field-mixup-kibbi,5,False,True
kibei,slate-diner-bicep-akoya-kibei,5,False,True
kibes,slate-roses-denim-vichy-kappa-kibes,6,False,True
kibla,slate-colin-derby-abaka-kibla,5,False,True
kicks,slate-mochi-kendo-kicks,4,True,True
kicky,slate-crony-humid-picky-ablow-kicky,6,False,True
kiddo,slate-crony-bipod-kiddo,4,True,True
kiddy,slate-crony-dumps-aback-kiddy,5,True,True
kidel,slate-oiler-lanky-kidel,4,False,True
kideo,slate-diner-biped-video-kideo,5,False,True
kidge,slate-groin-beige-midge-fidge-kidge,6,False,True
kiefs,slate-roses-punch-defog-fiefs-kiefs,6,False,True
kiers,slate-roses-being-piers-evoke-kiers,6,False,True
kieve,slate-groin-dumps-chive-kieve,5,False,True
kievs,slate-roses-punch-defog-views-kievs,6,False,True
kight,slate-rhino-witty-fight-might-baked-kight,7,False,False
kikay,slate-corny-gaped-byway-kikay,5,False,True
kikes,slate-roses-denim-vichy-kappa-kibes-kikes,7,False,False
kikoi,slate-crony-bipod-hikoi-kikoi,5,False,True
kiley,slate-oiler-awful-piled-kiley,5,False,True
kilig,slate-dilly-befog-kilig,4,False,True
kilim,slate-dilly-befog-zilch-abamp-kilim,6,False,True
kills,slate-lucid-morph-befog-kills,5,True,True
kilns,slate-lucid-morph-befog-kills-kilns,6,False,True
kilos,slate-lucid-morph-kilos,4,True,True
kilps,slate-lucid-morph-kilps,4,False,True
kilts,slate-bolus-hilts-tilts-gawks-kilts,6,False,True
kilty,slate-achoo-kelly-kilty,4,False,True
kimbo,slate-crony-bipod-himbo-kimbo,5,False,True
kimet,slate-titer-aback-kimet,4,False,True
kinas,slate-oasis-aback-piend-kinas,5,False,True
kinda,slate-corny-denim-kinda,4,True,True
kinds,slate-mochi-kirby-adage-kinds,5,True,True
kindy,slate-crony-pudge-windy-kindy,5,False,True
kines,slate-roses-denim-awful-naive-pines-aback-kines,8,False,False
kings,slate-mochi-kirby-adage-kings,5,True,True
kingy,slate-crony-pudge-bawks-kingy,5,False,True
kinin,slate-crony-unhip-minim-kinin,5,False,True
kinks,slate-mochi-kirby-adage-kinks,5,True,True
kinky,slate-crony-pudge-kinky,4,True,True
kinos,slate-mochi-arses-pious-devon-wakfs-kinos,7,False,False
kiore,slate-groin-kiore,3,False,True
kiosk,slate-mochi-arses-kiosk,4,True,True
kipah,slate-corny-mamba-befit-jihad-kipah,6,False,True
kipas,slate-oasis-aback-piend-kipas,5,False,True
kipes,slate-roses-denim-vichy-kappa-kipes,6,False,True
kippa,slate-corny-mamba-pizza-kippa,5,False,True
kipps,slate-mochi-kirby-adage-kinks-kipps,6,False,True
kipsy,slate-mochi-kirby-kissy-kipsy,5,False,True
kirby,slate-crony-midge-kirby,4,True,True
kirks,slate-mochi-kirby-kirks,4,False,True
kirns,slate-mochi-kirby-kirks-kirns,5,False,True
kirri,slate-crony-ahead-quirk-kirri,5,False,True
kisan,slate-oasis-aband-kisan,4,False,True
kissy,slate-mochi-kirby-kissy,4,True,True
kists,slate-grimy-nymph-fists-aback-kists,6,False,True
kitab,slate-tarot-ached-untag-kitab,5,False,True
kited,slate-titer-cited-askew-kited,5,False,True
kiter,slate-titer-miter-biter-aback-kiter,6,False,True
kites,slate-hurst-timon-aback-kites,5,True,True
kithe,slate-chirp-tithe-askew-kithe,5,False,True
kiths,slate-trout-abase-myths-apeak-kiths,6,False,True
kitke,slate-chirp-tinge-abrim-kitke,5,False,True
kitty,slate-irony-dwarf-aback-kitty,5,True,True
kitul,slate-grout-kitul,3,False,True
kivas,slate-oasis-aback-piend-kivas,5,False,True
kiwis,slate-mochi-kirby-adage-kinks-kipps-kiwis,7,False,False
klang,slate-prick-flaky-klang,4,False,True
klaps,slate-chaps-flaps-aback-klaps,5,False,True
klett,slate-klett,2,False,True
klick,slate-bucko-bocce-flick-klick,5,False,True
klieg,slate-freed-gluey-klieg,4,False,True
kliks,slate-flops-bliss-abysm-kliks,5,False,True
klong,slate-bucko-plonk-klong,4,False,True
kloof,slate-bucko-plonk-kloof,4,False,True
kluge,slate-bipod-aback-fluke-kluge,5,False,True
klutz,slate-aboil-klutz,3,True,True
knack,slate-churn-knack,3,True,True
knags,slate-curbs-acing-gnaws-knags,5,False,True
knaps,slate-curbs-acing-abamp-knaps,5,False,True
knarl,slate-corgi-brawl-knarl,4,False,True
knars,slate-curbs-dowse-agony-knars,5,False,True
knaur,slate-churn-knaur,3,False,True
knave,slate-prick-about-knave,4,True,True
knawe,slate-prick-about-knave-knawe,5,False,True
knead,slate-raced-aback-knead,4,True,True
kneed,slate-diner-fudge-kneed,4,True,True
kneel,slate-oiler-leech-kneel,4,True,True
knees,slate-roses-denim-knees,4,True,True
knell,slate-oiler-hunky-knell,4,True,True
knelt,slate-enter-knelt,3,True,True
knick,slate-crony-blimp-knick,4,True,True
knife,slate-groin-chemo-knife,4,True,True
knish,slate-mochi-brisk-knish,4,True,True
knits,slate-grimy-ankle-knits,4,True,True
knive,slate-groin-chemo-knife-knive,5,False,True
knobs,slate-mochi-gross-aback-knobs,5,True,True
knock,slate-crony-knock,3,True,True
knoll,slate-dilly-knoll,3,True,True
knoop,slate-crony-known-knoop,4,False,True
knops,slate-mochi-gross-aback-knows-knops,6,False,True
knosp,slate-mochi-gross-knosp,4,False,True
knots,slate-grimy-bronc-knots,4,True,True
knoud,slate-crony-known-knoop-knoud,5,False,True
knout,slate-rhino-donut-knout,4,False,True
knowd,slate-crony-known-knowd,4,False,True
knowe,slate-groin-ozone-knowe,4,False,True
known,slate-crony-known,3,True,True
knows,slate-mochi-gross-aback-knows,5,True,True
knubs,slate-mochi-gunky-knubs,4,False,True
knule,slate-bingo-uncle-knule,4,False,True
knurl,slate-dilly-whang-knurl,4,False,True
knurr,slate-crony-abide-runup-knurr,5,False,True
knurs,slate-mochi-gunky-knubs-knurs,5,False,True
knuts,slate-grimy-bronc-hunts-knuts,5,False,True
koala,slate-corgi-koala,3,True,True
koans,slate-curbs-acing-moans-koans,5,False,True
koaps,slate-curbs-acing-foams-aahed-koaps,6,False,True
koban,slate-corny-aimed-hogan-abamp-koban,6,False,True
kobos,slate-mochi-bundy-gazar-kobos,5,False,True
koels,slate-oiler-loess-abeng-koels,5,False,True
koffs,slate-mochi-bundy-afore-aglow-koffs,6,False,True
kofta,slate-carny-boobs-gotta-kofta,5,False,True
kogal,slate-colin-amour-loyal-adage-kogal,6,False,True
kohas,slate-oasis-comas-henry-kohas,5,False,True
kohen,slate-diner-mocks-woken-kohen,5,False,True
kohls,slate-lucid-frown-polls-kohls,5,False,True
koine,slate-groin-opine-koine,4,False,True
koiwi,slate-crony-bipod-fugio-koiwi,5,False,True
kojis,slate-mochi-acids-rangy-abjud-kojis,6,False,True
kokam,slate-corny-gaped-momma-kokam,5,False,True
kokas,slate-oasis-comas-henry-aback-kokas,6,False,True
koker,slate-diner-whomp-rocky-joker-koker,6,False,True
kokra,slate-corny-moira-aduki-kokra,5,False,True
kokum,slate-crony-bipod-hokum-kokum,5,False,True
kolas,slate-basis-pulmo-aback-kolas,5,False,True
kolos,slate-lucid-frown-polls-bomoh-kolos,6,False,True
kombi,slate-crony-bipod-agaze-kombi,5,False,True
kombu,slate-crony-bipod-gamma-jumbo-kombu,6,False,True
konbu,slate-crony-bough-konbu,4,False,True
kondo,slate-crony-bough-mondo-kondo,5,False,True
konks,slate-mochi-bundy-gongs-kapow-konks,6,False,True
kooks,slate-mochi-bundy-afore-poops-ajuga-kooks,7,False,False
kooky,slate-crony-dough-abuzz-kooky,5,True,True
koori,slate-crony-fjord-aduki-koori,5,False,True
kopek,slate-diner-chomp-pokey-kopek,5,False,True
kophs,slate-mochi-boogy-kophs,4,False,True
kopje,slate-groin-blush-comme-adzed-kopje,6,False,True
koppa,slate-corny-gaped-poppa-koppa,5,False,True
korai,slate-corny-borax-hadji-korai,5,False,True
koran,slate-corny-koran,3,True,True
koras,slate-oasis-comas-henry-aback-koras,6,False,True
korat,slate-tarot-korat,3,False,True
kores,slate-roses-aback-kores,4,False,True
koris,slate-mochi-acids-rangy-koris,5,False,True
korma,slate-corny-borax-fermi-korma,5,False,True
koros,slate-mochi-bundy-afore-works-koros,6,False,True
korun,slate-crony-demon-robin-korun,5,False,True
korus,slate-mochi-bundy-fours-korus,5,False,True
koses,slate-roses-nymph-doses-aback-koses,6,False,True
kotch,slate-rhino-acute-botch-gopak-kotch,6,False,True
kotos,slate-trout-goths-abaci-kotos,5,False,True
kotow,slate-rhino-abide-tommy-aback-kotow,6,False,True
koura,slate-corny-moira-aduki-koura,5,False,True
kraal,slate-corgi-brawl-kraal,4,False,True
krabs,slate-curbs-grabs-aduki-krabs,5,False,True
kraft,slate-grunt-brick-kraft,4,True,True
krais,slate-curbs-dowse-agony-fraim-krais,6,False,True
krait,slate-grunt-brick-krait,4,False,True
krang,slate-churn-biped-frank-krang,5,False,True
krans,slate-curbs-dowse-agony-krans,5,False,True
kranz,slate-churn-biped-frank-krang-kranz,6,False,True
kraut,slate-grunt-kraut,3,True,True
krays,slate-curbs-dowse-agony-prays-affix-krays,7,False,False
kreef,slate-diner-creek-kreef,4,False,True
kreen,slate-diner-agape-rouen-erven-kreen,6,False,True
kreep,slate-diner-creek-kreef-kreep,5,False,True
kreng,slate-diner-acorn-nervy-kreng,5,False,True
krewe,slate-groin-amped-crewe-krewe,5,False,True
krill,slate-dilly-gruff-krill,4,True,True
kriol,slate-dilly-acorn-kriol,4,False,True
krona,slate-corny-krona,3,False,True
krone,slate-groin-decks-krone,4,True,True
kroon,slate-crony-gibed-frown-kroon,5,False,True
krubi,slate-crony-amigo-druid-krubi,5,False,True
krump,slate-crony-amigo-frump-krump,5,False,True
krunk,slate-crony-being-drunk-krunk,5,False,True
ksars,slate-curbs-dowse-agony-fraim-haars-ksars,7,False,False
kubie,slate-groin-pixie-abcee-kubie,5,False,True
kudos,slate-mochi-gross-kudos,4,True,True
kudus,slate-mochi-gunky-akker-kudus,5,False,True
kudzu,slate-crony-field-kudzu,4,True,True
kufis,slate-mochi-kirby-kufis,4,False,True
kugel,slate-oiler-leech-kugel,4,True,True
kuias,slate-oasis-aback-piend-kuias,5,False,True
kukri,slate-crony-ahead-quirk-kukri,5,False,True
kukus,slate-mochi-gunky-akker-kukus,5,False,True
kulak,slate-colin-madly-gulag-kulak,5,False,True
kulan,slate-colin-bubby-kulan,4,False,True
kulas,slate-basis-pulmo-aargh-kulas,5,False,True
kulfi,slate-dilly-capon-kulfi,4,False,True
kumis,slate-mochi-dippy-aback-kumis,5,False,True
kumys,slate-mochi-bardo-jumps-kumys,5,False,True
kunas,slate-oasis-anger-abamp-kunas,5,False,True
kunds,slate-mochi-gunky-kunds,4,False,True
kuris,slate-mochi-kirby-kuris,4,False,True
kurre,slate-groin-curvy-puree-akara-kurre,6,False,True
kurta,slate-carny-aorta-kurta,4,False,True
kurus,slate-mochi-gunky-akker-kurus,5,False,True
kusso,slate-mochi-gross-kusso,4,False,True
kusti,slate-grimy-nymph-fists-busti-kusti,6,False,True
kutai,slate-tarot-ached-untag-kutai,5,False,True
kutas,slate-antsy-bebop-maths-avoid-kutas,6,False,True
kutch,slate-rhino-abled-hutch-acmic-kutch,6,False,True
kutis,slate-trout-gutsy-aback-kutis,5,False,True
kutus,slate-trout-ictus-kutus,4,False,True
kuyas,slate-oasis-anger-dumpy-kuyas,5,False,True
kuzus,slate-mochi-gunky-akker-kudus-kuzus,6,False,True
kvass,slate-curbs-acing-foams-bawdy-kvass,6,False,True
kvell,slate-oiler-hunky-kvell,4,True,True
kwaai,slate-churn-foamy-aalii-kwaai,5,False,True
kwela,slate-rangy-medal-aahed-kwela,5,False,True
kwink,slate-crony-aduki-kwink,4,False,True
kwirl,slate-dilly-acorn-whirl-kwirl,5,False,True
kyack,slate-churn-aback-kiack-kyack,5,False,True
kyaks,slate-curbs-acing-foams-bawdy-kyaks,6,False,True
kyang,slate-churn-piano-abjad-kyang,5,False,True
kyars,slate-curbs-dowse-agony-prays-kyars,6,False,True
kyats,slate-combe-whats-ridgy-kyats,5,False,True
kybos,slate-mochi-gross-kudos-kybos,5,False,True
kydst,slate-trout-aimed-kydst,4,False,True
kyles,slate-oiler-mules-whyda-fyles-kyles,6,False,True
kylie,slate-bingo-beech-kylie,4,True,True
kylin,slate-dilly-calix-kylin,4,False,True
kylix,slate-dilly-calix-kylix,4,False,True
kyloe,slate-bingo-ahold-loupe-kyloe,5,False,True
kynde,slate-groin-cheep-undue-kynde,5,False,True
kynds,slate-mochi-gunky-kynds,4,False,True
kypes,slate-roses-denim-cubes-glyph-kypes,6,False,True
kyrie,slate-groin-aback-kyrie,4,True,True
kytes,slate-hurst-timon-bytes-cawks-kytes,6,False,True
kythe,slate-chirp-ewked-kythe,4,False,True
kyudo,slate-crony-yoppo-kyudo,4,False,True
laarf,slate-corgi-brawl-laarf,4,False,True
laari,slate-corgi-laari,3,False,True
labda,slate-colin-grump-badly-labda,5,False,True
label,slate-rangy-lymph-caved-label,5,True,True
labia,slate-colin-abram-labia,4,False,True
labis,slate-basis-labis,3,False,True
labne,slate-anglo-lance-labne,4,False,True
labor,slate-colin-brood-labor,4,True,True
labra,slate-colin-grump-larva-labra,5,False,True
laccy,slate-colin-larch-laccy,4,False,True
laced,slate-rangy-lymph-caved-laced,5,True,True
lacer,slate-rangy-balmy-laker-laver-cawed-lacer,7,False,False
laces,slate-lambs-aback-laces,4,True,True
lacet,slate-paler-latex-lacet,4,False,True
lacey,slate-rangy-lacey,3,True,True
lacis,slate-basis-prick-lacis,4,False,True
lacka,slate-colin-larch-lacka,4,False,True
lacks,slate-basis-mulch-lacks,4,True,True
lacky,slate-colin-larch-lacka-lacky,5,False,True
laddu,slate-colin-grump-awful-laddu,5,False,True
laddy,slate-colin-grump-badly-laddy,5,False,True
laded,slate-rangy-lymph-caved-lazed-addax-laded,7,False,False
ladee,slate-anglo-chevy-laude-ladee,5,False,True
laden,slate-rangy-laden,3,True,True
lader,slate-rangy-balmy-laker-laver-cawed-lader,7,False,False
lades,slate-lambs-aback-lanes-desex-lades,6,False,True
ladle,slate-anglo-caped-ladle,4,True,True
ladoo,slate-colin-brood-ladoo,4,False,True
laers,slate-lambs-aback-lanes-laers,5,False,True
laevo,slate-rangy-lymph-caved-laevo,5,False,True
lagan,slate-colin-lagan,3,False,True
lagar,slate-colin-grump-lagar,4,False,True
lager,slate-rangy-lager,3,True,True
laggy,slate-colin-grump-aahed-laggy,5,False,True
lahal,slate-colin-grump-badly-khoja-lahal,6,False,True
lahar,slate-colin-grump-larva-lazar-lahar,6,False,True
laich,slate-colin-laich,3,False,True
laics,slate-basis-frown-champ-laics,5,False,True
laide,slate-anglo-chevy-laude-laide,5,False,True
laids,slate-basis-frown-champ-jails-laids,6,False,True
laigh,slate-colin-derby-axial-laigh,5,False,True
laika,slate-colin-derby-axial-laika,5,False,True
laiks,slate-basis-frown-champ-jails-laids-laiks,7,False,False
laird,slate-colin-derby-laird,4,True,True
lairs,slate-basis-frown-rails-lairs,5,False,True
lairy,slate-colin-derby-lairy,4,False,True
laith,slate-aglow-laity-laith,4,False,True
laity,slate-aglow-laity,3,True,True
laked,slate-rangy-lymph-caved-lazed-addax-laked,7,False,False
laker,slate-rangy-balmy-laker,4,True,True
lakes,slate-lambs-aback-lakes,4,True,True
lakhs,slate-basis-mulch-abhor-lakhs,5,False,True
lakin,slate-colin-gawky-lakin,4,False,True
laksa,slate-basis-palsy-laksa,4,False,True
laldy,slate-colin-madly-baldy-laldy,5,False,True
lalls,slate-basis-mulch-fowls-galls-lalls,6,False,True
lamas,slate-basis-mulch-lamps-lamas,5,False,True
lambs,slate-basis-lambs,3,True,True
lamby,slate-colin-grump-madly-lamby,5,False,True
lamed,slate-rangy-lymph-lamed,4,True,True
lamer,slate-rangy-balmy-lamer,4,True,True
lames,slate-lambs-lames,3,False,True
lamia,slate-colin-abram-lamia,4,False,True
lammy,slate-colin-grump-lammy,4,False,True
lamps,slate-basis-mulch-lamps,4,True,True
lanai,slate-colin-final-lanai,4,False,True
lanas,slate-basis-mulch-acing-lands-lanas,6,False,True
lance,slate-anglo-lance,3,True,True
lanch,slate-colin-lanch,3,False,True
lande,slate-anglo-lance-lande,4,False,True
lands,slate-basis-mulch-acing-lands,5,True,True
laned,slate-rangy-panel-laned,4,False,True
lanes,slate-lambs-aback-lanes,4,True,True
lanks,slate-basis-mulch-acing-lands-lanas-lanks,7,False,False
lanky,slate-colin-larva-lanky,4,True,True
lants,slate-lasts-lants,3,False,True
lapas,slate-basis-mulch-acing-larks-aapas-lapas,7,False,False
lapel,slate-rangy-lymph-lapel,4,True,True
lapin,slate-colin-gawky-lapin,4,False,True
lapis,slate-basis-prick-lapis,4,False,True
lapje,slate-anglo-chevy-laude-lapje,5,False,True
lappa,slate-colin-grump-apply-papal-lappa,6,False,True
lappy,slate-colin-grump-apply-lappy,5,False,True
lapse,slate-abled-lapse,3,True,True
larch,slate-colin-larch,3,True,True
lards,slate-basis-mulch-acing-larks-lards,6,False,True
lardy,slate-colin-grump-larva-lardy,5,False,True
laree,slate-anglo-chevy-laude-lapje-laree,6,False,True
lares,slate-lambs-aback-lanes-desex-aiver-lares,7,False,False
larfs,slate-basis-mulch-acing-larks-lards-larfs,7,False,False
larga,slate-colin-grump-lagar-larga,5,False,True
large,slate-anglo-large,3,True,True
largo,slate-colin-brood-largo,4,True,True
laris,slate-basis-prick-laris,4,False,True
larks,slate-basis-mulch-acing-larks,5,True,True
larky,slate-colin-grump-larva-lardy-larky,6,False,True
larns,slate-basis-mulch-acing-lawns-larns,6,False,True
larnt,slate-taint-larnt,3,False,True
larum,slate-colin-grump-mural-larum,5,False,True
larva,slate-colin-grump-larva,4,True,True
lased,slate-lambs-laser-lased,4,False,True
laser,slate-lambs-laser,3,True,True
lases,slate-lambs-aback-lanes-desex-lases,6,False,True
lassi,slate-basis-lassi,3,False,True
lasso,slate-basis-lasso,3,True,True
lassu,slate-basis-lasso-lassu,4,False,True
lassy,slate-basis-lasso-lassu-lassy,5,False,True
lasts,slate-lasts,2,True,True
latah,slate-taint-fatal-latah,4,False,True
latch,slate-taint-fatal-latch,4,True,True
lated,slate-paler-latex-lated,4,False,True
laten,slate-paler-latex-lated-laten,5,False,True
later,slate-paler-later,3,True,True
latex,slate-paler-latex,3,True,True
lathe,slate-biked-lathe,3,True,True
lathi,slate-taint-datil-lathi,4,False,True
laths,slate-adieu-talks-laths,4,False,True
lathy,slate-taint-fatal-latch-lathy,5,False,True
latke,slate-biked-latke,3,True,True
latte,slate-latte,2,True,True
latus,slate-adieu-talus-latus,4,False,True
lauan,slate-colin-lagan-lauan,4,False,True
lauch,slate-colin-larch-lauch,4,False,True
laude,slate-anglo-chevy-laude,4,True,True
lauds,slate-basis-mulch-awdls-lauds,5,False,True
laufs,slate-basis-mulch-awdls-laufs,5,False,True
laugh,slate-colin-grump-laugh,4,True,True
laund,slate-colin-larva-lanky-laund,5,False,True
laura,slate-colin-grump-laura,4,False,True
laval,slate-colin-grump-badly-khoja-laval,6,False,True
lavas,slate-basis-mulch-acing-larks-aapas-lavas,7,False,False
laved,slate-rangy-lymph-caved-laved,5,True,True
laver,slate-rangy-balmy-laker-laver,5,True,True
laves,slate-lambs-aback-lanes-desex-aiver-laves,7,False,False
lavra,slate-colin-grump-larva-lavra,5,False,True
lavvy,slate-colin-grump-badly-lavvy,5,False,True
lawed,slate-rangy-lymph-caved-lazed-addax-laked-lawed,8,False,False
lawer,slate-rangy-balmy-laker-laver-cawed-lawer,7,False,False
lawin,slate-colin-gawky-lawin,4,False,True
lawks,slate-basis-mulch-acing-larks-lawks,6,False,True
lawns,slate-basis-mulch-acing-lawns,5,True,True
lawny,slate-colin-larva-lanky-lawny,5,False,True
lawsy,slate-basis-palsy-lawsy,4,False,True
laxed,slate-rangy-lymph-caved-lazed-addax-laxed,7,False,False
laxer,slate-rangy-balmy-laker-laver-cawed-laxer,7,False,False
laxes,slate-lambs-aback-lanes-desex-laxes,6,False,True
laxly,slate-colin-grump-badly-laxly,5,False,True
layby,slate-colin-grump-badly-layby,5,False,True
layed,slate-rangy-layed,3,False,True
layer,slate-rangy-layer,3,True,True
layin,slate-colin-gawky-layin,4,False,True
layup,slate-colin-grump-layup,4,True,True
lazar,slate-colin-grump-larva-lazar,5,True,True
lazed,slate-rangy-lymph-caved-lazed,5,True,True
lazes,slate-lambs-aback-lanes-desex-aiver-lazes,7,False,False
lazos,slate-basis-mulch-acing-larks-aapas-lazos,7,False,False
lazzi,slate-colin-derby-axial-aapas-lazzi,6,False,True
lazzo,slate-colin-brood-offal-lazzo,5,False,True
leach,slate-leery-leach,3,True,True
leads,slate-ahold-leads,3,True,True
leady,slate-leery-leafy-leaky-aband-leady,6,False,True
leafs,slate-ahold-ankle-leaps-abram-leafs,6,False,True
leafy,slate-leery-leafy,3,True,True
leaks,slate-ahold-ankle-leaks,4,True,True
leaky,slate-leery-leafy-leaky,4,True,True
leams,slate-ahold-ankle-leaps-abram-leams,6,False,True
leans,slate-ahold-ankle-leans,4,True,True
leant,slate-bends-leant,3,True,True
leany,slate-leery-leafy-leaky-aband-leany,6,False,True
leaps,slate-ahold-ankle-leaps,4,True,True
leapt,slate-bends-leapt,3,True,True
leare,slate-leave-leare,3,False,True
learn,slate-leery-learn,3,True,True
lears,slate-ahold-ankle-leaps-abram-lears,6,False,True
leary,slate-leery-leary,3,True,True
lease,slate-lease,2,True,True
leash,slate-ahold-leash,3,True,True
least,slate-least,2,True,True
leats,slate-leats,2,False,True
leave,slate-leave,2,True,True
leavy,slate-leery-leafy-leaky-aband-leavy,6,False,True
leaze,slate-leave-leare-leaze,4,False,True
leben,slate-oiler-leech-level-leben,5,False,True
leccy,slate-oiler-hunky-leggy-leccy,5,False,True
leche,slate-bingo-armed-cycle-leche,5,False,True
ledes,slate-oiler-mungy-desex-ledes,5,False,True
ledge,slate-bingo-ledge,3,True,True
ledgy,slate-oiler-hunky-leggy-ledgy,5,False,True
ledum,slate-oiler-hunky-ledum,4,False,True
leear,slate-rangy-feral-abcee-leear,5,False,True
leech,slate-oiler-hunky-leech,4,True,True
leeks,slate-oiler-depth-feels-leeks,5,False,True
leeps,slate-oiler-depth-peels-leeps,5,False,True
leers,slate-oiler-reels-leers,4,False,True
leery,slate-oiler-abort-leery,4,True,True
leese,slate-abode-pulse-leese,4,False,True
leets,slate-balmy-lefts-leets,4,False,True
leeze,slate-bingo-armed-cycle-ablow-leeze,6,False,True
lefte,slate-ablow-lefte,3,False,True
lefts,slate-balmy-lefts,3,True,True
lefty,slate-lefty,2,True,True
legal,slate-rangy-legal,3,True,True
leger,slate-oiler-agape-luger-leger,5,False,True
leges,slate-oiler-mungy-leges,4,False,True
legge,slate-bingo-ledge-legge,4,False,True
leggo,slate-oiler-lemon-abuzz-leggo,5,False,True
leggy,slate-oiler-hunky-leggy,4,True,True
legit,slate-enter-abled-legit,4,True,True
legno,slate-oiler-lemon-legno,4,False,True
lehrs,slate-oiler-reels-lehrs,4,False,True
lehua,slate-rangy-medal-fella-lehua,5,False,True
leirs,slate-oiler-leirs,3,False,True
leish,slate-oiler-exalt-lewis-leish,5,False,True
leman,slate-rangy-abeam-leman,4,False,True
lemed,slate-oiler-leech-level-leben-lemed,6,False,True
lemel,slate-oiler-leech-level-lemel,5,False,True
lemes,slate-oiler-mungy-lemes,4,False,True
lemma,slate-rangy-medal-lemma,4,True,True
lemme,slate-bingo-armed-lemme,4,False,True
lemon,slate-oiler-lemon,3,True,True
lemur,slate-oiler-lemur,3,True,True
lends,slate-oiler-depth-lends,4,True,True
lenes,slate-oiler-mungy-lenes,4,False,True
lengs,slate-oiler-depth-feels-lengs,5,False,True
lenis,slate-oiler-exalt-lewis-lenis,5,False,True
lenos,slate-oiler-loess-lenos,4,False,True
lense,slate-abode-pulse-leese-lense,5,False,True
lenti,slate-lefty-lenti,3,False,True
lento,slate-lefty-lenti-lento,4,False,True
leone,slate-bingo-leone,3,True,True
lepak,slate-rangy-medal-abjud-lepak,5,False,True
leper,slate-oiler-agape-leper,4,True,True
lepid,slate-oiler-devil-lepid,4,False,True
lepra,slate-rangy-feral-lepra,4,False,True
lepta,slate-delta-lepta,3,False,True
lered,slate-oiler-pubic-revel-lered,5,False,True
leres,slate-oiler-lures-leres,4,False,True
lerps,slate-oiler-reels-lehrs-lerps,5,False,True
lesbo,slate-oiler-loess-lesbo,4,False,True
leses,slate-oiler-mungy-desex-leses,5,False,True
lesos,slate-oiler-loess-lesos,4,False,True
lests,slate-balmy-lefts-leets-lests,5,False,True
letch,slate-enter-letup-letch,4,False,True
lethe,slate-tight-lethe,3,False,True
letty,slate-lefty-letty,3,False,True
letup,slate-enter-letup,3,True,True
leuch,slate-oiler-hunky-leuch,4,False,True
leuco,slate-oiler-lemon-abuzz-leuco,5,False,True
leuds,slate-oiler-depth-lends-leuds,5,False,True
leugh,slate-oiler-hunky-leuch-leugh,5,False,True
levas,slate-lambs-levas,3,False,True
levee,slate-bingo-armed-levee,4,True,True
level,slate-oiler-leech-level,4,True,True
lever,slate-oiler-agape-lever,4,True,True
leves,slate-oiler-mungy-desex-leves,5,False,True
levin,slate-oiler-devil-levin,4,True,True
levis,slate-oiler-exalt-lewis-lenis-levis,6,False,True
lewis,slate-oiler-exalt-lewis,4,True,True
lexes,slate-oiler-mungy-desex-lexes,5,False,True
lexis,slate-oiler-exalt-lexis,4,True,True
lezes,slate-oiler-mungy-desex-leves-lezes,6,False,True
lezza,slate-rangy-medal-fella-lehua-lezza,6,False,True
lezzo,slate-oiler-lemon-abuzz-lezzo,5,False,True
lezzy,slate-oiler-hunky-leggy-leccy-lezzy,6,False,True
liana,slate-corgi-avail-liana,4,False,True
liane,slate-leave-liane,3,False,True
liang,slate-corgi-liang,3,True,True
liard,slate-corgi-frail-liard,4,False,True
liars,slate-doing-liars,3,True,True
liart,slate-trail-liart,3,False,True
libel,slate-oiler-lanky-libel,4,True,True
liber,slate-oiler-anvil-lifer-aback-liber,6,False,True
libor,slate-dilly-acing-limbo-libor,5,False,True
libra,slate-colin-derby-libra,4,True,True
libre,slate-bingo-libre,3,True,True
libri,slate-dilly-acing-limbo-libri,5,False,True
licet,slate-enter-abbot-filet-licet,5,False,True
lichi,slate-dilly-acing-civil-lichi,5,False,True
licht,slate-grout-limit-licht,4,False,True
licit,slate-grout-limit-licit,4,True,True
licks,slate-lucid-licks,3,True,True
lidar,slate-colin-derby-laird-lidar,5,False,True
lidos,slate-lucid-abbot-lidos,4,False,True
liefs,slate-oiler-adunc-liefs,4,False,True
liege,slate-bingo-liege,3,True,True
liens,slate-oiler-adunc-liens,4,False,True
liers,slate-oiler-liers,3,False,True
lieus,slate-oiler-adunc-lieus,4,False,True
lieve,slate-bingo-alarm-ville-lieve,5,False,True
lifer,slate-oiler-anvil-lifer,4,True,True
lifes,slate-oiler-knave-limes-aflap-lifes,6,False,True
lifey,slate-oiler-lanky-limey-lifey,5,False,True
lifts,slate-bolus-lifts,3,True,True
ligan,slate-colin-ligan,3,False,True
liger,slate-oiler-anvil-lifer-aback-liger,6,False,True
ligge,slate-bingo-liege-ligge,4,False,True
light,slate-grout-light,3,True,True
ligne,slate-bingo-ligne,3,False,True
liked,slate-oiler-lanky-liked,4,True,True
liken,slate-oiler-lanky-liken,4,True,True
liker,slate-oiler-anvil-lifer-aback-liker,6,False,True
likes,slate-oiler-knave-likes,4,True,True
likin,slate-dilly-acing-ampul-likin,5,False,True
lilac,slate-colin-lilac,3,True,True
lills,slate-lucid-abode-links-abamp-lills,6,False,True
lilos,slate-lucid-abode-loins-abamp-lilos,6,False,True
lilts,slate-bolus-hilts-tilts-gawks-emoji-lilts,7,False,False
lilty,slate-achoo-kelly-lilty,4,False,True
liman,slate-colin-ligan-liman,4,False,True
limas,slate-basis-pring-miltz-limas,5,False,True
limax,slate-colin-derby-axial-limax,5,False,True
limba,slate-colin-derby-limba,4,False,True
limbi,slate-dilly-acing-limbo-limbi,5,False,True
limbo,slate-dilly-acing-limbo,4,True,True
limbs,slate-lucid-abode-limbs,4,True,True
limby,slate-dilly-lippy-abeng-limby,5,False,True
limed,slate-oiler-lanky-libel-lived-limed,6,False,True
limen,slate-oiler-lanky-liven-limen,5,False,True
limes,slate-oiler-knave-limes,4,True,True
limey,slate-oiler-lanky-limey,4,True,True
limit,slate-grout-limit,3,True,True
limma,slate-colin-derby-axial-aapas-limma,6,False,True
limns,slate-lucid-abode-links-limns,5,False,True
limos,slate-lucid-abode-loins-abamp-limos,6,False,True
limpa,slate-colin-derby-axial-aapas-limpa,6,False,True
limps,slate-lucid-abode-links-abamp-limps,6,False,True
linac,slate-colin-linac,3,False,True
linch,slate-dilly-acing-linch,4,False,True
linds,slate-lucid-abbot-linds,4,False,True
lindy,slate-dilly-lindy,3,True,True
lined,slate-oiler-lanky-linen-lined,5,True,True
linen,slate-oiler-lanky-linen,4,True,True
liner,slate-oiler-anvil-liner,4,True,True
lines,slate-oiler-knave-lines,4,True,True
liney,slate-oiler-lanky-liney,4,False,True
linga,slate-colin-final-linga,4,False,True
lingo,slate-dilly-acing-lingo,4,True,True
lings,slate-lucid-abode-links-lings,5,False,True
lingy,slate-dilly-lippy-abeng-lingy,5,False,True
linin,slate-dilly-acing-ampul-likin-linin,6,False,True
links,slate-lucid-abode-links,4,True,True
linky,slate-dilly-lippy-abeng-linky,5,False,True
linns,slate-lucid-abode-links-lings-linns,6,False,True
linny,slate-dilly-lippy-abeng-linny,5,False,True
linos,slate-lucid-abode-loins-linos,5,False,True
lints,slate-bolus-lifts-lists-lints,5,False,True
linty,slate-achoo-kelly-linty,4,False,True
linum,slate-dilly-acing-ampul-linum,5,False,True
linux,slate-dilly-acing-ampul-linux,5,False,True
lions,slate-lucid-abode-lions,4,True,True
lipas,slate-basis-pring-lipas,4,False,True
lipes,slate-oiler-knave-limes-aflap-lipes,6,False,True
lipid,slate-dilly-livid-lipid,4,True,True
lipin,slate-dilly-acing-ampul-lipin,5,False,True
lipos,slate-lucid-abode-loins-abamp-lipos,6,False,True
lippy,slate-dilly-lippy,3,True,True
liras,slate-basis-pring-liras,4,False,True
lirks,slate-lucid-abode-links-lirks,5,False,True
lirot,slate-grout-lirot,3,False,True
lises,slate-oiler-knave-limes-aflap-lises,6,False,True
lisks,slate-lucid-abode-links-lirks-lisks,6,False,True
lisle,slate-abode-pulse-esile-lisle,5,False,True
lisps,slate-lucid-abode-links-abamp-lisps,6,False,True
lists,slate-bolus-lifts-lists,4,True,True
litai,slate-taint-vital-litai,4,False,True
litas,slate-adieu-litas,3,False,True
lited,slate-enter-abhor-luted-lited,5,False,True
litem,slate-enter-abhor-luted-litem,5,False,True
liter,slate-enter-liter,3,True,True
lites,slate-aioli-tiles-lites,4,False,True
lithe,slate-tight-lithe,3,True,True
litho,slate-grout-hotly-litho,4,False,True
liths,slate-bills-liths,3,False,True
litie,slate-tight-litre-litie,4,False,True
litre,slate-tight-litre,3,True,True
lived,slate-oiler-lanky-libel-lived,5,True,True
liven,slate-oiler-lanky-liven,4,True,True
liver,slate-oiler-anvil-liver,4,True,True
lives,slate-oiler-knave-lives,4,True,True
livid,slate-dilly-livid,3,True,True
livor,slate-dilly-acing-limbo-livor,5,False,True
livre,slate-bingo-alarm-livre,4,False,True
liwaa,slate-colin-derby-axial-liwaa,5,False,True
liwas,slate-basis-pring-miltz-liwas,5,False,True
llama,slate-prick-aback-llama,4,True,True
llano,slate-prick-aback-gland-llano,5,False,True
loach,slate-corgi-loach,3,False,True
loads,slate-doing-loads,3,True,True
loafs,slate-doing-coals-loafs,4,False,True
loams,slate-doing-coals-loafs-loams,5,False,True
loamy,slate-corgi-koala-loamy,4,True,True
loans,slate-doing-loans,3,True,True
loast,slate-aapas-loast,3,False,True
loath,slate-loath,2,True,True
loave,slate-leave-loave,3,False,True
lobar,slate-colin-amour-lobar,4,False,True
lobby,slate-dilly-porno-lobby,4,True,True
lobed,slate-oiler-bawdy-lobed,4,True,True
lobes,slate-oiler-above-lobes,4,True,True
lobos,slate-lucid-plonk-logos-lobos,5,False,True
lobus,slate-lucid-lousy-lobus,4,False,True
local,slate-colin-falls-local,4,True,True
loche,slate-bingo-ahold-holme-loche,5,False,True
lochs,slate-lucid-locks-lochs,4,False,True
lochy,slate-dilly-porno-lobby-aargh-lochy,6,False,True
locie,slate-bingo-voile-louie-locie,5,False,True
locis,slate-lucid-locis,3,False,True
locks,slate-lucid-locks,3,True,True
locky,slate-dilly-porno-lobby-aargh-locky,6,False,True
locos,slate-lucid-locks-lochs-locos,5,False,True
locum,slate-dilly-whang-cromb-locum,5,False,True
locus,slate-lucid-locus,3,True,True
loden,slate-oiler-bawdy-amped-jodel-loden,6,False,True
lodes,slate-oiler-above-loses-admix-lodes,6,False,True
lodge,slate-bingo-lodge,3,True,True
loess,slate-oiler-loess,3,True,True
lofts,slate-bolus-adown-lofts,4,False,True
lofty,slate-achoo-lofty,3,True,True
logan,slate-colin-logan,3,True,True
loges,slate-oiler-above-loses-admix-gawks-loges,7,False,False
loggy,slate-dilly-porno-lobby-aargh-loggy,6,False,True
logia,slate-colin-logia,3,False,True
logic,slate-dilly-acorn-logic,4,True,True
logie,slate-bingo-logie,3,False,True
login,slate-dilly-acorn-login,4,True,True
logoi,slate-dilly-acorn-logoi,4,False,True
logon,slate-dilly-whang-logon,4,True,True
logos,slate-lucid-plonk-logos,4,True,True
lohan,slate-colin-logan-lohan,4,True,True
loids,slate-lucid-abbot-loids,4,False,True
loins,slate-lucid-abode-loins,4,True,True
loipe,slate-bingo-voile-loipe,4,False,True
loirs,slate-lucid-abode-loins-loirs,5,False,True
lokes,slate-oiler-above-loses-admix-gawks-lokes,7,False,False
lokey,slate-oiler-bawdy-lovey-lokey,5,False,True
lokum,slate-dilly-whang-cromb-lokum,5,False,True
lolas,slate-basis-pulmo-aback-lolas,5,False,True
loled,slate-oiler-ditch-poled-aevum-joled-loled,7,False,False
lollo,slate-dilly-bumph-jollo-lollo,5,False,True
lolls,slate-lucid-plonk-logos-lolls,5,False,True
lolly,slate-dilly-laugh-lolly,4,True,True
lolog,slate-dilly-lolog,3,False,True
lolos,slate-lucid-plonk-logos-lobos-lolos,6,False,True
lomas,slate-basis-pulmo-lomas,4,False,True
lomed,slate-oiler-bawdy-amped-lomed,5,False,True
lomes,slate-oiler-above-loses-admix-lomes,6,False,True
loner,slate-oiler-anvil-loner,4,True,True
longa,slate-colin-zonal-longa,4,False,True
longe,slate-bingo-longe,3,False,True
longs,slate-lucid-plonk-longs,4,True,True
looby,slate-dilly-porno-looky-looby,5,False,True
looed,slate-oiler-bawdy-amped-loved-about-looed,7,False,False
looey,slate-oiler-bawdy-lovey-lokey-looey,6,False,True
loofa,slate-colin-amour-loofa,4,False,True
loofs,slate-lucid-plonk-looms-loofs,5,False,True
looie,slate-bingo-voile-louie-locie-looie,6,False,True
looks,slate-lucid-plonk-looks,4,True,True
looky,slate-dilly-porno-looky,4,True,True
looms,slate-lucid-plonk-looms,4,True,True
loons,slate-lucid-plonk-loons,4,True,True
loony,slate-dilly-porno-loony,4,True,True
loops,slate-lucid-plonk-loops,4,True,True
loopy,slate-dilly-porno-loopy,4,True,True
loord,slate-dilly-abuna-loord,4,False,True
loose,slate-abode-loose,3,True,True
loots,slate-bolus-adown-loots,4,False,True
loped,slate-oiler-bawdy-amped-loped,5,True,True
loper,slate-oiler-anvil-lower-loper,5,False,True
lopes,slate-oiler-above-loses-admix-gawks-lopes,7,False,False
loppy,slate-dilly-porno-loppy,4,False,True
loral,slate-colin-amour-royal-baghs-loral,6,False,True
loran,slate-colin-logan-lohan-loran,5,False,True
lords,slate-lucid-lords,3,True,True
lordy,slate-dilly-lordy,3,True,True
lorel,slate-oiler-morel-abaft-lorel,5,False,True
lores,slate-oiler-lores,3,False,True
loric,slate-dilly-acorn-loric,4,False,True
loris,slate-lucid-loris,3,True,True
lorry,slate-dilly-porno-lorry,4,True,True
losed,slate-oiler-above-loses-aband-losed,6,False,True
losel,slate-oiler-above-loses-aband-losel,6,False,True
losen,slate-oiler-above-loses-aband-losen,6,False,True
loser,slate-oiler-loser,3,True,True
loses,slate-oiler-above-loses,4,True,True
lossy,slate-lucid-plonk-logos-lossy,5,False,True
lotah,slate-taint-abbey-octal-lotah,5,False,True
lotas,slate-adieu-talks-lotas,4,False,True
lotes,slate-aioli-telos-lotes,4,False,True
lotic,slate-grout-hotly-lotic,4,False,True
lotos,slate-bills-lotus-lotos,4,False,True
lotsa,slate-adieu-talks-lotsa,4,False,True
lotta,slate-aglow-lotta,3,False,True
lotte,slate-ablow-lotte,3,False,True
lotto,slate-achoo-lotto,3,True,True
lotus,slate-bills-lotus,3,True,True
loued,slate-oiler-bawdy-amped-loved-about-loued,7,False,False
lough,slate-dilly-whang-lough,4,False,True
louie,slate-bingo-voile-louie,4,True,True
louis,slate-lucid-louis,3,False,True
louma,slate-colin-amour-louma,4,False,True
lound,slate-dilly-abuna-lound,4,False,True
louns,slate-lucid-lousy-aborn-louns,5,False,True
loupe,slate-bingo-ahold-loupe,4,True,True
loups,slate-lucid-lousy-aborn-loups,5,False,True
loure,slate-bingo-ahold-loupe-loure,5,False,True
lours,slate-lucid-lousy-aborn-lours,5,False,True
loury,slate-dilly-porno-lowry-loury,5,False,True
louse,slate-abode-louse,3,True,True
lousy,slate-lucid-lousy,3,True,True
louts,slate-bolus-louts,3,False,True
lovat,slate-taint-adult-lovat,4,False,True
loved,slate-oiler-bawdy-amped-loved,5,True,True
lovee,slate-bingo-ahold-loupe-lovee,5,False,True
lover,slate-oiler-anvil-lover,4,True,True
loves,slate-oiler-above-loves,4,True,True
lovey,slate-oiler-bawdy-lovey,4,True,True
lovie,slate-bingo-voile-lovie,4,False,True
lowan,slate-colin-logan-lohan-loran-lowan,6,False,True
lowed,slate-oiler-bawdy-dowel-lowed,5,False,True
lowen,slate-oiler-bawdy-vowel-lowen,5,False,True
lower,slate-oiler-anvil-lower,4,True,True
lowes,slate-oiler-above-loses-admix-gawks-lowes,7,False,False
lowly,slate-dilly-lowly,3,True,True
lownd,slate-dilly-abuna-lownd,4,False,True
lowne,slate-bingo-leone-lowne,4,False,True
lowns,slate-lucid-plonk-lowns,4,False,True
lowps,slate-lucid-plonk-lowps,4,False,True
lowry,slate-dilly-porno-lowry,4,True,True
lowse,slate-abode-louse-lowse,4,False,True
lowth,slate-achoo-lowth,3,False,True
lowts,slate-bolus-adown-lowts,4,False,True
loxed,slate-oiler-bawdy-amped-loved-about-loxed,7,False,False
loxes,slate-oiler-above-loses-admix-loxes,6,False,True
loyal,slate-colin-amour-loyal,4,True,True
lozen,slate-oiler-bawdy-novel-lozen,5,False,True
luach,slate-corgi-luach,3,False,True
luaus,slate-doing-psalm-luaus,4,False,True
lubed,slate-oiler-leech-lumen-lubed,5,True,True
lubes,slate-oiler-mungy-abacs-lubes,5,False,True
lubra,slate-colin-grump-aural-lubra,5,False,True
luces,slate-oiler-mungy-abacs-luces,5,False,True
lucid,slate-dilly-lucid,3,True,True
lucks,slate-lucid-lucks,3,False,True
lucky,slate-dilly-porno-lucky,4,True,True
lucre,slate-bingo-armed-lucre,4,True,True
ludes,slate-oiler-mungy-abacs-ludes,5,False,True
ludic,slate-dilly-lucid-ludic,4,False,True
ludos,slate-lucid-ludos,3,False,True
luffa,slate-colin-grump-awful-luffa,5,False,True
luffs,slate-lucid-grump-lulls-aksed-luffs,6,False,True
luged,slate-oiler-leech-lumen-lubed-luged,6,False,True
luger,slate-oiler-agape-luger,4,True,True
luges,slate-oiler-mungy-luges,4,False,True
lulls,slate-lucid-grump-lulls,4,True,True
lulus,slate-lucid-grump-lulls-lulus,5,False,True
lumas,slate-basis-pulmo-lumas,4,False,True
lumbi,slate-dilly-acorn-pupil-lumbi,5,False,True
lumen,slate-oiler-leech-lumen,4,True,True
lumme,slate-bingo-armed-lemme-lumme,5,False,True
lummy,slate-dilly-porno-lucky-lummy,5,False,True
lumps,slate-lucid-grump-lumps,4,True,True
lumpy,slate-dilly-porno-lumpy,4,True,True
lunar,slate-colin-larva-lunar,4,True,True
lunas,slate-basis-pulmo-lunas,4,False,True
lunch,slate-dilly-whang-lunch,4,True,True
lunes,slate-oiler-mungy-lunes,4,False,True
lunet,slate-enter-lunet,3,False,True
lunge,slate-bingo-lunge,3,True,True
lungi,slate-dilly-acorn-lungi,4,False,True
lungs,slate-lucid-grump-lungs,4,True,True
lunks,slate-lucid-grump-lulls-aksed-lunks,6,False,True
lunts,slate-bolus-lusts-lunts,4,False,True
lupin,slate-dilly-acorn-lupin,4,False,True
lupus,slate-lucid-grump-lupus,4,True,True
lurch,slate-dilly-whang-lurch,4,True,True
lured,slate-oiler-pubic-lured,4,True,True
lurer,slate-oiler-agape-lever-lurer,5,False,True
lures,slate-oiler-lures,3,True,True
lurex,slate-oiler-pubic-lured-lurex,5,False,True
lurgi,slate-dilly-acorn-lurgi,4,False,True
lurgy,slate-dilly-porno-lurgy,4,False,True
lurid,slate-dilly-lucid-lurid,4,True,True
lurks,slate-lucid-grump-lurks,4,True,True
lurry,slate-dilly-porno-lurgy-lurry,5,False,True
lurve,slate-bingo-armed-lucre-lurve,5,False,True
luser,slate-oiler-luser,3,False,True
lushy,slate-lucid-grump-lulls-lushy,5,False,True
lusks,slate-lucid-grump-lulls-aksed-lusks,6,False,True
lusts,slate-bolus-lusts,3,True,True
lusty,slate-bolus-lusty,3,True,True
lusus,slate-lucid-grump-lulls-aksed-lusus,6,False,True
lutea,slate-paler-lutea,3,False,True
luted,slate-enter-abhor-luted,4,True,True
luter,slate-enter-liter-luter,4,False,True
lutes,slate-aioli-actus-lutes,4,False,True
luvvy,slate-dilly-porno-lucky-lummy-luvvy,6,False,True
luxed,slate-oiler-leech-lumen-lubed-luged-luxed,7,False,False
luxer,slate-oiler-agape-lever-lurer-luxer,6,False,True
luxes,slate-oiler-mungy-abacs-ludes-luxes,6,False,True
lweis,slate-oiler-exalt-lewis-lweis,5,False,True
lyams,slate-doing-psalm-lyams,4,False,True
lyard,slate-corgi-brawl-laarf-lyard,5,False,True
lyart,slate-trail-lyart,3,False,True
lyase,slate-lease-lyase,3,False,True
lycea,slate-rangy-ayelp-lycea,4,False,True
lycee,slate-bingo-armed-levee-lycee,5,False,True
lycra,slate-colin-larch-lycra,4,False,True
lying,slate-dilly-lying,3,True,True
lymes,slate-oiler-mungy-lymes,4,False,True
lymph,slate-dilly-lymph,3,True,True
lynch,slate-dilly-lymph-lynch,4,True,True
lynes,slate-oiler-mungy-lynes,4,False,True
lyres,slate-oiler-lures-leres-lyres,5,False,True
lyric,slate-dilly-lying-lyric,4,True,True
lysed,slate-oiler-mungy-lysed,4,False,True
lyses,slate-oiler-mungy-lysed-lyses,5,False,True
lysin,slate-lucid-loris-lysin,4,False,True
lysis,slate-lucid-loris-lysis,4,False,True
lysol,slate-lucid-plonk-logos-lysol,5,False,True
lyssa,slate-basis-lyssa,3,False,True
lyted,slate-enter-abhor-luted-lited-lyted,6,False,True
lytes,slate-aioli-actus-lytes,4,False,True
lythe,slate-tight-lethe-lythe,4,False,True
lytic,slate-grout-twill-lytic,4,False,True
lytta,slate-aglow-laity-lytta,4,False,True
maaed,slate-hardy-abaca-maaed,4,False,True
maare,slate-prick-aware-maare,4,False,True
maars,slate-curbs-dowse-agony-fraim-maars,6,False,True
maban,slate-corny-denim-human-abaca-maban,6,False,True
mabes,slate-wiper-casks-gamed-mazes-aband-mabes,7,False,False
macas,slate-oasis-brink-apace-cecum-macas,6,False,True
macaw,slate-corny-acrid-macaw,4,True,True
macca,slate-corny-acrid-macaw-macca,5,False,True
maced,slate-raced-faced-paced-maced,5,False,True
macer,slate-raced-pacer-facer-macer,5,False,True
maces,slate-wiper-casks-faces-daces-maces,6,False,True
mache,slate-garbo-cumin-mache,4,False,True
machi,slate-corny-acrid-wicca-aahed-machi,6,False,True
macho,slate-corny-choco-macho,4,True,True
machs,slate-oasis-brink-apace-camus-machs,6,False,True
macka,slate-corny-acrid-macaw-macca-macka,6,False,True
macks,slate-oasis-brink-champ-macks,5,False,True
macle,slate-anglo-caped-macle,4,False,True
macon,slate-corny-abbot-macon,4,False,True
macro,slate-corny-macro,3,True,True
macte,slate-actor-macte,3,False,True
madal,slate-colin-grump-madly-madal,5,False,True
madam,slate-corny-mamba-madam,4,True,True
madar,slate-corny-rabid-damar-madar,5,False,True
maddy,slate-corny-gaped-abide-daddy-aflow-maddy,7,False,False
madge,slate-garbo-admin-madge,4,True,True
madid,slate-corny-mamba-madid,4,False,True
madly,slate-colin-grump-madly,4,True,True
mados,slate-oasis-nymph-abjad-mados,5,False,True
madre,slate-garbo-camps-madre,4,True,True
maedi,slate-raced-maedi,3,False,True
maerl,slate-rangy-balmy-lamer-maerl,5,False,True
mafia,slate-corny-mamba-mafia,4,True,True
mafic,slate-corny-acrid-magic-mafic,5,False,True
mafts,slate-nymph-marts-masts-actus-mafts,6,False,True
magas,slate-oasis-brink-apace-mamas-azygy-magas,7,False,False
mages,slate-wiper-casks-gamed-mages,5,False,True
maggs,slate-oasis-brink-apace-degum-maggs,6,False,True
magic,slate-corny-acrid-magic,4,True,True
magma,slate-corny-mamba-magma,4,True,True
magna,slate-corny-mixup-manna-magna,5,True,True
magot,slate-tarot-gamic-magot,4,False,True
magus,slate-oasis-brink-apace-degum-magus,6,False,True
mahal,slate-colin-grump-madly-mahal,5,True,True
mahem,slate-raced-homed-mahem,4,False,True
mahis,slate-oasis-mavis-ankhs-mahis,5,False,True
mahoe,slate-garbo-canoe-mahoe,4,False,True
mahrs,slate-oasis-brink-whims-mahrs,5,False,True
mahua,slate-corny-mamba-mafia-abius-mahua,6,False,True
mahwa,slate-corny-mamba-mafia-abius-mahwa,6,False,True
maids,slate-oasis-padre-maids,4,True,True
maiko,slate-corny-dumbo-amigo-maiko,5,False,True
maiks,slate-oasis-padre-gains-kembo-maiks,6,False,True
maile,slate-anglo-caped-fable-hairy-maile,6,False,True
maill,slate-colin-derby-axial-maill,5,False,True
mailo,slate-colin-aioli-mailo,4,False,True
mails,slate-basis-frown-champ-mails,5,True,True
maims,slate-oasis-padre-gains-kembo-maims,6,False,True
mains,slate-oasis-padre-gains-mains,5,True,True
maire,slate-garbo-camps-madre-maire,5,False,True
mairs,slate-oasis-padre-fairs-hairs-advew-gairs-mairs,8,False,False
maise,slate-crump-masse-manse-maise,5,False,True
maist,slate-antsy-waist-maist,4,False,True
maize,slate-garbo-cumin-maize,4,True,True
majas,slate-oasis-brink-apace-mamas-azygy-majas,7,False,False
majat,slate-tarot-dough-faint-majat,5,False,True
majoe,slate-garbo-canoe-mahoe-majoe,5,False,True
major,slate-corny-vroom-major,4,True,True
majos,slate-oasis-nymph-abjad-majos,5,False,True
makaf,slate-corny-mamba-afizz-makaf,5,False,True
makai,slate-corny-mamba-afizz-makai,5,False,True
makan,slate-corny-denim-human-abaca-makan,6,False,True
makar,slate-corny-rabid-gazar-makar,5,False,True
makee,slate-garbo-cumin-makee,4,False,True
maker,slate-raced-pygmy-harem-maker,5,True,True
makes,slate-wiper-casks-album-makes,5,True,True
makie,slate-garbo-cumin-makie,4,False,True
makis,slate-oasis-mavis-ankhs-makis,5,False,True
makos,slate-oasis-nymph-abjad-makos,5,False,True
malae,slate-anglo-chevy-laude-malae,5,False,True
malai,slate-colin-afire-villa-adapt-malai,6,False,True
malam,slate-colin-madly-rewax-malam,5,False,True
malar,slate-colin-madly-rewax-malar,5,False,True
malas,slate-basis-mulch-malls-malas,5,False,True
malax,slate-colin-madly-rewax-malax,5,False,True
maleo,slate-rangy-lymph-mazel-maleo,5,False,True
males,slate-lambs-males,3,True,True
malic,slate-colin-malic,3,True,True
malik,slate-colin-valid-malik,4,True,True
malis,slate-basis-prick-advew-galis-malis,6,False,True
malky,slate-colin-madly-malky,4,False,True
malls,slate-basis-mulch-malls,4,True,True
malms,slate-basis-mulch-malls-malas-malms,6,False,True
malmy,slate-colin-madly-malky-malmy,5,False,True
malts,slate-lasts-aahed-malts,4,False,True
malty,slate-aglow-malty,3,True,True
malus,slate-basis-mulch-malus,4,False,True
malva,slate-colin-madly-rewax-malva,5,False,True
malwa,slate-colin-madly-rewax-malwa,5,False,True
mamak,slate-corny-mamba-mamak,4,False,True
mamas,slate-oasis-brink-apace-mamas,5,True,True
mamba,slate-corny-mamba,3,True,True
mambo,slate-corny-dumbo-mambo,4,True,True
mambu,slate-corny-mamba-mambu,4,False,True
mamee,slate-garbo-cumin-damme-mamee,5,False,True
mamey,slate-raced-homed-gamey-mamey,5,False,True
mamie,slate-garbo-cumin-mamie,4,True,True
mamil,slate-colin-abram-mamil,4,False,True
mamma,slate-corny-mamba-mamma,4,True,True
mammy,slate-corny-gaped-champ-jammy-bammy-mammy,7,False,False
manas,slate-oasis-brink-glyph-wands-abamp-manas,7,False,False
manat,slate-tarot-dough-faint-aimak-manat,6,False,True
mandi,slate-corny-denim-mandi,4,False,True
mands,slate-oasis-brink-glyph-wands-fands-mands,7,False,False
mandy,slate-corny-dough-bandy-kemps-mandy,6,False,True
maneb,slate-raced-homed-maven-maneb,5,False,True
maned,slate-raced-funky-waned-abamp-maned,6,False,True
maneh,slate-raced-homed-mahem-maneh,5,False,True
manes,slate-wiper-casks-gamed-mazes-aband-manes,7,False,False
manet,slate-treed-acing-manet,4,True,True
manga,slate-corny-denim-manga,4,True,True
mange,slate-garbo-admin-mange,4,True,True
mangi,slate-corny-denim-mangi,4,False,True
mango,slate-corny-badge-mango,4,True,True
mangs,slate-oasis-brink-glyph-fangs-advew-cangs-mangs,8,False,False
mangy,slate-corny-dough-mangy,4,True,True
mania,slate-corny-denim-mania,4,True,True
manic,slate-corny-admit-manic,4,True,True
manie,slate-garbo-cumin-manie,4,False,True
manis,slate-oasis-mavis-ankhs-manis,5,False,True
manks,slate-oasis-brink-hanks-yanks-opgaf-adawn-manks,8,False,False
manky,slate-corny-dough-nappy-janky-abamp-manky,7,False,False
manly,slate-colin-larva-manly,4,True,True
manna,slate-corny-mixup-manna,4,True,True
manny,slate-corny-admin-manny,4,True,True
manoa,slate-corny-badge-panko-fanon-manoa,6,False,True
manor,slate-corny-odour-manor,4,True,True
manos,slate-oasis-nymph-manos,4,False,True
manse,slate-crump-masse-manse,4,True,True
manso,slate-oasis-acing-manso,4,False,True
manta,slate-carny-manta,3,True,True
mante,slate-actor-haute-nizam-mante,5,False,True
manto,slate-carny-manta-manto,4,False,True
mants,slate-nymph-mants,3,False,True
manty,slate-carny-natty-panty-embow-manty,6,False,True
manul,slate-colin-larva-manly-manul,5,False,True
manus,slate-oasis-brink-glyph-wands-abamp-manus,7,False,False
manzo,slate-corny-badge-panko-manzo,5,False,True
mapau,slate-corny-mamba-afizz-mapau,5,False,True
mapes,slate-wiper-aspen-capes-jugum-mapes,6,False,True
maple,slate-anglo-caped-maple,4,True,True
mapou,slate-corny-dumbo-mapou,4,False,True
mappy,slate-corny-gaped-parch-yappy-mappy,6,False,True
maqam,slate-corny-mamba-madam-maqam,5,False,True
maqui,slate-corny-mamba-madid-maqui,5,False,True
marae,slate-garbo-capon-advew-marae,5,False,True
marah,slate-corny-fluke-parma-aargh-marah,6,False,True
maral,slate-colin-grump-aargh-maral,5,False,True
maran,slate-corny-quran-maran,4,False,True
maras,slate-oasis-brink-whims-ramps-adage-maras,7,False,False
maray,slate-corny-aphid-marry-maray,5,False,True
march,slate-corny-balmy-march,4,True,True
marcs,slate-oasis-brink-whims-ramps-adage-marcs,7,False,False
mards,slate-oasis-brink-whims-ramps-adage-mards,7,False,False
mardy,slate-corny-aphid-demob-mardy,5,False,True
mares,slate-wiper-march-mares,4,True,True
marga,slate-corny-fluke-parma-acari-marga,6,False,True
marge,slate-garbo-marge,3,False,True
margo,slate-corny-abide-gamps-margo,5,False,True
margs,slate-oasis-brink-whims-ramps-adage-margs,7,False,False
maria,slate-corny-fluke-parma-acari-maria,6,False,True
marid,slate-corny-fluke-parma-aahed-marid,6,False,True
maril,slate-colin-abram-maril,4,False,True
marka,slate-corny-fluke-parka-marka,5,False,True
marks,slate-oasis-brink-amped-marks,5,True,True
marle,slate-anglo-caped-fable-hairy-marle,6,False,True
marls,slate-basis-mulch-marls,4,False,True
marly,slate-colin-grump-aargh-marly,5,False,True
marma,slate-corny-fluke-parma-marma,5,False,True
marms,slate-oasis-brink-whims-farms-agape-marms,7,False,False
maron,slate-corny-apron-baron-maron,5,False,True
maror,slate-corny-abide-gamps-maror,5,False,True
marra,slate-corny-fluke-parma-acari-marra,6,False,True
marri,slate-corny-fluke-parma-aahed-marri,6,False,True
marry,slate-corny-aphid-marry,4,True,True
marse,slate-crump-marse,3,False,True
marsh,slate-oasis-admin-marsh,4,True,True
marts,slate-nymph-marts,3,True,True
marua,slate-corny-fluke-padam-marua,5,False,True
marvy,slate-corny-aphid-marry-maray-marvy,6,False,True
masas,slate-oasis-gecko-wasps-abamp-masas,6,False,True
mased,slate-wiper-casks-based-eased-mased,6,False,True
maser,slate-wiper-asker-rebec-maser,5,False,True
mases,slate-wiper-casks-beget-vases-mases,6,False,True
masha,slate-oasis-adapt-masha,4,True,True
mashy,slate-oasis-adapt-washy-agama-mashy,6,False,True
masks,slate-oasis-gecko-masks,4,True,True
mason,slate-oasis-mason,3,True,True
massa,slate-oasis-gassy-massa,4,False,True
masse,slate-crump-masse,3,True,True
massy,slate-oasis-gassy-bassy-massy,5,False,True
masts,slate-nymph-marts-masts,4,True,True
masty,slate-nymph-masty,3,False,True
masur,slate-oasis-adapt-washy-masur,5,False,True
masus,slate-oasis-gecko-wasps-abamp-masus,6,False,True
masut,slate-antsy-aback-taxis-masut,5,False,True
matai,slate-tarot-whomp-datum-aalii-matai,6,False,True
match,slate-tarot-whomp-match,4,True,True
mated,slate-treed-amigo-mated,4,True,True
mater,slate-treed-watch-rater-mater,5,True,True
mates,slate-dater-batch-amigo-mates,5,True,True
matey,slate-treed-acing-matey,4,True,True
mathe,slate-about-vitae-abeer-mathe,5,False,True
maths,slate-antsy-bebop-maths,4,True,True
matin,slate-tarot-whomp-datum-aalii-matin,6,False,True
matlo,slate-taint-fatal-latch-matlo,5,False,True
matra,slate-tarot-aiyah-matra,4,False,True
matsu,slate-antsy-fatso-matsu,4,False,True
matte,slate-actor-matte,3,True,True
matts,slate-nymph-marts-masts-actus-matts,6,False,True
matty,slate-carny-flaps-batty-tatty-hatty-matty,7,False,False
matza,slate-tarot-whomp-datum-aalii-matza,6,False,True
matzo,slate-tarot-matzo,3,True,True
mauby,slate-corny-gaped-champ-abuzz-mauby,6,False,True
mauds,slate-oasis-brink-apace-degum-mauds,6,False,True
mauka,slate-corny-mamba-mafia-abius-mauka,6,False,True
maula,slate-colin-grump-aahed-maula,5,False,True
mauls,slate-basis-mulch-mauls,4,False,True
maums,slate-oasis-brink-apace-degum-maums,6,False,True
maumy,slate-corny-gaped-champ-jammy-maumy,6,False,True
maund,slate-corny-mixup-maund,4,False,True
maunt,slate-tarot-dough-jaunt-vaunt-maunt,6,False,True
mauri,slate-corny-rabid-agrum-mauri,5,False,True
mausy,slate-oasis-admin-marsh-mausy,5,False,True
mauts,slate-nymph-marts-masts-actus-mauts,6,False,True
mauve,slate-garbo-cumin-mauve,4,True,True
mauvy,slate-corny-gaped-champ-abuzz-mauvy,6,False,True
mauzy,slate-corny-gaped-champ-abuzz-mauzy,6,False,True
maven,slate-raced-homed-maven,4,True,True
mavie,slate-garbo-cumin-makie-mavie,5,False,True
mavin,slate-corny-denim-gamin-mavin,5,False,True
mavis,slate-oasis-mavis,3,True,True
mawed,slate-raced-funky-wedge-jawed-pawed-abmho-mawed,8,False,False
mawks,slate-oasis-brink-champ-kamas-mawks,6,False,True
mawky,slate-corny-gaped-champ-abuzz-mawky,6,False,True
mawla,slate-colin-grump-madly-mawla,5,False,True
mawns,slate-oasis-brink-adapt-yawns-afizz-jawns-mawns,8,False,False
mawps,slate-oasis-brink-apace-vamps-mawps,6,False,True
mawrs,slate-oasis-brink-whims-mawrs,5,False,True
maxed,slate-raced-funky-wedge-depth-maxed,6,True,True
maxes,slate-wiper-casks-gamed-mazes-aband-maxes,7,False,False
maxim,slate-corny-mamba-maxim,4,True,True
maxis,slate-oasis-mavis-ankhs-maxis,5,False,True
mayan,slate-corny-mayan,3,True,True
mayas,slate-oasis-brink-apace-mamas-azygy-mayas,7,False,False
maybe,slate-garbo-maybe,3,True,True
mayed,slate-raced-funky-bayed-payed-abmho-mayed,7,False,False
mayor,slate-corny-mayor,3,True,True
mayos,slate-oasis-nymph-mayos,4,False,True
mayst,slate-antsy-mayst,3,False,True
mazac,slate-corny-acrid-macaw-mazac,5,False,True
mazak,slate-corny-mamba-afizz-mazak,5,False,True
mazar,slate-corny-rabid-gazar-mazar,5,False,True
mazas,slate-oasis-brink-apace-mamas-azygy-mazas,7,False,False
mazed,slate-raced-funky-wedge-depth-maxed-mazed,7,False,False
mazel,slate-rangy-lymph-mazel,4,True,True
mazer,slate-raced-pygmy-harem-maker-mazer,6,False,True
mazes,slate-wiper-casks-gamed-mazes,5,True,True
mazet,slate-treed-acing-matey-mazet,5,False,True
mazey,slate-raced-homed-maven-mazey,5,False,True
mazut,slate-tarot-dough-kaput-mazut,5,False,True
mbari,slate-churn-abide-mbari,4,False,True
mbars,slate-curbs-aglow-brass-kbars-mbars,6,False,True
mbila,slate-colin-derby-abaka-mbila,5,False,True
mbira,slate-corny-rabid-briar-mbira,5,False,True
mbret,slate-titer-aerie-abaca-mbret,5,False,True
mbube,slate-groin-decaf-queue-mbube,5,False,True
mbuga,slate-corny-mamba-mbuga,4,False,True
meads,slate-rebid-heads-meads,4,True,True
meake,slate-prick-about-knave-meake,5,False,True
meaks,slate-rebid-bumps-means-meaks,5,False,True
meals,slate-ahold-meals,3,True,True
mealy,slate-leery-mealy,3,True,True
meane,slate-prick-mewed-meane,4,False,True
means,slate-rebid-bumps-means,4,True,True
meant,slate-bench-meant,3,True,True
meany,slate-hardy-baken-meany,4,False,True
meare,slate-prick-aware-deare-abmho-meare,6,False,True
mease,slate-beech-abamp-mease,4,False,True
meath,slate-homed-meath,3,False,True
meats,slate-thumb-meats,3,True,True
meaty,slate-homed-meaty,3,True,True
mebbe,slate-groin-decaf-peeve-abbas-mebbe,6,False,True
mebos,slate-roses-dumpy-omens-mebos,5,False,True
mecca,slate-raced-mecca,3,True,True
mecha,slate-raced-mecca-mecha,4,False,True
mechs,slate-roses-punch-chefs-abmho-mechs,6,False,True
mecks,slate-roses-punch-becks-decks-afoam-mecks,7,False,False
mecum,slate-diner-whomp-accas-mecum,5,False,True
medal,slate-rangy-medal,3,True,True
media,slate-raced-media,3,True,True
medic,slate-diner-medic,3,True,True
medii,slate-diner-medic-medii,4,False,True
medin,slate-diner-medin,3,False,True
medle,slate-bingo-armed-medle,4,False,True
meech,slate-diner-whomp-meech,4,False,True
meeds,slate-roses-punch-defog-weeds-meeds,6,False,True
meeja,slate-raced-venom-gemma-ackee-meeja,6,False,True
meeps,slate-roses-punch-aback-jeeps-weeps-degum-meeps,8,False,False
meers,slate-roses-being-jeeps-veers-adeem-meers,7,False,False
meets,slate-trips-vined-beets-meets,5,True,True
meffs,slate-roses-punch-defog-jeffs-meffs,6,False,True
meids,slate-roses-punch-defog-weeds-meids,6,False,True
meiko,slate-diner-habit-emoji-meiko,5,False,True
meils,slate-oiler-exalt-veils-ached-meils,6,False,True
meins,slate-roses-punch-abide-veins-meins,6,False,True
meint,slate-titer-denim-meint,4,False,True
meiny,slate-diner-baggy-veiny-meiny,5,False,True
meism,slate-roses-newsy-pepsi-deism-meism,6,False,True
meith,slate-pinch-meith,3,False,True
mekka,slate-raced-venom-gemma-ackee-mekka,6,False,True
melam,slate-rangy-medal-melam,4,False,True
melas,slate-lambs-melas,3,False,True
melba,slate-rangy-medal-melba,4,False,True
melch,slate-oiler-janky-belch-flimp-melch,6,False,True
melds,slate-oiler-psych-bells-dawgs-melds,6,False,True
melee,slate-bingo-armed-melee,4,True,True
meles,slate-oiler-mules-meles,4,False,True
melic,slate-oiler-helix-flack-melic,5,False,True
melik,slate-oiler-helix-flack-melik,5,False,True
mells,slate-oiler-psych-bells-wells-dumka-mells,7,False,False
meloe,slate-bingo-ahold-loupe-kyloe-meloe,6,False,True
melon,slate-oiler-combo-melon,4,True,True
melos,slate-oiler-aahed-melos,4,False,True
melts,slate-balmy-melts,3,True,True
melty,slate-lefty-melty,3,True,True
memes,slate-roses-denim-femme-memes,5,False,True
memic,slate-diner-habit-equip-femic-memic,6,False,True
memos,slate-roses-dumpy-memos,4,True,True
menad,slate-raced-aback-adhan-menad,5,False,True
mence,slate-groin-cheep-fence-mence,5,False,True
mends,slate-roses-punch-bends-advew-fends-mends,7,False,False
mened,slate-diner-botch-awmry-mened,5,False,True
menes,slate-roses-denim-menes,4,False,True
menge,slate-groin-nudge-hawms-menge,5,False,True
mengs,slate-roses-punch-bends-abrim-mengs,6,False,True
menil,slate-oiler-devil-bezil-menil,5,False,True
mensa,slate-wiper-bands-mensa,4,True,True
mense,slate-group-dense-cense-mense,5,False,True
mensh,slate-roses-newsy-mensh,4,False,True
menta,slate-earth-amnic-menta,4,False,True
mento,slate-pinch-bento-mento,4,False,True
ments,slate-trips-vined-cents-gents-abmho-ments,7,False,False
menus,slate-roses-punch-genus-menus,5,True,True
meous,slate-roses-dumpy-meous,4,False,True
meows,slate-roses-dumpy-omens-mebos-meows,6,False,True
merch,slate-diner-myrrh-merch,4,True,True
mercs,slate-roses-being-jeeps-herds-mawky-mercs,7,False,False
mercy,slate-diner-myrrh-mercy,4,True,True
merde,slate-groin-curvy-berme-merde,5,False,True
merds,slate-roses-being-jeeps-herds-merds,6,False,True
mered,slate-diner-befog-amuck-mered,5,False,True
merel,slate-oiler-pubic-revel-kerel-merel,6,False,True
merer,slate-diner-whomp-ember-merer,5,False,True
meres,slate-roses-ficus-heres-peres-badam-meres,7,False,False
merge,slate-groin-album-merge,4,True,True
meril,slate-oiler-peril-meril,4,False,True
meris,slate-roses-being-meris,4,False,True
merit,slate-titer-amman-merit,4,True,True
merks,slate-roses-being-jeeps-herds-mawky-merks,7,False,False
merle,slate-bingo-armed-merle,4,True,True
merls,slate-oiler-reels-abamp-merls,5,False,True
merry,slate-diner-myrrh-merry,4,True,True
merse,slate-group-rinse-verse-herse-merse,6,False,True
mersk,slate-roses-fresh-mersk,4,False,True
mesad,slate-wiper-bands-mesad,4,False,True
mesal,slate-lambs-mesal,3,False,True
mesas,slate-wiper-bands-vegas-mesas,5,False,True
mesca,slate-wiper-bands-essay-mesca,5,False,True
mesel,slate-oiler-mungy-mesel,4,False,True
mesem,slate-roses-album-mesem,4,False,True
meses,slate-roses-album-meses,4,False,True
meshy,slate-roses-pesky-meshy,4,True,True
mesia,slate-wiper-aegis-mesia,4,False,True
mesic,slate-roses-pesky-deshi-mesic,5,False,True
mesne,slate-group-dense-mesne,4,False,True
meson,slate-roses-besom-meson,4,False,True
messy,slate-roses-messy,3,True,True
mesto,slate-trips-zesty-mesto,4,False,True
mesyl,slate-oiler-depth-feels-mesyl,5,False,True
metal,slate-paler-fetal-metal,4,True,True
metas,slate-dater-abeng-makaf-metas,5,False,True
meted,slate-titer-donut-feted-meted,5,True,True
meteg,slate-titer-donut-meteg,4,False,True
metel,slate-enter-betel-metel,4,False,True
meter,slate-titer-mound-meter,4,True,True
metes,slate-hurst-timon-metes,4,False,True
methi,slate-titer-fetid-methi,4,False,True
metho,slate-titer-abhor-metho,4,False,True
meths,slate-hurst-ethos-techs-beths-meths,6,False,True
methy,slate-titer-abhor-fetch-methy,5,False,True
metic,slate-titer-fetid-metic,4,False,True
metif,slate-titer-fetid-metif,4,False,True
metis,slate-hurst-timon-items-metis,5,False,True
metol,slate-enter-letup-acock-metol,5,False,True
metre,slate-chirp-acton-metre,4,True,True
metro,slate-titer-barry-metro,4,True,True
metta,slate-earth-amnic-metta,4,False,True
meums,slate-roses-punch-feuds-agama-meums,6,False,True
meuse,slate-group-unsee-meuse,4,False,True
meved,slate-diner-moped-mewed-meved,5,False,True
meves,slate-roses-denim-femme-meves,5,False,True
mewed,slate-diner-moped-mewed,4,True,True
mewls,slate-oiler-depth-feels-mewls,5,False,True
meynt,slate-titer-bacon-event-meynt,5,False,True
mezes,slate-roses-denim-femme-meves-mezes,6,False,True
mezza,slate-raced-venom-gemma-ackee-mezza,6,False,True
mezze,slate-groin-decaf-peeve-abbas-mezze,6,False,True
mezzo,slate-diner-whomp-mezzo,4,True,True
mgals,slate-doing-abamp-mgals,4,False,True
mhorr,slate-crony-fjord-aduki-mhorr,5,False,True
miais,slate-curbs-acing-aboma-miais,5,False,True
miaou,slate-churn-acing-umami-miaou,5,False,True
miaow,slate-churn-foamy-imago-miaow,5,False,True
miasm,slate-curbs-awash-miasm,4,False,True
miaul,slate-corgi-avail-miaul,4,False,True
micas,slate-oasis-aback-champ-micas,5,False,True
miche,slate-groin-dumps-chime-miche,5,False,True
michi,slate-crony-aback-mimic-michi,5,False,True
micht,slate-rhino-witty-fight-dicht-micht,6,False,True
micks,slate-mochi-micks,3,False,True
micky,slate-crony-humid-micky,4,True,True
micos,slate-mochi-micos,3,False,True
micra,slate-corny-vicar-micra,4,False,True
micro,slate-crony-abhor-micro,4,True,True
middy,slate-crony-dumps-middy,4,False,True
midge,slate-groin-beige-midge,4,True,True
midgy,slate-crony-dumps-middy-midgy,5,False,True
midis,slate-mochi-abuse-minds-midis,5,False,True
midst,slate-trout-aimed-midst,4,True,True
miens,slate-roses-punch-abide-abeam-miens,6,False,True
mieux,slate-diner-aevum-mieux,4,False,True
mieve,slate-groin-dumps-chime-mieve,5,False,True
miffs,slate-mochi-abuse-minds-kirri-miffs,6,False,True
miffy,slate-crony-dumps-afizz-miffy,5,False,True
mifty,slate-irony-dwarf-fifty-mifty,5,False,True
miggs,slate-mochi-abuse-minds-kirri-miffs-miggs,7,False,False
might,slate-rhino-witty-fight-might,5,True,True
migma,slate-corny-mamba-migma,4,False,True
migod,slate-crony-bipod-migod,4,False,True
mihas,slate-oasis-aback-minas-mihas,5,False,True
mihis,slate-mochi-mihis,3,False,True
mikan,slate-corny-denim-anima-mikan,5,False,True
miked,slate-diner-biped-hakim-miked,5,True,True
mikes,slate-roses-denim-mikes,4,True,True
mikos,slate-mochi-andro-mikos,4,False,True
mikra,slate-corny-rabid-prima-mikra,5,False,True
mikva,slate-corny-mamba-acing-mikva,5,False,True
milch,slate-dilly-befog-zilch-abamp-milch,6,False,True
milds,slate-lucid-idols-wilds-gilds-milds,6,False,True
miler,slate-oiler-miler,3,True,True
miles,slate-oiler-frump-miles,4,True,True
milfs,slate-lucid-morph-mills-milfs,5,False,True
milia,slate-colin-valid-adsum-milia,5,False,True
milko,slate-dilly-befog-wilco-milko,5,False,True
milks,slate-lucid-morph-mills-milfs-milks,6,False,True
milky,slate-dilly-milky,3,True,True
mille,slate-bingo-alarm-mille,4,True,True
mills,slate-lucid-morph-mills,4,True,True
milly,slate-dilly-wharf-album-milly,5,True,True
milor,slate-dilly-befog-aborn-milor,5,False,True
milos,slate-lucid-morph-milos,4,False,True
milpa,slate-colin-afire-villa-agama-milpa,6,False,True
milts,slate-bolus-hilts-tilts-gawks-emoji-milts,7,False,False
milty,slate-achoo-kelly-milty,4,False,True
miltz,slate-achoo-kelly-miltz,4,False,True
mimed,slate-diner-biped-hakim-mimed,5,True,True
mimeo,slate-diner-bicep-aevum-mimeo,5,False,True
mimer,slate-diner-phlox-befog-river-mimer,6,False,True
mimes,slate-roses-denim-mikes-mixes-mimes,6,False,True
mimic,slate-crony-aback-mimic,4,True,True
mimis,slate-mochi-abuse-minds-kirri-mimis,6,False,True
mimsy,slate-mochi-abuse-missy-mimsy,5,False,True
minae,slate-garbo-anime-minae,4,False,True
minar,slate-corny-aboil-dinar-minar,5,False,True
minas,slate-oasis-aback-minas,4,True,True
mince,slate-groin-chemo-mince,4,True,True
mincy,slate-crony-nicky-mincy,4,False,True
mindi,slate-crony-unhip-aband-mindi,5,False,True
minds,slate-mochi-abuse-minds,4,True,True
mined,slate-diner-frump-mined,4,True,True
miner,slate-diner-finer-miner,4,True,True
mines,slate-roses-denim-mines,4,True,True
minge,slate-groin-binge-hinge-amped-minge,6,False,True
mingi,slate-crony-unhip-aband-mingi,5,False,True
mings,slate-mochi-abuse-minds-aegis-mings,6,False,True
mingy,slate-crony-pudge-bawks-mingy,5,False,True
minim,slate-crony-unhip-minim,4,True,True
minis,slate-mochi-abuse-minds-aegis-minis,6,False,True
minke,slate-groin-chemo-imine-minke,5,False,True
minks,slate-mochi-abuse-minds-aegis-minks,6,False,True
minny,slate-crony-bicep-agave-ninny-abmho-minny,7,False,False
minor,slate-crony-demon-minor,4,True,True
minos,slate-mochi-andro-minos,4,False,True
minse,slate-group-dense-minse,4,False,True
mints,slate-grimy-actin-mints,4,True,True
minty,slate-irony-afire-minty,4,True,True
minus,slate-mochi-abuse-minus,4,True,True
minxy,slate-crony-pudge-kinky-minxy,5,False,True
miraa,slate-corny-fluke-parma-miraa,5,False,True
mirah,slate-corny-fluke-parma-ahead-mirah,6,False,True
mirch,slate-crony-birch-mirch,4,False,True
mired,slate-diner-wharf-mired,4,True,True
mires,slate-roses-ficus-hires-wires-mires,6,False,True
mirex,slate-diner-abmho-mirex,4,False,True
mirid,slate-crony-ahead-rigid-mirid,5,False,True
mirin,slate-crony-abide-mirin,4,True,True
mirkn,slate-crony-abide-mirin-mirkn,5,False,True
mirks,slate-mochi-abuse-minds-kirri-mirks,6,False,True
mirky,slate-crony-midge-mirky,4,False,True
mirls,slate-lucid-morph-mirls,4,False,True
mirly,slate-dilly-girly-mirly,4,False,True
miros,slate-mochi-andro-miros,4,False,True
mirrl,slate-dilly-acing-limbo-mirrl,5,False,True
mirrs,slate-mochi-abuse-minds-kirri-mirrs,6,False,True
mirth,slate-irony-befog-mirth,4,True,True
mirvs,slate-mochi-abuse-minds-kirri-mirvs,6,False,True
mirza,slate-corny-fluke-parma-mirza,5,False,True
misal,slate-basis-misal,3,False,True
misch,slate-mochi-misch,3,False,True
misdo,slate-mochi-andro-misdo,4,False,True
miser,slate-roses-wiser-miser,4,True,True
mises,slate-roses-album-meses-mises,5,False,True
misgo,slate-mochi-andro-misgo,4,False,True
misky,slate-mochi-abuse-minds-misky,5,False,True
misls,slate-lucid-morph-mills-misls,5,False,True
misos,slate-mochi-andro-mikos-misos,5,False,True
missa,slate-oasis-assai-missa,4,False,True
missy,slate-mochi-abuse-missy,4,True,True
misto,slate-grimy-actin-mists-misto,5,False,True
mists,slate-grimy-actin-mists,4,True,True
misty,slate-grimy-misty,3,True,True
mitas,slate-antsy-bebop-maths-mitas,5,False,True
mitch,slate-rhino-witty-hoped-fitch-mitch,6,True,True
miter,slate-titer-miter,3,True,True
mites,slate-hurst-timon-mites,4,True,True
mitey,slate-titer-cited-abamp-mitey,5,False,True
mitie,slate-chirp-tinge-abrim-mitie,5,False,True
mitis,slate-trout-abase-myths-mitis,5,False,True
mitre,slate-chirp-mitre,3,True,True
mitry,slate-rhino-fruit-mitry,4,False,True
mitta,slate-carny-boobs-agita-abamp-mitta,6,False,True
mitts,slate-grimy-actin-mitts,4,True,True
mivey,slate-diner-bicep-aevum-mivey,5,False,True
mivvy,slate-crony-dumps-afizz-mivvy,5,False,True
mixed,slate-diner-biped-hakim-mimed-mixed,6,True,True
mixen,slate-diner-given-hamza-mixen,5,False,True
mixer,slate-diner-phlox-fixer-mixer,5,True,True
mixes,slate-roses-denim-mikes-mixes,5,True,True
mixie,slate-groin-pixie-dixie-fixie-mixie,6,False,True
mixis,slate-mochi-abuse-minds-kirri-mimis-mixis,7,False,False
mixte,slate-turbo-white-fitte-mixte,5,False,True
mixup,slate-crony-field-mixup,4,True,True
miyas,slate-oasis-aback-minas-mihas-miyas,6,False,True
mizen,slate-diner-given-hamza-mizen,5,False,True
mizes,slate-roses-denim-mikes-mixes-mimes-mizes,7,False,False
mizzy,slate-crony-dumps-afizz-mizzy,5,False,True
mmkay,slate-corny-gaped-byway-kikay-mmkay,6,False,True
mneme,slate-groin-cheep-abamp-mneme,5,False,True
moais,slate-curbs-acing-aboma-moais,5,False,True
moaky,slate-churn-foamy-moaky,4,False,True
moals,slate-doing-coals-foals-moals,5,False,True
moana,slate-churn-piano-abamp-moana,5,False,True
moans,slate-curbs-acing-moans,4,True,True
moany,slate-churn-piano-abamp-moany,5,False,True
moars,slate-curbs-dowse-roams-moars,5,False,True
moats,slate-combe-moats,3,True,True
mobby,slate-crony-badge-hobby-abamp-mobby,6,False,True
mobed,slate-diner-moped-above-mobed,5,False,True
mobee,slate-groin-blush-combe-mobee,5,False,True
mobes,slate-roses-munch-modes-moves-bumph-mobes,7,False,False
mobey,slate-diner-chomp-mobey,4,False,True
mobie,slate-groin-mauve-moxie-ablow-mobie,6,False,True
moble,slate-bingo-chord-moble,4,False,True
mobos,slate-mochi-bundy-mobos,4,False,True
mocap,slate-corny-mocha-mocap,4,False,True
mocha,slate-corny-mocha,3,True,True
mochi,slate-crony-bicep-mochi,4,True,True
mochs,slate-mochi-mochs,3,False,True
mochy,slate-crony-bumph-mochy,4,False,True
mocks,slate-mochi-mocks,3,True,True
mocky,slate-crony-bumph-mocky,4,False,True
mocos,slate-mochi-mocks-mocos,4,False,True
mocus,slate-mochi-mocks-mocos-mocus,5,False,True
modal,slate-colin-amour-modal,4,True,True
model,slate-oiler-bawdy-amped-model,5,True,True
modem,slate-diner-moped-modem,4,True,True
moder,slate-diner-odder-coder-moder,5,False,True
modes,slate-roses-munch-modes,4,True,True
modge,slate-groin-dodge-abamp-modge,5,False,True
modii,slate-crony-bipod-abius-modii,5,False,True
modin,slate-crony-bough-mondo-modin,5,False,True
modoc,slate-crony-bicep-vouch-modoc,5,False,True
modom,slate-crony-bipod-modom,4,False,True
modus,slate-mochi-bundy-modus,4,True,True
moeni,slate-diner-baggy-epoch-moeni,5,False,True
moers,slate-roses-doers-abmho-moers,5,False,True
mofos,slate-mochi-bundy-moors-zamak-aflaj-mofos,7,False,False
mogar,slate-corny-moira-mogar,4,False,True
mogas,slate-oasis-comas-angry-mogas,5,False,True
moggy,slate-crony-badge-foggy-moggy,5,False,True
mogos,slate-mochi-bundy-moors-zamak-aflaj-mogos,7,False,False
mogra,slate-corny-moira-mogra,4,False,True
mogue,slate-groin-dodge-vogue-abamp-mogue,6,False,True
mogul,slate-dilly-whang-mogul,4,True,True
mohar,slate-corny-moira-mogar-mohar,5,False,True
mohel,slate-oiler-bawdy-novel-mohel,5,False,True
mohos,slate-mochi-mohos,3,False,True
mohrs,slate-mochi-mohos-mohrs,4,False,True
mohua,slate-corny-gaped-momma-mohua,5,False,True
mohur,slate-crony-furry-rough-mohur,5,False,True
moile,slate-bingo-voile-moile,4,False,True
moils,slate-lucid-morph-moils,4,False,True
moira,slate-corny-moira,3,True,True
moire,slate-groin-moire,3,False,True
moist,slate-trout-champ-moist,4,True,True
moits,slate-grimy-moits,3,False,True
moity,slate-irony-moity,3,False,True
mojos,slate-mochi-bundy-moors-zamak-aflaj-mojos,7,False,False
moker,slate-diner-whomp-acing-mover-moker,6,False,True
mokes,slate-roses-munch-modes-moves-bumph-mokes,7,False,False
mokey,slate-diner-chomp-mobey-mokey,5,False,True
mokis,slate-mochi-mokis,3,False,True
mokky,slate-crony-badge-alpha-mommy-mokky,6,False,True
mokos,slate-mochi-bundy-moors-zamak-mokos,6,False,True
mokus,slate-mochi-bundy-kapur-mokus,5,False,True
molal,slate-colin-alpha-molar-molal,5,False,True
molar,slate-colin-alpha-molar,4,True,True
molas,slate-basis-pulmo-molas,4,False,True
molds,slate-lucid-defog-holds-molds,5,True,True
moldy,slate-dilly-moldy,3,True,True
moled,slate-oiler-ditch-poled-aevum-moled,6,False,True
moler,slate-oiler-moler,3,False,True
moles,slate-oiler-camps-moles,4,True,True
moley,slate-oiler-ditch-golem-moley,5,False,True
molie,slate-bingo-voile-louie-famed-molie,6,False,True
molla,slate-colin-alpha-abamp-molla,5,False,True
molle,slate-bingo-ahold-joule-enzym-molle,6,False,True
mollo,slate-dilly-bumph-mollo,4,False,True
molls,slate-lucid-frown-polls-abamp-molls,6,False,True
molly,slate-dilly-laugh-frump-molly,5,True,True
moloi,slate-dilly-capon-igloo-moloi,5,False,True
molos,slate-lucid-frown-polls-bomoh-molos,6,False,True
molto,slate-achoo-lotto-molto,4,False,True
molts,slate-bolus-cajun-volts-thump-molts,6,False,True
molue,slate-bingo-ahold-loupe-molue,5,False,True
molvi,slate-dilly-capon-folio-molvi,5,False,True
molys,slate-lucid-frown-polls-bomoh-molys,6,False,True
momes,slate-roses-munch-modes-moves-bumph-momes,7,False,False
momie,slate-groin-mauve-moxie-ablow-momie,6,False,True
momma,slate-corny-gaped-momma,4,True,True
momme,slate-groin-blush-comme-momme,5,False,True
mommy,slate-crony-badge-alpha-mommy,5,True,True
momos,slate-mochi-bundy-moors-zamak-momos,6,False,True
mompe,slate-groin-blush-comme-mompe,5,False,True
momus,slate-mochi-bundy-kapur-momus,5,False,True
monad,slate-corny-aimed-monad,4,False,True
monal,slate-colin-zonal-monal,4,False,True
monas,slate-oasis-comas-angry-monas,5,False,True
monde,slate-groin-donna-monde,4,True,True
mondo,slate-crony-bough-mondo,4,True,True
moner,slate-diner-aglow-boner-abmho-moner,6,False,True
money,slate-diner-abash-money,4,True,True
mongo,slate-crony-bough-mongo,4,True,True
mongs,slate-mochi-bundy-monks-mongs,5,False,True
monic,slate-crony-ionic-monic,4,False,True
monie,slate-groin-bonie-monie,4,False,True
monks,slate-mochi-bundy-monks,4,True,True
monos,slate-mochi-bundy-monks-mongs-monos,6,False,True
monpe,slate-groin-donna-ponce-monpe,5,False,True
monte,slate-turbo-acing-monte,4,True,True
month,slate-irony-month,3,True,True
monty,slate-irony-jimpy-monty,4,False,True
moobs,slate-mochi-bundy-mobos-moobs,5,False,True
mooch,slate-crony-amped-mooch,4,True,True
moods,slate-mochi-bundy-moods,4,True,True
moody,slate-crony-dough-moody,4,True,True
mooed,slate-diner-moped-above-mooed,5,True,True
mooey,slate-diner-chomp-mooey,4,False,True
mooks,slate-mochi-bundy-moors-mooks,5,False,True
moola,slate-colin-amour-moola,4,False,True
mooli,slate-dilly-chili-ambos-mooli,5,False,True
mools,slate-lucid-frown-pools-abamp-mools,6,False,True
mooly,slate-dilly-bowed-coyly-chomp-mooly,6,False,True
moong,slate-crony-gimps-moong,4,False,True
mooni,slate-crony-gimps-mooni,4,False,True
moons,slate-mochi-bundy-moons,4,True,True
moony,slate-crony-phony-moony,4,True,True
moops,slate-mochi-bundy-moors-mooks-moops,6,False,True
moors,slate-mochi-bundy-moors,4,True,True
moory,slate-crony-ivory-goory-moory,5,False,True
moose,slate-group-ancho-moose,4,True,True
mooth,slate-irony-bloop-tooth-mooth,5,False,True
moots,slate-grimy-mutts-moots,4,False,True
moove,slate-groin-aback-pheme-moove,5,False,True
moped,slate-diner-moped,3,True,True
moper,slate-diner-whomp-moper,4,True,True
mopes,slate-roses-munch-modes-moves-bumph-mopes,7,False,False
mopey,slate-diner-chomp-mopey,4,True,True
moppy,slate-crony-badge-alpha-poppy-moppy,6,False,True
mopsy,slate-mochi-bundy-mossy-mopsy,5,False,True
mopus,slate-mochi-bundy-kapur-mopus,5,False,True
morae,slate-garbo-morae,3,False,True
morah,slate-corny-borax-hadji-morah,5,False,True
moral,slate-colin-amour-moral,4,True,True
moran,slate-corny-koran-moran,4,False,True
moras,slate-oasis-comas-angry-moras,5,False,True
morat,slate-tarot-korat-morat,4,False,True
moray,slate-corny-foray-moray,4,True,True
moree,slate-groin-boric-horde-abamp-moree,6,False,True
morel,slate-oiler-morel,3,True,True
mores,slate-roses-aback-pores-fudgy-mores,6,False,True
morgy,slate-crony-dowry-porky-aargh-morgy,6,False,True
moria,slate-corny-borax-fermi-moria,5,False,True
morin,slate-crony-demon-mourn-morin,5,False,True
mormo,slate-crony-furry-morph-mormo,5,False,True
morna,slate-corny-borna-morna,4,False,True
morne,slate-groin-borne-morne,4,False,True
morns,slate-mochi-bundy-moons-morns,5,False,True
moron,slate-crony-demon-moron,4,True,True
moror,slate-crony-furry-moror,4,False,True
morph,slate-crony-furry-morph,4,True,True
morra,slate-corny-borax-fermi-morra,5,False,True
morro,slate-crony-furry-zorro-morro,5,False,True
morse,slate-group-awash-morse,4,True,True
morts,slate-grimy-morts,3,False,True
moruk,slate-crony-furry-aback-moruk,5,False,True
mosed,slate-roses-nymph-mosed,4,False,True
moses,slate-roses-nymph-moses,4,True,True
mosey,slate-roses-nymph-mosey,4,True,True
mosks,slate-mochi-bundy-moors-mosks,5,False,True
mosso,slate-mochi-bundy-moors-mosso,5,False,True
mossy,slate-mochi-bundy-mossy,4,True,True
moste,slate-piste-begum-moste,4,False,True
mosto,slate-grimy-mutts-mosto,4,False,True
mosts,slate-grimy-mutts-moots-mosts,5,False,True
moted,slate-titer-donut-voted-abamp-moted,6,False,True
motel,slate-enter-abhor-motel,4,True,True
moten,slate-titer-donut-hoten-moten,5,False,True
motes,slate-hurst-timon-motes,4,False,True
motet,slate-titer-octet-motet,4,False,True
motey,slate-titer-donut-abaht-motey,5,False,True
moths,slate-trout-goths-moths,4,True,True
mothy,slate-rhino-acute-abamp-mothy,5,False,True
motif,slate-rhino-oomph-motif,4,True,True
motis,slate-trout-goths-abaci-motis,5,False,True
moton,slate-rhino-donut-moton,4,False,True
motor,slate-rhino-tromp-motor,4,True,True
motte,slate-turbo-acing-emote-motte,5,False,True
motto,slate-irony-ached-motto,4,True,True
motts,slate-grimy-mutts-motts,4,False,True
motty,slate-irony-acted-potty-thumb-motty,6,False,True
motus,slate-trout-motus,3,False,True
motza,slate-tarot-moany-motza,4,False,True
mouch,slate-crony-bicep-vouch-gouch-mouch,6,False,True
moues,slate-roses-munch-moues,4,False,True
moufs,slate-mochi-bundy-kapur-moufs,5,False,True
mould,slate-dilly-amuck-mould,4,True,True
moule,slate-bingo-ahold-joule-cramp-moule,6,False,True
mouls,slate-lucid-bolus-fouls-aborn-mouls,6,False,True
moult,slate-grout-moult,3,True,True
mouly,slate-dilly-bowed-coyly-chomp-mouly,6,False,True
mound,slate-crony-bodhi-frump-mound,5,True,True
mount,slate-rhino-amuck-mount,4,True,True
moups,slate-mochi-bundy-kapur-moups,5,False,True
mourn,slate-crony-demon-mourn,4,True,True
mouse,slate-group-homed-mouse,4,True,True
moust,slate-trout-joust-moust,4,False,True
mousy,slate-mochi-bundy-mousy,4,True,True
mouth,slate-irony-ached-mouth,4,True,True
moved,slate-diner-moped-above-moved,5,True,True
mover,slate-diner-whomp-acing-mover,5,True,True
moves,slate-roses-munch-modes-moves,5,True,True
movie,slate-groin-mauve-movie,4,True,True
mowas,slate-oasis-comas-angry-mowas,5,False,True
mowed,slate-diner-moped-above-mowed,5,True,True
mower,slate-diner-whomp-mower,4,True,True
mowie,slate-groin-mauve-moxie-ablow-mowie,6,False,True
mowra,slate-corny-moira-mogra-mowra,5,False,True
moxas,slate-oasis-comas-angry-mowas-moxas,6,False,True
moxie,slate-groin-mauve-moxie,4,True,True
moyas,slate-oasis-comas-angry-moyas,5,False,True
moyle,slate-bingo-ahold-joule-enzym-moyle,6,False,True
moyls,slate-lucid-frown-polls-kohls-moyls,6,False,True
mozed,slate-diner-moped-above-mowed-mozed,6,False,True
mozes,slate-roses-munch-modes-moves-bumph-mokes-mozes,8,False,False
mozos,slate-mochi-bundy-moors-zamak-mozos,6,False,True
mpret,slate-titer-aerie-abaca-mpret,5,False,True
mrads,slate-curbs-dowse-grads-mrads,5,False,True
msasa,slate-curbs-awash-msasa,4,False,True
mtepe,slate-chirp-tepee-mtepe,4,False,True
mucho,slate-crony-bicep-jocko-mucho,5,False,True
mucic,slate-crony-aback-mimic-mucic,5,False,True
mucid,slate-crony-aback-mimic-mucid,5,False,True
mucin,slate-crony-blimp-mucin,4,False,True
mucko,slate-crony-bicep-jocko-mucko,5,False,True
mucks,slate-mochi-mucus-mucks,4,False,True
mucky,slate-crony-humid-mucky,4,True,True
mucor,slate-crony-abhor-mucor,4,False,True
mucro,slate-crony-abhor-micro-mucro,5,False,True
mucus,slate-mochi-mucus,3,True,True
mudar,slate-corny-rabid-aapas-mudar,5,False,True
muddy,slate-crony-dumps-muddy,4,True,True
mudge,slate-groin-awful-banjo-pudge-mudge,6,False,True
mudif,slate-crony-field-mudif,4,False,True
mudim,slate-crony-field-mudim,4,False,True
mudir,slate-crony-ahead-aalii-mudir,5,False,True
mudra,slate-corny-rabid-aapas-mudra,5,False,True
muffs,slate-mochi-musky-mumps-grand-muffs,6,False,True
muffy,slate-crony-dumps-muggy-muffy,5,False,True
mufti,slate-irony-ached-tutti-mufti,5,False,True
mugga,slate-corny-mamba-acing-mugga,5,False,True
muggs,slate-mochi-musky-mumps-grand-muggs,6,False,True
muggy,slate-crony-dumps-muggy,4,True,True
mugho,slate-crony-bipod-hokum-mugho,5,False,True
mugil,slate-dilly-acorn-pupil-fuzil-mugil,6,False,True
mugos,slate-mochi-gluon-mugos,4,False,True
muhly,slate-dilly-bowed-curly-fugly-muhly,6,False,True
muids,slate-mochi-abuse-minus-muids,5,False,True
muils,slate-lucid-gusli-muils,4,False,True
muirs,slate-mochi-abuse-minus-muids-muirs,6,False,True
muiry,slate-crony-midge-muiry,4,False,True
muist,slate-trout-agism-muist,4,False,True
mujik,slate-crony-field-whizz-agrum-mujik,6,False,True
mukim,slate-crony-field-whizz-agrum-mukim,6,False,True
mukti,slate-irony-ached-tutti-mufti-mukti,6,False,True
mulai,slate-colin-afire-villa-adapt-mulai,6,False,True
mulch,slate-dilly-argon-mulch,4,True,True
mulct,slate-grout-abide-mulct,4,False,True
muled,slate-oiler-julep-abysm-muled,5,False,True
mules,slate-oiler-mules,3,True,True
muley,slate-oiler-julep-abysm-muley,5,False,True
mulga,slate-colin-madly-mulga,4,False,True
mulie,slate-bingo-beech-kylie-mulie,5,False,True
mulla,slate-colin-madly-mulla,4,False,True
mulls,slate-lucid-bebop-gulls-hulls-enmew-mulls,7,False,False
mulse,slate-abode-pulse-mulse,4,False,True
mulsh,slate-lucid-bebop-gulls-mulsh,5,False,True
mumbo,slate-crony-bipod-gamma-mumbo,5,True,True
mumms,slate-mochi-musky-mumps-mumms,5,False,True
mummy,slate-crony-dumps-gayly-mummy,5,True,True
mumph,slate-crony-field-humph-bumph-mumph,6,False,True
mumps,slate-mochi-musky-mumps,4,True,True
mumsy,slate-mochi-musky-mumsy,4,False,True
mumus,slate-mochi-musky-mumps-mumms-mumus,6,False,True
munch,slate-crony-blimp-munch,4,True,True
munds,slate-mochi-musky-mumps-grand-munds,6,False,True
mundu,slate-crony-unhip-aback-mundu,5,False,True
munga,slate-corny-denim-manga-munga,5,False,True
munge,slate-groin-nudge-munge,4,False,True
mungi,slate-crony-unhip-fungi-mungi,5,False,True
mungo,slate-crony-bough-fungo-mungo,5,True,True
mungs,slate-mochi-musky-mumps-grand-mungs,6,False,True
mungy,slate-crony-pudge-abamp-mungy,5,False,True
munia,slate-corny-denim-mania-munia,5,False,True
munis,slate-mochi-abuse-minus-munis,5,False,True
munja,slate-corny-denim-manga-munja,5,False,True
munjs,slate-mochi-musky-mumps-grand-munjs,6,False,True
munts,slate-grimy-mutts-munts,4,False,True
muntu,slate-irony-muntu,3,False,True
muons,slate-mochi-gluon-muons,4,False,True
mural,slate-colin-grump-mural,4,True,True
muras,slate-oasis-anger-mardy-muras,5,False,True
mured,slate-diner-befog-acres-erred-abamp-mured,7,False,False
mures,slate-roses-ficus-urges-amped-mures,6,False,True
murex,slate-diner-creek-borty-murex,5,False,True
murgh,slate-crony-ahead-burgh-murgh,5,False,True
murgi,slate-crony-ahead-quirk-burfi-murgi,6,False,True
murid,slate-crony-ahead-rigid-murid,5,False,True
murks,slate-mochi-musky-murks,4,False,True
murky,slate-crony-midge-murky,4,True,True
murls,slate-lucid-bebop-gulls-fanum-murls,6,False,True
murly,slate-dilly-bowed-curly-aargh-murly,6,False,True
murra,slate-corny-fluke-padam-murra,5,False,True
murre,slate-groin-curvy-puree-akara-murre,6,False,True
murri,slate-crony-ahead-quirk-murri,5,False,True
murrs,slate-mochi-musky-mumps-grand-murrs,6,False,True
murry,slate-crony-midge-murky-murry,5,False,True
murth,slate-irony-furth-murth,4,False,True
murti,slate-irony-befog-mirth-murti,5,False,True
muruk,slate-crony-ahead-quirk-muruk,5,False,True
murva,slate-corny-fluke-padam-murra-murva,6,False,True
musar,slate-oasis-unsay-musar,4,False,True
musca,slate-oasis-unsay-aargh-musca,5,False,True
mused,slate-roses-album-mused,4,True,True
musee,slate-group-unsee-fusee-musee,5,False,True
muser,slate-roses-wiser-muser,4,False,True
muses,slate-roses-album-muses,4,True,True
muset,slate-hurst-muset,3,False,True
musha,slate-oasis-unsay-aargh-musha,5,False,True
mushy,slate-mochi-mushy,3,True,True
music,slate-mochi-music,3,True,True
musit,slate-trout-agism-musit,4,False,True
musks,slate-mochi-musky-musks,4,False,True
musky,slate-mochi-musky,3,True,True
musos,slate-mochi-gluon-musos,4,False,True
musse,slate-group-unsee-musse,4,False,True
mussy,slate-mochi-musky-mussy,4,False,True
musta,slate-nymph-marts-musta,4,False,True
musth,slate-grimy-mutts-musth,4,False,True
musts,slate-grimy-mutts-munts-musts,5,False,True
musty,slate-grimy-musty,3,True,True
mutas,slate-antsy-bebop-maths-mitas-mutas,6,False,True
mutch,slate-rhino-abled-hutch-acmic-mutch,6,False,True
muted,slate-titer-donut-muted,4,True,True
muter,slate-titer-mound-muter,4,False,True
mutes,slate-hurst-actin-mutes,4,True,True
mutha,slate-tarot-ached-hutia-mutha,5,False,True
mutic,slate-rhino-sized-cubit-mutic,5,False,True
mutis,slate-trout-gutsy-aback-mutis,5,False,True
muton,slate-rhino-donut-futon-muton,5,False,True
mutti,slate-irony-ached-tutti-mutti,5,False,True
mutts,slate-grimy-mutts,3,True,True
mutum,slate-rhino-aback-tummy-mutum,5,False,True
muvva,slate-corny-mamba-acing-muvva,5,False,True
muxed,slate-diner-moped-mewed-muxed,5,False,True
muxes,slate-roses-denim-fumes-muxes,5,False,True
muzak,slate-corny-mamba-muzak,4,False,True
muzzy,slate-crony-dumps-muggy-muffy-muzzy,6,False,True
mvula,slate-colin-grump-aahed-mvula,5,False,True
mvule,slate-bingo-armed-emule-mvule,5,False,True
mvuli,slate-dilly-chili-ambos-mvuli,5,False,True
myall,slate-corgi-qualm-myall,4,False,True
myals,slate-doing-psalm-myals,4,False,True
mylar,slate-colin-madly-mylar,4,False,True
mynah,slate-corny-mayan-mynah,4,False,True
mynas,slate-oasis-anger-abamp-mynas,5,False,True
myoid,slate-crony-abamp-myoid,4,False,True
myoma,slate-corny-bayou-aargh-myoma,5,False,True
myons,slate-mochi-gluon-myons,4,False,True
myope,slate-groin-aback-pheme-myope,5,False,True
myops,slate-mochi-gluon-myops,4,False,True
myopy,slate-crony-dough-myopy,4,False,True
myrrh,slate-crony-myrrh,3,True,True
mysid,slate-mochi-abuse-minds-mysid,5,False,True
mysie,slate-group-dense-mysie,4,False,True
mythi,slate-rhino-witty-mythi,4,False,True
myths,slate-trout-abase-myths,4,True,True
mythy,slate-rhino-abled-hutch-mythy,5,False,True
myxos,slate-mochi-gluon-myxos,4,False,True
mzees,slate-roses-denim-fumes-mzees,5,False,True
naams,slate-curbs-acing-abamp-naams,5,False,True
naans,slate-curbs-acing-moans-aapas-naans,6,False,True
naats,slate-combe-whats-ridgy-naats,5,False,True
nabam,slate-corny-denim-unjam-nabam,5,False,True
nabby,slate-corny-dough-nappy-above-nabby,6,False,True
nabes,slate-wiper-casks-gamed-abash-babes-nabes,7,False,False
nabis,slate-oasis-mavis-nazis-nabis,5,False,True
nabks,slate-oasis-brink-nabks,4,False,True
nabla,slate-colin-larva-nabla,4,False,True
nabob,slate-corny-badge-nabob,4,True,True
nache,slate-garbo-cumin-dance-nache,5,False,True
nacho,slate-corny-abbot-nacho,4,True,True
nacre,slate-garbo-camps-rance-nacre,5,False,True
nadas,slate-oasis-brink-glyph-wands-nadas,6,False,True
nadir,slate-corny-aboil-nadir,4,True,True
naeve,slate-garbo-cumin-panna-naeve,5,False,True
naevi,slate-raced-paean-naevi,4,False,True
naffs,slate-oasis-brink-glyph-wands-naffs,6,False,True
nagar,slate-corny-aboil-avgas-nagar,5,False,True
nagas,slate-oasis-brink-glyph-fangs-nagas,6,False,True
nages,slate-wiper-casks-gamed-nages,5,False,True
naggy,slate-corny-dough-mangy-naggy,5,True,True
nagor,slate-corny-odour-manor-nagor,5,False,True
nahal,slate-colin-larva-banal-nahal,5,False,True
naiad,slate-corny-denim-naiad,4,False,True
naibs,slate-oasis-padre-gains-aback-naibs,6,False,True
naice,slate-garbo-cumin-naice,4,False,True
naids,slate-oasis-padre-maids-eking-naids,6,False,True
naieo,slate-raced-homed-oaken-naieo,5,False,True
naifs,slate-oasis-padre-gains-aback-naifs,6,False,True
naiks,slate-oasis-padre-gains-aback-naiks,6,False,True
nails,slate-basis-frown-nails,4,True,True
naily,slate-colin-final-inula-naily,5,False,True
nains,slate-oasis-padre-gains-mains-chawk-fains-nains,8,False,False
naios,slate-oasis-naios,3,False,True
naira,slate-corny-aboil-dinar-aahed-naira,6,False,True
nairu,slate-corny-aboil-dinar-aahed-nairu,6,False,True
naive,slate-garbo-cumin-naive,4,True,True
najib,slate-corny-denim-fagin-najib,5,False,True
nakas,slate-oasis-brink-hanks-nakas,5,False,True
naked,slate-raced-funky-naked,4,True,True
naker,slate-raced-pygmy-forks-baker-adawn-naker,7,False,False
nakfa,slate-corny-denim-pagan-nakfa,5,False,True
nalas,slate-basis-mulch-fowls-gnapi-nalas,6,False,True
naled,slate-rangy-laden-naled,4,False,True
nalla,slate-colin-alway-nalla,4,False,True
namad,slate-corny-denim-aahed-namad,5,False,True
namak,slate-corny-denim-human-namak,5,False,True
namaz,slate-corny-denim-human-namak-namaz,6,False,True
named,slate-raced-funky-named,4,True,True
namer,slate-raced-pygmy-harem-maker-namer,6,False,True
names,slate-wiper-casks-gamed-james-names,6,True,True
namma,slate-corny-denim-human-namma,5,False,True
namus,slate-oasis-brink-glyph-wands-naffs-namus,7,False,False
nanas,slate-oasis-brink-glyph-wands-abamp-nanas,7,False,False
nance,slate-garbo-cumin-dance-nance,5,True,True
nancy,slate-corny-fancy-dancy-nancy,5,False,True
nandu,slate-corny-denim-panda-bandh-nandu,6,False,True
nanna,slate-corny-mixup-wanna-nanna,5,False,True
nanny,slate-corny-admin-nanny,4,True,True
nanos,slate-oasis-nymph-nanos,4,False,True
nante,slate-actor-haute-nizam-nante,5,False,True
nanti,slate-carny-manta-natto-nanti,5,False,True
nanto,slate-carny-manta-natto-nanto,5,False,True
nants,slate-nymph-nants,3,False,True
nanty,slate-carny-natty-nanty,4,False,True
nanua,slate-corny-denim-ganja-nanua,5,False,True
napas,slate-oasis-brink-glyph-napas,5,False,True
naped,slate-raced-funky-named-naped,5,False,True
napes,slate-wiper-aspen-napes,4,False,True
napoh,slate-corny-badge-panko-napoh,5,False,True
napoo,slate-corny-badge-panko-napoo,5,False,True
nappa,slate-corny-denim-pagan-nappa,5,False,True
nappe,slate-garbo-cumin-panna-nappe,5,False,True
nappy,slate-corny-dough-nappy,4,True,True
naras,slate-oasis-brink-banda-naras,5,False,True
narco,slate-corny-narco,3,True,True
narcs,slate-oasis-brink-banda-narcs,5,False,True
nards,slate-oasis-brink-banda-nards,5,False,True
nares,slate-wiper-march-dares-fares-abeng-nares,7,False,False
naric,slate-corny-naric,3,False,True
naris,slate-oasis-mavis-nazis-nabis-naris,6,False,True
narks,slate-oasis-brink-ranks-narks,5,False,True
narky,slate-corny-narky,3,False,True
narod,slate-corny-apron-narod,4,False,True
narra,slate-corny-quran-narra,4,False,True
narre,slate-garbo-capon-narre,4,False,True
nasal,slate-basis-nasal,3,True,True
nashi,slate-oasis-acned-nashi,4,False,True
nasho,slate-oasis-mason-nasho,4,False,True
nasis,slate-oasis-basis-nasis,4,False,True
nason,slate-oasis-mason-bason-nason,5,False,True
nasty,slate-nymph-nasty,3,True,True
nasus,slate-oasis-gecko-wasps-abamp-nasus,6,False,True
natak,slate-tarot-whomp-batik-natak,5,False,True
natal,slate-taint-natal,3,True,True
natch,slate-tarot-whomp-bocce-hatch-gatch-natch,7,False,False
nates,slate-dater-batch-amigo-fates-nappy-nates,7,False,False
natis,slate-antsy-natis,3,False,True
natto,slate-carny-manta-natto,4,False,True
natty,slate-carny-natty,3,True,True
natya,slate-tarot-whomp-batik-natya,5,False,True
nauch,slate-corny-admit-uncap-nauch,5,False,True
naunt,slate-tarot-dough-jaunt-vaunt-maunt-naunt,7,False,False
naval,slate-colin-larva-naval,4,True,True
navar,slate-corny-aboil-avgas-navar,5,False,True
naved,slate-raced-funky-named-naped-naved,6,False,True
navel,slate-rangy-laden-navel,4,True,True
naves,slate-wiper-casks-gamed-abash-faxes-convo-naves,8,False,False
navew,slate-raced-homed-waxen-navew,5,False,True
navvy,slate-corny-dough-nappy-above-navvy,6,False,True
nawab,slate-corny-denim-pagan-nawab,5,False,True
nawal,slate-colin-larva-banal-nahal-nawal,6,False,True
nazar,slate-corny-aboil-avgas-nazar,5,False,True
nazes,slate-wiper-casks-gamed-abash-faxes-convo-nazes,8,False,False
nazir,slate-corny-aboil-nadir-nazir,5,False,True
nazis,slate-oasis-mavis-nazis,4,True,True
nazzy,slate-corny-dough-nappy-above-nazzy,6,False,True
nduja,slate-corny-denim-adhan-nduja,5,False,True
neafe,slate-prick-mewed-heave-feaze-neafe,6,False,True
neals,slate-ahold-meals-reals-abeng-neals,6,False,True
neant,slate-bench-meant-neant,4,False,True
neaps,slate-rebid-bumps-heaps-neaps,5,False,True
nears,slate-rebid-glyph-fears-wears-nears,6,False,True
neath,slate-homed-neath,3,True,True
neato,slate-homed-neato,3,False,True
neats,slate-thumb-feats-aping-neats,5,False,True
nebby,slate-diner-bevel-nebby,4,False,True
nebek,slate-diner-mocks-nebek,4,False,True
nebel,slate-oiler-leech-above-bezel-aband-nebel,7,False,False
neche,slate-groin-cheep-hence-neche,5,False,True
necks,slate-roses-punch-necks,4,True,True
neddy,slate-diner-added-neddy,4,True,True
neebs,slate-roses-punch-abide-neebs,5,False,True
needs,slate-roses-punch-abide-needs,5,True,True
needy,slate-diner-added-needy,4,True,True
neefs,slate-roses-punch-abide-evens-neefs,6,False,True
neeld,slate-oiler-hunky-neeld,4,False,True
neele,slate-bingo-uncle-neele,4,False,True
neemb,slate-diner-bevel-neemb,4,False,True
neems,slate-roses-punch-abide-evens-neefs-neems,7,False,False
neeps,slate-roses-punch-neeps,4,False,True
neese,slate-group-dense-neese,4,False,True
neeze,slate-groin-cheep-abamp-neeze,5,False,True
nefie,slate-groin-indie-aflap-nefie,5,False,True
negri,slate-diner-reign-negri,4,False,True
negro,slate-diner-acorn-negro,4,False,True
negus,slate-roses-punch-nexus-negus,5,False,True
neifs,slate-roses-punch-abide-veins-neifs,6,False,True
neigh,slate-diner-baggy-feign-neigh,5,True,True
neist,slate-hurst-exist-deist-abeng-neist,6,False,True
neive,slate-groin-chemo-knife-vexed-neive,6,False,True
nelia,slate-rangy-abeam-nelia,4,False,True
nelis,slate-oiler-delis-nelis,4,False,True
nelly,slate-oiler-janky-nelly,4,True,True
nemas,slate-wiper-bands-abeam-nemas,5,False,True
nemic,slate-diner-baggy-epoch-nemic,5,False,True
nemns,slate-roses-punch-abide-evens-nemns,6,False,True
nempt,slate-titer-bacon-event-nempt,5,False,True
nenes,slate-roses-denim-genes-abamp-nenes,6,False,True
nenta,slate-earth-amnic-nenta,4,False,True
neons,slate-roses-dumpy-ovens-benji-neons,6,False,True
neosa,slate-wiper-bands-neosa,4,False,True
neoza,slate-raced-venom-neoza,4,False,True
neper,slate-diner-never-newer-neper,5,False,True
nepit,slate-titer-denim-nepit,4,False,True
neral,slate-rangy-neral,3,False,True
neram,slate-raced-blown-arena-neram,5,False,True
nerds,slate-roses-being-nerds,4,True,True
nerdy,slate-diner-nerdy,3,True,True
nerfs,slate-roses-being-nerds-nerfs,5,False,True
nerka,slate-raced-blown-arena-nerka,5,False,True
nerks,slate-roses-being-nerds-nerfs-nerks,6,False,True
nerol,slate-oiler-aecia-nerol,4,False,True
nerts,slate-trips-rents-nerts,4,False,True
nertz,slate-pinch-nertz,3,False,True
nerve,slate-groin-nerve,3,True,True
nervy,slate-diner-acorn-nervy,4,True,True
neski,slate-roses-pesky-neski,4,False,True
nests,slate-trips-vined-nests,4,True,True
nesty,slate-trips-zesty-afanc-nesty,5,False,True
netas,slate-dater-abeng-netas,4,False,True
netes,slate-hurst-timon-etens-netes,5,False,True
netop,slate-titer-abhor-detox-jeton-netop,6,False,True
netta,slate-earth-amnic-netta,4,False,True
netts,slate-trips-vined-nests-botew-netts,6,False,True
netty,slate-pinch-nertz-netty,4,False,True
neuks,slate-roses-punch-nexus-neuks,5,False,True
neume,slate-groin-cheep-venue-jeune-neume,6,False,True
neums,slate-roses-punch-nexus-neuks-neums,6,False,True
nevel,slate-oiler-leech-above-aband-nevel,6,False,True
never,slate-diner-never,3,True,True
neves,slate-roses-denim-neves,4,False,True
nevis,slate-roses-punch-abide-abeam-nevis,6,False,True
nevus,slate-roses-punch-nexus-negus-nevus,6,False,True
nevvy,slate-diner-bevel-nevvy,4,False,True
newbs,slate-roses-punch-abide-neebs-newbs,6,False,True
newed,slate-diner-fudge-kneed-newed,5,False,True
newel,slate-oiler-leech-above-jewel-newel,6,False,True
newer,slate-diner-never-newer,4,True,True
newie,slate-groin-indie-aflap-newie,5,False,True
newly,slate-oiler-hunky-newly,4,True,True
newsy,slate-roses-newsy,3,True,True
newts,slate-trips-vined-nests-botew-newts,6,False,True
nexal,slate-rangy-abeam-nexal,4,False,True
nexin,slate-diner-baggy-epoch-nexin,5,False,True
nexts,slate-trips-vined-nests-botew-nexts,6,False,True
nexum,slate-diner-bevel-peony-nexum,5,False,True
nexus,slate-roses-punch-nexus,4,True,True
ngaio,slate-churn-piano-ngaio,4,False,True
ngaka,slate-churn-piano-ngaka,4,False,True
ngana,slate-churn-piano-abjad-ngana,5,False,True
ngapi,slate-churn-piano-gnapi-ngapi,5,False,True
ngati,slate-aback-wrath-goaty-ngati,5,False,True
ngege,slate-groin-nudge-ngege,4,False,True
ngoma,slate-corny-badge-ngoma,4,False,True
ngoni,slate-crony-gimps-ngoni,4,False,True
ngram,slate-corny-quran-ngram,4,False,True
ngwee,slate-groin-nudge-ngwee,4,False,True
nibby,slate-crony-pudge-kinky-abamp-nibby,6,False,True
nicad,slate-corny-admit-nicad,4,False,True
niced,slate-diner-widen-nixed-niced,5,False,True
nicer,slate-diner-nicer,3,True,True
nicey,slate-diner-given-nicey,4,False,True
niche,slate-groin-chemo-niche,4,True,True
nicht,slate-rhino-night-nicht,4,True,True
nicks,slate-mochi-kendo-nicks,4,True,True
nicky,slate-crony-nicky,3,True,True
nicol,slate-dilly-acing-linch-nicol,5,False,True
nidal,slate-colin-final-nidal,4,False,True
nided,slate-diner-widen-nided,4,False,True
nides,slate-roses-denim-nides,4,False,True
nidor,slate-crony-demon-nidor,4,False,True
nidus,slate-mochi-kirby-waged-finds-nidus,6,False,True
niece,slate-groin-chemo-niece,4,True,True
niefs,slate-roses-punch-abide-abeam-niefs,6,False,True
niess,slate-roses-chess-guess-niess,5,False,True
nieve,slate-groin-chemo-diene-nieve,5,False,True
nifes,slate-roses-denim-nifes,4,False,True
niffs,slate-mochi-kirby-waged-finis-niffs,6,False,True
niffy,slate-crony-pudge-kinky-abamp-niffy,6,False,True
nifle,slate-bingo-nifle,3,False,True
nifty,slate-irony-afire-nifty,4,True,True
niger,slate-diner-nicer-niger,4,False,True
nigga,slate-corny-denim-abbas-nigga,5,True,True
nighs,slate-mochi-acids-highs-nighs,5,False,True
night,slate-rhino-night,3,True,True
nigre,slate-groin-nigre,3,False,True
nigua,slate-corny-denim-abbas-nigga-nigua,6,False,True
nihil,slate-dilly-acing-ampul-nihil,5,False,True
nikab,slate-corny-denim-abbas-nikab,5,False,True
nikah,slate-corny-denim-abbas-wigan-nikah,6,False,True
nikau,slate-corny-denim-abbas-wigan-nikah-nikau,7,False,False
nilas,slate-basis-pring-nilas,4,False,True
nills,slate-lucid-morph-befog-kills-wills-avyze-jills-nills,9,False,False
nimbi,slate-crony-unhip-aband-nimbi,5,False,True
nimbs,slate-mochi-dippy-firms-nimbs,5,False,True
nimby,slate-crony-pudge-kinky-abamp-nimby,6,False,True
nimps,slate-mochi-dippy-wimps-gimps-nimps,6,False,True
niner,slate-diner-finer-miner-abamp-niner,6,False,True
nines,slate-roses-denim-awful-naive-nines,6,True,True
ninja,slate-corny-denim-ninja,4,True,True
ninny,slate-crony-bicep-agave-ninny,5,True,True
ninon,slate-crony-bough-onion-ninon,5,False,True
ninta,slate-carny-junta-ninta,4,False,True
ninth,slate-irony-ninth,3,True,True
niopo,slate-crony-known-niopo,4,False,True
nioza,slate-corny-badge-axion-nioza,5,False,True
nipas,slate-oasis-aback-minas-nipas,5,False,True
nipet,slate-titer-aback-pipet-nipet,5,False,True
nippy,slate-crony-pudge-nippy,4,True,True
niqab,slate-corny-denim-abbas-nikab-niqab,6,False,True
nirls,slate-lucid-morph-girls-aband-nirls,6,False,True
nirly,slate-dilly-girly-mirly-nirly,5,False,True
nisei,slate-roses-album-advew-nisei,5,False,True
nisin,slate-mochi-kirby-waged-finis-nisin,6,False,True
nisse,slate-group-dense-nisse,4,False,True
nisus,slate-mochi-kirby-waged-finis-nisus,6,False,True
nital,slate-taint-nital,3,False,True
niter,slate-titer-miter-biter-aback-niter,6,False,True
nites,slate-hurst-timon-nites,4,False,True
nitid,slate-rhino-bonus-actin-nitid,5,False,True
niton,slate-rhino-innit-niton,4,False,True
nitre,slate-chirp-mitre-nitre,4,False,True
nitro,slate-rhino-intro-nitro,4,True,True
nitry,slate-rhino-nitry,3,False,True
nitta,slate-carny-junta-nitta,4,False,True
nitto,slate-irony-pinto-nitto,4,False,True
nitty,slate-irony-afire-minty-nitty,5,False,True
nival,slate-colin-final-nidal-nival,5,False,True
nivas,slate-oasis-aback-minas-nipas-nivas,6,False,True
nivel,slate-oiler-lanky-nivel,4,False,True
nixed,slate-diner-widen-nixed,4,True,True
nixer,slate-diner-nicer-niger-nixer,5,False,True
nixes,slate-roses-denim-nifes-nixes,5,False,True
nixie,slate-groin-indie-nixie,4,False,True
nizam,slate-corny-denim-nizam,4,False,True
njirl,slate-dilly-acorn-njirl,4,False,True
nkosi,slate-mochi-nkosi,3,False,True
nmoli,slate-dilly-chili-ambos-nmoli,5,False,True
nmols,slate-lucid-frown-nmols,4,False,True
noahs,slate-curbs-acing-abamp-noahs,5,False,True
nobby,slate-crony-wonky-aband-nobby,5,False,True
noble,slate-bingo-noble,3,True,True
nobly,slate-dilly-bowed-nobly,4,True,True
nocks,slate-mochi-curds-jocks-powny-nocks,6,False,True
nodal,slate-colin-zonal-nodal,4,True,True
noddy,slate-crony-wonky-aband-noddy,5,False,True
noded,slate-diner-fudge-ended-noded,5,False,True
nodes,slate-roses-munch-nodes,4,True,True
nodum,slate-crony-bough-adman-nodum,5,False,True
nodus,slate-mochi-bundy-nodus,4,False,True
noels,slate-oiler-loess-abeng-noels,5,False,True
noema,slate-raced-venom-noema,4,False,True
noeme,slate-groin-donna-noeme,4,False,True
nogal,slate-colin-zonal-nodal-agape-nogal,6,False,True
noggs,slate-mochi-bundy-aglow-goons-noggs,6,False,True
noggy,slate-crony-wonky-aband-noggy,5,False,True
nohow,slate-crony-bough-nohow,4,False,True
noias,slate-oasis-adios-noias,4,False,True
noils,slate-lucid-morph-boils-foils-noils,6,False,True
noily,slate-dilly-imply-noily,4,False,True
noint,slate-rhino-joint-point-noint,5,False,True
noire,slate-groin-noire,3,False,True
noirs,slate-mochi-acids-joins-noirs,5,False,True
noise,slate-group-abled-noise,4,True,True
noisy,slate-mochi-acids-noisy,4,True,True
nokes,slate-roses-munch-nodes-akoya-nokes,6,False,True
noles,slate-oiler-camps-holes-aband-noles,6,False,True
nolle,slate-bingo-leone-nolle,4,False,True
nolls,slate-lucid-frown-nolls,4,False,True
nolos,slate-lucid-frown-nolls-nolos,5,False,True
nomad,slate-corny-aimed-nomad,4,True,True
nomas,slate-oasis-comas-bandh-nomas,5,False,True
nomen,slate-diner-mocks-women-nomen,5,False,True
nomes,slate-roses-munch-nomes,4,False,True
nomic,slate-crony-ionic-nomic,4,False,True
nomoi,slate-crony-bough-mondo-jomon-nomoi,6,False,True
nomos,slate-mochi-words-bombs-enjoy-nomos,6,False,True
nonan,slate-corny-aimed-hogan-abamp-nonan,6,False,True
nonas,slate-oasis-comas-henry-donas-nonas,6,False,True
nonce,slate-groin-donna-nonce,4,True,True
noncy,slate-crony-ajupa-noncy,4,False,True
nonda,slate-corny-aimed-honda-afizz-nonda,6,False,True
nondo,slate-crony-bough-mondo-kondo-nondo,6,False,True
nones,slate-roses-munch-abuzz-jones-aflap-nones,7,False,False
nonet,slate-titer-amigo-covet-abaft-nonet,6,False,True
nongs,slate-mochi-bundy-gongs-ajupa-nongs,6,False,True
nonic,slate-crony-ionic-monic-nonic,5,False,True
nonis,slate-mochi-acids-rangy-nonis,5,False,True
nonna,slate-corny-gonna-donna-nonna,5,False,True
nonno,slate-crony-bodhi-nonno,4,False,True
nonny,slate-crony-award-bonny-nonny,5,False,True
nonyl,slate-dilly-lymph-nonyl,4,False,True
noobs,slate-mochi-bundy-noobs,4,False,True
noois,slate-mochi-acids-rangy-noois,5,False,True
nooit,slate-rhino-innit-nooit,4,False,True
nooks,slate-mochi-bundy-aglow-nooks,5,True,True
nooky,slate-crony-nooky,3,False,True
noone,slate-groin-ozone-noone,4,False,True
noons,slate-mochi-bundy-aglow-nooks-noons,6,False,True
noops,slate-mochi-bundy-aglow-nooks-noons-noops,7,False,False
noose,slate-group-ancho-noose,4,True,True
noove,slate-groin-ozone-noove,4,False,True
nopal,slate-colin-zonal-nodal-agape-nopal,6,False,True
noria,slate-corny-koran-noria,4,False,True
norie,slate-groin-norie,3,False,True
noris,slate-mochi-acids-rangy-noris,5,False,True
norks,slate-mochi-bundy-aglow-nooks-norks,6,False,True
norma,slate-corny-koran-noria-norma,5,False,True
norms,slate-mochi-words-forms-norms,5,True,True
north,slate-irony-north,3,True,True
nosed,slate-roses-nymph-nosed,4,True,True
noser,slate-roses-poser-aahed-noser,5,False,True
noses,slate-roses-nymph-noses,4,True,True
nosey,slate-roses-nymph-nosey,4,True,True
noshi,slate-mochi-noshi,3,False,True
nosir,slate-mochi-acids-rosin-nosir,5,False,True
notal,slate-taint-notal,3,False,True
notam,slate-tarot-moany-notam,4,False,True
notch,slate-rhino-notch,3,True,True
noted,slate-titer-donut-noted,4,True,True
noter,slate-titer-mound-noter,4,False,True
notes,slate-hurst-timon-notes,4,True,True
notum,slate-rhino-donut-jotun-notum,5,False,True
nougs,slate-mochi-bundy-nouns-nougs,5,False,True
nouja,slate-corny-aimed-hogan-bonza-nouja,6,False,True
nould,slate-dilly-amuck-would-nould,5,False,True
noule,slate-bingo-leone-nolle-noule,5,False,True
nouls,slate-lucid-bolus-fouls-aborn-nouls,6,False,True
nouns,slate-mochi-bundy-nouns,4,True,True
nouny,slate-crony-award-bonny-nouny,5,False,True
noups,slate-mochi-bundy-nouns-nougs-noups,6,False,True
noust,slate-trout-joust-moust-noust,5,False,True
novae,slate-garbo-awoke-amnic-novae,5,False,True
novas,slate-oasis-comas-henry-novas,5,False,True
novel,slate-oiler-bawdy-novel,4,True,True
novia,slate-corny-aimed-gonia-novia,5,False,True
novio,slate-crony-bough-mondo-novio,5,False,True
novum,slate-crony-bough-adman-novum,5,False,True
noway,slate-corny-noway,3,False,True
nowds,slate-mochi-bundy-nowds,4,False,True
nowed,slate-diner-fudge-kneed-nowed,5,False,True
nowls,slate-lucid-frown-nowls,4,False,True
nowts,slate-grimy-bronc-whoof-nowts,5,False,True
nowty,slate-irony-jimpy-nowty,4,False,True
noxal,slate-colin-zonal-nodal-agape-noxal,6,False,True
noxas,slate-oasis-comas-henry-novas-noxas,6,False,True
noxes,slate-roses-munch-nodes-akoya-noxes,6,False,True
noyau,slate-corny-abjud-noyau,4,False,True
noyed,slate-diner-fudge-kneed-nowed-noyed,6,False,True
noyes,slate-roses-munch-nodes-akoya-noyes,6,False,True
nrtta,slate-carny-nrtta,3,False,True
nrtya,slate-tarot-abaya-nrtya,4,False,True
nsima,slate-oasis-aargh-nsima,4,False,True
nubby,slate-crony-pudge-chafe-junky-nubby,6,False,True
nubia,slate-corny-denim-fagin-nubia,5,False,True
nucha,slate-corny-admit-uncap-nucha,5,False,True
nucin,slate-crony-blimp-winch-nucin,5,False,True
nuddy,slate-crony-pudge-nuddy,4,False,True
nuder,slate-diner-under-nuder,4,False,True
nudes,slate-roses-denim-nudes,4,True,True
nudge,slate-groin-nudge,3,True,True
nudgy,slate-crony-pudge-nudgy,4,False,True
nudie,slate-groin-indie-nudie,4,True,True
nudzh,slate-crony-unhip-bundh-nudzh,5,False,True
nuevo,slate-diner-bevel-nuevo,4,False,True
nuffs,slate-mochi-gunky-burns-nuffs,5,False,True
nugae,slate-garbo-aggie-nugae,4,False,True
nujol,slate-dilly-whang-knurl-nujol,5,False,True
nuked,slate-diner-fudge-nuked,4,True,True
nukes,slate-roses-denim-knees-nukes,5,True,True
nulla,slate-colin-alway-nulla,4,False,True
nullo,slate-dilly-bumph-nullo,4,False,True
nulls,slate-lucid-bebop-gulls-hulls-enmew-nulls,7,False,False
nully,slate-dilly-laugh-aback-fully-aborn-nully,7,False,False
numbs,slate-mochi-bardo-numbs,4,False,True
numen,slate-diner-mocks-hymen-numen,5,False,True
nummy,slate-crony-pudge-chafe-junky-nubby-nummy,7,False,False
numps,slate-mochi-bardo-jumps-pumps-abeng-numps,7,False,False
nunks,slate-mochi-gunky-banjo-punks-afald-nunks,7,False,False
nunky,slate-crony-pudge-chafe-junky-nunky,6,False,True
nunny,slate-crony-bicep-funny-adage-nunny,6,False,True
nunus,slate-mochi-gunky-funds-bunns-nunus,6,False,True
nuque,slate-groin-cheep-undue-nuque,5,False,True
nurds,slate-mochi-gunky-burns-nurds,5,False,True
nurdy,slate-crony-aargh-nurdy,4,False,True
nurls,slate-lucid-bebop-gulls-fanum-nurls,6,False,True
nurrs,slate-mochi-gunky-burns-nurds-nurrs,6,False,True
nurse,slate-group-acing-nurse,4,True,True
nurts,slate-grimy-adopt-hurts-nurts,5,False,True
nurtz,slate-irony-nurtz,3,False,True
nused,slate-roses-album-fused-nused,5,False,True
nuses,slate-roses-album-fuses-adawn-nuses,6,False,True
nutso,slate-trout-nutso,3,True,True
nutsy,slate-trout-gutsy-nutsy,4,False,True
nutty,slate-irony-nutty,3,True,True
nyaff,slate-churn-piano-ngaka-nyaff,5,False,True
nyala,slate-corgi-qualm-aahed-nyala,5,False,True
nyams,slate-curbs-acing-abamp-nyams,5,False,True
nying,slate-crony-dying-vying-hying-nying,6,False,True
nylon,slate-dilly-aping-nylon,4,True,True
nymph,slate-crony-nymph,3,True,True
nyong,slate-crony-nyong,3,False,True
nyssa,slate-oasis-assay-nyssa,4,False,True
nyung,slate-crony-dying-nyung,4,False,True
nyuse,slate-group-unsee-nyuse,4,False,True
nyuze,slate-groin-cheep-undue-bunje-nyuze,6,False,True
oafos,slate-oasis-oafos,3,False,True
oaked,slate-raced-funky-baked-waked-oaked,6,False,True
oaken,slate-raced-homed-oaken,4,True,True
oaker,slate-raced-pygmy-forks-oaker,5,False,True
oakum,slate-corny-dumbo-mapou-oakum,5,False,True
oared,slate-raced-bebop-oared,4,True,True
oarer,slate-raced-pygmy-forks-oarer,5,False,True
oasal,slate-basis-nasal-oasal,4,False,True
oases,slate-wiper-casks-beget-vases-mases-oases,7,False,False
oasis,slate-oasis,2,True,True
oasts,slate-nymph-farce-abide-watts-bogue-oasts,7,False,False
oaten,slate-treed-acing-manet-oaten,5,False,True
oater,slate-treed-watch-rater-mater-adopt-oater,7,False,False
oaths,slate-antsy-bebop-oaths,4,True,True
oaves,slate-wiper-casks-gamed-abash-faxes-convo-oaves,8,False,False
obang,slate-churn-piano-abamp-obang,5,False,True
obbos,slate-mochi-gross-kudos-obbos,5,False,True
obeah,slate-raced-venom-obeah,4,False,True
obeli,slate-oiler-obeli,3,False,True
obese,slate-group-abled-obese,4,True,True
obeys,slate-roses-dumpy-obeys,4,True,True
obias,slate-oasis-obias,3,False,True
obied,slate-diner-ivied-hoied-obied,5,False,True
obiit,slate-rhino-idiot-obiit,4,False,True
obits,slate-grimy-ankle-quits-cotta-obits,6,False,True
objet,slate-titer-amigo-covet-objet,5,False,True
oboes,slate-roses-omnes-becke-oboes,5,False,True
obole,slate-bingo-chord-obole,4,False,True
oboli,slate-dilly-chili-ambos-oboli,5,False,True
obols,slate-lucid-frown-pools-obols,5,False,True
occam,slate-corny-choco-occam,4,False,True
occur,slate-crony-abhor-occur,4,True,True
ocean,slate-raced-cheap-ocean,4,True,True
ocher,slate-diner-whomp-hover-ocher,5,True,True
oches,slate-roses-omnes-becke-oches,5,False,True
ochre,slate-groin-boric-ochre,4,True,True
ochry,slate-crony-rocky-ochry,4,False,True
ocker,slate-diner-whomp-rocky-ocker,5,False,True
ocote,slate-turbo-acing-ocote,4,False,True
ocrea,slate-raced-aahed-ocrea,4,False,True
octad,slate-tarot-moany-octad,4,False,True
octal,slate-taint-abbey-octal,4,True,True
octan,slate-tarot-moany-octan,4,False,True
octas,slate-antsy-bebop-oaths-octas,5,False,True
octet,slate-titer-octet,3,True,True
octic,slate-rhino-oomph-octic,4,False,True
octli,slate-grout-hotly-octli,4,False,True
octyl,slate-grout-hotly-octyl,4,False,True
oculi,slate-dilly-chili-oculi,4,False,True
odahs,slate-curbs-acing-foams-aahed-odahs,6,False,True
odals,slate-doing-odals,3,False,True
odder,slate-diner-odder,3,True,True
oddly,slate-dilly-oddly,3,True,True
odeon,slate-diner-added-odeon,4,False,True
odeum,slate-diner-weedy-odeum,4,False,True
odism,slate-mochi-adios-odism,4,False,True
odist,slate-trout-champ-foist-odist,5,False,True
odium,slate-crony-bipod-abius-odium,5,False,True
odoom,slate-crony-adios-odoom,4,False,True
odors,slate-mochi-gross-odors,4,True,True
odour,slate-crony-fjord-odour,4,True,True
odums,slate-mochi-orgue-odums,4,False,True
odyle,slate-bingo-ahold-abyes-odyle,5,False,True
odyls,slate-lucid-defog-holds-odyls,5,False,True
ofays,slate-curbs-acing-foams-ofays,5,False,True
offal,slate-colin-brood-offal,4,True,True
offed,slate-diner-moped-offed,4,True,True
offer,slate-diner-whomp-rocky-offer,5,True,True
offie,slate-groin-mauve-bowie-offie,5,False,True
oflag,slate-colin-aglow-galvo-oflag,5,False,True
often,slate-titer-donut-often,4,True,True
ofter,slate-titer-mound-affix-ofter,5,False,True
ofuro,slate-crony-furry-ofuro,4,False,True
ogams,slate-curbs-acing-adeem-ogams,5,False,True
ogeed,slate-diner-moped-offed-ogeed,5,False,True
ogees,slate-roses-omnes-becke-ogees,5,False,True
oggin,slate-crony-bough-aboon-oggin,5,False,True
ogham,slate-corny-dumbo-axiom-ogham,5,False,True
ogive,slate-groin-ogive,3,False,True
ogled,slate-oiler-ogled,3,True,True
ogler,slate-oiler-ogler,3,True,True
ogles,slate-oiler-ogles,3,False,True
ogmic,slate-crony-bicep-agidi-ogmic,5,False,True
ogres,slate-roses-ogres,3,True,True
ohelo,slate-oiler-ohelo,3,False,True
ohias,slate-oasis-obias-ohias,4,False,True
ohing,slate-crony-bodhi-ohing,4,False,True
ohmic,slate-crony-bicep-agidi-ohmic,5,False,True
ohone,slate-groin-ozone-ohone,4,False,True
oicks,slate-mochi-ficos-oicks,4,False,True
oidia,slate-corny-dumbo-avoid-oidia,5,False,True
oiled,slate-oiler-oiled,3,True,True
oiler,slate-oiler,2,True,True
oilet,slate-enter-abbot-advew-oilet,5,False,True
oinks,slate-mochi-arses-pious-devon-oinks,6,False,True
oints,slate-grimy-nymph-tints-abode-oints,6,False,True
oiran,slate-corny-apron-oiran,4,False,True
ojime,slate-groin-oxide-ojime,4,False,True
okapi,slate-churn-foamy-okapi,4,True,True
okays,slate-curbs-acing-foams-aahed-okays,6,False,True
okehs,slate-roses-dumpy-ovens-okehs,5,False,True
okies,slate-roses-omnes-becke-okies,5,False,True
oking,slate-crony-bodhi-owing-oking,5,False,True
okole,slate-bingo-ahold-prole-ecole-okole,6,False,True
okras,slate-oasis-adrip-okras,4,False,True
okrug,slate-crony-furry-aback-okrug,5,False,True
oktas,slate-antsy-bebop-oaths-octas-oktas,6,False,True
olate,slate-plate-elate-abaca-olate,5,False,True
olden,slate-freed-olden,3,True,True
older,slate-freed-older,3,True,True
oldie,slate-bipod-oldie,3,True,True
oldly,slate-bucko-angry-flowy-oldly,5,False,True
olehs,slate-plebe-flesh-olehs,4,False,True
oleic,slate-freed-pubic-oleic,4,False,True
olein,slate-freed-pubic-olein,4,False,True
olent,slate-aback-fleet-glent-olent,5,False,True
oleos,slate-plebe-flesh-goyim-oleos,5,False,True
oleum,slate-freed-pubic-oleum,4,False,True
oleyl,slate-freed-pubic-oleyl,4,False,True
oligo,slate-bucko-oligo,3,False,True
olios,slate-flops-olios,3,False,True
oliva,slate-agora-oliva,3,False,True
olive,slate-bipod-olive,3,True,True
ollas,slate-alias-aboon-ollas,4,False,True
ollav,slate-agora-ollav,3,False,True
oller,slate-freed-abide-ulcer-oller,5,False,True
ollie,slate-bipod-olive-ollie,4,False,True
ology,slate-bucko-angry-glowy-ology,5,False,True
olona,slate-agora-olona,3,False,True
olpae,slate-brink-algae-olpae,4,False,True
olpes,slate-plebe-elops-olpes,4,False,True
omasa,slate-curbs-awash-msasa-omasa,5,False,True
omber,slate-diner-whomp-acing-mover-omber,6,False,True
ombre,slate-groin-boric-ombre,4,True,True
ombus,slate-mochi-orgue-ombus,4,False,True
omdah,slate-corny-dumbo-omdah,4,False,True
omdas,slate-oasis-adrip-omdas,4,False,True
omdda,slate-corny-dumbo-omdah-omdda,5,False,True
omdeh,slate-diner-moped-omdeh,4,False,True
omees,slate-roses-omnes-omees,4,False,True
omega,slate-raced-venom-omega,4,True,True
omens,slate-roses-dumpy-omens,4,True,True
omers,slate-roses-abuzz-overs-minxy-omers,6,False,True
omiai,slate-corny-dumbo-axiom-omiai,5,False,True
omits,slate-grimy-moits-omits,4,False,True
omlah,slate-colin-aglow-aahed-omlah,5,False,True
ommel,slate-oiler-ommel,3,False,True
ommin,slate-crony-bough-onion-ommin,5,False,True
omnes,slate-roses-omnes,3,True,True
omovs,slate-mochi-orgue-omovs,4,False,True
omrah,slate-corny-abide-gamps-omrah,5,False,True
omuls,slate-lucid-bolus-omuls,4,False,True
oncer,slate-diner-never-oncer,4,False,True
onces,slate-roses-omnes-onces,4,False,True
oncet,slate-titer-amigo-covet-oncet,5,False,True
oncus,slate-mochi-abjud-oncus,4,False,True
ondes,slate-roses-omnes-onces-ondes,5,False,True
ondol,slate-dilly-abuna-ondol,4,False,True
onely,slate-oiler-ohelo-onely,4,False,True
oners,slate-roses-abuzz-overs-minxy-oners,6,False,True
onery,slate-diner-acorn-negro-onery,5,False,True
ongon,slate-crony-bough-aboon-ongon,5,False,True
onion,slate-crony-bough-onion,4,True,True
onium,slate-crony-bough-union-onium,5,False,True
onkus,slate-mochi-gross-kudos-onkus,5,False,True
onlap,slate-colin-onlap,3,False,True
onlay,slate-colin-onlap-onlay,4,False,True
onmun,slate-crony-bough-union-onmun,5,False,True
onned,slate-diner-botch-owned-onned,5,False,True
onsen,slate-roses-onsen,3,False,True
onset,slate-hurst-aboil-onset,4,True,True
ontal,slate-taint-notal-ontal,4,False,True
ontic,slate-rhino-innit-ontic,4,False,True
ooaas,slate-curbs-acing-foams-aahed-ooaas,6,False,True
oobit,slate-rhino-oomph-oobit,4,False,True
oohed,slate-diner-moped-oxbow-oozed-oohed,6,False,True
ooids,slate-mochi-acids-faver-ooids,5,False,True
oojah,slate-corny-gaped-momma-abaci-oojah,6,False,True
oomph,slate-crony-bipod-oomph,4,True,True
oonts,slate-grimy-bronc-whoof-oonts,5,False,True
oopak,slate-corny-gaped-poppa-hopak-oopak,6,False,True
ooped,slate-diner-moped-coped-hoped-ooped,6,False,True
oopsy,slate-mochi-bundy-apoop-oopsy,5,False,True
oorie,slate-groin-howso-oorie,4,False,True
ooses,slate-roses-nymph-doses-aback-ooses,6,False,True
ootid,slate-rhino-oomph-oobit-ootid,5,False,True
ooyah,slate-corny-abhor-ooyah,4,False,True
oozed,slate-diner-moped-oxbow-oozed,5,True,True
oozes,slate-roses-munch-biped-afoot-oozes,6,True,True
oozie,slate-groin-mauve-bowie-caked-foxie-oozie,7,False,False
oozle,slate-bingo-ahold-joule-enzym-oozle,6,False,True
opahs,slate-curbs-acing-foams-aahed-opahs,6,False,True
opals,slate-doing-adrip-opals,4,False,True
opens,slate-roses-dumpy-opens,4,True,True
opepe,slate-groin-blush-comme-abeys-opepe,6,False,True
opera,slate-raced-blown-opera,4,True,True
opery,slate-diner-myrrh-every-query-opery,6,False,True
opgaf,slate-corny-dumbo-ajwan-opgaf,5,False,True
opihi,slate-crony-bipod-opium-opihi,5,False,True
opine,slate-groin-opine,3,True,True
oping,slate-crony-bodhi-owing-oking-oping,6,False,True
opium,slate-crony-bipod-opium,4,True,True
oppos,slate-mochi-gross-kudos-obbos-oppos,6,False,True
opsat,slate-antsy-aback-taxis-opsat,5,False,True
opsin,slate-mochi-arses-bison-opsin,5,False,True
opsit,slate-trout-champ-posit-opsit,5,False,True
opted,slate-titer-donut-opted,4,True,True
opter,slate-titer-mound-affix-opter,5,False,True
optic,slate-rhino-oomph-optic,4,True,True
opzit,slate-rhino-oomph-optic-opzit,5,False,True
orach,slate-churn-roach-orach,4,False,True
oracy,slate-churn-flown-draco-oracy,5,False,True
orals,slate-doing-adrip-orals,4,False,True
orang,slate-churn-biped-frank-alamo-orang,6,False,True
orans,slate-curbs-dowse-aboon-orans,5,False,True
orant,slate-grunt-brant-abode-orant,5,False,True
orate,slate-corgi-orate,3,True,True
orbat,slate-tarot-abort-orbat,4,False,True
orbed,slate-diner-befog-orbed,4,True,True
orbic,slate-crony-orbic,3,False,True
orbit,slate-rhino-orbit,3,True,True
orcas,slate-oasis-adrip-orcas,4,False,True
orcin,slate-crony-orcin,3,False,True
order,slate-diner-odder-order,4,True,True
ordie,slate-groin-ordie,3,False,True
ordos,slate-mochi-gross-ordos,4,False,True
oread,slate-raced-bread-dread-aread-oread,6,False,True
orfes,slate-roses-ogres-orfes,4,False,True
orful,slate-dilly-whang-cromb-orful,5,False,True
organ,slate-corny-odour-organ,4,True,True
orgia,slate-corny-vroom-orgia,4,False,True
orgic,slate-crony-orbic-orgic,4,False,True
orgue,slate-groin-orgue,3,False,True
oribi,slate-crony-prior-oribi,4,False,True
oriel,slate-oiler-oriel,3,False,True
origo,slate-crony-prior-oribi-origo,5,False,True
orixa,slate-corny-vroom-orgia-orixa,5,False,True
orles,slate-oiler-orles,3,False,True
orlon,slate-dilly-argon-orlon,4,False,True
orlop,slate-dilly-argon-orlop,4,False,True
ormer,slate-diner-whomp-acing-mover-omber-ormer,7,False,False
ornee,slate-groin-ornee,3,False,True
ornis,slate-mochi-arses-irons-ornis,5,False,True
orped,slate-diner-befog-pooch-orped,5,False,True
orpin,slate-crony-prion-orpin,4,False,True
orris,slate-mochi-arses-irons-brios-orris,6,False,True
ortet,slate-titer-ortet,3,False,True
ortho,slate-rhino-ortho,3,False,True
orval,slate-colin-brood-orval,4,False,True
orzos,slate-mochi-gross-ordos-orzos,5,False,True
osars,slate-curbs-dowse-aboon-osars,5,False,True
oscar,slate-oasis-oscar,3,False,True
osetr,slate-trips-abeys-osetr,4,False,True
oseys,slate-roses-oseys,3,False,True
oshac,slate-oasis-oscar-oshac,4,False,True
osier,slate-roses-osier,3,False,True
oskin,slate-mochi-arses-kiosk-oskin,5,False,True
oslin,slate-lucid-polis-oslin,4,False,True
osmic,slate-mochi-osmic,3,False,True
osmol,slate-lucid-frown-polls-osmol,5,False,True
osone,slate-group-ancho-noose-osone,5,False,True
ossia,slate-oasis-ossia,3,False,True
ostia,slate-antsy-bebop-oaths-ostia,5,False,True
otaku,slate-grunt-otaku,3,False,True
otary,slate-grunt-tiara-otary,4,False,True
other,slate-titer-ether-other,4,True,True
othyl,slate-grout-hotly-othyl,4,False,True
otium,slate-rhino-idiot-otium,4,False,True
ottar,slate-tarot-ottar,3,False,True
otter,slate-titer-otter,3,True,True
ottos,slate-trout-ottos,3,False,True
oubit,slate-rhino-oomph-octic-oubit,5,False,True
ouche,slate-groin-blush-ouche,4,False,True
oucht,slate-rhino-acute-oucht,4,False,True
oueds,slate-roses-dumpy-oueds,4,False,True
ouens,slate-roses-dumpy-ouens,4,False,True
ought,slate-rhino-acute-ought,4,True,True
ouija,slate-corny-dumbo-ouija,4,True,True
oulks,slate-lucid-bebop-oulks,4,False,True
oumas,slate-oasis-adrip-oumas,4,False,True
ounce,slate-groin-donna-ounce,4,True,True
oundy,slate-crony-wonky-oundy,4,False,True
oupas,slate-oasis-adrip-oupas,4,False,True
ouped,slate-diner-moped-ouped,4,False,True
ouphe,slate-groin-blush-ouche-ouphe,5,False,True
ouphs,slate-mochi-ouphs,3,False,True
ourey,slate-diner-creek-borty-ourey,5,False,True
ourie,slate-groin-howso-ourie,4,False,True
ousel,slate-oiler-ousel,3,False,True
ousia,slate-oasis-ousia,3,False,True
ousts,slate-grimy-bronc-hosts-ousts,5,False,True
outby,slate-rhino-abide-cobot-outby,5,False,True
outdo,slate-rhino-outdo,3,True,True
outed,slate-titer-donut-outed,4,True,True
outen,slate-titer-donut-outen,4,False,True
outer,slate-titer-mound-outer,4,True,True
outgo,slate-rhino-outdo-outgo,4,True,True
outie,slate-chirp-tinge-outie,4,False,True
outre,slate-chirp-acton-outre,4,True,True
outro,slate-rhino-turbo-outro,4,False,True
outta,slate-carny-boobs-outta,4,True,True
ouzel,slate-oiler-ommel-ouzel,4,False,True
ouzos,slate-mochi-gross-kudos-bufos-ouzos,6,False,True
ovals,slate-doing-adrip-ovals,4,False,True
ovary,slate-churn-abide-ovary,4,True,True
ovate,slate-corgi-ovate,3,True,True
ovels,slate-oiler-ovels,3,False,True
ovens,slate-roses-dumpy-ovens,4,True,True
overs,slate-roses-abuzz-overs,4,True,True
overt,slate-titer-vouch-overt,4,True,True
ovine,slate-groin-opine-ovine,4,True,True
ovism,slate-mochi-adios-ovism,4,False,True
ovist,slate-trout-champ-foist-odist-ovist,6,False,True
ovoid,slate-crony-adios-ovoid,4,True,True
ovoli,slate-dilly-chili-ambos-ovoli,5,False,True
ovolo,slate-dilly-cholo-ovolo,4,False,True
ovule,slate-bingo-ahold-joule-ovule,5,False,True
oware,slate-prick-aware-oware,4,False,True
owari,slate-churn-abide-imari-owari,5,False,True
owche,slate-groin-blush-homme-evhoe-owche,6,False,True
owers,slate-roses-abuzz-overs-minxy-owers,6,False,True
owies,slate-roses-omnes-becke-owies,5,False,True
owing,slate-crony-bodhi-owing,4,True,True
owled,slate-oiler-ogled-owled,4,False,True
owler,slate-oiler-ogler-owler,4,False,True
owlet,slate-enter-abbot-advew-owlet,5,False,True
owned,slate-diner-botch-owned,4,True,True
owner,slate-diner-aglow-owner,4,True,True
ownio,slate-crony-bough-onion-ownio,5,False,True
owres,slate-roses-ogres-owres,4,False,True
owrie,slate-groin-howso-owrie,4,False,True
owsen,slate-roses-onsen-owsen,4,False,True
oxbow,slate-crony-bipod-oxbow,4,True,True
oxeas,slate-wiper-bands-vegas-axiom-oxeas,6,False,True
oxers,slate-roses-abuzz-overs-minxy-oxers,6,False,True
oxeye,slate-groin-blush-comme-abeys-oxeye,6,False,True
oxide,slate-groin-oxide,3,True,True
oxids,slate-mochi-arses-pious-infos-oxids,6,False,True
oxies,slate-roses-omnes-becke-owies-oxies,6,False,True
oxime,slate-groin-oxide-oxime,4,False,True
oxims,slate-mochi-adios-oxims,4,False,True
oxine,slate-groin-opine-ovine-oxine,5,False,True
oxlip,slate-dilly-capon-polio-oxlip,5,False,True
oxman,slate-corny-badge-axion-oxman,5,False,True
oxmen,slate-diner-mocks-oxmen,4,False,True
oxter,slate-titer-mound-affix-oxter,5,False,True
oyama,slate-churn-foamy-oyama,4,False,True
oyers,slate-roses-abuzz-overs-minxy-oyers,6,False,True
ozeki,slate-diner-habit-emoji-ozeki,5,False,True
ozena,slate-raced-venom-ozena,4,False,True
ozone,slate-groin-ozone,3,True,True
ozzie,slate-groin-mauve-bowie-offie-ozzie,6,False,True
paaho,slate-churn-hoagy-paaho,4,False,True
paals,slate-doing-psalm-paals,4,False,True
paans,slate-curbs-acing-moans-aapas-paans,6,False,True
pacai,slate-corny-acrid-wicca-aahed-pacai,6,False,True
pacas,slate-oasis-brink-apace-capas-pacas,6,False,True
pacay,slate-corny-awash-pacay,4,False,True
paced,slate-raced-faced-paced,4,True,True
pacer,slate-raced-pacer,3,True,True
paces,slate-wiper-acing-paces,4,True,True
pacey,slate-raced-affly-pacey,4,False,True
pacha,slate-corny-acrid-macaw-bekah-pacha,6,False,True
packs,slate-oasis-brink-champ-packs,5,True,True
packy,slate-corny-awash-jacky-backy-packy,6,False,True
pacos,slate-oasis-nymph-abcee-pacos,5,False,True
pacta,slate-carny-facto-pacta,4,False,True
pacts,slate-nymph-pasta-parts-pacts,5,False,True
padam,slate-corny-mamba-aahed-padam,5,False,True
padas,slate-oasis-brink-apace-papas-advew-padas,7,False,False
paddo,slate-corny-dumbo-abide-paddo,5,False,True
paddy,slate-corny-gaped-paddy,4,True,True
padis,slate-oasis-mavis-nazis-darga-cawks-padis,7,False,False
padle,slate-anglo-caped-padle,4,False,True
padma,slate-corny-mamba-padma,4,False,True
padou,slate-corny-dumbo-padou,4,False,True
padre,slate-garbo-camps-padre,4,True,True
padri,slate-corny-rabid-padri,4,False,True
paean,slate-raced-paean,3,True,True
paedo,slate-raced-maedi-paedo,4,False,True
paeon,slate-raced-paean-paeon,4,False,True
pagan,slate-corny-denim-pagan,4,True,True
paged,slate-raced-funky-wedge-amped-paged,6,True,True
pager,slate-raced-pygmy-pager,4,True,True
pages,slate-wiper-acing-pages,4,True,True
pagle,slate-anglo-eagle-pagle,4,False,True
pagne,slate-garbo-admin-pagne,4,False,True
pagod,slate-corny-dumbo-avoid-pagod,5,False,True
pagri,slate-corny-rabid-agrum-pagri,5,False,True
pahit,slate-tarot-dough-habit-pahit,5,False,True
pahos,slate-oasis-nymph-pahos,4,False,True
pahus,slate-oasis-brink-apace-vamps-hapus-pahus,7,False,False
paiks,slate-oasis-padre-pains-paiks,5,False,True
pails,slate-basis-frown-champ-pails,5,True,True
pains,slate-oasis-padre-pains,4,True,True
paint,slate-tarot-dough-faint-paint,5,True,True
paipe,slate-garbo-cumin-waive-paipe,5,False,True
paips,slate-oasis-padre-pains-paiks-paips,6,False,True
paire,slate-garbo-camps-padre-paire,5,False,True
pairs,slate-oasis-padre-pairs,4,True,True
paisa,slate-oasis-daisy-baisa-paisa,5,False,True
paise,slate-crump-passe-paise,4,False,True
pakay,slate-corny-gaped-vampy-pakay,5,False,True
pakka,slate-corny-mamba-kappa-pakka,5,False,True
pakki,slate-corny-mamba-haiku-pakki,5,False,True
pakua,slate-corny-mamba-kappa-pakka-pakua,6,False,True
pakul,slate-colin-grump-pakul,4,False,True
palak,slate-colin-madly-halal-frump-palak,6,False,True
palar,slate-colin-madly-halal-frump-palar,6,False,True
palas,slate-basis-mulch-fowls-gnapi-palas,6,False,True
palay,slate-colin-madly-balky-palay,5,False,True
palea,slate-rangy-lymph-paled-palea,5,False,True
paled,slate-rangy-lymph-paled,4,True,True
paler,slate-rangy-balmy-paler,4,True,True
pales,slate-lambs-graph-pales,4,True,True
palet,slate-paler-palet,3,False,True
palis,slate-basis-prick-palis,4,False,True
palki,slate-colin-afire-villa-adapt-palki,6,False,True
palla,slate-colin-madly-walla-palla,5,False,True
palls,slate-basis-mulch-fowls-galls-lalls-palls,7,False,False
pallu,slate-colin-madly-walla-pallu,5,False,True
pally,slate-colin-madly-bower-pally,5,True,True
palms,slate-basis-mulch-palms,4,True,True
palmy,slate-colin-madly-balmy-palmy,5,False,True
palpi,slate-colin-afire-villa-adapt-palpi,6,False,True
palps,slate-basis-mulch-fowls-gnapi-palps,6,False,True
palsa,slate-basis-palsy-palsa,4,False,True
palsy,slate-basis-palsy,3,True,True
palus,slate-basis-mulch-palus,4,False,True
pamby,slate-corny-gaped-vampy-pamby,5,False,True
pampa,slate-corny-mamba-hamza-pampa,5,False,True
panax,slate-corny-denim-ganja-abaht-panax,6,False,True
pance,slate-garbo-cumin-dance-nance-hance-pance,7,False,False
panch,slate-corny-admit-uncap-panch,5,False,True
panda,slate-corny-denim-panda,4,True,True
pands,slate-oasis-brink-glyph-napas-pands,6,False,True
pandy,slate-corny-dough-bandy-kemps-pandy,6,False,True
paned,slate-raced-funky-waned-abamp-paned,6,False,True
panel,slate-rangy-panel,3,True,True
panes,slate-wiper-acing-panes,4,False,True
panga,slate-corny-denim-ganja-aflap-panga,6,False,True
pangs,slate-oasis-brink-glyph-pangs,5,True,True
panic,slate-corny-admit-panic,4,True,True
panim,slate-corny-denim-panim,4,False,True
panir,slate-corny-aboil-nadir-panir,5,False,True
panko,slate-corny-badge-panko,4,True,True
panks,slate-oasis-brink-hanks-yanks-opgaf-panks,7,False,False
panna,slate-corny-mixup-panna,4,False,True
panne,slate-garbo-cumin-panna-panne,5,False,True
panni,slate-corny-mixup-aping-panni,5,False,True
panny,slate-corny-admin-nanny-aflaj-panny,6,False,True
pansy,slate-oasis-admin-pansy,4,True,True
panto,slate-carny-manta-natto-panto,5,False,True
pants,slate-nymph-pants,3,True,True
panty,slate-carny-natty-panty,4,True,True
paoli,slate-colin-aioli-paoli,4,False,True
paolo,slate-colin-brood-paolo,4,True,True
papad,slate-corny-mamba-wiped-papad,5,False,True
papal,slate-colin-grump-apply-papal,5,True,True
papas,slate-oasis-brink-apace-papas,5,True,True
papaw,slate-corny-mamba-wiped-papaw,5,False,True
paper,slate-raced-pygmy-raver-paper,5,True,True
papes,slate-wiper-aspen-capes-jugum-papes,6,False,True
papey,slate-raced-homed-waxen-aflaj-papey,6,False,True
pappi,slate-corny-mamba-haiku-vapid-pappi,6,False,True
pappy,slate-corny-gaped-parch-pappy,5,True,True
papri,slate-corny-rabid-agrum-papri,5,False,True
parae,slate-garbo-capon-parae,4,False,True
paras,slate-oasis-brink-whims-cards-ajupa-paras,7,False,False
parch,slate-corny-balmy-parch,4,True,True
parcs,slate-oasis-brink-whims-cards-parcs,6,False,True
pardi,slate-corny-fluke-parma-pardi,5,False,True
pards,slate-oasis-brink-whims-cards-yards-fards-pards,8,False,False
pardy,slate-corny-aphid-pardy,4,False,True
pared,slate-raced-bebop-pared,4,True,True
paren,slate-raced-pygmy-raver-aboon-paren,6,False,True
pareo,slate-raced-pygmy-raver-aboon-pareo,6,False,True
parer,slate-raced-pygmy-raver-parer,5,True,True
pares,slate-wiper-apres-pares,4,False,True
pareu,slate-raced-pygmy-raver-aboon-pareu,6,False,True
parev,slate-raced-pygmy-raver-parev,5,False,True
parge,slate-garbo-marge-parge,4,False,True
pargo,slate-corny-abide-gamps-pargo,5,False,True
parid,slate-corny-fluke-parma-pardi-parid,6,False,True
paris,slate-oasis-mavis-nazis-darga-paris,6,False,True
parka,slate-corny-fluke-parka,4,True,True
parki,slate-corny-fluke-parka-parki,5,False,True
parks,slate-oasis-brink-amped-parks,5,True,True
parky,slate-corny-aphid-parry-parky,5,False,True
parle,slate-anglo-caped-parle,4,True,True
parly,slate-colin-grump-parly,4,False,True
parma,slate-corny-fluke-parma,4,True,True
parmo,slate-corny-abide-gamps-parmo,5,False,True
parms,slate-oasis-brink-whims-farms-agape-parms,7,False,False
parol,slate-colin-brood-parol,4,False,True
parps,slate-oasis-brink-whims-cards-ajupa-parps,7,False,False
parra,slate-corny-fluke-parma-parra,5,False,True
parrs,slate-oasis-brink-whims-cards-ajupa-parrs,7,False,False
parry,slate-corny-aphid-parry,4,True,True
parse,slate-crump-parse,3,True,True
parte,slate-actor-parte,3,True,True
parti,slate-carny-garth-aahed-parti,5,False,True
parts,slate-nymph-pasta-parts,4,True,True
party,slate-carny-party,3,True,True
parve,slate-garbo-capon-parae-parve,5,False,True
parvo,slate-corny-abide-gamps-parvo,5,False,True
pasag,slate-oasis-adapt-pasha-pasag,5,False,True
pasar,slate-oasis-adapt-pasha-pasag-pasar,6,False,True
pasch,slate-oasis-adapt-pasch,4,False,True
paseo,slate-wiper-acing-paves-paseo,5,False,True
pases,slate-wiper-acing-paves-pases,5,False,True
pasha,slate-oasis-adapt-pasha,4,True,True
pashm,slate-oasis-adapt-pasch-pashm,5,False,True
paska,slate-oasis-adapt-pasha-paska,5,False,True
pasmo,slate-oasis-mason-pasmo,4,False,True
paspy,slate-oasis-adapt-raspy-aglow-paspy,6,False,True
passe,slate-crump-passe,3,True,True
passu,slate-oasis-gassy-massa-passu,5,False,True
pasta,slate-nymph-pasta,3,True,True
paste,slate-epoch-paste,3,True,True
pasts,slate-nymph-pasta-pasts,4,False,True
pasty,slate-nymph-pasty,3,True,True
patas,slate-antsy-bebop-paths-patas,5,False,True
patch,slate-tarot-whomp-patch,4,True,True
pated,slate-treed-amigo-abash-dated-fated-pated,7,False,False
patee,slate-about-vitae-abeer-patee,5,False,True
patel,slate-paler-patel,3,True,True
paten,slate-treed-acing-manet-oaten-paten,6,False,True
pater,slate-treed-watch-rater-mater-adopt-pater,7,False,False
pates,slate-dater-batch-amigo-fates-nappy-pates,7,False,False
paths,slate-antsy-bebop-paths,4,True,True
patia,slate-tarot-whomp-aalii-patia,5,False,True
patin,slate-tarot-whomp-aalii-patin,5,False,True
patio,slate-tarot-matzo-patio,4,True,True
patka,slate-tarot-whomp-aalii-patka,5,False,True
patly,slate-taint-fatal-latch-matlo-patly,6,False,True
patsy,slate-antsy-patsy,3,True,True
patta,slate-carny-faith-abamp-patta,5,False,True
patte,slate-actor-matte-patte,4,False,True
pattu,slate-carny-faith-abamp-pattu,5,False,True
patty,slate-carny-flaps-patty,4,True,True
patus,slate-antsy-bebop-paths-patas-patus,6,False,True
pauas,slate-oasis-brink-apace-papas-advew-pauas,7,False,False
pauls,slate-basis-mulch-awdls-pauls,5,False,True
pause,slate-crump-pause,3,True,True
pauxi,slate-corny-mamba-haiku-pauxi,5,False,True
pavan,slate-corny-denim-pagan-pavan,5,False,True
pavas,slate-oasis-brink-apace-papas-advew-pavas,7,False,False
paved,slate-raced-funky-wedge-depth-paved,6,True,True
paven,slate-raced-homed-waxen-abamp-paven,6,False,True
paver,slate-raced-pygmy-raver-paver,5,True,True
paves,slate-wiper-acing-paves,4,True,True
pavid,slate-corny-mamba-haiku-vapid-pavid,6,False,True
pavie,slate-garbo-cumin-akoja-pavie,5,False,True
pavin,slate-corny-denim-fagin-bavin-pavin,6,False,True
pavis,slate-oasis-mavis-pavis,4,False,True
pavon,slate-corny-badge-panko-pavon,5,False,True
pavvy,slate-corny-gaped-vampy-pavvy,5,False,True
pawas,slate-oasis-brink-apace-papas-advew-pawas,7,False,False
pawaw,slate-corny-mamba-wiped-pawaw,5,False,True
pawed,slate-raced-funky-wedge-jawed-pawed,6,True,True
pawer,slate-raced-pygmy-raver-paper-pawer,6,False,True
pawks,slate-oasis-brink-champ-aapas-pawks,6,False,True
pawky,slate-corny-gaped-vampy-pakay-pawky,6,False,True
pawls,slate-basis-mulch-acing-larks-amply-pawls,7,False,False
pawns,slate-oasis-brink-adapt-pawns,5,True,True
paxes,slate-wiper-acing-paves-pases-paxes,6,False,True
payed,slate-raced-funky-bayed-payed,5,True,True
payee,slate-garbo-cumin-payee,4,True,True
payer,slate-raced-pygmy-payer,4,True,True
payor,slate-corny-mayor-payor,4,False,True
paysd,slate-oasis-admin-paysd,4,False,True
peace,slate-prick-peace,3,True,True
peach,slate-hardy-beach-peach,4,True,True
peage,slate-prick-phage-peage,4,False,True
peags,slate-rebid-bumps-peaks-peags,5,False,True
peake,slate-prick-peake,3,False,True
peaks,slate-rebid-bumps-peaks,4,True,True
peaky,slate-hardy-baken-peaky,4,False,True
peals,slate-ahold-meals-reals-abeng-advew-afizz-peals,8,False,False
peans,slate-rebid-bumps-peaks-peags-peans,6,False,True
peare,slate-prick-peare,3,False,True
pearl,slate-leery-pearl,3,True,True
pears,slate-rebid-glyph-pears,4,True,True
peart,slate-bench-teary-feart-peart,5,False,True
pease,slate-beech-abamp-pease,4,False,True
peasy,slate-rebid-bumps-peasy,4,False,True
peats,slate-thumb-feats-aping-peats,5,False,True
peaty,slate-homed-peaty,3,True,True
peavy,slate-hardy-baken-peavy,4,False,True
peaze,slate-prick-phage-peaze,4,False,True
pebas,slate-wiper-abaca-pebas,4,False,True
pecan,slate-raced-mecca-pecan,4,True,True
pechs,slate-roses-punch-pechs,4,False,True
pecia,slate-raced-mecca-aecia-pecia,5,False,True
pecke,slate-groin-decaf-becke-pecke,5,False,True
pecks,slate-roses-punch-pecks,4,True,True
pecky,slate-diner-whomp-peppy-aback-pecky,6,False,True
pects,slate-trips-pests-pects,4,False,True
pedal,slate-rangy-medal-pedal,4,True,True
pedes,slate-roses-denim-baccy-pedes,5,False,True
pedis,slate-roses-punch-peeps-pedis,5,False,True
pedon,slate-diner-added-endow-pedon,5,False,True
pedos,slate-roses-dumpy-pedos,4,False,True
pedro,slate-diner-beefy-redux-pedro,5,False,True
peece,slate-groin-decaf-cezve-peece,5,False,True
peeks,slate-roses-punch-peeps-peeks,5,False,True
peeky,slate-diner-whomp-peppy-aback-peeky,6,False,True
peels,slate-oiler-depth-peels,4,True,True
peely,slate-oiler-hunky-leggy-fjeld-peely,6,False,True
peens,slate-roses-punch-peens,4,False,True
peent,slate-titer-bacon-event-peent,5,False,True
peeoy,slate-diner-whomp-peeoy,4,False,True
peepe,slate-groin-decaf-peeve-peepe,5,False,True
peeps,slate-roses-punch-peeps,4,True,True
peepy,slate-diner-whomp-peppy-peepy,5,False,True
peers,slate-roses-being-jeeps-peers,5,True,True
peery,slate-diner-myrrh-every-beery-peery,6,False,True
peeve,slate-groin-decaf-peeve,4,True,True
peevo,slate-diner-whomp-peeoy-peevo,5,False,True
peggy,slate-diner-whomp-peppy-aback-peggy,6,False,True
peghs,slate-roses-punch-peghs,4,False,True
pegma,slate-raced-venom-gemma-pegma,5,False,True
pegos,slate-roses-dumpy-opens-aeger-pegos,6,False,True
peine,slate-groin-chemo-knife-vexed-peine,6,False,True
peins,slate-roses-punch-peens-peins,5,False,True
peise,slate-group-ahind-peise,4,False,True
peisy,slate-roses-newsy-peisy,4,False,True
peize,slate-groin-dumps-piece-peize,5,False,True
pekan,slate-raced-venom-began-pekan,5,False,True
pekau,slate-raced-venom-kebab-pekau,5,False,True
pekea,slate-raced-aback-pekea,4,False,True
pekes,slate-roses-denim-feces-vibex-pekes,6,False,True
pekid,slate-diner-medic-geoid-pekid,5,False,True
pekin,slate-diner-baggy-epoch-pekin,5,False,True
pekoe,slate-groin-blush-comme-abeys-pekoe,6,False,True
pelas,slate-lambs-axles-pelas,4,False,True
pelau,slate-rangy-medal-abjud-pelau,5,False,True
pelch,slate-oiler-janky-belch-flimp-pelch,6,False,True
peles,slate-oiler-mules-whyda-peles,5,False,True
pelfs,slate-oiler-psych-adult-pelfs,5,False,True
pells,slate-oiler-psych-adult-pells,5,False,True
pelma,slate-rangy-medal-lemma-pelma,5,False,True
pelog,slate-oiler-combo-felon-pelog,5,False,True
pelon,slate-oiler-combo-felon-pelon,5,False,True
pelsh,slate-oiler-psych-pelsh,4,False,True
pelta,slate-delta-pelta,3,False,True
pelts,slate-balmy-pelts,3,True,True
pelus,slate-oiler-psych-adult-pelus,5,False,True
penal,slate-rangy-penal,3,True,True
pence,slate-groin-cheep-pence,4,True,True
pends,slate-roses-punch-penis-pends,5,False,True
pendu,slate-diner-bendy-kendo-pendu,5,False,True
pened,slate-diner-botch-awmry-pened,5,False,True
penes,slate-roses-denim-genes-abamp-penes,6,False,True
pengo,slate-diner-bumpy-pengo,4,False,True
penie,slate-groin-indie-aflap-penie,5,False,True
penis,slate-roses-punch-penis,4,True,True
penks,slate-roses-punch-penis-pends-penks,6,False,True
penna,slate-raced-venom-henna-penna,5,False,True
penne,slate-groin-cheep-penne,4,True,True
penni,slate-diner-ennui-benni-penni,5,False,True
penny,slate-diner-bumpy-penny,4,True,True
pense,slate-group-ahind-pense,4,False,True
pensy,slate-roses-newsy-eensy-pensy,5,False,True
pents,slate-trips-pests-pects-pents,5,False,True
peola,slate-rangy-medal-fella-peola,5,False,True
peons,slate-roses-dumpy-opens-peons,5,False,True
peony,slate-diner-bevel-peony,4,True,True
pepla,slate-rangy-medal-fella-peola-pepla,6,False,True
peple,slate-bingo-armed-cycle-peple,5,False,True
pepon,slate-diner-bevel-peony-pepon,5,False,True
pepos,slate-roses-dumpy-opens-aeger-pepos,6,False,True
peppy,slate-diner-whomp-peppy,4,True,True
pepsi,slate-roses-newsy-pepsi,4,True,True
pequi,slate-diner-habit-emoji-pequi,5,False,True
perae,slate-garbo-aerie-perae,4,False,True
perai,slate-raced-blown-freak-aargh-perai,6,False,True
perce,slate-groin-curvy-perce,4,False,True
perch,slate-diner-myrrh-perch,4,True,True
percs,slate-roses-being-jeeps-perks-comfy-percs,7,False,False
perdu,slate-diner-beefy-redux-perdu,5,False,True
perdy,slate-diner-beefy-reddy-perdy,5,False,True
perea,slate-raced-about-perea,4,False,True
peres,slate-roses-ficus-heres-peres,5,True,True
perfs,slate-roses-being-jeeps-perks-comfy-perfs,7,False,False
peril,slate-oiler-peril,3,True,True
peris,slate-roses-being-meris-peris,5,False,True
perks,slate-roses-being-jeeps-perks,5,True,True
perky,slate-diner-myrrh-jerky-perky,5,True,True
perle,slate-bingo-armed-lucre-perle,5,False,True
perls,slate-oiler-reels-abamp-perls,5,False,True
perms,slate-roses-being-jeeps-perks-comfy-perms,7,False,False
permy,slate-diner-myrrh-germy-permy,5,False,True
perne,slate-groin-nerve-aback-perne,5,False,True
perns,slate-roses-being-ferns-aphid-perns,6,False,True
perog,slate-diner-myrrh-xerox-abaca-perog,6,False,True
perps,slate-roses-being-jeeps-herps-perps,6,False,True
perry,slate-diner-myrrh-aback-ferry-ajiva-perry,7,False,False
perse,slate-group-perse,3,False,True
persp,slate-roses-fresh-mersk-persp,5,False,True
perst,slate-hurst-perst,3,False,True
perts,slate-trips-perts,3,False,True
perve,slate-groin-curvy-verve-kerve-perve,6,False,True
pervo,slate-diner-myrrh-xerox-berko-pervo,6,False,True
pervs,slate-roses-being-jeeps-perks-comfy-pervs,7,False,False
pervy,slate-diner-myrrh-jerky-pervy,5,False,True
pesch,slate-roses-pesky-pesch,4,False,True
pesky,slate-roses-pesky,3,True,True
pesos,slate-roses-pesos,3,True,True
pesta,slate-chefs-attap-pesta,4,False,True
pesto,slate-trips-pesto,3,True,True
pests,slate-trips-pests,3,True,True
pesty,slate-trips-pesto-pesty,4,False,True
petal,slate-paler-petal,3,True,True
petar,slate-treed-extra-retag-petar,5,False,True
peter,slate-titer-mound-peter,4,True,True
petit,slate-titer-petit,3,True,True
petos,slate-hurst-timon-aapas-petos,5,False,True
petre,slate-chirp-petre,3,False,True
petri,slate-titer-petri,3,True,True
petti,slate-pinch-petti,3,False,True
petto,slate-pinch-petty-petto,4,False,True
petty,slate-pinch-petty,3,True,True
pewed,slate-diner-moped-puked-pewed,5,False,True
pewee,slate-groin-decaf-peeve-pewee,5,False,True
pewit,slate-titer-denim-befit-eejit-pewit,6,False,True
peyse,slate-group-ahind-peyse,4,False,True
pfftt,slate-irony-aduki-pfftt,4,False,True
phage,slate-prick-phage,3,True,True
phang,slate-churn-whang-bhang-phang,5,False,True
phare,slate-prick-peare-phare,4,False,True
pharm,slate-churn-wharf-pharm,4,False,True
phase,slate-beech-phase,3,True,True
phasm,slate-curbs-awash-phasm,4,False,True
pheer,slate-diner-whomp-pheer,4,False,True
pheme,slate-groin-decaf-queue-exeme-pheme,6,False,True
phene,slate-groin-cheep-phene,4,False,True
pheon,slate-diner-bevel-enjoy-pheon,5,False,True
phese,slate-group-ahind-phese,4,False,True
phial,slate-colin-derby-axial-phial,5,False,True
phies,slate-roses-denim-vichy-aheap-phies,6,False,True
phish,slate-mochi-brisk-phish,4,True,True
phizz,slate-crony-field-whizz-phizz,5,False,True
phlox,slate-dilly-argon-phlox,4,True,True
phobe,slate-groin-aback-booze-phobe,5,False,True
phoca,slate-corny-choco-phoca,4,False,True
phone,slate-groin-ozone-phone,4,True,True
phono,slate-crony-gimps-phono,4,False,True
phons,slate-mochi-frosh-adapt-phons,5,False,True
phony,slate-crony-phony,3,True,True
phooh,slate-crony-adios-whoop-phooh,5,False,True
phooo,slate-crony-adios-whoop-phooh-phooo,6,False,True
phota,slate-carny-boobs-quota-diota-phota,6,False,True
photo,slate-irony-bloop-photo,4,True,True
phots,slate-grimy-bronc-chafe-phots,5,False,True
photy,slate-irony-booty-photy,4,False,True
phpht,slate-rhino-thumb-phpht,4,False,True
phubs,slate-mochi-arses-hunks-phubs,5,False,True
phuts,slate-grimy-bronc-tufts-phuts,5,False,True
phutu,slate-irony-aduki-phutu,4,False,True
phwat,slate-tarot-adage-ainee-phwat,5,False,True
phyla,slate-colin-grump-apply-phyla,5,False,True
phyle,slate-bingo-armed-cycle-phyle,5,False,True
phyma,slate-corny-kayak-phyma,4,False,True
phynx,slate-crony-dying-phynx,4,False,True
physa,slate-oasis-bursa-physa,4,False,True
piais,slate-curbs-acing-aboma-piais,5,False,True
piani,slate-churn-piano-piani,4,False,True
piano,slate-churn-piano,3,True,True
pians,slate-curbs-acing-ikans-pians,5,False,True
pibal,slate-colin-derby-abaka-pibal,5,False,True
pical,slate-colin-laich-pical,4,False,True
picas,slate-oasis-aback-champ-picas,5,False,True
piccy,slate-crony-humid-picky-piccy,5,False,True
picey,slate-diner-bicep-picey,4,False,True
pichi,slate-crony-aback-mimic-pichi,5,False,True
picks,slate-mochi-kendo-picks,4,True,True
picky,slate-crony-humid-picky,4,True,True
picon,slate-crony-ionic-picon,4,False,True
picot,slate-rhino-oomph-pivot-picot,5,False,True
picra,slate-corny-vicar-micra-picra,5,False,True
picul,slate-dilly-acing-civil-picul,5,False,True
piece,slate-groin-dumps-piece,4,True,True
pieds,slate-roses-punch-peeps-pieds,5,False,True
piend,slate-diner-fiend-piend,4,False,True
piers,slate-roses-being-piers,4,True,True
piert,slate-titer-piert,3,False,True
pieta,slate-earth-amnic-pieta,4,False,True
piets,slate-trips-piets,3,False,True
piety,slate-pinch-piety,3,True,True
piezo,slate-diner-aevum-piezo,4,False,True
piggy,slate-crony-dumps-piggy,4,True,True
pight,slate-rhino-witty-fight-might-baked-hight-pight,8,False,False
pigly,slate-dilly-girly-bigly-pigly,5,False,True
pigmy,slate-crony-dumps-pygmy-pigmy,5,False,True
piing,slate-crony-aduki-piing,4,False,True
pikas,slate-oasis-aback-piend-pikas,5,False,True
pikau,slate-corny-mamba-befit-jihad-pikau,6,False,True
piked,slate-diner-biped-piked,4,True,True
pikel,slate-oiler-lanky-kidel-pikel,5,False,True
piker,slate-diner-phlox-piper-piker,5,True,True
pikes,slate-roses-denim-vichy-kappa-pikes,6,True,True
pikey,slate-diner-bicep-pikey,4,False,True
pikis,slate-mochi-kirby-jawed-pinks-pikis,6,False,True
pikul,slate-dilly-acing-limbo-pikul,5,False,True
pilae,slate-anglo-chevy-laude-pilae,5,False,True
pilaf,slate-colin-afire-pilaf,4,True,True
pilao,slate-colin-aahed-pilao,4,False,True
pilar,slate-colin-afire-pilar,4,True,True
pilau,slate-colin-afire-villa-pilau,5,False,True
pilaw,slate-colin-afire-villa-pilau-pilaw,6,False,True
pilch,slate-dilly-befog-zilch-abamp-pilch,6,False,True
pilea,slate-rangy-medal-aahed-pilea,5,False,True
piled,slate-oiler-awful-piled,4,True,True
pilei,slate-oiler-awful-piled-pilei,5,False,True
piler,slate-oiler-miler-filer-piler,5,False,True
piles,slate-oiler-frump-piles,4,True,True
piley,slate-oiler-awful-piled-pilei-piley,6,False,True
pilin,slate-dilly-befog-zilch-abamp-pilin,6,False,True
pilis,slate-lucid-polis-pilis,4,False,True
pills,slate-lucid-morph-pills,4,True,True
pilon,slate-dilly-befog-aborn-pilon,5,False,True
pilot,slate-grout-pilot,3,True,True
pilow,slate-dilly-befog-aborn-pilow,5,False,True
pilum,slate-dilly-befog-zilch-abamp-pilum,6,False,True
pilus,slate-lucid-aargh-pilus,4,False,True
pimas,slate-oasis-aback-minas-pimas,5,False,True
pimps,slate-mochi-dippy-pimps,4,True,True
pinas,slate-oasis-aback-minas-pinas,5,False,True
pinax,slate-corny-denim-ninja-hinau-pinax,6,False,True
pince,slate-groin-chemo-wince-pince,5,False,True
pinch,slate-crony-blimp-pinch,4,True,True
pinda,slate-corny-denim-kinda-pinda,5,False,True
pinds,slate-mochi-kirby-waged-finds-pinds,6,False,True
pined,slate-diner-frump-pined,4,True,True
piner,slate-diner-finer-miner-abamp-piner,6,False,True
pines,slate-roses-denim-awful-naive-pines,6,True,True
piney,slate-diner-piney,3,True,True
pinga,slate-corny-denim-ninja-aapas-pinga,6,False,True
pinge,slate-groin-binge-hinge-amped-pinge,6,False,True
pingo,slate-crony-bough-dingo-jingo-pingo,6,False,True
pings,slate-mochi-kirby-waged-pings,5,True,True
pinko,slate-crony-bough-onion-pinko,5,False,True
pinks,slate-mochi-kirby-jawed-pinks,5,True,True
pinky,slate-crony-pudge-pinky,4,True,True
pinna,slate-corny-mixup-pinna,4,False,True
pinny,slate-crony-bicep-pinny,4,False,True
pinol,slate-dilly-acing-ampul-pinol,5,False,True
pinon,slate-crony-bough-onion-ninon-pinon,6,False,True
pinot,slate-rhino-innit-pinot,4,True,True
pinta,slate-carny-junta-ninta-pinta,5,False,True
pinto,slate-irony-pinto,3,True,True
pints,slate-grimy-nymph-pints,4,True,True
pinup,slate-crony-unhip-pinup,4,True,True
pions,slate-mochi-arses-pious-pions,5,False,True
piony,slate-crony-phony-piony,4,False,True
pious,slate-mochi-arses-pious,4,True,True
pioye,slate-groin-diode-biome-pioye,5,False,True
pioys,slate-mochi-arses-pious-pions-pioys,6,False,True
pipal,slate-colin-derby-axial-pipal,5,False,True
pipas,slate-oasis-aback-minas-diver-gigas-pipas,7,False,False
piped,slate-diner-biped-piped,4,True,True
piper,slate-diner-phlox-piper,4,True,True
pipes,slate-roses-denim-vichy-kappa-pipes,6,True,True
pipet,slate-titer-aback-pipet,4,True,True
pipid,slate-crony-field-vivid-pipid,5,False,True
pipis,slate-mochi-kirby-waged-finis-pipis,6,False,True
pipit,slate-rhino-sized-tippy-pipit,5,False,True
pippy,slate-crony-dumps-zippy-hippy-pygmy-pippy,7,False,False
pipul,slate-dilly-acing-limbo-pikul-pipul,6,False,True
pique,slate-groin-dumps-pique,4,True,True
piqui,slate-crony-field-mixup-piqui,5,False,True
pirai,slate-corny-fluke-parma-pirai,5,False,True
pirks,slate-mochi-kirby-adapt-pirks,5,False,True
pirls,slate-lucid-morph-pirls,4,False,True
pirns,slate-mochi-kirby-virus-aping-pirns,6,False,True
pirog,slate-crony-furry-morph-pirog,5,False,True
pirre,slate-groin-fibre-adrip-pirre,5,False,True
pirri,slate-crony-ahead-quirk-pirri,5,False,True
pirrs,slate-mochi-kirby-virus-aping-pirrs,6,False,True
pisco,slate-mochi-abode-cisco-pisco,5,False,True
pises,slate-roses-album-peeve-pises,5,False,True
pisky,slate-mochi-kirby-pisky,4,False,True
pisos,slate-mochi-arses-pisos,4,False,True
pissy,slate-mochi-kirby-wispy-pissy,5,False,True
piste,slate-piste,2,True,True
pitas,slate-antsy-bebop-paths-pitas,5,False,True
pitch,slate-rhino-witty-hoped-pitch,5,True,True
piths,slate-trout-abase-myths-apeak-piths,6,False,True
pithy,slate-rhino-witty-pithy,4,True,True
piton,slate-rhino-innit-timon-piton,5,False,True
pitot,slate-rhino-oomph-pivot-picot-pitot,6,False,True
pitso,slate-trout-goths-pitso,4,False,True
pitsu,slate-trout-gutsy-pitsu,4,False,True
pitta,slate-carny-boobs-agita-abamp-pitta,6,False,True
pittu,slate-irony-ached-tutti-pittu,5,False,True
piuma,slate-corny-mamba-piuma,4,False,True
piums,slate-mochi-dippy-piums,4,False,True
pivos,slate-mochi-arses-pious-pivos,5,False,True
pivot,slate-rhino-oomph-pivot,4,True,True
pixel,slate-oiler-lanky-pixel,4,True,True
pixes,slate-roses-denim-vichy-kappa-pixes,6,False,True
pixie,slate-groin-pixie,3,True,True
piyut,slate-rhino-sized-tippy-piyut,5,False,True
pized,slate-diner-biped-piked-pized,5,False,True
pizer,slate-diner-phlox-piper-piker-pizer,6,False,True
pizes,slate-roses-denim-vichy-kappa-pixes-pizes,7,False,False
pizza,slate-corny-mamba-pizza,4,True,True
plaas,slate-chaps-plans-plays-plaas,5,False,True
place,slate-crumb-place,3,True,True
plack,slate-prick-plack,3,False,True
plaga,slate-prick-plaza-playa-plaga,5,False,True
plage,slate-crumb-defog-glaze-plage,5,False,True
plaid,slate-prick-plaid,3,True,True
plaig,slate-prick-plaid-plain-plaig,5,False,True
plain,slate-prick-plaid-plain,4,True,True
plait,slate-plant-plait,3,True,True
planc,slate-prick-planc,3,False,True
plane,slate-crumb-defog-plane,4,True,True
planh,slate-prick-plaza-planh,4,False,True
plank,slate-prick-plank,3,True,True
plans,slate-chaps-plans,3,True,True
plant,slate-plant,2,True,True
plaps,slate-chaps-flaps-aback-plaps,5,False,True
plash,slate-chaps-plash,3,False,True
plasm,slate-chaps-plasm,3,True,True
plast,slate-blast-apace-plast,4,False,True
plate,slate-plate,2,True,True
plats,slate-flats-abaca-plats,4,False,True
platt,slate-bepat-platt,3,False,True
platy,slate-bepat-platy,3,False,True
plaud,slate-prick-plaza-planh-plaud,5,False,True
plaur,slate-prick-plaur,3,False,True
plavs,slate-chaps-plans-plays-plaas-plavs,6,False,True
playa,slate-prick-plaza-playa,4,True,True
plays,slate-chaps-plans-plays,4,True,True
plaza,slate-prick-plaza,3,True,True
plead,slate-anger-bleak-plead,4,True,True
pleas,slate-fleas-pleas,3,True,True
pleat,slate-bicep-pleat,3,True,True
plebe,slate-bipod-plebe,3,True,True
plebs,slate-plebe-plebs,3,False,True
pleck,slate-freed-pubic-pleck,4,False,True
pleep,slate-freed-bleep-cleep-pleep,5,False,True
plein,slate-freed-pubic-plein,4,False,True
plena,slate-anger-clean-plena,4,False,True
plene,slate-bipod-plume-plene,4,False,True
pleno,slate-freed-pubic-pleno,4,False,True
pleon,slate-freed-pubic-pleno-pleon,5,False,True
plesh,slate-plebe-plesh,3,False,True
plets,slate-blets-plets,3,False,True
plews,slate-plebe-plesh-plews,4,False,True
plexi,slate-freed-pubic-plexi,4,False,True
plica,slate-agora-plica,3,False,True
plied,slate-freed-acids-plied,4,True,True
plier,slate-freed-abide-plier,4,True,True
plies,slate-plebe-plies,3,True,True
pligs,slate-flops-plugs-pligs,4,False,True
plims,slate-flops-plugs-plims,4,False,True
pling,slate-bucko-fling-pling,4,False,True
plink,slate-bucko-plink,3,True,True
plips,slate-flops-clips-blips-plips,5,False,True
plish,slate-flops-plush-plish,4,False,True
ploat,slate-begat-float-ploat,4,False,True
ploce,slate-bipod-elope-abray-ploce,5,False,True
plock,slate-bucko-clock-flock-plock,5,False,True
plods,slate-flops-acedy-plods,4,False,True
ploit,slate-flung-apiol-ploit,4,False,True
plomb,slate-bucko-abrim-plomb,4,False,True
plong,slate-bucko-angry-flong-plong,5,False,True
plonk,slate-bucko-plonk,3,True,True
plook,slate-bucko-plonk-plook,4,False,True
ploot,slate-flung-apiol-ploot,4,False,True
plops,slate-flops-acing-plops,4,False,True
plore,slate-bipod-elope-abray-plore,5,False,True
plots,slate-aback-plots,3,True,True
plotz,slate-aboil-cloth-plotz,4,False,True
plouk,slate-bucko-plouk,3,False,True
plout,slate-flung-clout-plout,4,False,True
plows,slate-flops-acedy-plows,4,False,True
plowt,slate-flung-apiol-plowt,4,False,True
ploye,slate-bipod-elope-abray-ploye,5,False,True
ploys,slate-flops-acedy-ploys,4,False,True
pluck,slate-bucko-apace-pluck,4,True,True
pluds,slate-flops-plugs-plums-pluds,5,False,True
plues,slate-plebe-plies-plues,4,False,True
pluff,slate-bucko-admin-fluff-pluff,5,False,True
plugs,slate-flops-plugs,3,True,True
pluke,slate-bipod-plume-pluke,4,False,True
plumb,slate-bucko-plumb,3,True,True
plume,slate-bipod-plume,3,True,True
plump,slate-bucko-admin-plump,4,True,True
plums,slate-flops-plugs-plums,4,True,True
plumy,slate-bucko-admin-plump-plumy,5,False,True
plung,slate-bucko-admin-flung-plung,5,False,True
plunk,slate-bucko-flunk-plunk,4,True,True
pluot,slate-flung-blurt-pluot,4,False,True
plups,slate-flops-clips-plups,4,False,True
plush,slate-flops-plush,3,True,True
plute,slate-acing-flute-elute-plute,5,False,True
pluto,slate-aboil-pluto,3,True,True
pluty,slate-aboil-klutz-fluty-pluty,5,False,True
plyer,slate-freed-abide-ulcer-oller-plyer,6,False,True
pneus,slate-roses-punch-pneus,4,False,True
poach,slate-churn-poach,3,True,True
poaka,slate-churn-foamy-poaka,4,False,True
poake,slate-prick-peake-poake,4,False,True
poalo,slate-corgi-koala-poalo,4,False,True
pobby,slate-crony-badge-hobby-abamp-pobby,6,False,True
poboy,slate-crony-badge-hobby-poboy,5,False,True
pocan,slate-corny-pocan,3,False,True
poche,slate-groin-blush-homme-cohoe-poche,6,False,True
pocho,slate-crony-bicep-pocho,4,False,True
pocks,slate-mochi-curds-jocks-powny-pocks,6,False,True
pocky,slate-crony-bumph-pocky,4,False,True
podal,slate-colin-amour-loyal-adage-podal,6,False,True
poddy,slate-crony-badge-damps-poddy,5,False,True
podex,slate-diner-moped-podex,4,False,True
podge,slate-groin-dodge-abamp-podge,5,False,True
podgy,slate-crony-badge-dodgy-podgy,5,False,True
podia,slate-corny-gaped-podia,4,False,True
podos,slate-mochi-bundy-doors-podos,5,False,True
podus,slate-mochi-bundy-adapt-podus,5,False,True
poems,slate-roses-poems,3,True,True
poena,slate-raced-venom-ozena-poena,5,False,True
poeps,slate-roses-poems-poeps,4,False,True
poesy,slate-roses-poesy,3,True,True
poete,slate-turbo-acing-emote-poete,5,False,True
poets,slate-trips-pests-poets,4,True,True
pogey,slate-diner-chomp-pokey-pogey,5,False,True
pogge,slate-groin-dodge-abamp-pogge,5,False,True
poggy,slate-crony-badge-foggy-moggy-poggy,6,False,True
pogos,slate-mochi-bundy-afore-gapos-pogos,6,False,True
pogue,slate-groin-dodge-vogue-abamp-pogue,6,False,True
pohed,slate-diner-moped-poked-abohm-pohed,6,False,True
poilu,slate-dilly-chili-poilu,4,False,True
poind,slate-crony-bodhi-doing-poind,5,False,True
point,slate-rhino-joint-point,4,True,True
poire,slate-groin-moire-poire,4,False,True
poise,slate-group-acids-poise,4,True,True
pokal,slate-colin-amour-loyal-adage-pokal,6,False,True
poked,slate-diner-moped-poked,4,True,True
poker,slate-diner-whomp-poker,4,True,True
pokes,slate-roses-munch-biped-pokes,5,True,True
pokey,slate-diner-chomp-pokey,4,True,True
pokie,slate-groin-mauve-bowie-caked-pokie,6,False,True
pokit,slate-rhino-oomph-topic-pokit,5,False,True
polar,slate-colin-alpha-polar,4,True,True
poled,slate-oiler-ditch-poled,4,True,True
poler,slate-oiler-moler-poler,4,False,True
poles,slate-oiler-camps-poles,4,True,True
poley,slate-oiler-ditch-golem-foley-poley,6,False,True
polio,slate-dilly-capon-polio,4,True,True
polis,slate-lucid-polis,3,True,True
polje,slate-bingo-ahold-loupe-polje,5,False,True
polka,slate-colin-alpha-polka,4,True,True
polks,slate-lucid-frown-polls-accoy-polks,6,False,True
pollo,slate-dilly-bumph-pollo,4,False,True
polls,slate-lucid-frown-polls,4,True,True
polly,slate-dilly-laugh-frump-polly,5,True,True
polos,slate-lucid-frown-polls-accoy-polos,6,False,True
polts,slate-bolus-cajun-volts-thump-polts,6,False,True
polyp,slate-dilly-aping-polyp,4,True,True
polys,slate-lucid-frown-polls-accoy-polys,6,False,True
pomas,slate-oasis-comas-bandh-pomas,5,False,True
pombe,slate-groin-blush-combe-pombe,5,False,True
pomes,slate-roses-munch-domes-fomes-pomes,6,False,True
pomme,slate-groin-blush-comme-momme-pomme,6,False,True
pommy,slate-crony-badge-alpha-abuzz-pommy,6,False,True
pomos,slate-mochi-words-bombs-enjoy-pomos,6,False,True
pompa,slate-corny-gaped-akoja-pompa,5,False,True
pomps,slate-mochi-words-bombs-enjoy-pomps,6,False,True
ponce,slate-groin-donna-ponce,4,True,True
poncy,slate-crony-ajupa-poncy,4,False,True
ponds,slate-mochi-bundy-ponds,4,True,True
pondy,slate-crony-wonky-pondy,4,False,True
pones,slate-roses-munch-abuzz-jones-aflap-pones,7,False,False
poney,slate-diner-abash-money-coney-poney,6,False,True
ponga,slate-corny-aimed-hogan-ponga,5,False,True
pongo,slate-crony-bough-mongo-pongo,5,True,True
pongs,slate-mochi-bundy-gongs-ajupa-pongs,6,False,True
pongy,slate-crony-wonky-pondy-pongy,5,False,True
ponks,slate-mochi-bundy-gongs-kapow-ponks,6,False,True
ponor,slate-crony-demon-honor-ponor,5,False,True
ponto,slate-irony-month-conto-ponto,5,False,True
ponts,slate-grimy-bronc-whoof-ponts,5,False,True
ponty,slate-irony-jimpy-ponty,4,False,True
ponzu,slate-crony-bough-adman-ponzu,5,False,True
pooay,slate-corny-abhor-pooay,4,False,True
pooch,slate-crony-amped-pooch,4,True,True
poods,slate-mochi-bundy-dwarf-goods-poods,6,False,True
pooed,slate-diner-moped-poked-abohm-pooed,6,False,True
pooey,slate-diner-chomp-pooey,4,False,True
poofs,slate-mochi-bundy-afore-agape-poofs,6,False,True
poofy,slate-crony-dough-abuzz-kooky-poofy,6,True,True
poohs,slate-mochi-boogy-poohs,4,False,True
poohy,slate-crony-dough-hooky-poohy,5,False,True
pooja,slate-corny-gaped-akoja-pooja,5,False,True
pooka,slate-corny-gaped-akoja-pooka,5,False,True
pooks,slate-mochi-bundy-afore-poops-pooks,6,False,True
pools,slate-lucid-frown-pools,4,True,True
pooly,slate-dilly-bowed-coyly-chomp-pooly,6,False,True
poons,slate-mochi-bundy-aglow-nooks-adrip-poons,7,False,False
poopa,slate-corny-gaped-akoja-poopa,5,False,True
poops,slate-mochi-bundy-afore-poops,5,True,True
poopy,slate-crony-dough-abuzz-kooky-poofy-poopy,7,False,False
poori,slate-crony-fjord-aduki-poori,5,False,True
poort,slate-rhino-tromp-poort,4,False,True
poots,slate-grimy-bronc-chafe-toots-poots,6,False,True
pooty,slate-irony-booty-caphs-pooty,5,False,True
poove,slate-groin-aback-pheme-poove,5,False,True
poovy,slate-crony-dough-abuzz-kooky-poofy-poopy-poovy,8,False,False
popes,slate-roses-munch-biped-popes,5,True,True
popia,slate-corny-gaped-poppa-popia,5,False,True
popos,slate-mochi-bundy-afore-gapos-popos,6,False,True
poppa,slate-corny-gaped-poppa,4,True,True
poppy,slate-crony-badge-alpha-poppy,5,True,True
popsy,slate-mochi-bundy-apoop-popsy,5,False,True
popup,slate-crony-bipod-popup,4,True,True
porae,slate-garbo-morae-porae,4,False,True
poral,slate-colin-amour-royal-baghs-loral-poral,7,False,False
porch,slate-crony-abhor-porch,4,True,True
pored,slate-diner-befog-pooch-pored,5,True,True
porer,slate-diner-whomp-poker-porer,5,False,True
pores,slate-roses-aback-pores,4,True,True
porey,slate-diner-creek-borty-porey,5,False,True
porge,slate-groin-about-forge-porge,5,False,True
porgy,slate-crony-dowry-porky-porgy,5,True,True
porin,slate-crony-demon-robin-porin,5,False,True
porks,slate-mochi-bundy-afore-works-porks,6,False,True
porky,slate-crony-dowry-porky,4,True,True
porno,slate-crony-ached-porno,4,True,True
porns,slate-mochi-bundy-aglow-nooks-porns,6,False,True
porny,slate-crony-horny-porny,4,False,True
porta,slate-carny-aorta-torta-porta,5,False,True
porte,slate-turbo-forte-porte,4,True,True
porth,slate-irony-forth-worth-porth,5,False,True
ports,slate-grimy-adopt-ports,4,True,True
porty,slate-irony-forty-biped-porty,5,False,True
porus,slate-mochi-bundy-fours-korus-porus,6,False,True
posca,slate-oasis-arson-dosha-posca,5,False,True
posed,slate-roses-nymph-posed,4,True,True
poser,slate-roses-poser,3,True,True
poses,slate-roses-nymph-poses,4,True,True
poset,slate-hurst-aboil-onset-coset-poset,6,False,True
posey,slate-roses-nymph-posey,4,True,True
posho,slate-mochi-boogy-posho,4,False,True
posit,slate-trout-champ-posit,4,True,True
posol,slate-lucid-frown-polls-posol,5,False,True
posse,slate-group-acids-posse,4,True,True
poste,slate-piste-poste,3,False,True
posts,slate-grimy-bronc-hosts-posts,5,True,True
potae,slate-about-potae,3,False,True
potai,slate-tarot-moany-potai,4,False,True
potch,slate-rhino-acute-botch-gopak-potch,6,False,True
poted,slate-titer-donut-voted-abamp-poted,6,False,True
potes,slate-hurst-timon-dotes-votes-abaca-potes,7,False,False
potin,slate-rhino-innit-toxin-potin,5,False,True
potoo,slate-rhino-outdo-potoo,4,False,True
potro,slate-rhino-turbo-potro,4,False,True
potsy,slate-trout-goths-potsy,4,False,True
potto,slate-irony-ached-motto-potto,5,False,True
potts,slate-grimy-bronc-hosts-cupid-potts,6,False,True
potty,slate-irony-acted-potty,4,True,True
pouce,slate-groin-blush-coupe-pouce,5,False,True
pouch,slate-crony-bicep-pouch,4,True,True
pouff,slate-crony-bipod-oomph-pouff,5,False,True
poufs,slate-mochi-bundy-fours-poufs,5,False,True
poufy,slate-crony-badge-alpha-abuzz-poufy,6,False,True
pouis,slate-mochi-acids-rangy-abjud-pouis,6,False,True
pouke,slate-groin-blush-coupe-pouke,5,False,True
pouks,slate-mochi-bundy-fours-ajuga-pouks,6,False,True
poule,slate-bingo-ahold-joule-cramp-poule,6,False,True
poulp,slate-dilly-cholo-poulp,4,False,True
poult,slate-grout-moult-boult-poult,5,False,True
pound,slate-crony-bodhi-frump-pound,5,True,True
poupe,slate-groin-blush-coupe-poupe,5,False,True
poupt,slate-rhino-abide-tommy-aback-poupt,6,False,True
pours,slate-mochi-bundy-fours-pours,5,True,True
pousy,slate-mochi-bundy-pousy,4,False,True
pouts,slate-grimy-bronc-hosts-cupid-pouts,6,False,True
pouty,slate-irony-acted-pouty,4,True,True
povos,slate-mochi-bundy-afore-gapos-povos,6,False,True
powan,slate-corny-aimed-hogan-abamp-powan,6,False,True
power,slate-diner-whomp-power,4,True,True
powie,slate-groin-mauve-bowie-apayd-powie,6,False,True
powin,slate-crony-bough-mondo-powin,5,False,True
powis,slate-mochi-acids-rangy-abjud-powis,6,False,True
powlt,slate-grout-pilot-powlt,4,False,True
pownd,slate-crony-bodhi-frump-pownd,5,False,True
powns,slate-mochi-bundy-aglow-abord-powns,6,False,True
powny,slate-crony-award-powny,4,False,True
powre,slate-groin-boric-roque-howre-powre,6,False,True
powsy,slate-mochi-bundy-apoop-powsy,5,False,True
poxed,slate-diner-moped-poked-abohm-poxed,6,False,True
poxes,slate-roses-munch-biped-pokes-poxes,6,False,True
poyas,slate-oasis-comas-henry-poyas,5,False,True
poynt,slate-rhino-amuck-poynt,4,False,True
poyou,slate-crony-yoppo-poyou,4,False,True
poyse,slate-group-acids-posse-poyse,5,False,True
pozzy,slate-crony-badge-alpha-abuzz-pozzy,6,False,True
praam,slate-churn-abode-gravy-fraim-praam,6,False,True
prads,slate-curbs-dowse-grads-mrads-prads,6,False,True
prags,slate-curbs-dowse-agony-grams-frags-prags,7,False,False
prahu,slate-churn-prahu,3,False,True
prams,slate-curbs-dowse-agony-fraim-prams,6,False,True
prana,slate-churn-biped-prank-prana,5,False,True
prang,slate-churn-biped-prank-prana-prang,6,False,True
prank,slate-churn-biped-prank,4,True,True
praos,slate-curbs-dowse-aboon-praos,5,False,True
praps,slate-curbs-dowse-agony-fraim-praps,6,False,True
prase,slate-beech-usage-prase,4,False,True
prate,slate-corgi-prate,3,True,True
prats,slate-combe-whats-ridgy-aflap-prats,6,False,True
pratt,slate-aback-wrath-adapt-pratt,5,False,True
praty,slate-aback-wrath-adapt-praty,5,False,True
praus,slate-curbs-adopt-praus,4,False,True
prawn,slate-churn-abide-prawn,4,True,True
prays,slate-curbs-dowse-agony-prays,5,True,True
preak,slate-raced-blown-freak-preak,5,False,True
predy,slate-diner-beefy-predy,4,False,True
preed,slate-diner-befog-acres-aapas-preed,6,False,True
preem,slate-diner-creek-breem-preem,5,False,True
preen,slate-diner-agape-preen,4,True,True
prees,slate-roses-ficus-heres-aband-grees-prees,7,False,False
preif,slate-diner-affix-preif,4,False,True
preke,slate-groin-amped-crepe-preke,5,False,True
prems,slate-roses-being-crews-preys-prems,6,False,True
premy,slate-diner-myrrh-premy,4,False,True
prent,slate-titer-vouch-exert-brent-acedy-prent,7,False,False
preon,slate-diner-acorn-heron-adept-preon,6,False,True
preop,slate-diner-myrrh-wreck-abamp-preop,6,False,True
preps,slate-roses-being-crews-preys-prems-preps,7,False,False
presa,slate-wiper-apers-presa,4,False,True
prese,slate-group-prise-prese,4,False,True
press,slate-roses-arced-press,4,True,True
prest,slate-hurst-crest-wrest-adapt-prest,6,False,True
preta,slate-earth-aapas-preta,4,False,True
preux,slate-diner-myrrh-wreck-abamp-preux,6,False,True
preve,slate-groin-amped-crepe-preke-preve,6,False,True
prexy,slate-diner-myrrh-rebuy-crepy-prexy,6,False,True
preys,slate-roses-being-crews-preys,5,True,True
prial,slate-colin-derby-rival-prial,5,False,True
prian,slate-corny-aboil-dinar-prian,5,False,True
price,slate-groin-dumps-price,4,True,True
prick,slate-crony-brick-prick,4,True,True
pricy,slate-crony-pricy,3,True,True
pride,slate-groin-dumps-pride,4,True,True
pridy,slate-crony-grimy-privy-pridy,5,False,True
pried,slate-diner-chief-pried,4,True,True
prief,slate-diner-brief-grief-prief,5,False,True
prier,slate-diner-acute-brier-aflap-prier,6,False,True
pries,slate-roses-ficus-dries-abamp-pries,6,False,True
prigs,slate-mochi-kirby-bundt-grips-prigs,6,False,True
prill,slate-dilly-gruff-krill-brill-prill,6,False,True
prima,slate-corny-rabid-prima,4,True,True
prime,slate-groin-dumps-prime,4,True,True
primi,slate-crony-amigo-primp-primi,5,False,True
primo,slate-crony-prior-primo,4,True,True
primp,slate-crony-amigo-primp,4,True,True
prims,slate-mochi-dippy-prism-prims,5,False,True
primy,slate-crony-grimy-primy,4,False,True
pring,slate-crony-being-wring-iring-pring,6,False,True
prink,slate-crony-being-drink-prink,5,False,True
print,slate-rhino-print,3,True,True
prion,slate-crony-prion,3,True,True
prior,slate-crony-prior,3,True,True
prise,slate-group-prise,3,True,True
prism,slate-mochi-dippy-prism,4,True,True
priss,slate-mochi-kirby-bundt-grips-priss,6,False,True
prius,slate-mochi-kirby-bundt-prius,5,True,True
privy,slate-crony-grimy-privy,4,True,True
prize,slate-groin-dumps-price-prize,5,True,True
proal,slate-colin-brood-proal,4,False,True
proas,slate-oasis-comas-anoas-proas,5,False,True
probe,slate-groin-baldy-probe,4,True,True
probs,slate-mochi-gross-abide-brows-probs,6,False,True
proby,slate-crony-proxy-proby,4,False,True
prodd,slate-crony-dumbo-prodd,4,False,True
prods,slate-mochi-gross-abide-prods,5,False,True
proem,slate-diner-creek-proem,4,False,True
profs,slate-mochi-gross-abide-props-profs,6,False,True
progs,slate-mochi-gross-frogs-brogs-progs,6,False,True
proin,slate-crony-gibed-proin,4,False,True
proke,slate-groin-baldy-froze-prove-proke,6,False,True
prole,slate-bingo-ahold-prole,4,True,True
proll,slate-dilly-knoll-proll,4,False,True
promo,slate-crony-dumbo-promo,4,True,True
proms,slate-mochi-orgue-proms,4,False,True
prone,slate-groin-decks-prone,4,True,True
prong,slate-crony-adapt-prong,4,True,True
pronk,slate-crony-adapt-prong-pronk,5,False,True
proof,slate-crony-dumbo-proof,4,True,True
prook,slate-crony-dumbo-proof-prook,5,False,True
proot,slate-rhino-tromp-dropt-proot,5,False,True
props,slate-mochi-gross-abide-props,5,True,True
prora,slate-corny-vroom-broad-aroha-prora,6,False,True
prore,slate-groin-baldy-froze-prove-proke-prore,7,False,False
prose,slate-group-prose,3,True,True
proso,slate-mochi-gross-abaya-proso,5,False,True
pross,slate-mochi-gross-dross-pross,5,False,True
prost,slate-trout-frost-crost-prost,5,False,True
prosy,slate-mochi-gross-abaya-prosy,5,False,True
proto,slate-irony-batty-froth-proto,5,False,True
proud,slate-crony-dumbo-proud,4,True,True
proul,slate-dilly-whang-cromb-proul,5,False,True
prove,slate-groin-baldy-froze-prove,5,True,True
prowk,slate-crony-dumbo-proof-prowk,5,False,True
prowl,slate-dilly-whang-prowl,4,True,True
prows,slate-mochi-gross-abide-props-profs-prows,7,False,False
proxy,slate-crony-proxy,3,True,True
proyn,slate-crony-proyn,3,False,True
prude,slate-groin-amped-prude,4,True,True
prune,slate-groin-prune,3,True,True
pruno,slate-crony-pruno,3,False,True
prunt,slate-rhino-argot-brunt-prunt,5,False,True
pruny,slate-crony-briny-pruny,4,False,True
pruta,slate-carny-abius-pruta,4,False,True
pryan,slate-corny-pryan,3,False,True
pryer,slate-diner-whomp-purer-pryer,5,False,True
pryse,slate-group-prise-prese-pryse,5,False,True
psalm,slate-doing-psalm,3,True,True
pseud,slate-roses-newsy-pseud,4,False,True
pshaw,slate-oasis-bursa-pshaw,4,True,True
pshut,slate-trout-pshut,3,False,True
psias,slate-oasis-amiss-psias,4,False,True
psion,slate-mochi-arses-kiosk-psion,5,False,True
psoae,slate-crump-passe-psoae,4,False,True
psoai,slate-oasis-aalii-psoai,4,False,True
psoas,slate-oasis-askos-psoas,4,False,True
psora,slate-oasis-abord-psora,4,False,True
psych,slate-mochi-crush-psych,4,True,True
psyop,slate-mochi-gross-psyop,4,False,True
ptish,slate-trout-abase-ditsy-ptish,5,False,True
ptype,slate-chirp-tepee-ptype,4,False,True
pubby,slate-crony-dumps-puffy-pubby,5,False,True
pubco,slate-crony-bicep-pubco,4,False,True
pubes,slate-roses-denim-cubes-pubes,5,True,True
pubic,slate-crony-aback-pubic,4,True,True
pubis,slate-mochi-kirby-budis-pubis,5,False,True
pubsy,slate-mochi-gunky-fussy-aband-pubsy,6,False,True
pucan,slate-corny-admit-uncap-pucan,5,False,True
pucer,slate-diner-whomp-purer-pucer,5,False,True
puces,slate-roses-denim-cubes-puces,5,False,True
pucka,slate-corny-acrid-macaw-pucka,5,False,True
pucks,slate-mochi-abide-fucks-crapy-pucks,6,False,True
puddy,slate-crony-dumps-pudgy-puddy,5,False,True
pudge,slate-groin-awful-banjo-pudge,5,True,True
pudgy,slate-crony-dumps-pudgy,4,True,True
pudic,slate-crony-aback-mimic-pudic,5,False,True
pudor,slate-crony-furry-humor-pudor,5,False,True
pudsy,slate-mochi-gunky-fussy-aband-pudsy,6,False,True
pudus,slate-mochi-gunky-abhor-puffs-pudus,6,False,True
puers,slate-roses-being-crews-apayd-puers,6,False,True
puffa,slate-corny-mamba-pizza-faiks-puffa,6,False,True
puffs,slate-mochi-gunky-abhor-puffs,5,True,True
puffy,slate-crony-dumps-puffy,4,True,True
puggy,slate-crony-dumps-puffy-pubby-puggy,6,False,True
pugil,slate-dilly-acorn-pupil-pugil,5,False,True
puhas,slate-oasis-anger-dumpy-happi-puhas,6,False,True
pujah,slate-corny-mamba-befit-pujah,5,False,True
pujas,slate-oasis-anger-dumpy-happi-pujas,6,False,True
pukas,slate-oasis-anger-dumpy-happi-pujas-pukas,7,False,False
puked,slate-diner-moped-puked,4,True,True
puker,slate-diner-whomp-purer-pucer-puker,6,False,True
pukes,slate-roses-denim-cubes-kopje-pukes,6,False,True
pukey,slate-diner-chomp-pukey,4,False,True
pukka,slate-corny-mamba-pizza-faiks-pukka,6,False,True
pukus,slate-mochi-gunky-akker-jukus-pukus,6,False,True
pulao,slate-colin-aglow-aahed-pulao,5,False,True
pulas,slate-basis-pulmo-pulas,4,False,True
puled,slate-oiler-julep-puled,4,False,True
puler,slate-oiler-ruler-puler,4,False,True
pules,slate-oiler-mules-glyph-pules,5,False,True
pulik,slate-dilly-capon-pulik,4,False,True
pulis,slate-lucid-fusil-pulis,4,False,True
pulka,slate-colin-madly-gulag-advew-pulka,6,False,True
pulks,slate-lucid-bebop-pulls-ankus-pulks,6,False,True
pulli,slate-dilly-pulli,3,False,True
pulls,slate-lucid-bebop-pulls,4,True,True
pully,slate-dilly-laugh-aback-fully-aborn-pully,7,False,False
pulmo,slate-dilly-argon-pulmo,4,False,True
pulps,slate-lucid-bebop-pulls-ankus-pulps,6,False,True
pulpy,slate-dilly-block-pulpy,4,True,True
pulse,slate-abode-pulse,3,True,True
pulus,slate-lucid-bebop-pulls-ankus-pulus,6,False,True
pulut,slate-grout-pulut,3,False,True
pumas,slate-oasis-anger-dumpy-pumas,5,False,True
pumie,slate-groin-pixie-pumie,4,False,True
pumps,slate-mochi-bardo-jumps-pumps,5,True,True
pumpy,slate-crony-dumps-bumpy-jumpy-humpy-pumpy,7,False,False
punas,slate-oasis-anger-abamp-punas,5,False,True
punce,slate-groin-cheep-punce,4,False,True
punch,slate-crony-blimp-punch,4,True,True
punga,slate-corny-denim-ganja-punga,5,False,True
pungi,slate-crony-unhip-pungi,4,False,True
pungo,slate-crony-bough-fungo-mungo-pungo,6,False,True
pungs,slate-mochi-gunky-abord-fungs-pungs,6,False,True
pungy,slate-crony-pudge-pungy,4,False,True
punim,slate-crony-unhip-punim,4,False,True
punji,slate-crony-unhip-pungi-punji,5,False,True
punka,slate-corny-denim-ganja-punka,5,False,True
punks,slate-mochi-gunky-banjo-punks,5,True,True
punky,slate-crony-pudge-punky,4,True,True
punny,slate-crony-bicep-punny,4,True,True
punto,slate-irony-month-junto-punto,5,False,True
punts,slate-grimy-bronc-hunts-adapt-punts,6,False,True
punty,slate-irony-nutty-bunty-punty,5,False,True
pupae,slate-garbo-anime-pupae,4,True,True
pupal,slate-colin-grump-pakul-pupal,5,False,True
pupas,slate-oasis-anger-dumpy-happi-pupas,6,False,True
pupil,slate-dilly-acorn-pupil,4,True,True
puppa,slate-corny-mamba-pizza-faiks-puppa,6,False,True
puppy,slate-crony-dumps-puppy,4,True,True
pupus,slate-mochi-gunky-abhor-puffs-pudus-pupus,7,False,False
purao,slate-corny-abide-gamps-purao,5,False,True
purau,slate-corny-fluke-padam-purau,5,False,True
purda,slate-corny-fluke-padam-purda,5,False,True
purdy,slate-crony-midge-purdy,4,True,True
pured,slate-diner-befog-acres-erred-abamp-pured,7,False,False
puree,slate-groin-curvy-puree,4,True,True
purer,slate-diner-whomp-purer,4,True,True
pures,slate-roses-ficus-urges-amped-pures,6,False,True
purga,slate-corny-fluke-padam-purga,5,False,True
purge,slate-groin-album-purge,4,True,True
purin,slate-crony-abide-mirin-purin,5,False,True
puris,slate-mochi-kirby-juris-puris,5,False,True
purls,slate-lucid-bebop-pulls-purls,5,False,True
puros,slate-mochi-gross-derpy-puros,5,False,True
purps,slate-mochi-gunky-abhor-purrs-purps,6,False,True
purpy,slate-crony-midge-furry-purpy,5,False,True
purre,slate-groin-curvy-puree-purre,5,False,True
purrs,slate-mochi-gunky-abhor-purrs,5,True,True
purry,slate-crony-midge-furry-hurry-burry-purry,7,False,False
purse,slate-group-purse,3,True,True
pursy,slate-mochi-gunky-fussy-aband-pursy,6,False,True
purty,slate-irony-purty,3,True,True
puses,slate-roses-album-fuses-adawn-puses,6,False,True
pushy,slate-mochi-agape-pushy,4,True,True
pusle,slate-abode-pulse-pusle,4,False,True
pussy,slate-mochi-gunky-fussy-pussy,5,False,True
putas,slate-antsy-bebop-paths-pitas-putas,6,False,True
puter,slate-titer-mound-cuter-puter,5,False,True
putid,slate-rhino-sized-putid,4,False,True
putin,slate-rhino-bonus-unfit-cutin-putin,6,False,True
puton,slate-rhino-donut-futon-muton-puton,6,False,True
putos,slate-trout-nutso-putos,4,False,True
putti,slate-irony-ached-tutti-mutti-putti,6,False,True
putto,slate-irony-ached-motto-putto,5,False,True
putts,slate-grimy-bronc-tufts-putts,5,False,True
puttu,slate-irony-aduki-puttu,4,False,True
putty,slate-irony-optic-putty,4,True,True
putza,slate-tarot-ached-untag-putza,5,False,True
puuko,slate-crony-bipod-oomph-puuko,5,False,True
puyas,slate-oasis-anger-dumpy-puyas,5,False,True
puzel,slate-oiler-leech-kugel-puzel,5,False,True
puzta,slate-carny-boobs-agita-puzta,5,False,True
pwned,slate-diner-botch-awmry-pwned,5,False,True
pyats,slate-combe-whats-ridgy-kyats-pyats,6,False,True
pyets,slate-trips-pests-poets-pyets,5,False,True
pygal,slate-colin-grump-pygal,4,False,True
pygmy,slate-crony-dumps-pygmy,4,True,True
pyins,slate-mochi-kirby-pyins,4,False,True
pylon,slate-dilly-aping-pylon,4,True,True
pyned,slate-diner-botch-awmry-pyned,5,False,True
pynes,slate-roses-denim-pynes,4,False,True
pyoid,slate-crony-abamp-pyoid,4,False,True
pyots,slate-grimy-cysts-pyots,4,False,True
pyral,slate-colin-grump-parly-pyral,5,False,True
pyran,slate-corny-pyran,3,False,True
pyres,slate-roses-ficus-heres-abamp-pyres,6,False,True
pyrex,slate-diner-creek-borty-pyrex,5,False,True
pyric,slate-crony-pyric,3,False,True
pyros,slate-mochi-gross-derpy-pyros,5,False,True
pyrus,slate-mochi-gunky-pyrus,4,False,True
pyuff,slate-crony-pyuff,3,False,True
pyxed,slate-diner-moped-puked-pewed-pyxed,6,False,True
pyxes,slate-roses-denim-cubes-glyph-kypes-pyxes,7,False,False
pyxie,slate-groin-pixie-pyxie,4,False,True
pyxis,slate-mochi-kirby-pyins-pyxis,5,False,True
pzazz,slate-churn-foamy-aalii-pzazz,5,False,True
qadis,slate-oasis-mavis-nazis-darga-cawks-padis-qadis,8,False,False
qaids,slate-oasis-padre-maids-eking-calve-qaids,7,False,False
qajaq,slate-corny-mamba-wiped-qajaq,5,False,True
qanat,slate-tarot-dough-faint-aimak-qanat,6,False,True
qapik,slate-corny-mamba-haiku-qapik,5,False,True
qibla,slate-colin-derby-abaka-qibla,5,False,True
qilas,slate-basis-pring-miltz-qilas,5,False,True
qipao,slate-corny-dumbo-kazoo-qipao,5,False,True
qophs,slate-mochi-boogy-kophs-qophs,5,False,True
qorma,slate-corny-borax-fermi-korma-qorma,6,False,True
quabs,slate-curbs-quabs,3,False,True
quack,slate-churn-quack,3,True,True
quads,slate-curbs-quads,3,True,True
quaff,slate-churn-acing-quaff,4,True,True
quags,slate-curbs-quads-gawsy-quags,5,False,True
quail,slate-corgi-avail-quail,4,True,True
quair,slate-churn-fraud-quair,4,False,True
quais,slate-curbs-quads-gawsy-quais,5,False,True
quake,slate-prick-about-quake,4,True,True
quaky,slate-churn-acing-quaff-aback-quaky,6,False,True
quale,slate-leave-whale-quale,4,False,True
qualm,slate-corgi-qualm,3,True,True
qualy,slate-corgi-qualm-qualy,4,False,True
quank,slate-churn-guano-quank,4,False,True
quant,slate-grunt-quant,3,True,True
quare,slate-prick-aware-deare-quare,5,False,True
quark,slate-churn-guard-quark,4,True,True
quarl,slate-corgi-brawl-knarl-quarl,5,False,True
quart,slate-grunt-quart,3,True,True
quash,slate-curbs-quash,3,True,True
quasi,slate-curbs-quash-quasi,4,True,True
quass,slate-curbs-quads-gawsy-quass,5,False,True
quate,slate-corgi-abate-enate-quate,5,False,True
quats,slate-combe-whats-ridgy-naats-quats,6,False,True
quawk,slate-churn-acing-quaff-aback-quawk,6,False,True
quaws,slate-curbs-quads-gawsy-quaws,5,False,True
quayd,slate-churn-acing-quaff-aback-quayd,6,False,True
quays,slate-curbs-quads-gawsy-quays,5,False,True
qubit,slate-rhino-sized-cubit-qubit,5,False,True
quean,slate-raced-venom-hyena-quean,5,False,True
queck,slate-diner-whomp-beefy-queck,5,False,True
queek,slate-diner-chomp-queek,4,False,True
queem,slate-diner-chomp-aevum-queem,5,False,True
queen,slate-diner-mocks-queen,4,True,True
queer,slate-diner-whomp-fryer-queer,5,True,True
quell,slate-oiler-hunky-quell,4,True,True
queme,slate-groin-decaf-queue-queme,5,False,True
quena,slate-raced-venom-hyena-abamp-quena,6,False,True
quern,slate-diner-acorn-enurn-quern,5,False,True
query,slate-diner-myrrh-every-query,5,True,True
queso,slate-roses-queso,3,True,True
quest,slate-hurst-guest-quest,4,True,True
quete,slate-turbo-quite-quete,4,False,True
queue,slate-groin-decaf-queue,4,True,True
queyn,slate-diner-bevel-enjoy-queyn,5,False,True
queys,slate-roses-punch-queys,4,False,True
queyu,slate-diner-whomp-beefy-queyu,5,False,True
quibs,slate-mochi-kirby-quibs,4,False,True
quich,slate-crony-aback-which-quich,5,False,True
quick,slate-crony-aback-quick,4,True,True
quids,slate-mochi-kirby-using-quids,5,False,True
quies,slate-roses-denim-vichy-exies-quies,6,False,True
quiet,slate-titer-quiet,3,True,True
quiff,slate-crony-field-whiff-quiff,5,False,True
quila,slate-colin-derby-axial-laigh-quila,6,False,True
quill,slate-dilly-gruff-quill,4,True,True
quilt,slate-grout-abide-quilt,4,True,True
quims,slate-mochi-dippy-aback-quims,5,False,True
quina,slate-corny-mixup-quina,4,False,True
quine,slate-groin-chemo-knife-vexed-quine,6,False,True
quink,slate-crony-aduki-quink,4,False,True
quino,slate-crony-bodhi-owing-imino-quino,6,False,True
quins,slate-mochi-kirby-using-quins,5,False,True
quint,slate-rhino-agent-quint,4,True,True
quipo,slate-crony-bipod-opium-quipo,5,False,True
quips,slate-mochi-kirby-using-quids-quips,6,False,True
quipu,slate-crony-field-whizz-abamp-quipu,6,False,True
quire,slate-groin-fibre-quire,4,False,True
quirk,slate-crony-ahead-quirk,4,True,True
quirl,slate-dilly-acorn-whirl-quirl,5,False,True
quirt,slate-rhino-ached-grift-quirt,5,False,True
quist,slate-trout-agism-buist-quist,5,False,True
quite,slate-turbo-quite,3,True,True
quits,slate-grimy-ankle-quits,4,True,True
quoad,slate-corny-dumbo-quoad,4,False,True
quods,slate-mochi-gross-aback-acedy-quods,6,False,True
quoif,slate-crony-adios-quoif,4,False,True
quoin,slate-crony-known-quoin,4,False,True
quois,slate-mochi-arses-pious-quois,5,False,True
quoit,slate-rhino-oomph-bigot-quoit,5,False,True
quoll,slate-dilly-knoll-proll-quoll,5,False,True
quonk,slate-crony-gimps-quonk,4,False,True
quops,slate-mochi-gross-aback-acedy-quops,6,False,True
quork,slate-crony-fjord-aduki-quork,5,False,True
quorl,slate-dilly-whang-cromb-quorl,5,False,True
quota,slate-carny-boobs-quota,4,True,True
quote,slate-turbo-quote,3,True,True
quoth,slate-irony-bloop-quoth,4,True,True
quouk,slate-crony-adios-whomp-quouk,5,False,True
quoys,slate-mochi-gross-aback-acedy-quoys,6,False,True
quran,slate-corny-quran,3,True,True
qursh,slate-mochi-arses-gursh-qursh,5,False,True
quyte,slate-turbo-quite-quete-quyte,5,False,True
raads,slate-curbs-dowse-grads-raads,5,False,True
raake,slate-prick-raake,3,False,True
rabat,slate-tarot-rabat,3,False,True
rabbi,slate-corny-rabid-rabbi,4,True,True
rabic,slate-corny-vicar-rabic,4,False,True
rabid,slate-corny-rabid,3,True,True
rabis,slate-oasis-mavis-nazis-darga-rabis,6,False,True
raced,slate-raced,2,True,True
racer,slate-raced-racer,3,True,True
races,slate-wiper-march-races,4,True,True
rache,slate-garbo-camps-rance-rache,5,False,True
racks,slate-oasis-brink-amped-racks,5,True,True
racon,slate-corny-acorn-racon,4,False,True
radar,slate-corny-rabid-radar,4,True,True
raddi,slate-corny-rabid-raddi,4,False,True
raddy,slate-corny-ached-dairy-addas-raddy,6,False,True
radge,slate-garbo-range-radge,4,False,True
radgy,slate-corny-ached-dairy-addas-radgy,6,False,True
radif,slate-corny-rabid-radii-radif,5,False,True
radii,slate-corny-rabid-radii,4,True,True
radio,slate-corny-vroom-radio,4,True,True
radix,slate-corny-rabid-radii-radif-radix,6,False,True
radon,slate-corny-odour-radon,4,True,True
rafee,slate-garbo-camps-faire-rafee,5,False,True
raffs,slate-oasis-brink-whims-cards-ajuga-raffs,7,False,False
raffy,slate-corny-ached-fairy-raffy,5,False,True
rafik,slate-corny-rabid-aback-rafik,5,False,True
rafiq,slate-corny-rabid-aback-rafiq,5,False,True
rafts,slate-nymph-farce-rafts,4,True,True
rafty,slate-carny-ratty-rafty,4,False,True
ragas,slate-oasis-brink-whims-cards-ajuga-ragas,7,False,False
ragde,slate-garbo-range-ragde,4,False,True
raged,slate-raced-agape-raged,4,True,True
ragee,slate-garbo-range-ragde-ragee,5,False,True
rager,slate-raced-given-rager,4,True,True
rages,slate-wiper-march-rages,4,True,True
ragga,slate-corny-rabid-rajah-ragga,5,False,True
raggs,slate-oasis-brink-whims-cards-ajuga-raggs,7,False,False
raggy,slate-corny-ached-fairy-raggy,5,False,True
ragis,slate-oasis-mavis-nazis-darga-ragis,6,False,True
ragus,slate-oasis-brink-whims-cards-ajuga-ragus,7,False,False
rahed,slate-raced-agape-evoke-razed-horny-rahed,7,False,False
rahui,slate-corny-rabid-aahed-rahui,5,False,True
raiah,slate-corny-rabid-aahed-raiah,5,False,True
raias,slate-oasis-padre-rains-raias,5,False,True
raids,slate-oasis-padre-raids,4,True,True
raike,slate-garbo-camps-faire-raike,5,False,True
raiks,slate-oasis-padre-rains-raias-raiks,6,False,True
raile,slate-anglo-caped-fable-hairy-raile,6,False,True
rails,slate-basis-frown-rails,4,True,True
raine,slate-garbo-camps-faire-raike-raine,6,False,True
rains,slate-oasis-padre-rains,4,True,True
rainy,slate-corny-rainy,3,True,True
raird,slate-corny-rabid-raird,4,False,True
raise,slate-crump-raise,3,True,True
raita,slate-carny-aahed-raita,4,False,True
raith,slate-carny-aahed-raith,4,False,True
raits,slate-nymph-farce-raits,4,False,True
rajah,slate-corny-rabid-rajah,4,True,True
rajas,slate-oasis-brink-whims-cards-ajuga-rajas,7,False,False
rajes,slate-wiper-march-rages-rakes-unsex-ajiva-rajes,8,False,False
raked,slate-raced-agape-evoke-raked,5,True,True
rakee,slate-garbo-camps-faire-akene-rakee,6,False,True
raker,slate-raced-given-rarer-kapow-raker,6,False,True
rakes,slate-wiper-march-rages-rakes,5,True,True
rakhi,slate-corny-rabid-aahed-rakhi,5,False,True
rakia,slate-corny-rabid-aback-rakia,5,False,True
rakis,slate-oasis-mavis-nazis-darga-rabis-rakis,7,False,False
rakki,slate-corny-rabid-aahed-rakki,5,False,True
raksi,slate-oasis-daisy-raksi,4,False,True
rakus,slate-oasis-brink-amped-racks-rakus,6,False,True
rales,slate-lambs-graph-earls-rales,5,False,True
ralli,slate-colin-afire-pilar-ralli,5,False,True
rally,slate-colin-madly-bower-rally,5,True,True
ralph,slate-colin-madly-halal-ralph,5,True,True
ramal,slate-colin-grump-aargh-ramal,5,False,True
ramee,slate-garbo-camps-ramee,4,False,True
ramen,slate-raced-given-ramen,4,True,True
rames,slate-wiper-march-rames,4,False,True
ramet,slate-treed-watch-ramet,4,False,True
ramie,slate-garbo-camps-ramee-ramie,5,False,True
ramin,slate-corny-aboil-nadir-mawps-ramin,6,False,True
ramis,slate-oasis-mavis-acker-ramis,5,False,True
rammy,slate-corny-ached-fairy-raggy-rammy,6,False,True
ramon,slate-corny-odour-argon-ramon,5,True,True
ramps,slate-oasis-brink-whims-ramps,5,True,True
ramse,slate-crump-marse-ramse,4,False,True
ramsh,slate-oasis-admin-ramsh,4,False,True
ramus,slate-oasis-brink-whims-ramps-ramus,6,False,True
ranas,slate-oasis-brink-banda-ranas,5,False,True
rance,slate-garbo-camps-rance,4,True,True
ranch,slate-corny-ranch,3,True,True
rando,slate-corny-odour-radon-rando,5,False,True
rands,slate-oasis-brink-banda-rands,5,False,True
randy,slate-corny-abide-randy,4,True,True
raned,slate-raced-agape-evoke-razed-horny-raned,7,False,False
ranee,slate-garbo-camps-faire-akene-ranee,6,False,True
ranes,slate-wiper-march-rages-rakes-unsex-ranes,7,False,False
ranga,slate-corny-aboil-avgas-ranga,5,False,True
range,slate-garbo-range,3,True,True
rangi,slate-corny-aboil-dinar-rangi,5,False,True
rangs,slate-oasis-brink-banda-rangs,5,False,True
rangy,slate-corny-abide-rangy,4,True,True
ranid,slate-corny-aboil-nadir-ranid,5,False,True
ranis,slate-oasis-mavis-nazis-ranis,5,False,True
ranke,slate-garbo-camps-faire-akene-ranke,6,False,True
ranks,slate-oasis-brink-ranks,4,True,True
ranns,slate-oasis-brink-warns-ranns,5,False,True
ranny,slate-corny-rainy-ranny,4,False,True
ranse,slate-crump-raise-ranse,4,False,True
rants,slate-nymph-abhor-rants,4,True,True
ranty,slate-carny-ranty,3,False,True
raped,slate-raced-agape-raped,4,True,True
rapee,slate-garbo-camps-padre-rapee,5,False,True
raper,slate-raced-given-rarer-kapow-raper,6,False,True
rapes,slate-wiper-rapes,3,True,True
raphe,slate-garbo-camps-padre-rapee-raphe,6,False,True
rapid,slate-corny-rabid-rapid,4,True,True
rapin,slate-corny-aboil-nadir-mawps-rapin,6,False,True
rappe,slate-garbo-camps-rappe,4,False,True
rapso,slate-oasis-acing-rapso,4,False,True
rared,slate-raced-agape-evoke-razed-horny-rared,7,False,False
raree,slate-garbo-capon-advew-karee-raree,6,False,True
rarer,slate-raced-given-rarer,4,True,True
rares,slate-wiper-march-dares-fares-abeng-rares,7,False,False
rarks,slate-oasis-brink-amped-racks-rarks,6,False,True
rasam,slate-oasis-adapt-masha-rasam,5,False,True
rasas,slate-oasis-gecko-wasps-abamp-rasas,6,False,True
rased,slate-wiper-march-rages-rased,5,False,True
raser,slate-wiper-asker-rebec-raser,5,False,True
rases,slate-wiper-march-rages-rakes-unsex-rases,7,False,False
rasps,slate-oasis-gecko-wasps-aargh-rasps,6,False,True
raspy,slate-oasis-adapt-raspy,4,True,True
rasse,slate-crump-raise-ranse-rasse,5,False,True
rasta,slate-nymph-farce-raits-rasta,5,False,True
ratal,slate-taint-fatal-abord-ratal,5,False,True
ratan,slate-tarot-aiyah-ratan,4,False,True
ratas,slate-antsy-bebop-maths-quirk-ratas,6,False,True
ratch,slate-tarot-aiyah-ratch,4,False,True
rated,slate-treed-rated,3,True,True
ratel,slate-paler-ratel,3,False,True
rater,slate-treed-watch-rater,4,True,True
rates,slate-dater-rates,3,True,True
ratha,slate-tarot-aiyah-ratha,4,False,True
rathe,slate-about-vitae-abeer-rathe,5,False,True
raths,slate-antsy-bebop-maths-aargh-raths,6,False,True
ratio,slate-tarot-ratio,3,True,True
ratoo,slate-tarot-gator-ratoo,4,False,True
ratos,slate-antsy-bebop-dervs-ratos,5,False,True
ratti,slate-carny-aahed-ratti,4,False,True
ratty,slate-carny-ratty,3,True,True
ratus,slate-antsy-bebop-maths-quirk-ratus,6,False,True
rauli,slate-colin-derby-rival-rauli,5,False,True
rauns,slate-oasis-brink-warns-ranns-rauns,6,False,True
raupo,slate-corny-vroom-radio-raupo,5,False,True
raved,slate-raced-agape-evoke-raved,5,True,True
ravel,slate-rangy-ravel,3,True,True
raven,slate-raced-given-raven,4,True,True
raver,slate-raced-given-raver,4,True,True
raves,slate-wiper-march-rages-rakes-unsex-ajiva-raves,8,False,False
ravey,slate-raced-given-raver-ravey,5,False,True
ravin,slate-corny-aboil-nadir-mawps-ravin,6,False,True
rawdy,slate-corny-ached-dairy-addas-rawdy,6,False,True
rawer,slate-raced-given-rarer-kapow-rawer,6,False,True
rawin,slate-corny-aboil-nadir-mawps-rawin,6,False,True
rawks,slate-oasis-brink-amped-racks-rarks-rawks,7,False,False
rawly,slate-colin-grump-larva-rawly,5,False,True
rawns,slate-oasis-brink-warns-rawns,5,False,True
raxed,slate-raced-agape-evoke-razed-horny-raxed,7,False,False
raxes,slate-wiper-march-rages-rakes-unsex-raxes,7,False,False
rayah,slate-corny-hydra-rayah,4,False,True
rayas,slate-oasis-brink-whims-cards-ajuga-rayas,7,False,False
rayed,slate-raced-agape-evoke-razed-horny-rayed,7,False,False
rayle,slate-anglo-caped-fable-hairy-rayle,6,False,True
rayls,slate-basis-mulch-acing-larks-rayls,6,False,True
rayne,slate-garbo-camps-faire-akene-rayne,6,False,True
rayon,slate-corny-rayon,3,True,True
razai,slate-corny-rabid-aahed-razai,5,False,True
razed,slate-raced-agape-evoke-razed,5,True,True
razee,slate-garbo-camps-faire-akene-razee,6,False,True
razer,slate-raced-given-rarer-kapow-razer,6,False,True
razes,slate-wiper-march-rages-rakes-unsex-ajiva-razes,8,False,False
razet,slate-treed-watch-ramet-razet,5,False,True
razoo,slate-corny-vroom-razoo,4,False,True
razor,slate-corny-vroom-abhor-razor,5,True,True
reach,slate-hardy-reach,3,True,True
react,slate-bench-react,3,True,True
readd,slate-hardy-readd,3,False,True
reads,slate-rebid-reads,3,True,True
ready,slate-hardy-ready,3,True,True
reais,slate-rebid-reais,3,False,True
reaks,slate-rebid-reaps-rears-adman-reaks,6,False,True
realm,slate-leery-realm,3,True,True
realo,slate-leery-realm-realo,4,False,True
reals,slate-ahold-meals-reals,4,True,True
reame,slate-prick-aware-reame,4,False,True
reams,slate-rebid-reaps-rears-adman-reams,6,False,True
reamy,slate-hardy-weary-reamy,4,False,True
reans,slate-rebid-reaps-rears-adman-reans,6,False,True
reaps,slate-rebid-reaps,3,True,True
reard,slate-hardy-beard-feard-reard,5,False,True
rearm,slate-hardy-rearm,3,True,True
rears,slate-rebid-reaps-rears,4,True,True
reast,slate-tabby-feast-heast-reast,5,False,True
reata,slate-homed-peaty-reata,4,False,True
reate,slate-corgi-prate-reate,4,False,True
reave,slate-prick-aware-reame-reave,5,False,True
rebab,slate-raced-barry-rehab-rebab,5,False,True
rebar,slate-raced-barry-rebar,4,True,True
rebbe,slate-groin-curvy-where-rebbe,5,False,True
rebec,slate-diner-creek-rebec,4,False,True
rebel,slate-oiler-pubic-rebel,4,True,True
rebid,slate-diner-abide-rebid,4,True,True
rebit,slate-titer-amman-refit-rebit,5,False,True
rebop,slate-diner-myrrh-wreck-abaft-rebop,6,False,True
rebud,slate-diner-beefy-redub-rebud,5,False,True
rebus,slate-roses-biked-rebus,4,True,True
rebut,slate-titer-vouch-rebut,4,True,True
rebuy,slate-diner-myrrh-rebuy,4,True,True
recal,slate-rangy-relax-recal,4,False,True
recap,slate-raced-recap,3,True,True
recce,slate-groin-curvy-recce,4,False,True
recco,slate-diner-myrrh-wreck-recco,5,False,True
reccy,slate-diner-myrrh-rebuy-aback-reccy,6,False,True
recep,slate-diner-creek-rebec-recep,5,False,True
recit,slate-titer-amman-refit-rebit-recit,6,False,True
recks,slate-roses-biked-reeks-recks,5,False,True
recon,slate-diner-acorn-recon,4,True,True
recta,slate-earth-aapas-recta,4,False,True
recte,slate-turbo-write-recte,4,False,True
recti,slate-pinch-recti,3,False,True
recto,slate-pinch-certy-recto,4,False,True
recue,slate-groin-curvy-recue,4,False,True
recur,slate-diner-achoo-recur,4,True,True
recut,slate-titer-vouch-recut,4,True,True
redan,slate-raced-abeam-redan,4,False,True
redds,slate-roses-biked-reeds-redds,5,False,True
reddy,slate-diner-beefy-reddy,4,True,True
reded,slate-diner-befog-amuck-reded,5,False,True
redes,slate-roses-rides-redes,4,False,True
redia,slate-raced-abeam-redia,4,False,True
redid,slate-diner-abide-redid,4,True,True
redif,slate-diner-abide-redid-aflap-redif,6,False,True
redig,slate-diner-abide-redid-aflap-redig,6,False,True
redip,slate-diner-abide-redid-aflap-redip,6,False,True
redly,slate-oiler-abort-reply-acedy-redly,6,False,True
redon,slate-diner-nerdy-redon,4,False,True
redos,slate-roses-aping-redos,4,False,True
redox,slate-diner-beefy-redux-redox,5,False,True
redry,slate-diner-beefy-reddy-redry,5,False,True
redub,slate-diner-beefy-redub,4,True,True
redug,slate-diner-beefy-redux-redug,5,False,True
redux,slate-diner-beefy-redux,4,True,True
redye,slate-groin-curvy-rhyme-redye,5,False,True
reeaf,slate-raced-barry-remap-adawn-reeaf,6,False,True
reech,slate-diner-myrrh-reech,4,False,True
reede,slate-groin-curvy-where-reede,5,False,True
reeds,slate-roses-biked-reeds,4,True,True
reedy,slate-diner-beefy-reedy,4,True,True
reefs,slate-roses-biked-reefs,4,True,True
reefy,slate-diner-myrrh-rebuy-aback-reefy,6,False,True
reeks,slate-roses-biked-reeks,4,True,True
reeky,slate-diner-myrrh-rebuy-aback-reeky,6,False,True
reels,slate-oiler-reels,3,True,True
reely,slate-oiler-abort-reply-acedy-reely,6,False,True
reems,slate-roses-biked-reefs-reems,5,False,True
reens,slate-roses-biked-reefs-reems-reens,6,False,True
reerd,slate-diner-beefy-reerd,4,False,True
reest,slate-hurst-crest-reest,4,False,True
reeve,slate-groin-curvy-reeve,4,False,True
reeze,slate-groin-curvy-where-reede-reeze,6,False,True
refan,slate-raced-barry-remap-adawn-refan,6,False,True
refed,slate-diner-befog-refed,4,False,True
refel,slate-oiler-pubic-revel-refel,5,False,True
refer,slate-diner-whomp-fryer-refer,5,True,True
reffo,slate-diner-myrrh-wreck-abaft-reffo,6,False,True
refis,slate-roses-biked-reins-refis,5,False,True
refit,slate-titer-amman-refit,4,True,True
refix,slate-diner-affix-refix,4,False,True
refly,slate-oiler-abort-reply-acedy-refly,6,False,True
refry,slate-diner-myrrh-refry,4,True,True
regal,slate-rangy-regal,3,True,True
regar,slate-raced-barry-regar,4,False,True
reges,slate-roses-rides-runes-azygy-reges,6,False,True
reget,slate-titer-aerie-advew-reget,5,False,True
regex,slate-diner-creek-admix-regex,5,False,True
reggo,slate-diner-myrrh-wreck-abaft-reggo,6,False,True
regia,slate-raced-barry-remap-aband-regia,6,False,True
regie,slate-groin-regie,3,False,True
regle,slate-bingo-aeger-regle,4,False,True
regma,slate-raced-barry-remap-regma,5,False,True
regna,slate-raced-barry-remap-aband-regna,6,False,True
regos,slate-roses-aping-regos,4,False,True
regot,slate-titer-vouch-repot-regot,5,False,True
regur,slate-diner-achoo-femur-gebur-regur,6,False,True
rehab,slate-raced-barry-rehab,4,True,True
rehem,slate-diner-creek-admix-rehem,5,False,True
reifs,slate-roses-biked-reins-reifs,5,False,True
reify,slate-diner-affix-reify,4,True,True
reign,slate-diner-reign,3,True,True
reiki,slate-diner-affix-reiki,4,True,True
reiks,slate-roses-biked-reiks,4,False,True
reine,slate-groin-inure-rhine-reine,5,False,True
reing,slate-diner-reign-reing,4,False,True
reink,slate-diner-reign-reink,4,False,True
reins,slate-roses-biked-reins,4,True,True
reird,slate-diner-abide-weird-reird,5,False,True
reist,slate-hurst-crest-reist,4,False,True
reive,slate-groin-fibre-abcee-reive,5,False,True
rejas,slate-wiper-abase-earns-abjud-rejas,6,False,True
rejig,slate-diner-affix-aargh-rejig,5,False,True
rejon,slate-diner-acorn-heron-rejon,5,False,True
reked,slate-diner-befog-amuck-reked,5,False,True
rekes,slate-roses-rides-runes-azygy-rekes,6,False,True
rekey,slate-diner-creek-rekey,4,False,True
relax,slate-rangy-relax,3,True,True
relay,slate-rangy-relay,3,True,True
relet,slate-enter-relet,3,False,True
relic,slate-oiler-relic,3,True,True
relie,slate-bingo-beech-relie,4,False,True
relit,slate-enter-relit,3,True,True
rello,slate-oiler-rello,3,False,True
relos,slate-oiler-relos,3,False,True
reman,slate-raced-barry-remap-reman,5,False,True
remap,slate-raced-barry-remap,4,True,True
remen,slate-diner-agape-rouen-remen,5,False,True
remet,slate-titer-aerie-advew-reget-remet,6,False,True
remex,slate-diner-creek-admix-remex,5,False,True
remit,slate-titer-amman-remit,4,True,True
remix,slate-diner-affix-remix,4,True,True
remou,slate-diner-myrrh-remou,4,False,True
renal,slate-rangy-renal,3,True,True
renay,slate-raced-barry-repay-renay,5,False,True
rends,slate-roses-biked-reeds-redds-rends,6,False,True
rendu,slate-diner-rendu,3,False,True
renew,slate-diner-renew,3,True,True
reney,slate-diner-renew-reney,4,False,True
renga,slate-raced-barry-remap-aband-renga,6,False,True
rengs,slate-roses-biked-reefs-aapas-rengs,6,False,True
renig,slate-diner-renig,3,False,True
renin,slate-diner-renig-renin,4,False,True
renks,slate-roses-biked-reeks-recks-renks,6,False,True
renne,slate-groin-nerve-renne,4,False,True
renos,slate-roses-aping-renos,4,False,True
rente,slate-turbo-write-recte-rente,5,False,True
rents,slate-trips-rents,3,True,True
reoil,slate-oiler-reoil,3,False,True
reorg,slate-diner-myrrh-reorg,4,False,True
repas,slate-wiper-repas,3,False,True
repat,slate-treed-extra-repat,4,False,True
repay,slate-raced-barry-repay,4,True,True
repeg,slate-diner-creek-admix-repeg,5,False,True
repel,slate-oiler-pubic-repel,4,True,True
repen,slate-diner-agape-preen-repen,5,False,True
repin,slate-diner-reign-repin,4,False,True
repla,slate-rangy-relax-repla,4,False,True
reply,slate-oiler-abort-reply,4,True,True
repos,slate-roses-aping-repos,4,False,True
repot,slate-titer-vouch-repot,4,True,True
repps,slate-roses-biked-reefs-aapas-repps,6,False,True
repro,slate-diner-myrrh-reorg-repro,5,False,True
repun,slate-diner-acorn-rerun-repun,5,False,True
reput,slate-titer-vouch-rebut-reput,5,False,True
reran,slate-raced-barry-reran,4,True,True
rerig,slate-diner-affix-aargh-rerig,5,False,True
rerun,slate-diner-acorn-rerun,4,True,True
resam,slate-wiper-abase-earns-resam,5,False,True
resat,slate-dater-resat,3,False,True
resaw,slate-wiper-resaw,3,True,True
resay,slate-wiper-abase-earns-resam-resay,6,False,True
resee,slate-group-rinse-resee,4,False,True
reses,slate-roses-rises-reses,4,False,True
reset,slate-hurst-reset,3,True,True
resew,slate-roses-risen-resew,4,False,True
resid,slate-roses-resin-resid,4,False,True
resin,slate-roses-resin,3,True,True
resit,slate-hurst-reset-resit,4,False,True
resod,slate-roses-resod,3,False,True
resol,slate-oiler-eorls-resol,4,False,True
resow,slate-roses-resod-resow,4,False,True
resto,slate-trips-abeys-resto,4,False,True
rests,slate-trips-rents-rests,4,True,True
resty,slate-trips-abeys-resty,4,False,True
resue,slate-group-resue,3,False,True
resus,slate-roses-resus,3,False,True
retag,slate-treed-extra-retag,4,True,True
retam,slate-treed-extra-retag-retam,5,False,True
retax,slate-treed-extra-retax,4,False,True
retch,slate-titer-barry-retch,4,True,True
retem,slate-titer-retem,3,False,True
retia,slate-treed-extra-retia,4,False,True
retie,slate-chirp-retie,3,True,True
retin,slate-titer-petri-retin,4,False,True
retip,slate-titer-petri-retip,4,False,True
retox,slate-titer-barry-retch-retox,5,False,True
retro,slate-titer-barry-retro,4,True,True
retry,slate-titer-barry-retry,4,True,True
reune,slate-groin-nerve-renne-reune,5,False,True
reups,slate-roses-biked-reefs-aapas-reups,6,False,True
reuse,slate-group-acing-reuse,4,True,True
revel,slate-oiler-pubic-revel,4,True,True
revet,slate-titer-aerie-advew-revet,5,False,True
revie,slate-groin-aback-eerie-revie,5,False,True
revow,slate-diner-myrrh-wreck-revow,5,False,True
revue,slate-groin-curvy-revue,4,True,True
rewan,slate-raced-barry-remap-adawn-rewan,6,False,True
rewax,slate-raced-barry-remap-adawn-rewax,6,False,True
rewed,slate-diner-befog-amuck-reded-rewed,6,False,True
rewet,slate-titer-aerie-advew-rewet,5,False,True
rewin,slate-diner-reign-repin-rewin,5,False,True
rewon,slate-diner-acorn-heron-rejon-rewon,6,False,True
rewth,slate-pinch-abbot-teeth-derth-rewth,6,False,True
rexes,slate-roses-rides-runes-azygy-rekes-rexes,7,False,False
rezes,slate-roses-rides-runes-azygy-rezes,6,False,True
rhabd,slate-churn-rhabd,3,False,True
rheas,slate-wiper-abase-earns-abjud-rheas,6,False,True
rheid,slate-diner-abide-redid-rheid,5,False,True
rheme,slate-groin-curvy-where-rheme,5,False,True
rheum,slate-diner-myrrh-rheum,4,True,True
rhies,slate-roses-rides-rhies,4,False,True
rhime,slate-groin-fibre-abcee-rhime,5,False,True
rhine,slate-groin-inure-rhine,4,True,True
rhino,slate-crony-ached-rhino,4,True,True
rhody,slate-crony-ivory-roomy-rhody,5,False,True
rhomb,slate-crony-fjord-rhomb,4,False,True
rhone,slate-groin-rhone,3,False,True
rhumb,slate-crony-ahead-whirr-rhumb,5,False,True
rhyme,slate-groin-curvy-rhyme,4,True,True
rhymy,slate-crony-midge-rummy-rhymy,5,False,True
rhyne,slate-groin-nerve-rhyne,4,False,True
rhyta,slate-carny-rhyta,3,False,True
riads,slate-curbs-dowse-grads-raads-riads,6,False,True
rials,slate-doing-liars-rials,4,False,True
riant,slate-grunt-riant,3,False,True
riata,slate-aback-grata-riata,4,False,True
riato,slate-aback-wrath-riato,4,False,True
ribas,slate-oasis-aback-aargh-ribas,5,False,True
ribby,slate-crony-midge-kirby-ribby,5,False,True
ribes,slate-roses-rides-abamp-ribes,5,False,True
riced,slate-diner-wharf-mired-apace-riced,6,False,True
ricer,slate-diner-phlox-befog-river-ricer,6,False,True
rices,slate-roses-rides-abamp-acene-rices,6,False,True
ricey,slate-diner-abmho-ricey,4,False,True
riche,slate-groin-fibre-riche,4,True,True
richt,slate-rhino-right-richt,4,False,True
ricin,slate-crony-incur-ricin,4,True,True
ricks,slate-mochi-kendo-picks-wicks-ricks,6,False,True
rider,slate-diner-crewe-rider,4,True,True
rides,slate-roses-rides,3,True,True
ridge,slate-groin-dirge-ridge,4,True,True
ridgy,slate-crony-midge-ridgy,4,False,True
ridic,slate-crony-birch-ridic,4,False,True
riels,slate-oiler-liers-riels,4,False,True
riems,slate-roses-biked-riems,4,False,True
rieve,slate-groin-fibre-riche-rieve,5,False,True
rifer,slate-diner-phlox-befog-fifer-rifer,6,False,True
riffs,slate-mochi-kirby-acing-riffs,5,True,True
riffy,slate-crony-midge-kirby-riffy,5,False,True
rifle,slate-bingo-alarm-rifle,4,True,True
rifte,slate-turbo-write-rifte,4,False,True
rifts,slate-grimy-rifts,3,True,True
rifty,slate-irony-dirty-rifty,4,False,True
riggs,slate-mochi-kirby-acing-riggs,5,False,True
right,slate-rhino-right,3,True,True
rigid,slate-crony-ahead-rigid,4,True,True
rigmo,slate-crony-furry-vigor-rigmo,5,False,True
rigol,slate-dilly-acing-vigil-rigol,5,False,True
rigor,slate-crony-furry-rigor,4,True,True
rikka,slate-corny-rabid-rikka,4,False,True
rikwa,slate-corny-rabid-rikka-rikwa,5,False,True
riled,slate-oiler-riled,3,True,True
riles,slate-oiler-riles,3,False,True
riley,slate-oiler-riled-riley,4,True,True
rille,slate-bingo-alarm-rifle-rille,5,False,True
rills,slate-lucid-morph-rills,4,False,True
rilly,slate-dilly-wharf-rilly,4,False,True
rimae,slate-garbo-afire-rimae,4,False,True
rimed,slate-diner-wharf-mired-rimed,5,False,True
rimer,slate-diner-phlox-befog-river-ricer-rimer,7,False,False
rimes,slate-roses-rides-abamp-rimes,5,False,True
rimon,slate-crony-demon-rimon,4,False,True
rimus,slate-mochi-dippy-firms-rimus,5,False,True
rince,slate-groin-inure-rhine-rince,5,False,True
rinds,slate-mochi-kirby-acing-rinds,5,True,True
rindy,slate-crony-aargh-rindy,4,False,True
rines,slate-roses-rides-abamp-acene-rines,6,False,True
ringe,slate-groin-nigre-ringe,4,False,True
rings,slate-mochi-kirby-acing-rings,5,True,True
ringy,slate-crony-aargh-ringy,4,False,True
rinks,slate-mochi-kirby-risks-rinks,5,False,True
rinse,slate-group-rinse,3,True,True
rioja,slate-corny-vroom-agora-rioja,5,False,True
rione,slate-groin-rione,3,False,True
riots,slate-grimy-rifts-riots,4,True,True
rioty,slate-irony-rioty,3,False,True
riped,slate-diner-wharf-mired-apace-riped,6,False,True
ripen,slate-diner-ripen,3,True,True
riper,slate-diner-phlox-arrow-riper,5,True,True
ripes,slate-roses-rides-abamp-ripes,5,False,True
ripps,slate-mochi-kirby-acing-riffs-ampul-ripps,7,False,False
riqqs,slate-mochi-kirby-acing-riffs-ampul-riqqs,7,False,False
risen,slate-roses-risen,3,True,True
riser,slate-roses-risen-riser,4,True,True
rises,slate-roses-rises,3,True,True
rishi,slate-mochi-rishi,3,False,True
risks,slate-mochi-kirby-risks,4,True,True
risky,slate-mochi-kirby-risky,4,True,True
risps,slate-mochi-kirby-acing-riffs-ampul-risps,7,False,False
rists,slate-grimy-rifts-riots-rists,5,False,True
risus,slate-mochi-kirby-acing-riffs-ampul-risus,7,False,False
rites,slate-hurst-aider-rites,4,True,True
rithe,slate-chirp-rithe,3,False,True
ritts,slate-grimy-rifts-riots-rists-ritts,6,False,True
ritzy,slate-rhino-ritzy,3,True,True
rival,slate-colin-derby-rival,4,True,True
rivas,slate-oasis-aback-minas-diver-rivas,6,False,True
rived,slate-diner-wharf-mired-apace-rived,6,False,True
rivel,slate-oiler-rivel,3,False,True
riven,slate-diner-ripen-riven,4,True,True
river,slate-diner-phlox-befog-river,5,True,True
rives,slate-roses-rides-abamp-acene-rives,6,False,True
rivet,slate-titer-rivet,3,True,True
riyal,slate-colin-derby-riyal,4,False,True
rizas,slate-oasis-aback-minas-diver-rizas,6,False,True
roach,slate-churn-roach,3,True,True
roads,slate-curbs-dowse-roads,4,True,True
roady,slate-churn-abode-roady,4,False,True
roake,slate-prick-raake-roake,4,False,True
roaky,slate-churn-abode-roaky,4,False,True
roams,slate-curbs-dowse-roams,4,True,True
roans,slate-curbs-dowse-roams-roars-roans,6,False,True
roany,slate-churn-biped-frank-roany,5,False,True
roars,slate-curbs-dowse-roams-roars,5,True,True
roary,slate-churn-abide-ovary-goary-roary,6,False,True
roast,slate-bronc-roast,3,True,True
roate,slate-corgi-roate,3,False,True
robbo,slate-crony-furry-vigor-robbo,5,False,True
robed,slate-diner-befog-orbed-robed,5,True,True
rober,slate-diner-whomp-rocky-rover-roger-rober,7,False,False
robes,slate-roses-robes,3,True,True
robin,slate-crony-demon-robin,4,True,True
roble,slate-bingo-chord-roble,4,False,True
robot,slate-rhino-robot,3,True,True
robug,slate-crony-furry-rough-robug,5,False,True
robur,slate-crony-furry-robur,4,False,True
roche,slate-groin-boric-roche,4,True,True
rocks,slate-mochi-curds-rocks,4,True,True
rocky,slate-crony-rocky,3,True,True
roded,slate-diner-befog-pooch-roved-rowed-roded,7,False,False
rodeo,slate-diner-befog-pooch-rodeo,5,True,True
rodes,slate-roses-robes-ropes-nudzh-rodes,6,False,True
rodny,slate-crony-horny-rodny,4,False,True
roers,slate-roses-roers,3,False,True
rogan,slate-corny-awash-roman-rogan,5,False,True
roger,slate-diner-whomp-rocky-rover-roger,6,True,True
rogue,slate-groin-about-rogue,4,True,True
roguy,slate-crony-dowry-porky-roguy,5,False,True
rohan,slate-corny-awash-rohan,4,True,True
rohes,slate-roses-robes-ropes-nudzh-rohes,6,False,True
rohun,slate-crony-demon-robin-rohun,5,False,True
rohus,slate-mochi-drank-hours-rohus,5,False,True
roids,slate-mochi-acids-faver-roids,5,False,True
roils,slate-lucid-morph-roils,4,False,True
roily,slate-dilly-imply-noily-roily,5,False,True
roins,slate-mochi-acids-joins-foins-roins,6,False,True
roist,slate-trout-worst-roist,4,False,True
rojak,slate-corny-moira-abjud-rojak,5,False,True
rojis,slate-mochi-acids-rangy-rojis,5,False,True
roked,slate-diner-befog-pooch-roved-rowed-roded-roked,8,False,False
roker,slate-diner-whomp-rocky-roker,5,False,True
rokes,slate-roses-robes-ropes-nudzh-barks-rokes,7,False,False
rokey,slate-diner-creek-rokey,4,False,True
rokos,slate-mochi-bundy-afore-works-rokos,6,False,True
rolag,slate-colin-alpha-molar-rolag,5,False,True
roleo,slate-oiler-roleo,3,False,True
roles,slate-oiler-roles,3,True,True
rolfs,slate-lucid-frown-rolfs,4,False,True
rolls,slate-lucid-frown-rolls,4,True,True
rolly,slate-dilly-laugh-frump-rolly,5,False,True
romal,slate-colin-amour-moral-romal,5,False,True
roman,slate-corny-awash-roman,4,True,True
romeo,slate-diner-creek-borty-romeo,5,False,True
romer,slate-diner-whomp-acing-mover-romer,6,False,True
romps,slate-mochi-words-rooms-romps,5,False,True
rompu,slate-crony-furry-rough-rompu,5,False,True
rompy,slate-crony-dowry-porky-rompy,5,False,True
ronde,slate-groin-borne-ronde,4,False,True
rondo,slate-crony-demon-rondo,4,True,True
roneo,slate-diner-renew-roneo,4,False,True
rones,slate-roses-robes-ropes-nudzh-rones,6,False,True
ronin,slate-crony-demon-robin-ronin,5,False,True
ronne,slate-groin-borne-ronne,4,False,True
ronte,slate-turbo-wrote-ronte,4,False,True
ronts,slate-grimy-adopt-forts-bosun-ronts,6,False,True
ronuk,slate-crony-demon-ronuk,4,False,True
roods,slate-mochi-bundy-dwarf-roods,5,False,True
roofs,slate-mochi-bundy-afore-roofs,5,True,True
roofy,slate-crony-ivory-roomy-aflap-roofy,6,False,True
rooks,slate-mochi-bundy-afore-rooks,5,True,True
rooky,slate-crony-ivory-roomy-aflap-rooky,6,False,True
rooms,slate-mochi-words-rooms,4,True,True
roomy,slate-crony-ivory-roomy,4,True,True
roons,slate-mochi-bundy-aglow-nooks-adrip-roons,7,False,False
roops,slate-mochi-bundy-afore-rooks-roops,6,False,True
roopy,slate-crony-ivory-roomy-aflap-roopy,6,False,True
roosa,slate-oasis-abord-roosa,4,False,True
roose,slate-group-roose,3,False,True
roost,slate-trout-roost,3,True,True
roots,slate-grimy-adopt-roots,4,True,True
rooty,slate-irony-rooty,3,False,True
roped,slate-diner-befog-pooch-roped,5,True,True
roper,slate-diner-whomp-poker-roper,5,True,True
ropes,slate-roses-robes-ropes,4,True,True
ropey,slate-diner-creek-borty-ropey,5,False,True
roque,slate-groin-boric-roque,4,True,True
roral,slate-colin-amour-royal-roral,5,False,True
rores,slate-roses-robes-ropes-nudzh-barks-rores,7,False,False
roric,slate-crony-abhor-micro-doric-roric,6,False,True
rorid,slate-crony-furry-moror-rorid,5,False,True
rorie,slate-groin-howso-rorie,4,False,True
rorts,slate-grimy-adopt-forts-ablow-jerry-rorts,7,False,False
rorty,slate-irony-forty-biped-rorty,5,False,True
rosal,slate-basis-gusla-rosal,4,False,True
rosco,slate-mochi-parks-rosco,4,False,True
rosed,slate-roses-rosed,3,False,True
roses,slate-roses,2,True,True
roset,slate-hurst-reset-roset,4,False,True
rosha,slate-oasis-arson-rosha,4,False,True
roshi,slate-mochi-noshi-roshi,4,False,True
rosin,slate-mochi-acids-rosin,4,True,True
rosit,slate-trout-worst-rosit,4,False,True
rosps,slate-mochi-bundy-afore-works-rosps,6,False,True
rossa,slate-oasis-bossa-fossa-rossa,5,False,True
rosso,slate-mochi-bundy-afore-works-rosso,6,False,True
rosti,slate-grimy-rifts-rosti,4,False,True
rosts,slate-grimy-adopt-forts-bosun-rosts,6,False,True
rotal,slate-taint-abbey-octal-dotal-rotal,6,False,True
rotan,slate-tarot-rotan,3,False,True
rotas,slate-antsy-bebop-oaths-aarti-rotas,6,False,True
rotch,slate-rhino-rotch,3,False,True
roted,slate-titer-retem-roted,4,False,True
rotes,slate-hurst-aider-trees-rotes,5,False,True
rotis,slate-trout-rotis,3,False,True
rotls,slate-bills-tools-rotls,4,False,True
roton,slate-rhino-roton,3,False,True
rotor,slate-rhino-robot-rotor,4,True,True
rotos,slate-trout-rotis-rotos,4,False,True
rotta,slate-carny-abius-rotta,4,False,True
rotte,slate-turbo-wrote-ronte-rotte,5,False,True
rotto,slate-irony-forth-rotto,4,False,True
rotty,slate-irony-forty-rotty,4,False,True
rouen,slate-diner-agape-rouen,4,True,True
roues,slate-roses-robes-ropes-nudzh-roues,6,False,True
rouet,slate-titer-aerie-cruet-rouet,5,False,True
roufs,slate-mochi-bundy-fours-roufs,5,False,True
rouge,slate-groin-about-rouge,4,True,True
rough,slate-crony-furry-rough,4,True,True
rougy,slate-crony-dowry-porky-roguy-rougy,6,False,True
rouks,slate-mochi-bundy-fours-rouks,5,False,True
rouky,slate-crony-dowry-porky-rouky,5,False,True
roule,slate-bingo-ahold-joule-cramp-roule,6,False,True
rouls,slate-lucid-bolus-fouls-aborn-rouls,6,False,True
roums,slate-mochi-words-rooms-roums,5,False,True
round,slate-crony-ached-round,4,True,True
roups,slate-mochi-bundy-fours-rouks-roups,6,False,True
roupy,slate-crony-dowry-porky-rompy-roupy,6,False,True
rouse,slate-group-rouse,3,True,True
roust,slate-trout-roust,3,True,True
route,slate-turbo-route,3,True,True
routh,slate-irony-forth-routh,4,False,True
routs,slate-grimy-adopt-forts-bosun-routs,6,False,True
roved,slate-diner-befog-pooch-roved,5,True,True
roven,slate-diner-agape-rouen-roven,5,False,True
rover,slate-diner-whomp-rocky-rover,5,True,True
roves,slate-roses-robes-ropes-nudzh-barks-roves,7,False,False
rowan,slate-corny-awash-rowan,4,True,True
rowdy,slate-crony-dowry-rowdy,4,True,True
rowed,slate-diner-befog-pooch-roved-rowed,6,True,True
rowel,slate-oiler-morel-rowel,4,False,True
rowen,slate-diner-agape-rouen-roven-rowen,6,False,True
rower,slate-diner-whomp-aback-rower,5,True,True
rowet,slate-titer-aerie-cruet-alway-rowet,6,False,True
rowie,slate-groin-howso-rowie,4,False,True
rowme,slate-groin-boric-roque-rowme,5,False,True
rownd,slate-crony-ached-round-rownd,5,False,True
rowns,slate-mochi-bundy-aglow-abord-rowns,6,False,True
rowth,slate-irony-forth-routh-rowth,5,False,True
rowts,slate-grimy-adopt-forts-bosun-rowts,6,False,True
royal,slate-colin-amour-royal,4,True,True
royet,slate-titer-aerie-cruet-alway-royet,6,False,True
royne,slate-groin-borne-ronne-royne,5,False,True
royst,slate-trout-worst-roist-royst,5,False,True
rozes,slate-roses-robes-ropes-nudzh-rozes,6,False,True
rozet,slate-titer-aerie-cruet-alway-rozet,6,False,True
rozit,slate-rhino-rozit,3,False,True
ruach,slate-churn-ruach,3,False,True
ruana,slate-churn-knaur-ruana,4,False,True
rubai,slate-corny-rabid-rubai,4,False,True
ruban,slate-corny-aboil-urban-ruban,5,False,True
rubby,slate-crony-midge-furry-rubby,5,False,True
rubel,slate-oiler-pubic-rubel,4,False,True
rubes,slate-roses-rides-runes-rubes,5,False,True
rubin,slate-crony-abide-rubin,4,True,True
rubio,slate-crony-furry-humor-rubio,5,False,True
ruble,slate-bingo-ruble,3,True,True
rubli,slate-dilly-chili-ambos-rubli,5,False,True
rubor,slate-crony-furry-rumor-rubor,5,False,True
rubus,slate-mochi-gunky-abhor-burbs-rubus,6,False,True
ruche,slate-groin-curvy-ruche,4,False,True
ruchy,slate-crony-ruchy,3,False,True
rucks,slate-mochi-abide-fucks-crapy-rucks,6,False,True
rudas,slate-oasis-anger-mardy-rudas,5,False,True
rudds,slate-mochi-gunky-abhor-purrs-abaft-rudds,7,False,False
ruddy,slate-crony-midge-ruddy,4,True,True
ruder,slate-diner-odder-ruder,4,True,True
rudes,slate-roses-rides-redes-rudes,5,False,True
rudie,slate-groin-aback-eerie-rudie,5,False,True
rudis,slate-mochi-kirby-bundt-rudis,5,False,True
rueda,slate-raced-abeam-rueda,4,False,True
ruers,slate-roses-biked-reefs-ruers,5,False,True
ruffe,slate-groin-curvy-rupee-ruffe,5,False,True
ruffs,slate-mochi-gunky-abhor-purrs-abaft-ruffs,7,False,False
ruffy,slate-crony-midge-furry-ruffy,5,False,True
rufus,slate-mochi-gunky-abhor-purrs-abaft-rufus,7,False,False
rugae,slate-garbo-argue-rugae,4,False,True
rugal,slate-colin-grump-rugal,4,False,True
rugas,slate-oasis-anger-rugas,4,False,True
rugby,slate-crony-midge-rugby,4,True,True
ruggy,slate-crony-midge-ruggy,4,False,True
ruice,slate-groin-fibre-abcee-ruice,5,False,True
ruing,slate-crony-ruing,3,True,True
ruins,slate-mochi-kirby-bundt-ruins,5,True,True
rukhs,slate-mochi-agape-bushy-rukhs,5,False,True
ruled,slate-oiler-ruled,3,True,True
ruler,slate-oiler-ruler,3,True,True
rules,slate-oiler-rules,3,True,True
rully,slate-dilly-laugh-aback-fully-aborn-rully,7,False,False
rumal,slate-colin-grump-mural-rumal,5,False,True
rumba,slate-corny-rabid-rumba,4,True,True
rumbo,slate-crony-furry-humor-rumbo,5,False,True
rumen,slate-diner-agape-rouen-rumen,5,False,True
rumes,slate-roses-rides-runes-rubes-rumes,6,False,True
rumly,slate-dilly-bowed-curly-rumly,5,False,True
rummy,slate-crony-midge-rummy,4,True,True
rumor,slate-crony-furry-rumor,4,True,True
rumpo,slate-crony-furry-humor-rumbo-rumpo,6,False,True
rumps,slate-mochi-bardo-rumps,4,False,True
rumpy,slate-crony-midge-rummy-rumpy,5,False,True
runce,slate-groin-nerve-rhyne-runce,5,False,True
runch,slate-crony-incur-runch,4,False,True
runds,slate-mochi-gunky-funds-bunds-runds,6,False,True
runed,slate-diner-arcus-runed,4,False,True
runer,slate-diner-aglow-runer,4,False,True
runes,slate-roses-rides-runes,4,True,True
rungs,slate-mochi-gunky-abord-rungs,5,False,True
runic,slate-crony-incur-runic,4,False,True
runny,slate-crony-runny,3,True,True
runos,slate-mochi-gross-derpy-runos,5,False,True
runts,slate-grimy-adopt-hurts-runts,5,False,True
runty,slate-irony-runty,3,False,True
runup,slate-crony-abide-runup,4,True,True
ruote,slate-turbo-ruote,3,False,True
rupee,slate-groin-curvy-rupee,4,True,True
rupia,slate-corny-rabid-rupia,4,False,True
rural,slate-colin-grump-aural-rural,5,True,True
rurps,slate-mochi-gunky-abhor-purrs-rurps,6,False,True
rurus,slate-mochi-gunky-abhor-purrs-rurus,6,False,True
rusas,slate-oasis-ansas-rusas,4,False,True
ruses,slate-roses-rises-reses-ruses,5,False,True
rushy,slate-mochi-agape-bushy-hushy-rushy,6,False,True
rusks,slate-mochi-gunky-abord-rusks,5,False,True
rusky,slate-mochi-gunky-dusky-busky-rusky,6,False,True
rusma,slate-oasis-unsay-aargh-rusma,5,False,True
russe,slate-group-acing-reuse-russe,5,False,True
rusts,slate-grimy-adopt-hurts-runts-rusts,6,False,True
rusty,slate-grimy-rusty,3,True,True
ruths,slate-trout-ruths,3,False,True
rutin,slate-rhino-rutin,3,False,True
rutty,slate-irony-purty-rutty,4,False,True
ruvid,slate-crony-ahead-rigid-ruvid,5,False,True
ryals,slate-doing-psalm-aargh-ryals,5,False,True
rybat,slate-tarot-aahed-rybat,4,False,True
ryiji,slate-crony-myrrh-ryiji,4,False,True
ryijy,slate-crony-midge-ryijy,4,False,True
ryked,slate-diner-befog-acres-aapas-ryked,6,False,True
rykes,slate-roses-rides-runes-azygy-rykes,6,False,True
rymer,slate-diner-whomp-ember-fumer-rymer,6,False,True
rymme,slate-groin-curvy-rhyme-rymme,5,False,True
rynds,slate-mochi-gunky-abord-rynds,5,False,True
ryoti,slate-irony-ryoti,3,False,True
ryots,slate-grimy-ryots,3,False,True
ryper,slate-diner-whomp-purer-ryper,5,False,True
rypin,slate-crony-rypin,3,False,True
rythe,slate-chirp-rythe,3,False,True
ryugi,slate-crony-myrrh-ryiji-ryugi,5,False,True
saags,slate-prank-swabs-scams-cadgy-saags,6,False,True
sabal,slate-radio-salsa-sabal,4,False,True
sabed,slate-preen-divvy-sawed-sabed,5,False,True
saber,slate-preen-beefy-saber,4,True,True
sabes,slate-preen-divvy-safes-sakes-begem-sabes,7,False,False
sabha,slate-curvy-bipod-samba-sabha,5,False,True
sabin,slate-curvy-bipod-sahib-sabin,5,False,True
sabir,slate-curvy-sonar-sabir,4,False,True
sabji,slate-curvy-bipod-sahib-sabji,5,False,True
sable,slate-above-sable,3,True,True
sabos,slate-curvy-bipod-sabos,4,False,True
sabot,slate-pricy-squat-sabot,4,False,True
sabra,slate-curvy-sonar-sabra,4,False,True
sabre,slate-acorn-sabre,3,True,True
sabzi,slate-curvy-bipod-sahib-sabji-sabzi,6,False,True
sacks,slate-curvy-schwa-sacks,4,True,True
sacra,slate-curvy-sacra,3,False,True
sacre,slate-acorn-sacre,3,True,True
saddo,slate-curvy-bipod-sodas-saddo,5,False,True
saddy,slate-curvy-angst-sappy-saddy,5,False,True
sades,slate-preen-divvy-sawed-sades,5,False,True
sadhe,slate-acorn-adieu-sadhe,4,False,True
sadhu,slate-curvy-aback-squad-sadhu,5,False,True
sadic,slate-curvy-schwa-sacks-sadic,5,False,True
sadis,slate-curvy-bipod-sadis,4,False,True
sadly,slate-radio-sadly,3,True,True
sados,slate-curvy-bipod-sados,4,False,True
sadza,slate-curvy-bipod-sands-sadza,5,False,True
saeta,slate-saeta,2,False,True
safed,slate-preen-divvy-sawed-sabed-safed,6,False,True
safer,slate-preen-beefy-safer,4,True,True
safes,slate-preen-divvy-safes,4,True,True
sagar,slate-curvy-sonar-abamp-sagar,5,False,True
sagas,slate-curvy-bipod-sagas,4,True,True
sager,slate-preen-beefy-saver-gawks-sager,6,False,True
sages,slate-preen-divvy-safes-sakes-begem-sages,7,False,False
saggy,slate-curvy-angst-saggy,4,True,True
sagos,slate-curvy-bipod-sagos,4,False,True
sagum,slate-curvy-aback-squad-abeam-sagum,6,False,True
sahab,slate-curvy-bipod-samba-sahab,5,False,True
saheb,slate-preen-divvy-safes-saheb,5,False,True
sahib,slate-curvy-bipod-sahib,4,True,True
saice,slate-acorn-sauce-saice,4,False,True
saick,slate-curvy-schwa-sacks-saick,5,False,True
saics,slate-curvy-schwa-sacks-saics,5,False,True
saids,slate-curvy-bipod-sadis-saids,5,False,True
saiga,slate-curvy-bipod-makis-saiga,5,False,True
sails,slate-radio-sails,3,True,True
saims,slate-curvy-bipod-makis-saims,5,False,True
saine,slate-acorn-saine,3,False,True
sains,slate-curvy-bipod-makis-sains,5,False,True
saint,slate-pricy-saint,3,True,True
sairs,slate-curvy-sonar-sabra-sairs,5,False,True
saist,slate-pricy-saint-saist,4,False,True
saith,slate-saith,2,True,True
sajou,slate-curvy-aback-squad-abeam-sajou,6,False,True
sakai,slate-curvy-bipod-makis-sakai,5,False,True
saker,slate-preen-beefy-saver-gawks-saker,6,False,True
sakes,slate-preen-divvy-safes-sakes,5,True,True
sakia,slate-curvy-bipod-makis-sakia,5,False,True
sakis,slate-curvy-bipod-makis-sakis,5,False,True
sakti,slate-saith-sakti,3,False,True
salad,slate-radio-salad,3,True,True
salal,slate-radio-salsa-salal,4,False,True
salas,slate-radio-salsa-salas,4,False,True
salat,slate-splat-salat,3,False,True
salep,slate-sales-salep,3,False,True
sales,slate-sales,2,True,True
salet,slate-steal-salet,3,False,True
salic,slate-radio-abacs-salic,4,False,True
salis,slate-radio-abacs-salis,4,False,True
salix,slate-radio-abacs-salix,4,False,True
salle,slate-above-salle,3,True,True
sally,slate-radio-salsa-sally,4,True,True
salmi,slate-radio-sails-salmi,4,False,True
salol,slate-radio-salon-salol,4,False,True
salon,slate-radio-salon,3,True,True
salop,slate-radio-salon-salol-salop,5,False,True
salpa,slate-radio-salsa-salpa,4,False,True
salps,slate-radio-salsa-salps,4,False,True
salsa,slate-radio-salsa,3,True,True
salse,slate-above-salle-salse,4,False,True
salto,slate-salty-salts-salto,4,False,True
salts,slate-salty-salts,3,True,True
salty,slate-salty,2,True,True
salud,slate-radio-salad-salud,4,True,True
salue,slate-above-salle-salse-salue,5,False,True
salut,slate-splat-salut,3,False,True
salve,slate-above-salve,3,True,True
salvo,slate-radio-salvo,3,True,True
saman,slate-curvy-bipod-sagas-saman,5,False,True
samas,slate-curvy-bipod-sagas-samas,5,False,True
samba,slate-curvy-bipod-samba,4,True,True
sambo,slate-curvy-bipod-sambo,4,True,True
samek,slate-preen-divvy-safes-saheb-samek,6,False,True
samel,slate-sales-samel,3,False,True
samen,slate-preen-samen,3,False,True
sames,slate-preen-divvy-safes-sakes-begem-sames,7,False,False
samey,slate-preen-divvy-samey,4,True,True
samfi,slate-curvy-bipod-makis-samfi,5,False,True
samfu,slate-curvy-aback-squad-abeam-samfu,6,False,True
sammy,slate-curvy-angst-sappy-saddy-sammy,6,False,True
sampi,slate-curvy-bipod-sampi,4,False,True
samps,slate-curvy-bipod-samps,4,False,True
sanad,slate-curvy-bipod-sanad,4,False,True
sands,slate-curvy-bipod-sands,4,True,True
sandy,slate-curvy-angst-sandy,4,True,True
saned,slate-preen-saned,3,False,True
saner,slate-preen-saner,3,True,True
sanes,slate-preen-saned-sanes,4,False,True
sanga,slate-curvy-bipod-sagas-sanga,5,False,True
sangh,slate-curvy-bipod-sagas-sangh,5,False,True
sango,slate-curvy-bipod-sofas-sango,5,False,True
sangs,slate-curvy-bipod-sagas-sangs,5,False,True
sanko,slate-curvy-bipod-sofas-sango-sanko,6,False,True
sansa,slate-curvy-bipod-sagas-sansa,5,False,True
santo,slate-saith-abius-santo,4,False,True
sants,slate-saith-abius-sants,4,False,True
saola,slate-radio-salon-saola,4,False,True
sapan,slate-curvy-bipod-sapan,4,False,True
sapid,slate-curvy-bipod-sapid,4,False,True
sapor,slate-curvy-sonar-sapor,4,False,True
sappy,slate-curvy-angst-sappy,4,True,True
saran,slate-curvy-sarin-saran,4,False,True
sards,slate-curvy-sarin-adbot-sards,5,False,True
sared,slate-preen-beefy-saver-sared,5,False,True
saree,slate-acorn-sarge-saree,4,False,True
sarge,slate-acorn-sarge,3,True,True
sargo,slate-curvy-sarin-adbot-sargo,5,False,True
sarin,slate-curvy-sarin,3,True,True
sarir,slate-curvy-sarin-sarir,4,False,True
saris,slate-curvy-sarin-sarir-saris,5,False,True
sarks,slate-curvy-sarin-adbot-sarks,5,False,True
sarky,slate-curvy-spray-sarky,4,False,True
sarod,slate-curvy-sarin-adbot-sarod,5,False,True
saros,slate-curvy-sarin-adbot-saros,5,False,True
sarus,slate-curvy-sarus,3,False,True
sarvo,slate-curvy-sarvo,3,False,True
saser,slate-preen-beefy-saver-gawks-saser,6,False,True
sasin,slate-curvy-bipod-makis-sasin,5,False,True
sasse,slate-acorn-adieu-sasse,4,False,True
sassy,slate-curvy-angst-sassy,4,True,True
satai,slate-pricy-satin-satai,4,False,True
satay,slate-pricy-satay,3,True,True
sated,slate-waked-sated,3,True,True
satem,slate-waked-abers-satem,4,False,True
sater,slate-waked-abers-sater,4,False,True
sates,slate-waked-abers-sates,4,False,True
satin,slate-pricy-satin,3,True,True
satis,slate-pricy-satin-satis,4,False,True
satyr,slate-pricy-satyr,3,True,True
sauba,slate-curvy-aback-sauba,4,False,True
sauce,slate-acorn-sauce,3,True,True
sauch,slate-curvy-scuba-sauch,4,False,True
saucy,slate-curvy-saucy,3,True,True
saugh,slate-curvy-aback-squad-saugh,5,False,True
sauls,slate-radio-salsa-sauls,4,False,True
sault,slate-splat-sault,3,False,True
sauna,slate-curvy-aback-sauna,4,True,True
saunf,slate-curvy-aback-squad-saugh-saunf,6,False,True
saunt,slate-pricy-squat-saunt,4,False,True
saury,slate-curvy-saury,3,False,True
saute,slate-saute,2,True,True
sauts,slate-saith-abius-sauts,4,False,True
sauve,slate-acorn-adieu-sauve,4,False,True
saved,slate-preen-divvy-saved,4,True,True
saver,slate-preen-beefy-saver,4,True,True
saves,slate-preen-divvy-saves,4,True,True
savey,slate-preen-divvy-savey,4,False,True
savin,slate-curvy-savin,3,True,True
savor,slate-curvy-savor,3,True,True
savoy,slate-curvy-savoy,3,True,True
savvy,slate-curvy-savvy,3,True,True
sawah,slate-curvy-bipod-sagas-saman-sawah,6,False,True
sawed,slate-preen-divvy-sawed,4,True,True
sawer,slate-preen-beefy-saver-gawks-sawer,6,False,True
saxes,slate-preen-divvy-safes-sakes-begem-saxes,7,False,False
sayas,slate-curvy-sayid-sayas,4,False,True
sayed,slate-preen-divvy-sayed,4,False,True
sayee,slate-acorn-adieu-sayee,4,False,True
sayer,slate-preen-beefy-sayer,4,True,True
sayid,slate-curvy-sayid,3,True,True
sayne,slate-acorn-saine-sayne,4,False,True
sayon,slate-curvy-sayid-sayas-sayon,5,False,True
sayst,slate-pricy-sayst,3,False,True
sazes,slate-preen-divvy-safes-sakes-begem-saxes-sazes,8,False,False
scabs,slate-prank-swabs-scabs,4,True,True
scads,slate-prank-swabs-scams-scads,5,False,True
scaff,slate-prank-swabs-shady-scaff,5,False,True
scags,slate-prank-swabs-scams-scads-scags,6,False,True
scail,slate-hilly-snail-cawks-scail,5,False,True
scala,slate-hilly-adapt-scala,4,True,True
scald,slate-hilly-adapt-scald,4,True,True
scale,slate-awash-scale,3,True,True
scall,slate-hilly-small-scall,4,False,True
scalp,slate-hilly-adapt-scalp,4,True,True
scaly,slate-hilly-scaly,3,True,True
scamp,slate-prank-costs-scamp,4,True,True
scams,slate-prank-swabs-scams,4,True,True
scand,slate-prank-aches-scand,4,False,True
scans,slate-prank-aches-scans,4,True,True
scant,slate-print-scant,3,True,True
scapa,slate-prank-costs-scamp-scapa,5,False,True
scape,slate-parch-scape,3,True,True
scapi,slate-prank-costs-scamp-scapa-scapi,6,False,True
scare,slate-parch-scare,3,True,True
scarf,slate-prank-chewy-scarf,4,True,True
scarp,slate-prank-ached-scarp,4,True,True
scars,slate-prank-chewy-scarf-scars,5,True,True
scart,slate-print-smart-start-cahow-scart,6,False,True
scary,slate-prank-chewy-scary,4,True,True
scath,slate-alpha-swath-scath,4,False,True
scats,slate-alpha-stats-aback-scats,5,False,True
scatt,slate-alpha-stats-scatt,4,False,True
scaud,slate-prank-swabs-shady-scaud,5,False,True
scaup,slate-prank-costs-scamp-scaup,5,False,True
scaur,slate-prank-chewy-scarf-scaur,5,False,True
scaws,slate-prank-swabs-scaws,4,False,True
sceat,slate-waked-steam-sceat,4,False,True
scena,slate-preen-sneak-scena,4,False,True
scend,slate-hired-spend-scend,4,False,True
scene,slate-prion-scene,3,True,True
scent,slate-print-scent,3,True,True
schav,slate-curvy-schav,3,False,True
schif,slate-unhip-schif,3,False,True
schmo,slate-unhip-schmo,3,False,True
schul,slate-krill-scowl-schul,4,False,True
schwa,slate-curvy-schwa,3,True,True
scifi,slate-unhip-amiss-skiff-scifi,5,False,True
scind,slate-unhip-align-skins-scind,5,False,True
scion,slate-unhip-align-scion,4,True,True
scire,slate-prion-shire-scire,4,False,True
sclim,slate-krill-solid-sclim,4,False,True
scobe,slate-prion-shove-smoke-scobe,5,False,True
scody,slate-unhip-brook-scoff-adage-scody,6,False,True
scoff,slate-unhip-brook-scoff,4,True,True
scogs,slate-unhip-brook-scoff-adage-scogs,6,False,True
scold,slate-krill-abode-scold,4,True,True
scone,slate-prion-scone,3,True,True
scoog,slate-unhip-brook-scoog,4,False,True
scoop,slate-unhip-scoop,3,True,True
scoot,slate-pinot-shoot-scoot,4,True,True
scopa,slate-curvy-schwa-scopa,4,False,True
scope,slate-prion-scope,3,True,True
scops,slate-unhip-afoot-spork-scops,5,False,True
score,slate-prion-ached-score,4,True,True
scorn,slate-unhip-coons-scorn,4,True,True
scorp,slate-unhip-scoop-scorp,4,False,True
scote,slate-chomp-scote,3,False,True
scots,slate-roomy-ached-scots,4,True,True
scoug,slate-unhip-bards-scuff-scoug,5,False,True
scoup,slate-unhip-syrup-scoup,4,False,True
scour,slate-unhip-bards-scour,4,True,True
scout,slate-pinot-birch-scout,4,True,True
scowl,slate-krill-scowl,3,True,True
scowp,slate-unhip-scoop-scorp-scowp,5,False,True
scows,slate-unhip-brook-scoff-adage-scows,6,False,True
scrab,slate-curvy-scrap-scram-abeng-scrab,6,False,True
scrae,slate-acorn-scrae,3,False,True
scrag,slate-curvy-scrap-scram-abeng-scrag,6,False,True
scram,slate-curvy-scrap-scram,4,True,True
scran,slate-curvy-scrap-scram-abeng-scran,6,False,True
scrap,slate-curvy-scrap,3,True,True
scrat,slate-pricy-scrat,3,False,True
scraw,slate-curvy-scrap-scram-abeng-scraw,6,False,True
scray,slate-curvy-scray,3,False,True
scree,slate-prion-agree-scree,4,True,True
screw,slate-hired-about-screw,4,True,True
scrim,slate-unhip-scrim,3,True,True
scrip,slate-unhip-scrip,3,True,True
scrob,slate-unhip-brook-scrob,4,False,True
scrod,slate-unhip-brook-scrod,4,True,True
scrog,slate-unhip-brook-scrod-scrog,5,False,True
scroo,slate-unhip-brook-scroo,4,False,True
scrow,slate-unhip-brook-scrod-scrog-scrow,6,False,True
scrub,slate-unhip-bards-scrub,4,True,True
scrum,slate-unhip-bards-scrum,4,True,True
scuba,slate-curvy-scuba,3,True,True
scudi,slate-unhip-abaca-scudi,4,False,True
scudo,slate-unhip-bards-scudo,4,False,True
scuds,slate-unhip-bards-scuds,4,False,True
scuff,slate-unhip-bards-scuff,4,True,True
scuft,slate-pinot-strut-scuft,4,False,True
scugs,slate-unhip-bards-sucks-scugs,5,False,True
sculk,slate-krill-skulk-sculk,4,False,True
scull,slate-krill-scull,3,True,True
sculp,slate-krill-abode-shyly-sculp,5,False,True
sculs,slate-krill-abode-shyly-sculp-sculs,6,False,True
scums,slate-unhip-bards-sucks-scugs-scums,6,False,True
scups,slate-unhip-adios-spurs-scups,5,False,True
scurf,slate-unhip-bards-scour-scurf,5,False,True
scurs,slate-unhip-bards-abmho-scurs,5,False,True
scuse,slate-prion-auger-scuse,4,True,True
scuta,slate-saith-sorta-actas-scuta,5,False,True
scute,slate-chomp-scute,3,False,True
scuts,slate-roomy-blush-scuts,4,False,True
scuzz,slate-unhip-bards-scuff-scuzz,5,False,True
scyes,slate-hired-enemy-sykes-scyes,5,False,True
sdayn,slate-prank-actin-shawn-sdayn,5,False,True
sdein,slate-hired-sdein,3,False,True
seals,slate-seals,2,True,True
seame,slate-parch-snake-suave-deism-seame,6,False,True
seams,slate-acres-seams,3,True,True
seamy,slate-acres-seamy,3,True,True
seans,slate-acres-seams-seans,4,False,True
seare,slate-parch-snare-ablow-seare,5,False,True
sears,slate-acres-sears,3,True,True
sease,slate-parch-snake-suave-deism-sease,6,False,True
seats,slate-seats,2,True,True
seaze,slate-parch-snake-suave-deism-seaze,6,False,True
sebum,slate-hired-aback-sebum,4,False,True
secco,slate-hired-aback-specs-secco,5,False,True
sechs,slate-hired-sheng-sechs,4,False,True
sects,slate-sects,2,True,True
sedan,slate-preen-sedan,3,True,True
seder,slate-hired-seder,3,True,True
sedes,slate-hired-sedes,3,False,True
sedge,slate-prion-auger-sedge,4,True,True
sedgy,slate-hired-agony-sedgy,4,False,True
sedum,slate-hired-agony-seeds-sedum,5,False,True
seeds,slate-hired-agony-seeds,4,True,True
seedy,slate-hired-agony-seedy,4,True,True
seeks,slate-hired-aback-seeks,4,True,True
seeld,slate-whelp-smell-aedes-seeld,5,False,True
seels,slate-whelp-smell-aedes-seels,5,False,True
seely,slate-whelp-smell-aedes-seely,5,False,True
seems,slate-hired-aback-seems,4,True,True
seeps,slate-hired-aback-seems-seeps,5,False,True
seepy,slate-hired-aback-seems-seepy,5,False,True
seers,slate-hired-sperm-seers,4,True,True
sefer,slate-hired-dweeb-sever-sefer,5,False,True
segar,slate-preen-serra-segar,4,False,True
segas,slate-preen-agism-segas,4,False,True
segni,slate-hired-skein-aargh-segni,5,False,True
segno,slate-hired-aback-seems-aboon-segno,6,False,True
segol,slate-whelp-soled-segol,4,False,True
segos,slate-hired-aback-seems-segos,5,False,True
segue,slate-prion-auger-segue,4,True,True
sehri,slate-hired-sehri,3,False,True
seifs,slate-hired-skein-seifs,4,False,True
seils,slate-whelp-sells-seils,4,False,True
seine,slate-prion-death-seine,4,True,True
seirs,slate-hired-alews-seirs,4,False,True
seise,slate-prion-seize-seise,4,False,True
seism,slate-hired-skein-seifs-seism,5,False,True
seity,slate-sects-aalii-seity,4,False,True
seiza,slate-preen-agism-seiza,4,False,True
seize,slate-prion-seize,3,True,True
sekos,slate-hired-aback-seeks-sekos,5,False,True
sekts,slate-sects-knaps-sekts,4,False,True
selah,slate-sales-selah,3,True,True
seles,slate-whelp-soled-airns-seles,5,False,True
selfs,slate-whelp-soled-afars-selfs,5,False,True
selfy,slate-whelp-soled-afars-selfy,5,False,True
selky,slate-whelp-soled-afars-selky,5,False,True
sella,slate-sales-selah-sella,4,False,True
selle,slate-abide-solve-selle,4,False,True
sells,slate-whelp-sells,3,True,True
selva,slate-sales-selah-sella-selva,5,False,True
semas,slate-preen-agism-semas,4,False,True
semee,slate-prion-auger-semee,4,False,True
semen,slate-hired-enemy-semen,4,True,True
semes,slate-hired-enemy-semes,4,False,True
semie,slate-prion-siege-semie,4,False,True
semis,slate-hired-skein-semis,4,True,True
senas,slate-preen-azans-senas,4,False,True
sends,slate-hired-agony-sends,4,True,True
senes,slate-hired-enemy-seven-senes,5,False,True
senex,slate-hired-enemy-seven-senes-senex,6,False,True
sengi,slate-hired-skein-aargh-sengi,5,False,True
senna,slate-preen-azans-senna,4,False,True
senor,slate-hired-sperm-senor,4,False,True
sensa,slate-preen-azans-sensa,4,False,True
sense,slate-prion-scene-sense,4,True,True
sensi,slate-hired-skein-aargh-sensi,5,False,True
sensu,slate-hired-aback-seems-sensu,5,False,True
sente,slate-chomp-suite-ackee-sente,5,False,True
senti,slate-sects-aalii-senti,4,False,True
sents,slate-sects-knaps-sents,4,False,True
senvy,slate-hired-aback-seems-aboon-senvy,6,False,True
senza,slate-preen-azans-senza,4,False,True
sepad,slate-preen-sepia-sepad,4,False,True
sepal,slate-sales-aheap-sepal,4,False,True
sepia,slate-preen-sepia,3,True,True
sepic,slate-hired-skein-semis-sepic,5,False,True
sepoy,slate-hired-aback-seems-aboon-sepoy,6,False,True
seppo,slate-hired-aback-seems-aboon-seppo,6,False,True
septa,slate-saeta-septa,3,False,True
septs,slate-sects-knaps-septs,4,False,True
serac,slate-preen-serra-serac,4,False,True
serai,slate-preen-serra-serac-serai,5,False,True
seral,slate-sales-aheap-seral,4,False,True
sered,slate-hired-bebop-sered,4,False,True
serer,slate-hired-about-screw-abeer-serer,6,False,True
seres,slate-hired-about-screw-abeer-seres,6,False,True
serfs,slate-hired-serum-serfs,4,True,True
serge,slate-prion-agree-serge,4,True,True
seria,slate-preen-serra-seria,4,False,True
seric,slate-hired-serif-acene-seric,5,False,True
serif,slate-hired-serif,3,True,True
serin,slate-hired-serif-acene-serin,5,False,True
serir,slate-hired-serif-acene-serir,5,False,True
serks,slate-hired-serum-serfs-serks,5,False,True
seron,slate-hired-serum-serfs-ablow-seron,6,False,True
serow,slate-hired-serum-serfs-ablow-serow,6,False,True
serra,slate-preen-serra,3,True,True
serre,slate-prion-agree-serve-serre,5,False,True
serrs,slate-hired-serum-serfs-serks-serrs,6,False,True
serry,slate-hired-serum-serfs-ablow-serry,6,False,True
serum,slate-hired-serum,3,True,True
serve,slate-prion-agree-serve,4,True,True
servo,slate-hired-serum-serfs-ablow-servo,6,False,True
sesey,slate-hired-enemy-sesey,4,False,True
sessa,slate-preen-agism-sessa,4,False,True
setae,slate-abeer-setae,3,False,True
setal,slate-steal-setal,3,False,True
seter,slate-print-steer-seter,4,False,True
seths,slate-print-steed-seths,4,False,True
seton,slate-print-seton,3,False,True
setts,slate-sects-knaps-setts,4,False,True
setup,slate-print-aches-setup,4,True,True
sevak,slate-preen-agism-sevak,4,False,True
seven,slate-hired-enemy-seven,4,True,True
sever,slate-hired-dweeb-sever,4,True,True
sevir,slate-hired-alews-sevir,4,False,True
sewan,slate-preen-sedan-sewan,4,False,True
sewar,slate-preen-serra-segar-sewar,5,False,True
sewed,slate-hired-adopt-sewed,4,True,True
sewel,slate-whelp-sewel,3,False,True
sewen,slate-hired-enemy-seven-sewen,5,False,True
sewer,slate-hired-dweeb-sewer,4,True,True
sewin,slate-hired-skein-sewin,4,False,True
sexed,slate-hired-adopt-sewed-sexed,5,False,True
sexer,slate-hired-dweeb-sever-sefer-sexer,6,False,True
sexes,slate-hired-enemy-sexes,4,True,True
sexor,slate-hired-sperm-senor-sexor,5,False,True
sexto,slate-sects-aalii-sexto,4,False,True
sexts,slate-sects-knaps-setts-sexts,5,False,True
seyen,slate-hired-enemy-seyen,4,False,True
sezes,slate-hired-enemy-sexes-sezes,5,False,True
shack,slate-prank-shack,3,True,True
shade,slate-parch-miked-shade,4,True,True
shads,slate-prank-swabs-scams-cadgy-shads,6,False,True
shady,slate-prank-swabs-shady,4,True,True
shaft,slate-print-shaft,3,True,True
shags,slate-prank-swabs-scams-cadgy-shags,6,False,True
shahs,slate-prank-swabs-scams-cadgy-shahs,6,False,True
shaka,slate-prank-shaky-shaka,4,False,True
shake,slate-parch-miked-shake,4,True,True
shako,slate-prank-shaky-shaka-shako,5,False,True
shakt,slate-print-shaft-shakt,4,False,True
shaky,slate-prank-shaky,3,True,True
shale,slate-awash-shale,3,True,True
shall,slate-hilly-shall,3,True,True
shalm,slate-hilly-shalm,3,False,True
shalt,slate-allot-shalt,3,True,True
shaly,slate-hilly-shaly,3,False,True
shama,slate-prank-swabs-shady-shama,5,False,True
shame,slate-parch-miked-shame,4,True,True
shams,slate-prank-swabs-scams-shams,5,False,True
shand,slate-prank-aches-shand,4,False,True
shank,slate-prank-shank,3,True,True
shans,slate-prank-aches-shans,4,False,True
shape,slate-parch-shape,3,True,True
shaps,slate-prank-costs-swaps-shaps,5,False,True
shard,slate-prank-chewy-shard,4,True,True
share,slate-parch-share,3,True,True
shark,slate-prank-shark,3,True,True
sharn,slate-prank-snarf-sharn,4,False,True
sharp,slate-prank-ached-sharp,4,True,True
shart,slate-print-smart-start-cahow-shart,6,False,True
shash,slate-prank-swabs-smash-shash,5,False,True
shaul,slate-hilly-shawl-shaul,4,False,True
shave,slate-parch-miked-shave,4,True,True
shawl,slate-hilly-shawl,3,True,True
shawm,slate-prank-swabs-shawm,4,False,True
shawn,slate-prank-actin-shawn,4,True,True
shaws,slate-prank-swabs-scaws-shaws,5,False,True
shaya,slate-prank-swabs-shady-shaya,5,False,True
shays,slate-prank-swabs-scams-cadgy-shays,6,False,True
shchi,slate-unhip-chick-shchi,4,False,True
sheaf,slate-preen-sheaf,3,True,True
sheal,slate-sales-aheap-sheal,4,False,True
shear,slate-preen-awash-shear,4,True,True
sheas,slate-preen-sheaf-sheas,4,False,True
sheds,slate-hired-sheds,3,True,True
sheel,slate-whelp-sheel,3,False,True
sheen,slate-hired-acorn-sheen,4,True,True
sheep,slate-hired-acorn-sheep,4,True,True
sheer,slate-hired-sheer,3,True,True
sheet,slate-print-askew-sheet,4,True,True
sheik,slate-hired-sheik,3,True,True
shelf,slate-whelp-shelf,3,True,True
shell,slate-whelp-shelf-shell,4,True,True
shend,slate-hired-shend,3,False,True
sheng,slate-hired-sheng,3,True,True
shent,slate-print-scent-stent-shent,5,False,True
sheol,slate-whelp-sheel-sheol,4,False,True
sherd,slate-hired-sherd,3,False,True
shere,slate-prion-agree-shere,4,False,True
shero,slate-hired-shero,3,False,True
shets,slate-sects-bumph-shets,4,False,True
sheva,slate-preen-sheaf-sheva,4,False,True
shewn,slate-hired-sheng-shewn,4,False,True
shews,slate-hired-sheng-shews,4,False,True
shiai,slate-curvy-bipod-makis-shiai,5,False,True
shied,slate-hired-shied,3,True,True
shiel,slate-whelp-shiel,3,False,True
shier,slate-hired-shier,3,False,True
shies,slate-hired-shies,3,False,True
shift,slate-pinot-abhor-shift,4,True,True
shill,slate-krill-chews-shill,4,True,True
shily,slate-krill-soils-shily,4,False,True
shims,slate-unhip-chick-shish-abram-shims,6,False,True
shine,slate-prion-death-shine,4,True,True
shins,slate-unhip-shiny-shins,4,True,True
shiny,slate-unhip-shiny,3,True,True
shiok,slate-unhip-chick-shirk-shiok,5,False,True
ships,slate-unhip-ships,3,True,True
shire,slate-prion-shire,3,True,True
shirk,slate-unhip-chick-shirk,4,True,True
shirr,slate-unhip-chick-shish-shirr,5,False,True
shirs,slate-unhip-chick-shish-abram-shirs,6,False,True
shirt,slate-pinot-abhor-shirt,4,True,True
shish,slate-unhip-chick-shish,4,True,True
shiso,slate-unhip-chick-shish-shiso,5,False,True
shist,slate-pinot-abhor-shift-shist,5,False,True
shite,slate-chomp-shite,3,True,True
shits,slate-roomy-blush-shits,4,True,True
shiur,slate-unhip-sushi-shiur,4,False,True
shiva,slate-curvy-shiva,3,True,True
shive,slate-prion-seize-ankhs-shive,5,False,True
shivs,slate-unhip-chick-shish-abram-shivs,6,False,True
shlep,slate-whelp-shlep,3,True,True
shlub,slate-krill-solos-abaya-shlub,5,False,True
shmek,slate-hired-acorn-sheep-shmek,5,False,True
shmoe,slate-prion-shmoe,3,False,True
shoal,slate-radio-shoal,3,True,True
shoat,slate-pricy-squat-shoat,4,False,True
shock,slate-unhip-chewy-shock,4,True,True
shoed,slate-hired-shoed,3,True,True
shoer,slate-hired-sheer-shyer-shoer,5,False,True
shoes,slate-hired-acorn-shoes,4,True,True
shogi,slate-unhip-chick-shoji-shogi,5,False,True
shogs,slate-unhip-chewy-shook-shogs,5,False,True
shoji,slate-unhip-chick-shoji,4,True,True
shojo,slate-unhip-chewy-shook-shojo,5,False,True
shola,slate-radio-shoal-shola,4,False,True
shone,slate-prion-scone-shone,4,True,True
shonk,slate-unhip-abhor-shown-shonk,5,False,True
shook,slate-unhip-chewy-shook,4,True,True
shool,slate-krill-scowl-spool-shool,5,False,True
shoon,slate-unhip-abhor-shoon,4,False,True
shoos,slate-unhip-chewy-shook-shoos,5,False,True
shoot,slate-pinot-shoot,3,True,True
shope,slate-prion-scope-shope,4,False,True
shops,slate-unhip-shops,3,True,True
shore,slate-prion-ached-shore,4,True,True
shorl,slate-krill-shorl,3,False,True
shorn,slate-unhip-abhor-shorn,4,True,True
short,slate-pinot-birch-short,4,True,True
shote,slate-chomp-shote,3,False,True
shots,slate-roomy-ached-shots,4,True,True
shott,slate-roomy-ached-shots-shott,5,False,True
shoud,slate-unhip-crumb-aglus-shoud,5,False,True
shout,slate-pinot-birch-shout,4,True,True
shove,slate-prion-shove,3,True,True
showd,slate-unhip-chewy-shows-showd,5,False,True
shown,slate-unhip-abhor-shown,4,True,True
shows,slate-unhip-chewy-shows,4,True,True
showy,slate-unhip-chewy-showy,4,True,True
shoyu,slate-unhip-crumb-aglus-shoyu,5,False,True
shred,slate-hired-shred,3,True,True
shrew,slate-hired-shrew,3,True,True
shris,slate-unhip-shris,3,False,True
shrow,slate-unhip-chewy-shrow,4,False,True
shrub,slate-unhip-crumb-shrub,4,True,True
shrug,slate-unhip-crumb-shrug,4,True,True
shtar,slate-pricy-abort-straw-shtar,5,False,True
shtik,slate-pinot-aches-shtik,4,False,True
shtum,slate-pinot-cards-stuff-shtum,5,False,True
shtup,slate-pinot-stump-shtup,4,False,True
shuba,slate-curvy-aback-squab-shuba,5,False,True
shuck,slate-unhip-crumb-shuck,4,True,True
shule,slate-abide-solve-shule,4,False,True
shuln,slate-krill-abode-shyly-shuln,5,False,True
shuls,slate-krill-abode-shyly-shuln-shuls,6,False,True
shuns,slate-unhip-shuns,3,False,True
shunt,slate-pinot-stunt-shunt,4,True,True
shura,slate-curvy-shura,3,False,True
shush,slate-unhip-crumb-shush,4,True,True
shute,slate-chomp-shite-shute,4,False,True
shuts,slate-roomy-blush-shuts,4,True,True
shwas,slate-curvy-bipod-sagas-shwas,5,False,True
shyer,slate-hired-sheer-shyer,4,True,True
shyly,slate-krill-abode-shyly,4,True,True
sials,slate-hilly-sials,3,False,True
sibbs,slate-unhip-amiss-abaca-sibbs,5,False,True
sibia,slate-curvy-bipod-simba-sibia,5,False,True
sibyl,slate-krill-spoil-sibyl,4,False,True
sices,slate-hired-askew-sixes-sizes-capon-sices,7,False,False
sicht,slate-pinot-sight-sicht,4,False,True
sicko,slate-unhip-amiss-sicko,4,True,True
sicks,slate-unhip-amiss-abaca-sicks,5,False,True
sicky,slate-unhip-amiss-sicko-sicky,5,False,True
sidas,slate-curvy-bipod-sidas,4,False,True
sided,slate-hired-sided,3,True,True
sider,slate-hired-sider,3,False,True
sides,slate-hired-sides,3,True,True
sidey,slate-hired-sides-sidey,4,False,True
sidha,slate-curvy-bipod-sidas-sidha,5,False,True
sidhe,slate-prion-siege-sidhe,4,False,True
sidle,slate-abide-sidle,3,True,True
siege,slate-prion-siege,3,True,True
sield,slate-whelp-smell-aedes-sield,5,False,True
siens,slate-hired-siens,3,False,True
sient,slate-print-sient,3,False,True
sieth,slate-sects-sieth,3,False,True
sieur,slate-hired-sieur,3,False,True
sieve,slate-prion-siege-sieve,4,True,True
sifts,slate-roomy-blush-spits-sifts,5,False,True
sighs,slate-unhip-chick-sighs,4,True,True
sight,slate-pinot-sight,3,True,True
sigil,slate-krill-spoil-sigil,4,False,True
sigla,slate-radio-silva-sigla,4,False,True
sigma,slate-curvy-bipod-sigma,4,True,True
signa,slate-curvy-bipod-sigma-signa,5,False,True
signs,slate-unhip-align-signs,4,True,True
sigri,slate-unhip-amiss-sicko-sigri,5,False,True
sijos,slate-unhip-amiss-abaca-sijos,5,False,True
sikas,slate-curvy-bipod-sigma-sikas,5,False,True
siker,slate-hired-avize-siker,4,False,True
sikes,slate-hired-askew-sikes,4,True,True
silds,slate-krill-solid-silds,4,False,True
siled,slate-whelp-soled-siled,4,False,True
silen,slate-whelp-soled-airns-silen,5,False,True
siler,slate-whelp-soled-airns-siler,5,False,True
siles,slate-whelp-soled-airns-siles,5,False,True
silex,slate-whelp-soled-airns-silex,5,False,True
silks,slate-krill-silky-silks,4,True,True
silky,slate-krill-silky,3,True,True
sills,slate-krill-silly-sills,4,True,True
silly,slate-krill-silly,3,True,True
silos,slate-krill-solid-silos,4,False,True
silts,slate-silty-silts,3,False,True
silty,slate-silty,2,True,True
silva,slate-radio-silva,3,True,True
simar,slate-curvy-sonar-abamp-simar,5,False,True
simas,slate-curvy-bipod-sigma-simas,5,False,True
simba,slate-curvy-bipod-simba,4,True,True
simis,slate-unhip-scrim-simis,4,False,True
simps,slate-unhip-backs-bumfs-simps,5,False,True
simul,slate-krill-spoil-sibyl-simul,5,False,True
since,slate-prion-since,3,True,True
sinds,slate-unhip-align-sinks-sinds,5,False,True
sined,slate-hired-sided-sized-sined,5,False,True
sines,slate-hired-askew-sixes-sizes-capon-sines,7,False,False
sinew,slate-hired-askew-sinew,4,True,True
singe,slate-prion-since-singe,4,True,True
sings,slate-unhip-align-sings,4,True,True
sinhs,slate-unhip-shiny-sinhs,4,False,True
sinks,slate-unhip-align-sinks,4,True,True
sinky,slate-unhip-align-sinks-sinky,5,False,True
sinsi,slate-unhip-align-sinks-sinsi,5,False,True
sinus,slate-unhip-sinus,3,True,True
siped,slate-hired-sided-sized-sined-siped,6,False,True
sipes,slate-hired-askew-sixes-sizes-capon-sipes,7,False,False
sippy,slate-unhip-backs-spiff-sippy,5,False,True
sired,slate-hired-sired,3,True,True
siree,slate-prion-siree,3,False,True
siren,slate-hired-siren,3,True,True
sires,slate-hired-siren-sires,4,True,True
sirih,slate-unhip-shris-sirih,4,False,True
siris,slate-unhip-scrim-siris,4,False,True
siroc,slate-unhip-amiss-sicko-siroc,5,False,True
sirra,slate-curvy-sarin-sirra,4,False,True
sirup,slate-unhip-sirup,3,False,True
sisal,slate-radio-silva-sisal,4,False,True
sises,slate-hired-askew-sixes-sizes-capon-sises,7,False,False
sissy,slate-unhip-amiss-sissy,4,True,True
sista,slate-saith-sista,3,False,True
sists,slate-roomy-blush-spits-sifts-sists,6,False,True
sitar,slate-pricy-sitar,3,True,True
sitch,slate-pinot-sitch,3,False,True
sited,slate-print-sited,3,True,True
sites,slate-print-sited-sites,4,True,True
sithe,slate-brink-sithe,3,False,True
sitka,slate-pricy-satin-sitka,4,False,True
situp,slate-pinot-situp,3,True,True
situs,slate-pinot-sitch-situs,4,False,True
siver,slate-hired-avize-siver,4,False,True
sixer,slate-hired-avize-siker-sixer,5,False,True
sixes,slate-hired-askew-sixes,4,True,True
sixmo,slate-unhip-amiss-sixmo,4,False,True
sixte,slate-chomp-suite-sixte,4,False,True
sixth,slate-roomy-blush-sixth,4,True,True
sixty,slate-roomy-sixty,3,True,True
sizar,slate-curvy-sonar-abamp-sizar,5,False,True
sized,slate-hired-sided-sized,4,True,True
sizel,slate-whelp-soled-sizel,4,False,True
sizer,slate-hired-avize-sizer,4,False,True
sizes,slate-hired-askew-sixes-sizes,5,True,True
skags,slate-prank-shaky-skags,4,False,True
skail,slate-hilly-snail-cawks-skail,5,False,True
skald,slate-hilly-adapt-scald-skald,5,False,True
skank,slate-prank-shank-swank-skank,5,False,True
skarn,slate-prank-skarn,3,False,True
skart,slate-print-smart-start-cahow-skart,6,False,True
skate,slate-kappa-skate,3,True,True
skats,slate-alpha-stats-aback-skats,5,False,True
skatt,slate-alpha-stats-scatt-skatt,5,False,True
skaws,slate-prank-shaky-skags-skaws,5,False,True
skean,slate-preen-skean,3,False,True
skear,slate-preen-awash-smear-skear,5,False,True
skeds,slate-hired-agony-seeds-skeds,5,False,True
skeed,slate-hired-adopt-sewed-skeed,5,False,True
skeef,slate-hired-enemy-sweep-favas-skeef,6,False,True
skeen,slate-hired-enemy-skeen,4,False,True
skeer,slate-hired-dweeb-sneer-skeer,5,False,True
skees,slate-hired-enemy-sweep-favas-skees,6,False,True
skeet,slate-print-askew-skeet,4,True,True
skeev,slate-hired-enemy-sweep-favas-skeev,6,False,True
skeez,slate-hired-enemy-sweep-favas-skeez,6,False,True
skegg,slate-hired-aback-seeks-skegg,5,False,True
skegs,slate-hired-aback-seeks-gipon-skegs,6,False,True
skein,slate-hired-skein,3,True,True
skelf,slate-whelp-smell-aedes-skelf,5,False,True
skell,slate-whelp-smell-snell-skell,5,False,True
skelm,slate-whelp-smell-skelm,4,False,True
skelp,slate-whelp-skelp,3,False,True
skene,slate-prion-scene-skene,4,False,True
skens,slate-hired-aback-seeks-gipon-skens,6,False,True
skeos,slate-hired-aback-seeks-gipon-skeos,6,False,True
skeps,slate-hired-aback-seeks-gipon-skeps,6,False,True
skerm,slate-hired-sperm-skerm,4,False,True
skers,slate-hired-sperm-seers-skers,5,False,True
skets,slate-sects-bumph-skets,4,False,True
skews,slate-hired-aback-seeks-gipon-skews,6,False,True
skids,slate-unhip-amiss-skids,4,True,True
skied,slate-hired-spied-skied,4,True,True
skier,slate-hired-skier,3,True,True
skies,slate-hired-skies,3,True,True
skiey,slate-hired-skies-skiey,4,False,True
skiff,slate-unhip-amiss-skiff,4,True,True
skill,slate-krill-skill,3,True,True
skimo,slate-unhip-amiss-skimo,4,False,True
skimp,slate-unhip-skimp,3,True,True
skims,slate-unhip-amiss-swims-skims,5,False,True
skink,slate-unhip-align-skins-skink,5,False,True
skins,slate-unhip-align-skins,4,True,True
skint,slate-pinot-stint-skint,4,False,True
skios,slate-unhip-amiss-skids-skios,5,False,True
skips,slate-unhip-backs-skips,4,True,True
skirl,slate-krill-skirl,3,False,True
skirr,slate-unhip-amiss-skiff-skirr,5,False,True
skirt,slate-pinot-abhor-skirt,4,True,True
skite,slate-chomp-suite-skite,4,False,True
skits,slate-roomy-blush-spits-adawn-skits,6,False,True
skive,slate-prion-seize-ankhs-skive,5,False,True
skivy,slate-unhip-amiss-skiff-skirr-skivy,6,False,True
sklim,slate-krill-silky-sklim,4,False,True
skoal,slate-radio-shoal-skoal,4,False,True
skobe,slate-prion-shove-smoke-skobe,5,False,True
skody,slate-unhip-brook-smoky-skody,5,False,True
skoff,slate-unhip-brook-smoky-aegis-skoff,6,False,True
skofs,slate-unhip-brook-smoky-aegis-skofs,6,False,True
skogs,slate-unhip-brook-smoky-aegis-skogs,6,False,True
skols,slate-krill-skulk-skols,4,False,True
skool,slate-krill-skool,3,False,True
skort,slate-pinot-birch-skort,4,False,True
skosh,slate-unhip-chewy-skosh,4,False,True
skran,slate-curvy-sarin-skran,4,False,True
skrik,slate-unhip-scrim-siris-skrik,5,False,True
skroo,slate-unhip-brook-skroo,4,False,True
skuas,slate-curvy-aback-skuas,4,False,True
skugs,slate-unhip-bards-sucks-skugs,5,False,True
skulk,slate-krill-skulk,3,True,True
skull,slate-krill-skull,3,True,True
skunk,slate-unhip-agony-skunk,4,True,True
skyed,slate-hired-adopt-sewed-abuna-skyed,6,False,True
skyer,slate-hired-dweeb-super-aking-skyer,6,False,True
skyey,slate-hired-enemy-skyey,4,False,True
skyfs,slate-unhip-brook-skyfs,4,False,True
skyre,slate-prion-agree-sucre-skyre,5,False,True
skyrs,slate-unhip-brook-skyrs,4,False,True
skyte,slate-chomp-suite-ackee-skyte,5,False,True
slabs,slate-hymns-slabs,3,True,True
slack,slate-hymns-slack,3,True,True
slade,slate-slake-slade,3,True,True
slaes,slate-slaes,2,False,True
slags,slate-hymns-slabs-slaps-slags,5,False,True
slaid,slate-hymns-slack-slaid,4,False,True
slain,slate-hymns-slain,3,True,True
slake,slate-slake,2,True,True
slams,slate-hymns-slams,3,True,True
slane,slate-slake-slade-slane,4,False,True
slang,slate-hymns-slang,3,True,True
slank,slate-hymns-slang-slank,4,False,True
slant,slate-slant,2,True,True
slaps,slate-hymns-slabs-slaps,4,True,True
slart,slate-slant-slart,3,False,True
slash,slate-hymns-slash,3,True,True
slate,slate,1,True,True
slats,slate-slats,2,True,True
slaty,slate-slats-slaty,3,False,True
slave,slate-slake-slade-slane-slave,5,False,True
slaws,slate-hymns-slabs-slaps-slags-slaws,6,False,True
slays,slate-hymns-slays,3,True,True
slebs,slate-sleek-baddy-slebs,4,False,True
sleds,slate-sleek-baddy-sleds,4,False,True
sleek,slate-sleek,2,True,True
sleep,slate-sleek-sleep,3,True,True
sleer,slate-sleek-sleep-sleer,4,False,True
sleet,slate-sleet,2,True,True
slept,slate-sleet-slept,3,True,True
slews,slate-sleek-baddy-slews,4,False,True
sleys,slate-sleek-baddy-sleys,4,False,True
slice,slate-acids-slice,3,True,True
slick,slate-punky-slick,3,True,True
slide,slate-acids-slide,3,True,True
slier,slate-sleek-abius-slier,4,False,True
slily,slate-punky-slimy-slily,4,False,True
slime,slate-acids-slime,3,True,True
slims,slate-punky-abase-slows-slims,5,False,True
slimy,slate-punky-slimy,3,True,True
sling,slate-punky-sling,3,True,True
slink,slate-punky-slink,3,True,True
slipe,slate-acids-slime-slipe,4,False,True
slips,slate-punky-sloop-slips,4,True,True
slipt,slate-aalii-slipt,3,False,True
slish,slate-punky-abase-slosh-slish,5,False,True
slits,slate-adios-slits,3,True,True
slive,slate-acids-slime-slipe-slive,5,False,True
sloan,slate-sloan,2,True,True
slobs,slate-punky-abase-slobs,4,True,True
sloes,slate-sleek-abius-sloes,4,False,True
slogs,slate-punky-abase-slows-slogs,5,False,True
sloid,slate-punky-abase-slows-abrim-sloid,6,False,True
slojd,slate-punky-abase-slows-abrim-slojd,6,False,True
sloka,slate-sloan-sloka,3,False,True
slomo,slate-punky-abase-slows-abrim-slomo,6,False,True
sloom,slate-punky-abase-slows-abrim-sloom,6,False,True
sloop,slate-punky-sloop,3,True,True
sloot,slate-aalii-sloot,3,False,True
slope,slate-acids-slope,3,True,True
slops,slate-punky-sloop-slops,4,False,True
slopy,slate-punky-slopy,3,False,True
slorm,slate-punky-abase-slows-abrim-slorm,6,False,True
slosh,slate-punky-abase-slosh,4,True,True
sloth,slate-adios-sloth,3,True,True
slots,slate-adios-slots,3,True,True
slove,slate-acids-slope-slove,4,False,True
slows,slate-punky-abase-slows,4,True,True
sloyd,slate-punky-sloyd,3,False,True
slubb,slate-punky-argus-slush-slubb,5,False,True
slubs,slate-punky-argus-slums-slubs,5,False,True
slued,slate-sleek-abius-slued,4,False,True
slues,slate-sleek-abius-slues,4,False,True
sluff,slate-punky-argus-slush-slubb-sluff,6,False,True
slugs,slate-punky-argus-slugs,4,True,True
sluit,slate-aalii-sluit,3,False,True
slump,slate-punky-slump,3,True,True
slums,slate-punky-argus-slums,4,True,True
slung,slate-punky-slung,3,True,True
slunk,slate-punky-slunk,3,True,True
slurb,slate-punky-argus-slurb,4,False,True
slurp,slate-punky-slump-slurp,4,True,True
slurs,slate-punky-argus-slurs,4,True,True
sluse,slate-acids-slope-sluse,4,False,True
slush,slate-punky-argus-slush,4,True,True
sluts,slate-adios-sluts,3,True,True
slyer,slate-sleek-abius-slyer,4,False,True
slyly,slate-punky-slimy-slyly,4,True,True
slype,slate-acids-slope-slype,4,False,True
smaak,slate-prank-shack-smaak,4,False,True
smack,slate-prank-shack-smack,4,True,True
smaik,slate-prank-shack-smaak-smaik,5,False,True
small,slate-hilly-small,3,True,True
smalm,slate-hilly-adapt-smalm,4,False,True
smalt,slate-allot-shalt-smalt,4,False,True
smarm,slate-prank-chewy-smarm,4,True,True
smart,slate-print-smart,3,True,True
smash,slate-prank-swabs-smash,4,True,True
smaze,slate-parch-snake-suave-deism-smaze,6,False,True
smear,slate-preen-awash-smear,4,True,True
smeek,slate-hired-enemy-smeek,4,False,True
smees,slate-hired-enemy-smeek-smees,5,False,True
smeik,slate-hired-skein-smeik,4,False,True
smeke,slate-prion-auger-swede-smeke,5,False,True
smell,slate-whelp-smell,3,True,True
smelt,slate-amped-smelt,3,True,True
smerk,slate-hired-sperm-smerk,4,False,True
smews,slate-hired-aback-seems-smews,5,False,True
smick,slate-unhip-amiss-smirk-smick,5,False,True
smile,slate-abide-smile,3,True,True
smily,slate-krill-soils-shily-smily,5,False,True
smirk,slate-unhip-amiss-smirk,4,True,True
smirr,slate-unhip-amiss-smirk-smirr,5,False,True
smirs,slate-unhip-amiss-smirs,4,False,True
smite,slate-chomp-smite,3,True,True
smith,slate-roomy-smith,3,True,True
smits,slate-roomy-smith-smits,4,False,True
smize,slate-prion-seize-smize,4,False,True
smock,slate-unhip-brook-smock,4,True,True
smogs,slate-unhip-brook-scoff-smogs,5,False,True
smoke,slate-prion-shove-smoke,4,True,True
smoko,slate-unhip-brook-abeys-smoko,5,False,True
smoky,slate-unhip-brook-smoky,4,True,True
smolt,slate-atoll-smolt,3,False,True
smoor,slate-unhip-brook-smoor,4,False,True
smoot,slate-pinot-shoot-scoot-smoot,5,False,True
smore,slate-prion-ached-swore-smore,5,False,True
smorg,slate-unhip-brook-sword-smorg,5,False,True
smote,slate-chomp-smote,3,True,True
smout,slate-pinot-birch-stout-smout,5,False,True
smowt,slate-pinot-birch-stout-smowt,5,False,True
smugs,slate-unhip-bards-sucks-abamp-smugs,6,False,True
smurs,slate-unhip-bards-abmho-smurs,5,False,True
smush,slate-unhip-crumb-smush,4,True,True
smuts,slate-roomy-smith-smuts,4,False,True
snabs,slate-prank-actin-snafu-agbas-snabs,6,False,True
snack,slate-prank-snack,3,True,True
snafu,slate-prank-actin-snafu,4,True,True
snags,slate-prank-actin-snafu-agbas-snags,6,False,True
snail,slate-hilly-snail,3,True,True
snake,slate-parch-snake,3,True,True
snaky,slate-prank-snaky,3,True,True
snaps,slate-prank-spawn-snaps,4,True,True
snare,slate-parch-snare,3,True,True
snarf,slate-prank-snarf,3,True,True
snark,slate-prank-snark,3,True,True
snarl,slate-hilly-snarl,3,True,True
snars,slate-prank-snarf-snars,4,False,True
snary,slate-prank-snarf-snars-snary,5,False,True
snash,slate-prank-actin-snafu-agbas-snash,6,False,True
snath,slate-alpha-swath-scath-snath,5,False,True
snaws,slate-prank-actin-snafu-agbas-snaws,6,False,True
snead,slate-preen-sneak-snead,4,False,True
sneak,slate-preen-sneak,3,True,True
sneap,slate-preen-sneap,3,False,True
snebs,slate-hired-aback-sebum-snebs,5,False,True
sneck,slate-hired-aback-speck-sneck,5,False,True
sneds,slate-hired-agony-sends-sneds,5,False,True
sneed,slate-hired-adopt-sewed-skeed-sneed,6,False,True
sneer,slate-hired-dweeb-sneer,4,True,True
snees,slate-hired-enemy-snees,4,False,True
snell,slate-whelp-smell-snell,4,True,True
snibs,slate-unhip-sniff-abaca-snibs,5,False,True
snick,slate-unhip-sniff-abaca-snick,5,False,True
snide,slate-prion-death-snide,4,True,True
snied,slate-hired-spied-skied-snied,5,False,True
snies,slate-hired-skies-spies-snies,5,False,True
sniff,slate-unhip-sniff,3,True,True
snift,slate-pinot-stint-snift,4,False,True
snigs,slate-unhip-sniff-abaca-snigs,5,False,True
snipe,slate-prion-spine-snipe,4,True,True
snips,slate-unhip-snips,3,False,True
snipy,slate-unhip-snips-snipy,4,False,True
snirt,slate-pinot-stint-snift-snirt,5,False,True
snits,slate-roomy-blush-spits-adawn-snits,6,False,True
snive,slate-prion-death-swine-snive,5,False,True
snobs,slate-unhip-abbas-snobs,4,True,True
snods,slate-unhip-abbas-snows-snods,5,False,True
snoek,slate-hired-enemy-snoek,4,False,True
snoep,slate-hired-enemy-snoek-snoep,5,False,True
snogs,slate-unhip-abbas-snows-snods-snogs,6,False,True
snoke,slate-prion-scone-snoke,4,False,True
snood,slate-unhip-abbas-snowy-snood,5,False,True
snook,slate-unhip-abbas-snowy-snood-snook,6,False,True
snool,slate-krill-scowl-spool-shool-snool,6,False,True
snoop,slate-unhip-snoop,3,True,True
snoot,slate-pinot-snoot,3,True,True
snore,slate-prion-snore,3,True,True
snort,slate-pinot-snort,3,True,True
snots,slate-roomy-ached-spots-adawn-snots,6,False,True
snout,slate-pinot-snort-snout,4,True,True
snowk,slate-unhip-abbas-snowy-snowk,5,False,True
snows,slate-unhip-abbas-snows,4,True,True
snowy,slate-unhip-abbas-snowy,4,True,True
snubs,slate-unhip-snuck-snuff-snubs,5,False,True
snuck,slate-unhip-snuck,3,True,True
snuff,slate-unhip-snuck-snuff,4,True,True
snugs,slate-unhip-snuck-snuff-snubs-snugs,6,False,True
snush,slate-unhip-snush,3,False,True
snyes,slate-hired-enemy-snyes,4,False,True
soaks,slate-prank-shaky-soaks,4,True,True
soaps,slate-prank-costs-soaps,4,True,True
soapy,slate-prank-costs-soapy,4,True,True
soare,slate-parch-snare-ablow-soare,5,False,True
soars,slate-prank-chewy-smarm-soars,5,True,True
soave,slate-parch-snake-suave-soave,5,False,True
sobas,slate-curvy-bipod-sambo-sobas,5,False,True
sober,slate-hired-dweeb-sober,4,True,True
socas,slate-curvy-schwa-sacks-socas,5,False,True
soces,slate-hired-enemy-cusks-soces,5,False,True
socia,slate-curvy-schwa-socia,4,False,True
socko,slate-unhip-brook-socko,4,False,True
socks,slate-unhip-brook-socks,4,True,True
socle,slate-abide-solve-blowy-socle,5,False,True
sodas,slate-curvy-bipod-sodas,4,True,True
soddy,slate-unhip-brook-soggy-soddy,5,False,True
sodic,slate-unhip-scrim-sodic,4,False,True
sodom,slate-unhip-brook-sodom,4,True,True
sofar,slate-curvy-sonar-sofar,4,False,True
sofas,slate-curvy-bipod-sofas,4,True,True
softa,slate-saith-sorta-softa,4,False,True
softs,slate-roomy-south-softs,4,False,True
softy,slate-roomy-softy,3,True,True
soger,slate-hired-dweeb-super-aking-soger,6,False,True
soggy,slate-unhip-brook-soggy,4,True,True
sohur,slate-unhip-sohur,3,False,True
soils,slate-krill-soils,3,True,True
soily,slate-krill-soils-soily,4,False,True
sojas,slate-curvy-bipod-sofas-sojas,5,False,True
sojus,slate-unhip-bards-sucks-abamp-sojus,6,False,True
sokah,slate-curvy-bipod-sofas-sokah,5,False,True
soken,slate-hired-enemy-soken,4,False,True
sokes,slate-hired-enemy-cusks-sokes,5,False,True
sokol,slate-krill-skool-sokol,4,False,True
solah,slate-radio-shoal-solah,4,False,True
solan,slate-radio-shoal-solan,4,False,True
solar,slate-radio-solar,3,True,True
solas,slate-radio-shoal-solan-solas,5,False,True
solde,slate-abide-solde,3,False,True
soldi,slate-krill-solid-soldi,4,False,True
soldo,slate-krill-solos-soldo,4,False,True
solds,slate-krill-solos-solds,4,False,True
soled,slate-whelp-soled,3,True,True
solei,slate-whelp-soled-soles-solei,5,False,True
soler,slate-whelp-soled-soles-solei-soler,6,False,True
soles,slate-whelp-soled-soles,4,True,True
solid,slate-krill-solid,3,True,True
solon,slate-krill-solos-solon,4,False,True
solos,slate-krill-solos,3,True,True
solum,slate-krill-solos-solum,4,False,True
solus,slate-krill-solos-solds-solus,5,False,True
solve,slate-abide-solve,3,True,True
soman,slate-curvy-bipod-sofas-sokah-soman,6,False,True
somas,slate-curvy-bipod-sofas-sojas-somas,6,False,True
sonar,slate-curvy-sonar,3,True,True
sonce,slate-prion-scone-sonce,4,False,True
sonde,slate-prion-scone-sonde,4,False,True
sones,slate-hired-enemy-soken-sones,5,False,True
songo,slate-unhip-coons-songo,4,False,True
songs,slate-unhip-coons-songs,4,True,True
songy,slate-unhip-coons-songy,4,False,True
sonic,slate-unhip-sonic,3,True,True
sonly,slate-krill-abode-souls-sonly,5,False,True
sonne,slate-prion-scone-sonne,4,False,True
sonny,slate-unhip-coons-sonny,4,True,True
sonse,slate-prion-scone-sonde-sonse,5,False,True
sonsy,slate-unhip-coons-songy-sonsy,5,False,True
sooey,slate-hired-enemy-skyey-sooey,5,False,True
sooks,slate-unhip-brook-abeys-sooks,5,False,True
sooky,slate-unhip-brook-abeys-sooky,5,False,True
soole,slate-abide-solve-blowy-soole,5,False,True
sools,slate-krill-abode-sools,4,False,True
sooms,slate-unhip-brook-sooms,4,False,True
soops,slate-unhip-afoot-soops,4,False,True
soote,slate-chomp-soote,3,False,True
sooth,slate-roomy-sooth,3,True,True
soots,slate-roomy-sooth-soots,4,False,True
sooty,slate-roomy-sooty,3,True,True
sophs,slate-unhip-shops-sophs,4,False,True
sophy,slate-unhip-shops-sophy,4,True,True
sopor,slate-unhip-afoot-sopor,4,False,True
soppy,slate-unhip-afoot-soppy,4,True,True
sopra,slate-curvy-sonar-sopra,4,False,True
soral,slate-radio-solar-soral,4,False,True
soras,slate-curvy-sarin-abord-soras,5,False,True
sorbi,slate-unhip-amiss-sicko-sorbi,5,False,True
sorbo,slate-unhip-brook-sorbo,4,False,True
sorbs,slate-unhip-brook-sorbs,4,False,True
sorda,slate-curvy-sarin-abord-sorda,5,False,True
sordo,slate-unhip-brook-sordo,4,False,True
sords,slate-unhip-brook-sorry-sords,5,False,True
sored,slate-hired-bebop-sored,4,False,True
soree,slate-prion-ached-soree,4,False,True
sorel,slate-whelp-soled-sorel,4,False,True
sorer,slate-hired-about-sores-sorer,5,False,True
sores,slate-hired-about-sores,4,True,True
sorex,slate-hired-about-sores-sorer-sorex,6,False,True
sorgo,slate-unhip-brook-sordo-sorgo,5,False,True
sorns,slate-unhip-coons-sorns,4,False,True
sorra,slate-curvy-sarin-abord-sorra,5,False,True
sorry,slate-unhip-brook-sorry,4,True,True
sorta,slate-saith-sorta,3,True,True
sorts,slate-roomy-sorts,3,True,True
sorus,slate-unhip-bards-sorus,4,False,True
soths,slate-pinot-amuck-story-soths,5,False,True
sotol,slate-atoll-sotol,3,False,True
sotto,slate-roomy-sotto,3,False,True
souce,slate-prion-shove-abuse-souce,5,False,True
souct,slate-pinot-birch-souct,4,False,True
sough,slate-unhip-crumb-shush-sough,5,False,True
souks,slate-unhip-bards-sucks-souks,5,False,True
souls,slate-krill-abode-souls,4,True,True
souly,slate-krill-abode-souls-souly,5,False,True
soums,slate-unhip-bards-sucks-abamp-soums,6,False,True
sound,slate-unhip-agony-sound,4,True,True
soups,slate-unhip-adios-soups,4,True,True
soupy,slate-unhip-adios-soupy,4,True,True
sours,slate-unhip-bards-abmho-sours,5,False,True
souse,slate-prion-shove-abuse-souse,5,False,True
south,slate-roomy-south,3,True,True
souts,slate-roomy-south-souts,4,False,True
sowar,slate-curvy-sonar-sofar-sowar,5,False,True
sowce,slate-prion-shove-abuse-sowce,5,False,True
sowed,slate-hired-adopt-sowed,4,True,True
sower,slate-hired-dweeb-sower,4,True,True
sowff,slate-unhip-brook-soggy-acmes-sowff,6,False,True
sowfs,slate-unhip-brook-soggy-acmes-sowfs,6,False,True
sowle,slate-abide-solve-blowy-sowle,5,False,True
sowls,slate-krill-abode-souls-sowls,5,False,True
sowms,slate-unhip-brook-soggy-acmes-sowms,6,False,True
sownd,slate-unhip-coons-sonny-sownd,5,False,True
sowne,slate-prion-scone-sonne-sowne,5,False,True
sowps,slate-unhip-afoot-soppy-sowps,5,False,True
sowse,slate-prion-shove-abuse-sowse,5,False,True
sowth,slate-roomy-south-sowth,4,False,True
soxes,slate-hired-enemy-cusks-soxes,5,False,True
soyas,slate-curvy-sayid-soyas,4,False,True
soyle,slate-abide-solve-blowy-soyle,5,False,True
soyuz,slate-unhip-bards-scuff-soyuz,5,False,True
sozin,slate-unhip-sonic-sozin,4,False,True
space,slate-parch-space,3,True,True
spack,slate-prank-spack,3,False,True
spacy,slate-prank-costs-scamp-spacy,5,False,True
spade,slate-parch-spade,3,True,True
spado,slate-prank-costs-spado,4,False,True
spads,slate-prank-costs-swaps-agamy-spads,6,False,True
spaed,slate-acres-spaed,3,False,True
spaer,slate-acres-spaer,3,False,True
spaes,slate-acres-spaes,3,False,True
spags,slate-prank-costs-swaps-agamy-spags,6,False,True
spahi,slate-prank-costs-swamp-aahed-spahi,6,False,True
spail,slate-hilly-snail-cawks-spail,5,False,True
spain,slate-prank-spawn-spain,4,False,True
spait,slate-print-spait,3,False,True
spake,slate-parch-spade-spake,4,True,True
spald,slate-hilly-adapt-spald,4,False,True
spale,slate-awash-scale-spale,4,False,True
spall,slate-hilly-small-scall-spall,5,False,True
spalt,slate-allot-shalt-smalt-spalt,5,False,True
spams,slate-prank-costs-swaps-agamy-spams,6,False,True
spane,slate-parch-spade-spake-spane,5,False,True
spang,slate-prank-spans-spang,4,False,True
spank,slate-prank-spank,3,True,True
spans,slate-prank-spans,3,True,True
spard,slate-prank-ached-spard,4,False,True
spare,slate-parch-spare,3,True,True
spark,slate-prank-spark,3,True,True
spars,slate-prank-ached-spars,4,True,True
spart,slate-print-spart,3,False,True
spasm,slate-prank-costs-spasm,4,True,True
spate,slate-kappa-spate,3,True,True
spats,slate-alpha-spats,3,True,True
spaul,slate-hilly-snarl-spaul,4,False,True
spawl,slate-hilly-snarl-spaul-spawl,5,False,True
spawn,slate-prank-spawn,3,True,True
spaws,slate-prank-costs-swaps-spaws,5,False,True
spayd,slate-prank-costs-swamp-aahed-spayd,6,False,True
spays,slate-prank-costs-swaps-agamy-spays,6,False,True
spaza,slate-prank-costs-swamp-aahed-spaza,6,False,True
spazz,slate-prank-costs-swamp-aahed-spazz,6,False,True
speak,slate-preen-speak,3,True,True
speal,slate-sales-aheap-speal,4,False,True
spean,slate-preen-spean,3,False,True
spear,slate-preen-spear,3,True,True
speat,slate-waked-steam-sceat-speat,5,False,True
speck,slate-hired-aback-speck,4,True,True
specs,slate-hired-aback-specs,4,True,True
spect,slate-print-swept-spect,4,False,True
speed,slate-hired-adopt-speed,4,True,True
speel,slate-whelp-speel,3,False,True
speer,slate-hired-dweeb-sneer-skeer-speer,6,False,True
speil,slate-whelp-speel-speil,4,False,True
speir,slate-hired-alews-speir,4,False,True
speks,slate-hired-aback-seeks-speks,5,False,True
speld,slate-whelp-spell-speld,4,False,True
spelk,slate-whelp-spell-speld-spelk,5,False,True
spell,slate-whelp-spell,3,True,True
spelt,slate-amped-spelt,3,True,True
spend,slate-hired-spend,3,True,True
spent,slate-print-spent,3,True,True
speos,slate-hired-aback-seems-adawn-speos,6,False,True
sperm,slate-hired-sperm,3,True,True
spesh,slate-hired-sheng-spesh,4,False,True
spets,slate-sects-bumph-spets,4,False,True
speug,slate-hired-aback-seems-speug,5,False,True
spews,slate-hired-aback-seems-adawn-spews,6,False,True
spewy,slate-hired-aback-seems-speug-spewy,6,False,True
spial,slate-radio-silva-spial,4,False,True
spica,slate-curvy-schwa-socia-spica,5,False,True
spice,slate-prion-aback-spice,4,True,True
spick,slate-unhip-backs-spick,4,False,True
spics,slate-unhip-backs-spics,4,False,True
spicy,slate-unhip-backs-spicy,4,True,True
spide,slate-prion-aback-swipe-spide,5,False,True
spied,slate-hired-spied,3,True,True
spiel,slate-whelp-spiel,3,True,True
spier,slate-hired-skier-spier,4,False,True
spies,slate-hired-skies-spies,4,True,True
spiff,slate-unhip-backs-spiff,4,True,True
spifs,slate-unhip-backs-bumfs-spifs,5,False,True
spike,slate-prion-aback-spike,4,True,True
spiks,slate-unhip-backs-spiks,4,False,True
spiky,slate-unhip-backs-spiky,4,True,True
spile,slate-abide-smile-spile,4,False,True
spill,slate-krill-chews-spill,4,True,True
spilt,slate-atoll-spilt,3,True,True
spims,slate-unhip-backs-bumfs-spims,5,False,True
spina,slate-curvy-bipod-sampi-spina,5,False,True
spine,slate-prion-spine,3,True,True
spink,slate-unhip-spiny-spins-spink,5,False,True
spins,slate-unhip-spiny-spins,4,True,True
spiny,slate-unhip-spiny,3,True,True
spire,slate-prion-spire,3,True,True
spirt,slate-pinot-spirt,3,False,True
spiry,slate-unhip-backs-spiff-spiry,5,False,True
spite,slate-chomp-spite,3,True,True
spits,slate-roomy-blush-spits,4,True,True
spitz,slate-roomy-blush-spits-spitz,5,False,True
spivs,slate-unhip-backs-bumfs-spivs,5,False,True
splat,slate-splat,2,True,True
splay,slate-radio-splay,3,True,True
split,slate-atoll-split,3,True,True
splog,slate-krill-solos-splog,4,False,True
spode,slate-prion-scope-spoke-spode,5,False,True
spods,slate-unhip-afoot-spork-spods,5,False,True
spoil,slate-krill-spoil,3,True,True
spoke,slate-prion-scope-spoke,4,True,True
spoof,slate-unhip-afoot-spoof,4,True,True
spook,slate-unhip-afoot-spook,4,True,True
spool,slate-krill-scowl-spool,4,True,True
spoom,slate-unhip-afoot-spook-spoom,5,False,True
spoon,slate-unhip-spoon,3,True,True
spoor,slate-unhip-afoot-spook-spoom-spoor,6,False,True
spoot,slate-pinot-spoot,3,False,True
spore,slate-prion-spore,3,True,True
spork,slate-unhip-afoot-spork,4,True,True
sport,slate-pinot-sport,3,True,True
sposa,slate-curvy-bipod-sposa,4,False,True
sposh,slate-unhip-shops-sposh,4,False,True
sposo,slate-unhip-afoot-soops-sposo,5,False,True
spots,slate-roomy-ached-spots,4,True,True
spout,slate-pinot-sport-spout,4,True,True
sprad,slate-curvy-sarin-abord-sprad,5,False,True
sprag,slate-curvy-sarin-abord-sprag,5,False,True
sprat,slate-pricy-strap-sprat,4,False,True
spray,slate-curvy-spray,3,True,True
spred,slate-hired-bebop-spred,4,False,True
spree,slate-prion-spree,3,True,True
sprew,slate-hired-about-screw-sprew,5,False,True
sprig,slate-unhip-sprig,3,True,True
sprit,slate-pinot-spirt-sprit,4,False,True
sprod,slate-unhip-afoot-sprod,4,False,True
sprog,slate-unhip-afoot-sprod-sprog,5,False,True
sprue,slate-prion-spree-sprue,4,False,True
sprug,slate-unhip-adios-sprug,4,False,True
spuds,slate-unhip-adios-spuds,4,True,True
spued,slate-hired-adopt-speed-spued,5,False,True
spuer,slate-hired-dweeb-super-spuer,5,False,True
spues,slate-hired-enemy-cusks-spues,5,False,True
spugs,slate-unhip-adios-spurs-spugs,5,False,True
spule,slate-abide-solve-shule-spule,5,False,True
spume,slate-prion-spume,3,True,True
spumy,slate-unhip-adios-sprug-spumy,5,False,True
spunk,slate-unhip-spunk,3,True,True
spurn,slate-unhip-spunk-spurn,4,True,True
spurs,slate-unhip-adios-spurs,4,True,True
spurt,slate-pinot-spurt,3,True,True
sputa,slate-saith-sorta-actas-sputa,5,False,True
spyal,slate-radio-splay-spyal,4,False,True
spyre,slate-prion-spree-spyre,4,False,True
squab,slate-curvy-aback-squab,4,True,True
squad,slate-curvy-aback-squad,4,True,True
squat,slate-pricy-squat,3,True,True
squaw,slate-curvy-aback-squad-squaw,5,False,True
squee,slate-prion-auger-squee,4,False,True
squeg,slate-hired-enemy-cusks-squeg,5,False,True
squib,slate-unhip-squid-squib,4,True,True
squid,slate-unhip-squid,3,True,True
squit,slate-pinot-abhor-swift-squit,5,False,True
squiz,slate-unhip-squid-squib-squiz,5,False,True
srsly,slate-krill-srsly,3,False,True
stabs,slate-print-cysts-stabs,4,True,True
stack,slate-print-cysts-stack,4,True,True
stade,slate-giver-stake-stade,4,False,True
staff,slate-print-cysts-staff,4,True,True
stage,slate-giver-stage,3,True,True
stags,slate-print-cysts-stabs-stags,5,False,True
stagy,slate-print-cysts-stagy,4,True,True
staid,slate-print-staid,3,True,True
staig,slate-print-staid-staig,4,False,True
stain,slate-print-stain,3,True,True
stair,slate-print-stair,3,True,True
stake,slate-giver-stake,3,True,True
stale,slate-stale,2,True,True
stalk,slate-allot-stalk,3,True,True
stall,slate-allot-stall,3,True,True
stamp,slate-print-stamp,3,True,True
stand,slate-print-stand,3,True,True
stane,slate-giver-stake-stade-stane,5,False,True
stang,slate-print-stand-stank-stang,5,False,True
stank,slate-print-stand-stank,4,True,True
stans,slate-print-stand-stank-stang-stans,6,False,True
staph,slate-print-stamp-staph,4,True,True
staps,slate-print-stamp-staph-staps,5,False,True
stare,slate-giver-stare,3,True,True
stark,slate-print-arras-stark,4,True,True
starn,slate-print-starn,3,False,True
starr,slate-print-arras-starr,4,True,True
stars,slate-print-arras-stars,4,True,True
start,slate-print-smart-start,4,True,True
stary,slate-print-arras-stark-stary,5,False,True
stash,slate-print-cysts-stash,4,True,True
state,slate-kappa-state,3,True,True
stats,slate-alpha-stats,3,True,True
statu,slate-alpha-stats-statu,4,False,True
staun,slate-print-staun,3,False,True
stave,slate-giver-stave,3,True,True
staws,slate-print-cysts-stabs-stags-staws,6,False,True
stays,slate-print-cysts-stays,4,True,True
stead,slate-waked-stead,3,True,True
steak,slate-waked-steak,3,True,True
steal,slate-steal,2,True,True
steam,slate-waked-steam,3,True,True
stean,slate-waked-steam-stean,4,False,True
stear,slate-waked-steam-stean-stear,5,False,True
stedd,slate-print-steed-stedd,4,False,True
stede,slate-brink-stove-acedy-stede,5,False,True
steds,slate-print-steed-steds,4,False,True
steed,slate-print-steed,3,True,True
steek,slate-print-steed-aimak-steek,5,False,True
steel,slate-amped-steel,3,True,True
steem,slate-print-steed-aimak-steem,5,False,True
steen,slate-print-seton-steen,4,False,True
steep,slate-print-aches-steep,4,True,True
steer,slate-print-steer,3,True,True
steez,slate-print-steed-aimak-steez,5,False,True
steik,slate-print-sited-steik,4,False,True
steil,slate-amped-aboil-steil,4,False,True
stein,slate-print-stein,3,True,True
stela,slate-steal-stela,3,False,True
stele,slate-noisy-stele,3,True,True
stell,slate-amped-aboil-stell,4,False,True
steme,slate-brink-stove-acedy-steme,5,False,True
stems,slate-print-steed-stems,4,True,True
stend,slate-print-steno-stend,4,False,True
steno,slate-print-steno,3,True,True
stens,slate-print-steno-stend-stens,5,False,True
stent,slate-print-scent-stent,4,True,True
steps,slate-print-aches-steps,4,True,True
stept,slate-print-swept-stept,4,False,True
stere,slate-brink-store-abeys-stere,5,False,True
stern,slate-print-stern,3,True,True
stets,slate-sects-bumph-skets-stets,5,False,True
stews,slate-print-steed-stems-stews,5,False,True
stewy,slate-print-steed-stems-stewy,5,False,True
steys,slate-print-steed-stems-stews-steys,6,False,True
stich,slate-pinot-aches-stich,4,False,True
stick,slate-pinot-aches-stick,4,True,True
stied,slate-print-stied,3,False,True
sties,slate-print-stied-sties,4,False,True
stiff,slate-pinot-aches-stiff,4,True,True
stilb,slate-atoll-stilt-stilb,4,False,True
stile,slate-noisy-stile,3,True,True
still,slate-atoll-still,3,True,True
stilt,slate-atoll-stilt,3,True,True
stime,slate-brink-abamp-stime,4,False,True
stims,slate-pinot-aches-stirs-stims,5,False,True
stimy,slate-pinot-aches-stiff-abram-stimy,6,False,True
sting,slate-pinot-sting,3,True,True
stink,slate-pinot-sting-stink,4,True,True
stint,slate-pinot-stint,3,True,True
stipa,slate-pricy-stipa,3,False,True
stipe,slate-brink-abamp-stipe,4,False,True
stire,slate-brink-stire,3,False,True
stirk,slate-pinot-aches-stiff-abram-stirk,6,False,True
stirp,slate-pinot-strip-stirp,4,False,True
stirs,slate-pinot-aches-stirs,4,True,True
stive,slate-brink-abamp-stive,4,False,True
stivy,slate-pinot-aches-stiff-abram-stivy,6,False,True
stoae,slate-abeer-stoae,3,False,True
stoai,slate-pricy-satin-stoai,4,False,True
stoas,slate-pricy-squat-stoas,4,False,True
stoat,slate-pricy-squat-shoat-stoat,5,False,True
stobs,slate-pinot-amuck-story-bagsy-stobs,6,False,True
stock,slate-pinot-amuck-stock,4,True,True
stoep,slate-print-aches-steep-stoep,5,False,True
stogs,slate-pinot-amuck-story-bagsy-stogs,6,False,True
stogy,slate-pinot-amuck-story-stogy,5,False,True
stoic,slate-pinot-stoic,3,True,True
stoit,slate-pinot-stoit,3,False,True
stoke,slate-brink-stoke,3,True,True
stole,slate-noisy-stole,3,True,True
stoln,slate-atoll-stoln,3,False,True
stoma,slate-pricy-squat-stoma,4,True,True
stomp,slate-pinot-stomp,3,True,True
stond,slate-pinot-stony-deign-stond,5,False,True
stone,slate-brink-stone,3,True,True
stong,slate-pinot-stony-deign-stong,5,False,True
stonk,slate-pinot-stony-deign-stonk,5,False,True
stonn,slate-pinot-stony-deign-stonn,5,False,True
stony,slate-pinot-stony,3,True,True
stood,slate-pinot-stood,3,True,True
stook,slate-pinot-stood-stook,4,False,True
stool,slate-atoll-stool,3,True,True
stoop,slate-pinot-stoop,3,True,True
stoor,slate-pinot-stood-stook-stoor,5,False,True
stope,slate-brink-stove-stope,4,False,True
stops,slate-pinot-stomp-stops,4,True,True
stopt,slate-pinot-sport-stopt,4,False,True
store,slate-brink-store,3,True,True
stork,slate-pinot-amuck-stork,4,True,True
storm,slate-pinot-amuck-storm,4,True,True
story,slate-pinot-amuck-story,4,True,True
stoss,slate-pinot-amuck-story-bagsy-stoss,6,False,True
stots,slate-roomy-ached-spots-adawn-stots,6,False,True
stott,slate-roomy-ached-spots-stott,5,False,True
stoun,slate-pinot-stony-stoun,4,False,True
stoup,slate-pinot-stomp-stoup,4,False,True
stour,slate-pinot-amuck-stour,4,False,True
stout,slate-pinot-birch-stout,4,True,True
stove,slate-brink-stove,3,True,True
stown,slate-pinot-stony-stoun-stown,5,False,True
stowp,slate-pinot-stomp-stoup-stowp,5,False,True
stows,slate-pinot-amuck-story-bagsy-stows,6,False,True
strad,slate-pricy-abort-straw-adage-strad,6,False,True
strae,slate-abeer-strae,3,False,True
strag,slate-pricy-abort-straw-adage-strag,6,False,True
strak,slate-pricy-abort-straw-adage-strak,6,False,True
strap,slate-pricy-strap,3,True,True
straw,slate-pricy-abort-straw,4,True,True
stray,slate-pricy-stray,3,True,True
strep,slate-print-strep,3,True,True
strew,slate-print-steer-strew,4,True,True
stria,slate-pricy-sitar-stria,4,False,True
strig,slate-pinot-aches-stiff-strig,5,False,True
strim,slate-pinot-aches-stiff-strig-strim,6,False,True
strip,slate-pinot-strip,3,True,True
strop,slate-pinot-stoop-strop,4,False,True
strow,slate-pinot-stood-strow,4,False,True
stroy,slate-pinot-stood-strow-stroy,5,False,True
strum,slate-pinot-cards-strum,4,True,True
strut,slate-pinot-strut,3,True,True
stubs,slate-pinot-cards-stubs,4,True,True
stuck,slate-pinot-cards-stuck,4,True,True
stucs,slate-pinot-cards-stucs,4,False,True
stude,slate-brink-stove-acedy-stude,5,False,True
studs,slate-pinot-cards-studs,4,True,True
study,slate-pinot-cards-study,4,True,True
stuff,slate-pinot-cards-stuff,4,True,True
stull,slate-atoll-still-stull,4,False,True
stulm,slate-atoll-stilt-stulm,4,False,True
stumm,slate-pinot-cards-stuff-stumm,5,False,True
stump,slate-pinot-stump,3,True,True
stums,slate-pinot-cards-stubs-stums,5,False,True
stung,slate-pinot-stung,3,True,True
stunk,slate-pinot-stung-stunk,4,True,True
stuns,slate-pinot-stung-stunk-stuns,5,False,True
stunt,slate-pinot-stunt,3,True,True
stupa,slate-pricy-stupa,3,False,True
stupe,slate-brink-stove-acedy-stupe,5,False,True
sture,slate-brink-store-abeys-sture,5,False,True
sturt,slate-pinot-strut-sturt,4,False,True
stush,slate-pinot-cards-stuff-stumm-stush,6,False,True
styed,slate-print-steed-styed,4,False,True
styes,slate-print-steed-styes,4,False,True
style,slate-noisy-style,3,True,True
styli,slate-atoll-stilt-styli,4,False,True
stylo,slate-atoll-stylo,3,False,True
styme,slate-brink-stove-acedy-styme,5,False,True
stymy,slate-pinot-cards-stuff-stymy,5,False,True
styre,slate-brink-store-abeys-styre,5,False,True
styte,slate-chomp-suite-ackee-styte,5,False,True
suave,slate-parch-snake-suave,4,True,True
subah,slate-curvy-sudan-aches-subah,5,False,True
subak,slate-curvy-sudan-aches-subak,5,False,True
subas,slate-curvy-sudan-aches-subas,5,False,True
subby,slate-unhip-bards-subby,4,False,True
suber,slate-hired-dweeb-sober-suber,5,False,True
subha,slate-curvy-sudan-subha,4,False,True
succi,slate-unhip-abaca-succi,4,False,True
sucks,slate-unhip-bards-sucks,4,True,True
sucky,slate-unhip-bards-scuff-sucky,5,False,True
sucre,slate-prion-agree-sucre,4,True,True
sudan,slate-curvy-sudan,3,True,True
sudds,slate-unhip-bards-scuds-sudds,5,False,True
sudor,slate-unhip-bards-sudor,4,False,True
sudsy,slate-unhip-bards-sudsy,4,True,True
suede,slate-prion-auger-suede,4,True,True
suent,slate-print-scent-stent-shent-suent,6,False,True
suers,slate-hired-sperm-seers-skers-suers,6,False,True
suete,slate-chomp-suite-suete,4,False,True
suets,slate-sects-bumph-suets,4,False,True
suety,slate-sects-sieth-suety,4,False,True
sugan,slate-curvy-sudan-sugan,4,False,True
sugar,slate-curvy-sugar,3,True,True
sughs,slate-unhip-crumb-aglus-sughs,5,False,True
sugos,slate-unhip-bards-sucks-abmho-sugos,6,False,True
suhur,slate-unhip-sohur-suhur,4,False,True
suids,slate-unhip-abaca-suids,4,False,True
suing,slate-unhip-sinus-suing,4,True,True
suint,slate-pinot-stint-skint-suint,5,False,True
suite,slate-chomp-suite,3,True,True
suits,slate-roomy-blush-suits,4,True,True
sujee,slate-prion-auger-sujee,4,False,True
sukhs,slate-unhip-crumb-aglus-sukhs,5,False,True
sukis,slate-unhip-squid-sukis,4,False,True
sukuk,slate-unhip-bards-scuff-soyuz-sukuk,6,False,True
sulci,slate-krill-solid-sulci,4,False,True
sulfa,slate-radio-splay-sulfa,4,False,True
sulfo,slate-krill-solos-sulfo,4,False,True
sulks,slate-krill-sulky-sulks,4,False,True
sulky,slate-krill-sulky,3,True,True
sulls,slate-krill-sully-sulls,4,False,True
sully,slate-krill-sully,3,True,True
sulph,slate-krill-solos-abaya-sulph,5,False,True
sulus,slate-krill-solos-sulus,4,False,True
sumac,slate-curvy-sumac,3,True,True
sumis,slate-unhip-squid-sukis-sumis,5,False,True
summa,slate-curvy-sudan-subha-summa,5,False,True
sumos,slate-unhip-bards-sucks-abmho-sumos,6,False,True
sumph,slate-unhip-sumph,3,False,True
sumps,slate-unhip-adios-spurs-sumps,5,False,True
sunis,slate-unhip-sunis,3,False,True
sunks,slate-unhip-agony-sunks,4,False,True
sunna,slate-curvy-sudan-sunna,4,False,True
sunns,slate-unhip-agony-skunk-sunns,5,False,True
sunny,slate-unhip-agony-sunny,4,True,True
sunts,slate-roomy-blush-suits-sunts,5,False,True
sunup,slate-unhip-sunup,3,True,True
suona,slate-curvy-sudan-sunna-suona,5,False,True
suped,slate-hired-adopt-speed-suped,5,False,True
super,slate-hired-dweeb-super,4,True,True
supes,slate-hired-enemy-cusks-supes,5,False,True
supra,slate-curvy-sugar-supra,4,False,True
surah,slate-curvy-aapas-surah,4,False,True
sural,slate-radio-sural,3,False,True
suras,slate-curvy-aapas-suras,4,False,True
surat,slate-pricy-abort-surat,4,True,True
surds,slate-unhip-bards-surds,4,False,True
sured,slate-hired-bebop-sured,4,False,True
surer,slate-hired-about-surer,4,True,True
sures,slate-hired-about-surer-sures,5,False,True
surfs,slate-unhip-bards-sorus-surfs,5,False,True
surfy,slate-unhip-bards-scrum-surfy,5,False,True
surge,slate-prion-agree-surge,4,True,True
surgy,slate-unhip-bards-scrum-surfy-surgy,6,False,True
surly,slate-krill-surly,3,True,True
surra,slate-curvy-aapas-surra,4,False,True
sused,slate-hired-adopt-sewed-abuna-sused,6,False,True
suses,slate-hired-enemy-cusks-suses,5,False,True
sushi,slate-unhip-sushi,3,True,True
susus,slate-unhip-bards-sucks-abmho-susus,6,False,True
sutor,slate-pinot-stood-sutor,4,False,True
sutra,slate-pricy-abort-sutra,4,True,True
sutta,slate-saith-sorta-actas-sutta,5,False,True
swabs,slate-prank-swabs,3,True,True
swack,slate-prank-shack-smack-swack,5,False,True
swads,slate-prank-swabs-sways-swads,5,False,True
swage,slate-parch-snake-suave-deism-swage,6,False,True
swags,slate-prank-swabs-sways-swads-swags,6,False,True
swail,slate-hilly-snail-cawks-swail,5,False,True
swain,slate-prank-actin-swain,4,True,True
swale,slate-awash-swale,3,True,True
swaly,slate-hilly-scaly-swaly,4,False,True
swami,slate-prank-swabs-swami,4,True,True
swamp,slate-prank-costs-swamp,4,True,True
swamy,slate-prank-swabs-swami-swamy,5,False,True
swang,slate-prank-aches-swang,4,True,True
swank,slate-prank-shank-swank,4,True,True
swans,slate-prank-aches-swans,4,True,True
swaps,slate-prank-costs-swaps,4,True,True
swapt,slate-print-swapt,3,False,True
sward,slate-prank-chewy-swarm-sward,5,False,True
sware,slate-parch-snare-ablow-sware,5,False,True
swarf,slate-prank-chewy-swarm-sward-swarf,6,False,True
swarm,slate-prank-chewy-swarm,4,True,True
swart,slate-print-smart-start-cahow-swart,6,False,True
swash,slate-prank-swabs-swash,4,True,True
swath,slate-alpha-swath,3,True,True
swats,slate-alpha-stats-aback-swats,5,False,True
swayl,slate-hilly-swayl,3,False,True
sways,slate-prank-swabs-sways,4,True,True
sweal,slate-sales-aheap-sweal,4,False,True
swear,slate-preen-awash-swear,4,True,True
sweat,slate-waked-sweat,3,True,True
swede,slate-prion-auger-swede,4,True,True
sweed,slate-hired-adopt-sewed-sweed,5,False,True
sweel,slate-whelp-sweel,3,False,True
sweep,slate-hired-enemy-sweep,4,True,True
sweer,slate-hired-dweeb-sweer,4,False,True
swees,slate-hired-enemy-sweep-swees,5,False,True
sweet,slate-print-askew-sweet,4,True,True
sweir,slate-hired-alews-sweir,4,False,True
swell,slate-whelp-swell,3,True,True
swelt,slate-amped-aboil-swelt,4,False,True
swept,slate-print-swept,3,True,True
swerf,slate-hired-sperm-seers-swerf,5,False,True
sweys,slate-hired-aback-seems-adawn-sweys,6,False,True
swies,slate-hired-skies-spies-snies-swies,6,False,True
swift,slate-pinot-abhor-swift,4,True,True
swigs,slate-unhip-amiss-skids-swigs,5,False,True
swile,slate-abide-smile-spile-swile,5,False,True
swill,slate-krill-chews-swill,4,True,True
swims,slate-unhip-amiss-swims,4,True,True
swine,slate-prion-death-swine,4,True,True
swing,slate-unhip-align-swing,4,True,True
swink,slate-unhip-align-skins-swink,5,False,True
swipe,slate-prion-aback-swipe,4,True,True
swire,slate-prion-shire-scire-swire,5,False,True
swirl,slate-krill-swirl,3,True,True
swish,slate-unhip-chick-swish,4,True,True
swiss,slate-unhip-amiss-swiss,4,False,True
swith,slate-roomy-blush-sixth-swith,5,False,True
swits,slate-roomy-blush-spits-adawn-swits,6,False,True
swive,slate-prion-seize-ankhs-swive,5,False,True
swizz,slate-unhip-amiss-skiff-swizz,5,False,True
swobs,slate-unhip-brook-swobs,4,False,True
swole,slate-abide-solve-swole,4,False,True
swoll,slate-krill-scull-swoll,4,False,True
swoln,slate-krill-abode-sools-swoln,5,False,True
swoon,slate-unhip-coons-swoon,4,True,True
swoop,slate-unhip-scoop-swoop,4,True,True
swops,slate-unhip-afoot-spork-scops-swops,6,False,True
swopt,slate-pinot-sport-stopt-swopt,5,False,True
sword,slate-unhip-brook-sword,4,True,True
swore,slate-prion-ached-swore,4,True,True
sworn,slate-unhip-coons-sworn,4,True,True
swots,slate-roomy-ached-spots-adawn-swots,6,False,True
swoun,slate-unhip-agony-swoun,4,False,True
swung,slate-unhip-agony-swung,4,True,True
sybbe,slate-prion-auger-swede-sybbe,5,False,True
sybil,slate-krill-spoil-sigil-sybil,5,False,True
syboe,slate-prion-shmoe-syboe,4,False,True
sybow,slate-unhip-brook-sybow,4,False,True
sycee,slate-prion-auger-semee-sycee,5,False,True
syces,slate-hired-enemy-sykes-syces,5,False,True
sycon,slate-unhip-coons-sycon,4,False,True
syeds,slate-hired-agony-syeds,4,False,True
syens,slate-hired-aback-seems-adawn-syens,6,False,True
syker,slate-hired-dweeb-super-aking-syker,6,False,True
sykes,slate-hired-enemy-sykes,4,True,True
sylis,slate-krill-solid-sclim-sylis,5,False,True
sylph,slate-krill-solos-abaya-sylph,5,False,True
sylva,slate-radio-splay-sylva,4,False,True
symar,slate-curvy-symar,3,False,True
synch,slate-unhip-abhor-synch,4,True,True
syncs,slate-unhip-coons-syncs,4,False,True
synds,slate-unhip-coons-synds,4,False,True
syned,slate-hired-adopt-sewed-abuna-syned,6,False,True
synes,slate-hired-enemy-synes,4,False,True
synod,slate-unhip-coons-synod,4,True,True
synth,slate-roomy-synth,3,True,True
syped,slate-hired-adopt-speed-suped-syped,6,False,True
sypes,slate-hired-enemy-sykes-syces-sypes,6,False,True
syphs,slate-unhip-shops-syphs,4,False,True
syrah,slate-curvy-syrah,3,False,True
syren,slate-hired-about-screw-abeer-syren,6,False,True
syrup,slate-unhip-syrup,3,True,True
sysop,slate-unhip-scoop-sysop,4,False,True
sythe,slate-brink-stove-sythe,4,False,True
syver,slate-hired-dweeb-super-aking-syver,6,False,True
taals,slate-aapas-taals,3,False,True
taata,slate-aback-grata-taata,4,False,True
tabac,slate-tarot-fancy-tabac,4,False,True
tabby,slate-tarot-fancy-tabby,4,True,True
taber,slate-treed-kempt-tater-oxbow-taber,6,False,True
tabes,slate-dater-epoxy-takes-basic-tabes,6,False,True
tabid,slate-tarot-fancy-ghazi-tabid,5,False,True
tabis,slate-antsy-aback-abius-tabis,5,False,True
tabla,slate-taint-talky-aband-tabla,5,False,True
table,slate-biked-table,3,True,True
tabls,slate-adieu-talks-tabls,4,False,True
taboo,slate-tarot-taboo,3,True,True
tabor,slate-tarot-tabor,3,True,True
tabos,slate-antsy-aback-abius-tabos,5,False,True
tabun,slate-tarot-fancy-takin-tabun,5,False,True
tabus,slate-antsy-aback-abius-tabus,5,False,True
tacan,slate-tarot-fancy-tacan,4,False,True
taces,slate-dater-epoxy-takes-basic-taces,6,False,True
tacet,slate-treed-taken-tacet,4,False,True
tache,slate-about-vitae-aargh-tache,5,False,True
tachi,slate-tarot-fancy-tabac-tachi,5,False,True
tacho,slate-tarot-tango-tacho,4,False,True
tachs,slate-antsy-aback-tacos-tachs,5,False,True
tacit,slate-tarot-abide-tacit,4,True,True
tacks,slate-antsy-aback-tacks,4,True,True
tacky,slate-tarot-fancy-tacky,4,True,True
tacos,slate-antsy-aback-tacos,4,True,True
tacts,slate-nymph-farce-casts-tacts,5,False,True
tadah,slate-tarot-fancy-ghazi-tadah,5,False,True
taels,slate-tales-taels,3,False,True
taffy,slate-tarot-fancy-taffy,4,True,True
tafia,slate-tarot-fancy-tafia,4,False,True
taggy,slate-tarot-fancy-tabby-tammy-taggy,6,False,True
tagma,slate-tarot-fancy-ghazi-tagma,5,False,True
tagua,slate-tarot-fancy-ghazi-tagma-tagua,6,False,True
tahas,slate-antsy-aback-morph-tahas,5,False,True
tahrs,slate-antsy-aback-taxis-aspro-tahrs,6,False,True
taiga,slate-tarot-fancy-ghazi-taiga,5,False,True
taigs,slate-antsy-aback-taxis-taigs,5,False,True
taiko,slate-tarot-tango-tacho-taiko,5,False,True
tails,slate-adieu-tails,3,True,True
tains,slate-antsy-tanks-tains,4,False,True
taint,slate-tarot-abide-taint,4,True,True
taira,slate-tarot-tapir-taira,4,False,True
taish,slate-antsy-waist-taish,4,False,True
taits,slate-nymph-farce-abide-waits-gaits-taits,7,False,False
tajes,slate-dater-epoxy-takes-basic-tajes,6,False,True
takas,slate-antsy-aback-takas,4,False,True
taken,slate-treed-taken,3,True,True
taker,slate-treed-kempt-taker,4,True,True
takes,slate-dater-epoxy-takes,4,True,True
takhi,slate-tarot-fancy-ghazi-takhi,5,False,True
takht,slate-tarot-abide-taunt-takht,5,False,True
takin,slate-tarot-fancy-takin,4,True,True
takis,slate-antsy-aback-tasks-takis,5,False,True
takky,slate-tarot-fancy-tabby-tammy-taggy-takky,7,False,False
talak,slate-taint-talky-talak,4,False,True
talaq,slate-taint-talky-abram-talaq,5,False,True
talar,slate-taint-talky-abram-talar,5,False,True
talas,slate-adieu-talks-abaca-talas,5,False,True
talcs,slate-adieu-talks-abaca-talcs,5,False,True
talcy,slate-taint-talky-tally-talcy,5,False,True
talea,slate-paler-valet-talea,4,False,True
taler,slate-paler-taler,3,False,True
tales,slate-tales,2,True,True
talik,slate-taint-talik,3,False,True
talks,slate-adieu-talks,3,True,True
talky,slate-taint-talky,3,True,True
talls,slate-adieu-talks-abaca-talls,5,False,True
tally,slate-taint-talky-tally,4,True,True
talma,slate-taint-talky-abram-talma,5,False,True
talon,slate-taint-talon,3,True,True
talpa,slate-taint-talky-abram-talpa,5,False,True
taluk,slate-taint-talky-talak-taluk,5,False,True
talus,slate-adieu-talus,3,True,True
tamal,slate-taint-talky-aband-tamal,5,False,True
tamas,slate-antsy-aback-morph-tamas,5,False,True
tamed,slate-treed-amped-tamed,4,True,True
tamer,slate-treed-kempt-tamer,4,True,True
tames,slate-dater-epoxy-takes-basic-tajes-tames,7,False,False
tamin,slate-tarot-fancy-takin-tamin,5,False,True
tamis,slate-antsy-aback-taxis-tamis,5,False,True
tammy,slate-tarot-fancy-tabby-tammy,5,True,True
tamps,slate-antsy-aback-taxis-aspro-tamps,6,False,True
tanas,slate-antsy-tanks-aahed-tanas,5,False,True
tanga,slate-tarot-fancy-tania-tanna-tanga,6,False,True
tangi,slate-tarot-fancy-tania-tangi,5,False,True
tango,slate-tarot-tango,3,True,True
tangs,slate-antsy-tanks-aahed-tangs,5,False,True
tangy,slate-tarot-fancy-tangy,4,True,True
tanhs,slate-antsy-tanks-aahed-tanhs,5,False,True
tania,slate-tarot-fancy-tania,4,True,True
tanka,slate-tarot-fancy-tania-tanna-tanga-tanka,7,False,False
tanks,slate-antsy-tanks,3,True,True
tanky,slate-tarot-fancy-tangy-tanky,5,False,True
tanna,slate-tarot-fancy-tania-tanna,5,True,True
tansu,slate-antsy-canst-tansu,4,False,True
tansy,slate-antsy-tansy,3,False,True
tante,slate-actor-haute-nizam-tante,5,False,True
tanti,slate-carny-manta-natto-tanti,5,False,True
tanto,slate-carny-manta-natto-tanto,5,False,True
tanty,slate-carny-natty-tanty,4,False,True
tapas,slate-antsy-aback-morph-tapas,5,False,True
taped,slate-treed-amped-taped,4,True,True
tapen,slate-treed-taken-tapen,4,False,True
taper,slate-treed-kempt-taper,4,True,True
tapes,slate-dater-epoxy-tapes,4,True,True
tapet,slate-treed-taken-tacet-tapet,5,False,True
tapir,slate-tarot-tapir,3,True,True
tapis,slate-antsy-aback-taxis-tamis-tapis,6,False,True
tappa,slate-tarot-fancy-ghazi-tappa,5,False,True
tapus,slate-antsy-aback-taxis-aspro-tapus,6,False,True
taras,slate-antsy-aback-morph-taras,5,False,True
tardo,slate-tarot-tardo,3,False,True
tards,slate-antsy-aback-taxis-aspro-tards,6,False,True
tardy,slate-tarot-tardy,3,True,True
tared,slate-treed-tared,3,False,True
tares,slate-dater-tares,3,False,True
targa,slate-tarot-tardy-targa,4,False,True
targe,slate-about-vitae-aargh-targe,5,False,True
tarka,slate-tarot-tardy-targa-tarka,5,False,True
tarns,slate-antsy-tanks-tains-tarns,5,False,True
taroc,slate-tarot-taroc,3,False,True
tarok,slate-tarot-taroc-tarok,4,False,True
taros,slate-antsy-aback-taxis-aspro-taros,6,False,True
tarot,slate-tarot,2,True,True
tarps,slate-antsy-aback-taxis-aspro-tarps,6,False,True
tarre,slate-about-vitae-aargh-tarre,5,False,True
tarry,slate-tarot-tardy-tarry,4,True,True
tarse,slate-adraw-tarse,3,False,True
tarsi,slate-antsy-waist-tarsi,4,False,True
tarte,slate-actor-parte-tarte,4,False,True
tarts,slate-nymph-farce-award-tarts,5,True,True
tarty,slate-carny-party-warty-tarty,5,False,True
tarzy,slate-tarot-tardy-tarry-tarzy,5,False,True
tasar,slate-antsy-aback-morph-tasar,5,False,True
tasca,slate-antsy-aback-tasca,4,False,True
tased,slate-dater-tased,3,True,True
taser,slate-dater-taser,3,True,True
tases,slate-dater-epoxy-takes-basic-tases,6,False,True
tasks,slate-antsy-aback-tasks,4,True,True
tassa,slate-antsy-waist-tassa,4,False,True
tasse,slate-adraw-tasse,3,False,True
tasso,slate-antsy-waist-tassa-tasso,5,False,True
taste,slate-epoch-batty-taste,4,True,True
tasto,slate-nymph-farce-abide-watts-tasto,6,False,True
tasty,slate-nymph-tasty,3,True,True
tatar,slate-tarot-tatar,3,False,True
tater,slate-treed-kempt-tater,4,True,True
tates,slate-dater-batch-amigo-fates-nappy-tates,7,False,False
taths,slate-antsy-bebop-maths-aargh-taths,6,False,True
tatie,slate-about-vitae-tatie,4,False,True
tatou,slate-tarot-tatou,3,False,True
tatts,slate-nymph-farce-abide-watts-tatts,6,False,True
tatty,slate-carny-flaps-batty-tatty,5,True,True
tatus,slate-antsy-bebop-maths-quirk-tatus,6,False,True
taube,slate-about-taube,3,False,True
tauld,slate-taint-talky-aband-tauld,5,False,True
taunt,slate-tarot-abide-taunt,4,True,True
tauon,slate-tarot-taboo-tauon,4,False,True
taupe,slate-about-taupe,3,True,True
tauts,slate-nymph-farce-abide-watts-tauts,6,False,True
tauty,slate-carny-flaps-batty-tauty,5,False,True
tavah,slate-tarot-fancy-ghazi-tadah-tavah,6,False,True
tavas,slate-antsy-aback-morph-tavas,5,False,True
taver,slate-treed-kempt-tater-oxbow-taver,6,False,True
tawaf,slate-tarot-fancy-tafia-tawaf,5,False,True
tawai,slate-tarot-fancy-ghazi-tawai,5,False,True
tawas,slate-antsy-aback-morph-tavas-tawas,6,False,True
tawed,slate-treed-amped-taxed-tawed,5,False,True
tawer,slate-treed-kempt-tater-oxbow-tawer,6,False,True
tawie,slate-about-vitae-tawie,4,False,True
tawny,slate-tarot-fancy-tawny,4,True,True
tawse,slate-adraw-tawse,3,False,True
tawts,slate-nymph-farce-abide-watts-tawts,6,False,True
taxed,slate-treed-amped-taxed,4,True,True
taxer,slate-treed-kempt-tater-oxbow-taxer,6,False,True
taxes,slate-dater-epoxy-taxes,4,True,True
taxis,slate-antsy-aback-taxis,4,True,True
taxol,slate-taint-talky-aband-taxol,5,False,True
taxon,slate-tarot-taboo-tauon-taxon,5,False,True
taxor,slate-tarot-tabor-taxor,4,False,True
taxus,slate-antsy-aback-taxis-taxus,5,False,True
tayra,slate-tarot-tapir-tayra,4,False,True
tazza,slate-tarot-fancy-ghazi-tazza,5,False,True
tazze,slate-about-vitae-aargh-tazze,5,False,True
teach,slate-bench-teach,3,True,True
teade,slate-ached-trade-teade,4,False,True
teads,slate-tabby-teams-tears-teads,5,False,True
teaed,slate-bench-teary-teaed,4,False,True
teaks,slate-tabby-teams-tears-teads-teaks,6,False,True
teals,slate-least-teals,3,False,True
teams,slate-tabby-teams,3,True,True
tears,slate-tabby-teams-tears,4,True,True
teary,slate-bench-teary,3,True,True
tease,slate-tease,2,True,True
teats,slate-thumb-teats,3,True,True
teaze,slate-ached-grope-teaze,4,False,True
techs,slate-hurst-ethos-techs,4,True,True
techy,slate-titer-acton-techy,4,True,True
tecta,slate-earth-amnic-tecta,4,False,True
tecum,slate-titer-acton-techy-tecum,5,False,True
teddy,slate-titer-acton-teddy,4,True,True
teels,slate-aioli-tells-teels,4,False,True
teems,slate-hurst-timon-teems,4,False,True
teend,slate-titer-acton-teeny-teend,5,False,True
teene,slate-chirp-etude-akene-teene,5,False,True
teens,slate-hurst-timon-teens,4,True,True
teeny,slate-titer-acton-teeny,4,True,True
teers,slate-hurst-aider-awmry-estro-teers,6,False,True
teeth,slate-pinch-abbot-teeth,4,True,True
teets,slate-trips-annex-tests-teets,5,False,True
teffs,slate-hurst-timon-types-teffs,5,False,True
teggs,slate-hurst-timon-types-teffs-teggs,6,False,True
tegua,slate-treed-tegua,3,False,True
tegus,slate-hurst-fetus-tegus,4,False,True
tehee,slate-chirp-ewked-tehee,4,False,True
tehrs,slate-hurst-tehrs,3,False,True
teiid,slate-titer-tepid-teiid,4,False,True
teils,slate-aioli-teils,3,False,True
teind,slate-titer-tepid-teind,4,False,True
teins,slate-hurst-timon-teins,4,False,True
tekke,slate-chirp-etude-akene-tekke,5,False,True
telae,slate-biked-lathe-telae,4,False,True
telco,slate-enter-abled-telly-aalii-telco,6,False,True
teles,slate-aioli-actus-teles,4,False,True
telex,slate-enter-ajwan-telex,4,False,True
telia,slate-paler-eclat-telia,4,False,True
telic,slate-enter-abled-telly-aalii-telic,6,False,True
tells,slate-aioli-tells,3,True,True
telly,slate-enter-abled-telly,4,True,True
teloi,slate-enter-abled-telly-aalii-teloi,6,False,True
telos,slate-aioli-telos,3,True,True
temed,slate-titer-wonky-tubed-temed,5,False,True
temes,slate-hurst-timon-temps-temes,5,False,True
tempi,slate-titer-tepid-tempi,4,False,True
tempo,slate-titer-acton-tempo,4,True,True
temps,slate-hurst-timon-temps,4,True,True
tempt,slate-titer-tempt,3,True,True
temse,slate-abhor-tense-temse,4,False,True
tench,slate-titer-acton-tench,4,False,True
tends,slate-hurst-timon-teens-tends,5,True,True
tendu,slate-titer-acton-teeny-tendu,5,False,True
tenes,slate-hurst-timon-teens-tenes,5,False,True
tenet,slate-titer-tenet,3,True,True
tenge,slate-chirp-etude-akene-tenge,5,False,True
tenia,slate-treed-tegua-tenia,4,False,True
tenne,slate-chirp-etude-akene-tenne,5,False,True
tenno,slate-titer-acton-tenno,4,False,True
tenny,slate-titer-acton-teeny-tenny,5,False,True
tenon,slate-titer-acton-tenon,4,False,True
tenor,slate-titer-tenor,3,True,True
tense,slate-abhor-tense,3,True,True
tenth,slate-pinch-tenth,3,True,True
tents,slate-trips-annex-tents,4,True,True
tenty,slate-pinch-bento-genty-tenty,5,False,True
tenue,slate-chirp-etude-tenue,4,False,True
tepal,slate-paler-tepal,3,False,True
tepas,slate-dater-axons-tepas,4,False,True
tepee,slate-chirp-tepee,3,True,True
tepid,slate-titer-tepid,3,True,True
tepoy,slate-titer-acton-tepoy,4,False,True
terai,slate-treed-terra-terai,4,False,True
teras,slate-dater-resat-teras,4,False,True
terce,slate-chirp-truce-terce,4,False,True
terek,slate-titer-threw-terek,4,False,True
teres,slate-hurst-abbey-tires-teres,5,False,True
terfe,slate-chirp-trove-abuna-terfe,5,False,True
terfs,slate-hurst-abbey-terms-terfs,5,False,True
terga,slate-treed-terra-terga,4,False,True
terms,slate-hurst-abbey-terms,4,True,True
terne,slate-chirp-trove-abuna-terne,5,False,True
terns,slate-hurst-abbey-terms-terfs-terns,6,False,True
terra,slate-treed-terra,3,True,True
terre,slate-chirp-acton-terre,4,True,True
terry,slate-titer-adept-terry,4,True,True
terse,slate-abhor-terse,3,True,True
terts,slate-trips-terts,3,False,True
terza,slate-treed-terra-terga-terza,5,False,True
tesla,slate-tales-tesla,3,True,True
testa,slate-chefs-attap-testa,4,False,True
teste,slate-piste-begum-teste,4,False,True
tests,slate-trips-annex-tests,4,True,True
testy,slate-trips-testy,3,True,True
tetes,slate-hurst-timon-types-tetes,5,False,True
teths,slate-hurst-ethos-techs-teths,5,False,True
tetra,slate-treed-terra-tetra,4,True,True
tetri,slate-titer-tetri,3,False,True
teuch,slate-titer-acton-techy-teuch,5,False,True
teugh,slate-titer-acton-teddy-teugh,5,False,True
tewed,slate-titer-wonky-tweed-tewed,5,False,True
tewel,slate-enter-ajwan-tewel,4,False,True
tewit,slate-titer-tewit,3,False,True
texas,slate-dater-axons-texas,4,False,True
texes,slate-hurst-timon-types-tetes-texes,6,False,True
texta,slate-earth-amnic-abaft-texta,5,False,True
texts,slate-trips-annex-texts,4,True,True
thack,slate-grunt-toady-thack,4,False,True
thagi,slate-grunt-thagi,3,False,True
thaim,slate-grunt-toady-thack-thaim,5,False,True
thale,slate-thale,2,False,True
thali,slate-trail-thali,3,False,True
thana,slate-grunt-thank-thana,4,False,True
thane,slate-ached-thane,3,True,True
thang,slate-grunt-twang-thang,4,False,True
thank,slate-grunt-thank,3,True,True
thans,slate-bronc-abius-thans,4,False,True
thanx,slate-grunt-thank-thana-thanx,5,False,True
tharm,slate-grunt-tiara-tharm,4,False,True
thars,slate-bronc-chizz-thars,4,False,True
thaws,slate-bronc-avast-aahed-thaws,5,False,True
thawt,slate-grunt-adapt-abaca-thawt,5,False,True
thawy,slate-grunt-toady-thawy,4,False,True
thebe,slate-chirp-theme-thebe,4,False,True
theca,slate-treed-tweak-theca,4,False,True
theed,slate-titer-wonky-tubed-temed-theed,6,False,True
theek,slate-titer-wonky-theek,4,False,True
thees,slate-hurst-ethos-techs-abnet-thees,6,False,True
theft,slate-titer-tempt-theft,4,True,True
thegn,slate-titer-acton-thegn,4,False,True
theic,slate-titer-tepid-theic,4,False,True
thein,slate-titer-tepid-theic-thein,5,False,True
their,slate-titer-their,3,True,True
thelf,slate-enter-abled-legit-thelf,5,False,True
thema,slate-treed-tweak-theca-thema,5,False,True
theme,slate-chirp-theme,3,True,True
thens,slate-hurst-ethos-techs-abnet-thens,6,False,True
theor,slate-titer-tenor-theor,4,False,True
theow,slate-titer-acton-tepoy-theow,5,False,True
there,slate-chirp-there,3,True,True
therm,slate-titer-adept-twerk-therm,5,False,True
these,slate-abhor-these,3,True,True
thesp,slate-hurst-thesp,3,False,True
theta,slate-earth-theta,3,True,True
thete,slate-turbo-thete,3,False,True
thews,slate-hurst-ethos-techs-abnet-thews,6,False,True
thewy,slate-titer-acton-teddy-thewy,5,False,True
thick,slate-rhino-thick,3,True,True
thief,slate-titer-thief,3,True,True
thigh,slate-rhino-thick-thigh,4,True,True
thigs,slate-trout-chang-thigs,4,False,True
thilk,slate-grout-twill-thilk,4,False,True
thill,slate-grout-twill-thill,4,False,True
thine,slate-chirp-thine,3,True,True
thing,slate-rhino-thing,3,True,True
think,slate-rhino-thing-think,4,True,True
thins,slate-trout-chang-thins,4,True,True
thiol,slate-grout-hotly-thiol,4,False,True
third,slate-rhino-third,3,True,True
thirl,slate-grout-twirl-thirl,4,False,True
thoft,slate-rhino-aflow-thoft,4,False,True
thole,slate-tight-thole,3,False,True
tholi,slate-grout-tholi,3,False,True
thong,slate-rhino-thong,3,True,True
thorn,slate-rhino-thorn,3,True,True
thoro,slate-rhino-thoro,3,False,True
thorp,slate-rhino-throb-thorp,4,False,True
those,slate-abhor-those,3,True,True
thots,slate-grimy-bronc-chafe-phots-thots,6,False,True
thous,slate-trout-thous,3,False,True
thowl,slate-grout-tholi-thowl,4,False,True
thrae,slate-about-vitae-thrae,4,False,True
thraw,slate-tarot-thraw,3,False,True
three,slate-chirp-three,3,True,True
threw,slate-titer-threw,3,True,True
thrid,slate-rhino-thrid,3,False,True
thrip,slate-rhino-thrid-thrip,4,False,True
throb,slate-rhino-throb,3,True,True
throe,slate-chirp-three-throe,4,False,True
throw,slate-rhino-throb-throw,4,True,True
thrum,slate-rhino-thrum,3,True,True
thuds,slate-trout-aback-thugs-thuds,5,False,True
thugs,slate-trout-aback-thugs,4,True,True
thuja,slate-tarot-tibia-thuja,4,False,True
thumb,slate-rhino-thumb,3,True,True
thump,slate-rhino-thumb-thump,4,True,True
thunk,slate-rhino-thunk,3,False,True
thurl,slate-grout-thurl,3,False,True
thuya,slate-tarot-tibia-thuja-thuya,5,False,True
thyme,slate-chirp-theme-thyme,4,True,True
thymi,slate-rhino-thymi,3,False,True
thymy,slate-rhino-thumb-thymy,4,False,True
tians,slate-bronc-abius-tians,4,False,True
tiara,slate-grunt-tiara,3,True,True
tiare,slate-ached-grope-tiare,4,False,True
tiars,slate-bronc-chizz-tiars,4,False,True
tibia,slate-tarot-tibia,3,True,True
tical,slate-taint-tidal-tical,4,False,True
ticca,slate-tarot-tibia-ticca,4,False,True
ticed,slate-titer-tided-timed-ticed,5,False,True
tices,slate-hurst-timon-tides-gecko-tices,6,False,True
tichy,slate-rhino-witty-tichy,4,False,True
ticks,slate-trout-chang-ticks,4,True,True
ticky,slate-rhino-sized-tippy-ticky,5,False,True
tidal,slate-taint-tidal,3,True,True
tiddy,slate-rhino-sized-digit-tiddy,5,False,True
tided,slate-titer-tided,3,True,True
tides,slate-hurst-timon-tides,4,True,True
tiefs,slate-hurst-timon-tides-tiefs,5,False,True
tiers,slate-hurst-aider-tiers,4,True,True
tiffs,slate-trout-chang-tipsy-tiffs,5,False,True
tifos,slate-trout-aglow-typos-chedi-tifos,6,False,True
tifts,slate-grimy-nymph-fists-tifts,5,False,True
tiger,slate-titer-tiger,3,True,True
tiges,slate-hurst-timon-tides-gecko-tiges,6,False,True
tight,slate-rhino-witty-tight,4,True,True
tigon,slate-rhino-innit-timon-tigon,5,False,True
tikas,slate-antsy-aback-tasks-tikas,5,False,True
tikes,slate-hurst-timon-tides-gecko-tikes,6,False,True
tikia,slate-tarot-tibia-tikia,4,False,True
tikis,slate-trout-chang-tipsy-tiffs-tikis,6,False,True
tikka,slate-tarot-tibia-ticca-tikka,5,False,True
tilak,slate-taint-tidal-tilak,4,False,True
tilde,slate-tight-tilde,3,True,True
tiled,slate-enter-abbot-tiled,4,True,True
tiler,slate-enter-tyler-tiler,4,False,True
tiles,slate-aioli-tiles,3,True,True
tills,slate-bills-tills,3,False,True
tilly,slate-grout-twill-tilly,4,True,True
tilth,slate-achoo-filth-tilth,4,False,True
tilts,slate-bolus-hilts-tilts,4,True,True
timbo,slate-rhino-timbo,3,False,True
timed,slate-titer-tided-timed,4,True,True
timer,slate-titer-tiger-timer,4,True,True
times,slate-hurst-timon-times,4,True,True
timid,slate-rhino-sized-timid,4,True,True
timon,slate-rhino-innit-timon,4,True,True
timps,slate-trout-chang-tipsy-timps,5,False,True
tinas,slate-antsy-tanks-tinas,4,False,True
tinct,slate-rhino-bonus-innit-cinct-tinct,6,False,True
tinds,slate-trout-chang-tinds,4,False,True
tinea,slate-treed-taken-tinea,4,False,True
tined,slate-titer-tided-timed-ticed-tined,6,False,True
tines,slate-hurst-timon-tines,4,False,True
tinge,slate-chirp-tinge,3,True,True
tings,slate-trout-chang-tings,4,False,True
tinks,slate-trout-chang-tinds-tinks,5,False,True
tinny,slate-rhino-tinny,3,True,True
tinto,slate-irony-pinto-tinto,4,False,True
tints,slate-grimy-nymph-tints,4,True,True
tinty,slate-irony-afire-minty-tinty,5,False,True
tipis,slate-trout-chang-tipsy-tipis,5,False,True
tippy,slate-rhino-sized-tippy,4,True,True
tipsy,slate-trout-chang-tipsy,4,True,True
tipup,slate-rhino-sized-tippy-tipup,5,False,True
tired,slate-titer-tired,3,True,True
tires,slate-hurst-abbey-tires,4,True,True
tirls,slate-bills-tirls,3,False,True
tiros,slate-trout-torso-tiros,4,False,True
tirrs,slate-trout-tirrs,3,False,True
tirth,slate-irony-befog-mirth-tirth,5,False,True
titan,slate-tarot-titan,3,True,True
titar,slate-tarot-titar,3,False,True
titas,slate-antsy-bebop-maths-avoid-titas,6,False,True
titch,slate-rhino-witty-titch,4,False,True
titer,slate-titer,2,True,True
tithe,slate-chirp-tithe,3,True,True
tithi,slate-rhino-witty-titch-tithi,5,False,True
titin,slate-rhino-bonus-actin-titin,5,False,True
titir,slate-rhino-fruit-titir,4,False,True
titis,slate-trout-titis,3,False,True
title,slate-tight-title,3,True,True
titre,slate-chirp-mitre-nitre-titre,5,False,True
titty,slate-irony-dwarf-aback-titty,5,True,True
titup,slate-rhino-sized-tippy-titup,5,False,True
tiyin,slate-rhino-bonus-actin-tiyin,5,False,True
tiyns,slate-trout-chang-twins-tiyns,5,False,True
tizes,slate-hurst-timon-tides-gecko-tizes,6,False,True
tizzy,slate-rhino-sized-tizzy,4,True,True
toads,slate-bronc-toast-toads,4,True,True
toady,slate-grunt-toady,3,True,True
toast,slate-bronc-toast,3,True,True
toaze,slate-ached-grope-toaze,4,False,True
tocks,slate-trout-aglow-tombs-chain-tocks,6,False,True
tocky,slate-rhino-abide-tommy-awful-tocky,6,False,True
tocos,slate-trout-aglow-typos-chedi-tocos,6,False,True
today,slate-tarot-adage-today,4,True,True
todde,slate-chirp-etude-todde,4,False,True
toddy,slate-rhino-abide-toddy,4,True,True
todea,slate-treed-todea,3,False,True
todos,slate-trout-aglow-typos-chedi-todos,6,False,True
toeas,slate-dater-axons-toeas,4,False,True
toffs,slate-trout-aglow-tombs-chain-toffs,6,False,True
toffy,slate-rhino-abide-tommy-awful-toffy,6,False,True
tofts,slate-grimy-bronc-hosts-cupid-tofts,6,False,True
tofus,slate-trout-tofus,3,False,True
togae,slate-about-potae-togae,4,False,True
togas,slate-antsy-aback-taxis-aggro-togas,6,False,True
toged,slate-titer-wonky-agape-toged,5,False,True
toges,slate-hurst-timon-gasps-toges,5,False,True
togue,slate-chirp-etude-augur-togue,5,False,True
tohos,slate-trout-aglow-typos-chedi-tohos,6,False,True
toidy,slate-rhino-idiot-toidy,4,False,True
toile,slate-tight-toile,3,False,True
toils,slate-bills-toils,3,True,True
toing,slate-rhino-joint-toing,4,False,True
toise,slate-abhor-abius-toise,4,False,True
toits,slate-grimy-ankle-quits-cotta-toits,6,False,True
toity,slate-irony-moity-toity,4,False,True
tokay,slate-tarot-adage-topaz-abrim-tokay,6,False,True
toked,slate-titer-wonky-toked,4,False,True
token,slate-titer-wonky-token,4,True,True
toker,slate-titer-argon-tower-akoya-toker,6,False,True
tokes,slate-hurst-timon-gasps-azuki-tokes,6,False,True
tokos,slate-trout-aglow-typos-chedi-tokos,6,False,True
tolan,slate-taint-tonal-tolan,4,False,True
tolar,slate-taint-tubal-tolar,4,False,True
tolas,slate-adieu-talks-tolas,4,False,True
toled,slate-enter-abbot-towel-toled,5,False,True
toles,slate-aioli-telos-toles,4,False,True
tolls,slate-bills-tolls,3,True,True
tolly,slate-grout-hotly-tolly,4,False,True
tolts,slate-bolus-cajun-volts-thump-tolts,6,False,True
tolus,slate-bills-tolus,3,False,True
tolyl,slate-grout-hotly-tolyl,4,False,True
toman,slate-tarot-adage-topaz-abrim-toman,6,False,True
tombo,slate-rhino-outdo-tombo,4,False,True
tombs,slate-trout-aglow-tombs,4,True,True
tomen,slate-titer-wonky-tomen,4,False,True
tomes,slate-hurst-timon-tomes,4,False,True
tomia,slate-tarot-adage-topaz-tomia,5,False,True
tomin,slate-rhino-innit-toxin-tomin,5,False,True
tomme,slate-chirp-etude-adawn-tomme,5,False,True
tommy,slate-rhino-abide-tommy,4,True,True
tomos,slate-trout-aglow-typos-chedi-tokos-tomos,7,False,False
tomoz,slate-rhino-abide-tommy-tomoz,5,False,True
tonal,slate-taint-tonal,3,True,True
tondi,slate-rhino-innit-tondi,4,False,True
tondo,slate-rhino-tondo,3,False,True
toned,slate-titer-wonky-toned,4,True,True
toner,slate-titer-argon-toner,4,True,True
tones,slate-hurst-timon-tones,4,True,True
toney,slate-titer-wonky-toney,4,True,True
tonga,slate-tarot-adage-tonga,4,True,True
tongs,slate-trout-aglow-tongs,4,True,True
tonic,slate-rhino-innit-tonic,4,True,True
tonka,slate-tarot-adage-topaz-tomia-tonka,6,False,True
tonks,slate-trout-aglow-tombs-chain-tonks,6,False,True
tonne,slate-chirp-etude-adawn-tonne,5,False,True
tonus,slate-trout-tofus-tonus,4,False,True
tools,slate-bills-tools,3,True,True
tooms,slate-trout-toons-tooms,4,False,True
toons,slate-trout-toons,3,True,True
tooth,slate-irony-bloop-tooth,4,True,True
toots,slate-grimy-bronc-chafe-toots,5,True,True
topaz,slate-tarot-adage-topaz,4,True,True
toped,slate-titer-wonky-agape-toped,5,False,True
topee,slate-chirp-tepee-topee,4,False,True
topek,slate-titer-wonky-toked-topek,5,False,True
toper,slate-titer-argon-tower-akoya-toper,6,False,True
topes,slate-hurst-timon-gasps-topes,5,False,True
tophe,slate-chirp-tophe,3,False,True
tophi,slate-rhino-tophi,3,False,True
tophs,slate-trout-aglow-tombs-chain-tophs,6,False,True
topic,slate-rhino-oomph-topic,4,True,True
topis,slate-trout-aglow-tombs-chain-topis,6,False,True
topoi,slate-rhino-oomph-topoi,4,False,True
topos,slate-trout-aglow-typos-topos,5,False,True
toppy,slate-rhino-abide-tommy-awful-tocky-toppy,7,False,False
toque,slate-chirp-etude-augur-toque,5,False,True
torah,slate-tarot-torah,3,True,True
toran,slate-tarot-torah-toran,4,False,True
toras,slate-antsy-aback-taxis-aggro-toras,6,False,True
torch,slate-rhino-torch,3,True,True
torcs,slate-trout-torso-torcs,4,False,True
tores,slate-hurst-abbey-tires-teres-tores,6,False,True
toric,slate-rhino-orbit-toric,4,False,True
torii,slate-rhino-orbit-toric-torii,5,False,True
toros,slate-trout-torso-toros,4,False,True
torot,slate-rhino-tromp-tutor-torot,5,False,True
torrs,slate-trout-torso-torcs-torrs,5,False,True
torse,slate-abhor-torse,3,False,True
torsi,slate-trout-torso-torsi,4,False,True
torsk,slate-trout-torso-torsi-torsk,5,False,True
torso,slate-trout-torso,3,True,True
torta,slate-carny-aorta-torta,4,True,True
torte,slate-turbo-torte,3,True,True
torts,slate-grimy-adopt-forts-ablow-jerry-torts,7,False,False
torus,slate-trout-torus,3,True,True
tosas,slate-antsy-aback-taxis-aggro-tosas,6,False,True
tosed,slate-hurst-timon-gasps-tosed,5,False,True
toses,slate-hurst-timon-gasps-toses,5,False,True
toshy,slate-trout-aglow-tombs-toshy,5,False,True
tossy,slate-trout-aglow-tombs-toshy-tossy,6,False,True
tosyl,slate-bills-tosyl,3,False,True
total,slate-taint-total,3,True,True
toted,slate-titer-totem-toted,4,True,True
totem,slate-titer-totem,3,True,True
toter,slate-titer-toter,3,False,True
totes,slate-hurst-timon-gasps-azuki-totes,6,False,True
totty,slate-irony-acted-potty-thumb-totty,6,False,True
touch,slate-rhino-acute-touch,4,True,True
tough,slate-rhino-acute-tough,4,True,True
touks,slate-trout-abask-touks,4,False,True
touns,slate-trout-abask-touns,4,False,True
tours,slate-trout-tours,3,True,True
touse,slate-abhor-abius-touse,4,False,True
tousy,slate-trout-abask-tousy,4,False,True
touts,slate-grimy-bronc-hosts-cupid-touts,6,False,True
touze,slate-chirp-etude-touze,4,False,True
touzy,slate-rhino-abide-tommy-awful-touzy,6,False,True
towai,slate-tarot-adage-topaz-abrim-towai,6,False,True
towed,slate-titer-wonky-towed,4,True,True
towel,slate-enter-abbot-towel,4,True,True
tower,slate-titer-argon-tower,4,True,True
towie,slate-chirp-tinge-towie,4,False,True
towno,slate-rhino-towno,3,False,True
towns,slate-trout-aglow-towns,4,True,True
towny,slate-rhino-amuck-poynt-towny,5,False,True
towse,slate-abhor-abius-towse,4,False,True
towsy,slate-trout-aglow-towns-towsy,5,False,True
towts,slate-grimy-bronc-hosts-cupid-tofts-towts,7,False,False
towze,slate-chirp-etude-adawn-towze,5,False,True
towzy,slate-rhino-abide-tommy-awful-towzy,6,False,True
toxic,slate-rhino-oomph-toxic,4,True,True
toxin,slate-rhino-innit-toxin,4,True,True
toyed,slate-titer-wonky-toyed,4,True,True
toyer,slate-titer-argon-tower-akoya-toyer,6,False,True
toyon,slate-rhino-donut-moton-toyon,5,False,True
toyos,slate-trout-aglow-typos-toyos,5,False,True
tozed,slate-titer-wonky-agape-tozed,5,False,True
tozes,slate-hurst-timon-gasps-azuki-tozes,6,False,True
tozie,slate-chirp-tinge-towie-tozie,5,False,True
trabs,slate-bronc-trabs,3,False,True
trace,slate-ached-trace,3,True,True
track,slate-grunt-track,3,True,True
tract,slate-grunt-brick-tract,4,True,True
trade,slate-ached-trade,3,True,True
trads,slate-bronc-abyss-traps-adage-trads,6,False,True
trady,slate-grunt-track-tramp-trady,5,False,True
traga,slate-grunt-traga,3,False,True
tragi,slate-grunt-traga-tragi,4,False,True
trags,slate-bronc-abyss-traps-adage-trags,6,False,True
tragu,slate-grunt-tragu,3,False,True
traik,slate-grunt-track-traik,4,False,True
trail,slate-trail,2,True,True
train,slate-grunt-train,3,True,True
trait,slate-grunt-brick-trait,4,True,True
tramp,slate-grunt-track-tramp,4,True,True
trams,slate-bronc-abyss-traps-adage-trams,6,False,True
trank,slate-grunt-trank,3,False,True
tranq,slate-grunt-trank-tranq,4,False,True
trans,slate-bronc-trans,3,True,True
trant,slate-grunt-brant-abode-trant,5,False,True
trape,slate-ached-grope-trape,4,False,True
trapo,slate-grunt-track-tramp-trapo,5,False,True
traps,slate-bronc-abyss-traps,4,True,True
trapt,slate-grunt-brick-draft-alway-trapt,6,False,True
trash,slate-bronc-abyss-trash,4,True,True
trass,slate-bronc-abyss-trass,4,False,True
trats,slate-combe-whats-ridgy-aflap-trats,6,False,True
tratt,slate-aback-wrath-adapt-tratt,5,False,True
trave,slate-ached-grope-trave,4,False,True
trawl,slate-trail-trawl,3,True,True
trayf,slate-grunt-track-tramp-trady-trayf,6,False,True
trays,slate-bronc-abyss-trays,4,True,True
tread,slate-treed-tread,3,True,True
treat,slate-treed-treat,3,True,True
treck,slate-titer-adept-twerk-treck,5,False,True
treed,slate-titer-threw-treed,4,True,True
treen,slate-titer-threw-treed-treen,5,False,True
trees,slate-hurst-aider-trees,4,True,True
trefa,slate-treed-treat-trefa,4,False,True
treif,slate-titer-treif,3,False,True
treks,slate-hurst-aider-awmry-treks,5,False,True
trema,slate-treed-treat-trefa-trema,5,False,True
trems,slate-hurst-aider-awmry-trems,5,False,True
trend,slate-titer-adept-trend,4,True,True
tress,slate-hurst-tress,3,True,True
trest,slate-hurst-crest-wrest-adapt-trest,6,False,True
trets,slate-trips-trets,3,False,True
trews,slate-hurst-aider-awmry-trews,5,False,True
treyf,slate-titer-adept-twerk-treyf,5,False,True
treys,slate-hurst-aider-awmry-treys,5,False,True
triac,slate-tarot-triad-triac,4,False,True
triad,slate-tarot-triad,3,True,True
trial,slate-taint-trial,3,True,True
tribe,slate-chirp-ankle-tribe,4,True,True
trice,slate-chirp-trice,3,True,True
trick,slate-rhino-ached-trick,4,True,True
tride,slate-chirp-ankle-tribe-tride,5,False,True
tried,slate-titer-tried,3,True,True
trier,slate-titer-trier,3,True,True
tries,slate-hurst-aider-tries,4,True,True
trifa,slate-tarot-triad-trifa,4,False,True
triff,slate-rhino-ached-grift-triff,5,False,True
trigo,slate-rhino-trigo,3,False,True
trigs,slate-trout-trims-trips-trigs,5,False,True
trike,slate-chirp-ankle-trike,4,True,True
trild,slate-grout-trill-trild,4,False,True
trill,slate-grout-trill,3,True,True
trims,slate-trout-trims,3,True,True
trine,slate-chirp-ankle-trine,4,True,True
trins,slate-trout-trims-trips-trigs-trins,6,False,True
triol,slate-grout-triol,3,False,True
trior,slate-rhino-griot-trior,4,False,True
trios,slate-trout-trios,3,True,True
tripe,slate-chirp-tripe,3,True,True
trips,slate-trout-trims-trips,4,True,True
tripy,slate-rhino-ached-grift-tripy,5,False,True
trist,slate-trout-tryst-trist,4,False,True
trite,slate-turbo-trite,3,True,True
troad,slate-tarot-abaka-troad,4,False,True
troak,slate-tarot-abaka-troak,4,False,True
troat,slate-tarot-troat,3,False,True
trock,slate-rhino-tromp-trout-trock,5,False,True
trode,slate-chirp-trove-aband-trode,5,False,True
trods,slate-trout-trois-dingy-trods,5,False,True
trogs,slate-trout-trois-dingy-trogs,5,False,True
trois,slate-trout-trois,3,True,True
troke,slate-chirp-trove-aband-troke,5,False,True
troll,slate-grout-troll,3,True,True
tromp,slate-rhino-tromp,3,True,True
trona,slate-tarot-abaka-trona,4,False,True
tronc,slate-rhino-front-tronc,4,False,True
trone,slate-chirp-trove-aband-trone,5,False,True
tronk,slate-rhino-front-tronc-tronk,5,False,True
trons,slate-trout-trois-dingy-trons,5,False,True
troop,slate-rhino-tromp-troop,4,True,True
trooz,slate-rhino-tromp-trout-trock-trooz,6,False,True
trope,slate-chirp-trope,3,True,True
tropo,slate-rhino-turbo-tropo,4,False,True
troth,slate-irony-batty-troth,4,True,True
trots,slate-grimy-trots,3,True,True
trout,slate-rhino-tromp-trout,4,True,True
trove,slate-chirp-trove,3,True,True
trows,slate-trout-trois-dingy-trows,5,False,True
troys,slate-trout-trois-dingy-troys,5,False,True
truce,slate-chirp-truce,3,True,True
truck,slate-rhino-aback-truck,4,True,True
trued,slate-titer-threw-treed-trued,5,False,True
truer,slate-titer-argon-truer,4,True,True
trues,slate-hurst-trues,3,False,True
trugo,slate-rhino-turbo-trugo,4,False,True
trugs,slate-trout-truss-trugs,4,False,True
trull,slate-grout-truly-trull,4,False,True
truly,slate-grout-truly,3,True,True
trump,slate-rhino-aback-trump,4,True,True
trunk,slate-rhino-argot-trunk,4,True,True
truss,slate-trout-truss,3,True,True
trust,slate-trout-trust,3,True,True
truth,slate-irony-truth,3,True,True
tryer,slate-titer-argon-truer-tryer,5,False,True
tryke,slate-chirp-trove-tryke,4,False,True
tryma,slate-tarot-triad-tryma,4,False,True
tryps,slate-trout-trims-tryps,4,False,True
tryst,slate-trout-tryst,3,True,True
tsade,slate-tease-tsade,3,False,True
tsadi,slate-bronc-avast-aahed-tsadi,5,False,True
tsars,slate-bronc-chizz-tsars,4,False,True
tsked,slate-hurst-timon-types-tsked,5,False,True
tsuba,slate-antsy-aback-abius-tsuba,5,False,True
tsubo,slate-trout-abask-tsubo,4,False,True
tuans,slate-bronc-abius-tuans,4,False,True
tuart,slate-grunt-quart-tuart,4,False,True
tuath,slate-aback-wrath-tuath,4,False,True
tubae,slate-about-taube-tubae,4,False,True
tubal,slate-taint-tubal,3,True,True
tubar,slate-tarot-triad-tubar,4,False,True
tubas,slate-antsy-aback-abius-tubas,5,False,True
tubby,slate-rhino-aback-tubby,4,True,True
tubed,slate-titer-wonky-tubed,4,True,True
tuber,slate-titer-argon-tuber,4,True,True
tubes,slate-hurst-actin-tubes,4,True,True
tucks,slate-trout-aback-tucks,4,True,True
tufas,slate-antsy-aback-taxis-aggro-tufas,6,False,True
tuffe,slate-chirp-etude-augur-tuffe,5,False,True
tuffs,slate-trout-aback-thugs-adapt-tuffs,6,False,True
tufts,slate-grimy-bronc-tufts,4,True,True
tufty,slate-irony-optic-tufty,4,True,True
tugra,slate-tarot-triad-tugra,4,False,True
tuile,slate-tight-toile-tuile,4,False,True
tuina,slate-tarot-tibia-tuina,4,False,True
tuism,slate-trout-aback-thugs-tuism,5,False,True
tuktu,slate-irony-aduki-tuktu,4,False,True
tules,slate-aioli-actus-tules,4,False,True
tulip,slate-grout-tulip,3,True,True
tulle,slate-tight-tulle,3,True,True
tulpa,slate-taint-tubal-tulpa,4,False,True
tulps,slate-bills-tolus-tulps,4,False,True
tulsi,slate-bills-tulsi,3,False,True
tumid,slate-rhino-sized-putid-tumid,5,False,True
tummy,slate-rhino-aback-tummy,4,True,True
tumor,slate-rhino-tromp-tumor,4,True,True
tumps,slate-trout-aback-thugs-adapt-tumps,6,False,True
tumpy,slate-rhino-aback-tummy-tumpy,5,False,True
tunas,slate-antsy-tanks-tinas-tunas,5,False,True
tunds,slate-trout-aback-thugs-adapt-tunds,6,False,True
tuned,slate-titer-wonky-tuned,4,True,True
tuner,slate-titer-argon-tuner,4,True,True
tunes,slate-hurst-actin-tunes,4,True,True
tungs,slate-trout-aback-thugs-tungs,5,False,True
tunic,slate-rhino-bonus-tunic,4,True,True
tunny,slate-rhino-tunny,3,False,True
tupek,slate-titer-wonky-theek-tupek,5,False,True
tupik,slate-rhino-sized-cubit-tupik,5,False,True
tuple,slate-tight-tulle-tuple,4,False,True
tuque,slate-chirp-etude-augur-tuque,5,False,True
turbo,slate-rhino-turbo,3,True,True
turds,slate-trout-admin-turds,4,True,True
turfs,slate-trout-admin-turks-afara-turfs,6,False,True
turfy,slate-rhino-aback-trump-turfy,5,False,True
turks,slate-trout-admin-turks,4,True,True
turme,slate-chirp-trove-abuna-turme,5,False,True
turms,slate-trout-admin-turms,4,False,True
turns,slate-trout-admin-turns,4,True,True
turnt,slate-rhino-argot-burnt-turnt,5,False,True
turon,slate-rhino-turon,3,False,True
turps,slate-trout-admin-turks-afara-turps,6,False,True
turrs,slate-trout-admin-turks-afara-turrs,6,False,True
tushy,slate-trout-aback-thugs-tushy,5,False,True
tusks,slate-trout-aback-tusks,4,True,True
tusky,slate-trout-aback-tusks-tusky,5,False,True
tutee,slate-chirp-etude-tenue-tutee,5,False,True
tutes,slate-hurst-actin-mutes-abjad-tutes,6,False,True
tutor,slate-rhino-tromp-tutor,4,True,True
tutti,slate-irony-ached-tutti,4,True,True
tutty,slate-irony-optic-gutty-abjad-tutty,6,False,True
tutus,slate-trout-tutus,3,False,True
tuxes,slate-hurst-actin-tubes-tuxes,5,False,True
tuyer,slate-titer-argon-tuber-tuyer,5,False,True
twaes,slate-tabby-teams-twaes,4,False,True
twain,slate-grunt-twain,3,True,True
twals,slate-aapas-twals,3,False,True
twang,slate-grunt-twang,3,True,True
twank,slate-grunt-thank-twank,4,False,True
twats,slate-combe-whats-twats,4,False,True
tways,slate-bronc-avast-aahed-tways,5,False,True
tweak,slate-treed-tweak,3,True,True
tweed,slate-titer-wonky-tweed,4,True,True
tweel,slate-enter-ajwan-tweel,4,False,True
tween,slate-titer-wonky-tween,4,True,True
tweep,slate-titer-wonky-tweed-tweep,5,False,True
tweer,slate-titer-argon-tuber-tweer,5,False,True
tweet,slate-titer-tenet-tweet,4,True,True
twerk,slate-titer-adept-twerk,4,True,True
twerp,slate-titer-adept-twerp,4,True,True
twice,slate-chirp-twice,3,True,True
twier,slate-titer-trier-twier,4,False,True
twigs,slate-trout-chang-twigs,4,True,True
twill,slate-grout-twill,3,True,True
twilt,slate-grout-limit-twilt,4,False,True
twine,slate-chirp-twine,3,True,True
twink,slate-rhino-agent-twink,4,True,True
twins,slate-trout-chang-twins,4,True,True
twiny,slate-rhino-agent-twink-twiny,5,False,True
twire,slate-chirp-twire,3,False,True
twirk,slate-rhino-ached-grift-twirk,5,False,True
twirl,slate-grout-twirl,3,True,True
twirp,slate-rhino-ached-grift-twirk-twirp,6,False,True
twist,slate-trout-twist,3,True,True
twite,slate-turbo-thete-twite,4,False,True
twits,slate-grimy-ankle-quits-cotta-twits,6,False,True
twixt,slate-rhino-twixt,3,True,True
twocs,slate-trout-toons-twocs,4,False,True
twoer,slate-titer-argon-tower-twoer,5,False,True
twonk,slate-rhino-amuck-twonk,4,False,True
twyer,slate-titer-argon-tuber-tweer-twyer,6,False,True
tyees,slate-hurst-timon-types-tyees,5,False,True
tyers,slate-hurst-aider-awmry-tyers,5,False,True
tying,slate-rhino-agent-tying,4,True,True
tyiyn,slate-rhino-tyiyn,3,False,True
tykes,slate-hurst-timon-types-tyees-tykes,6,False,True
tyler,slate-enter-tyler,3,True,True
tymps,slate-trout-chang-tipsy-tymps,5,False,True
tynde,slate-chirp-etude-todde-tynde,5,False,True
tyned,slate-titer-wonky-tyned,4,False,True
tynes,slate-hurst-timon-teens-tynes,5,False,True
typal,slate-taint-tubal-typal,4,False,True
typed,slate-titer-wonky-typed,4,True,True
types,slate-hurst-timon-types,4,True,True
typey,slate-titer-wonky-typey,4,False,True
typic,slate-rhino-sized-cubit-ictic-typic,6,False,True
typos,slate-trout-aglow-typos,4,True,True
typps,slate-trout-chang-tipsy-typps,5,False,True
typto,slate-irony-youth-typto,4,False,True
tyran,slate-tarot-thraw-tyran,4,False,True
tyred,slate-titer-threw-terek-tyred,5,False,True
tyres,slate-hurst-abbey-tyres,4,True,True
tyros,slate-trout-torso-tiros-tyros,5,False,True
tythe,slate-chirp-ewked-hythe-tythe,5,False,True
tzars,slate-bronc-chizz-tzars,4,False,True
ubacs,slate-curbs-ubacs,3,False,True
ubity,slate-irony-dwarf-aback-ubity,5,False,True
udals,slate-doing-udals,3,False,True
udder,slate-diner-odder-udder,4,True,True
udons,slate-mochi-gross-aback-acedy-udons,6,False,True
udyog,slate-crony-yoppo-udyog,4,False,True
ugali,slate-corgi-ugali,3,False,True
ugged,slate-diner-moped-beech-juked-ugged,6,False,True
uhlan,slate-colin-bubby-uhlan,4,False,True
uhuru,slate-crony-ahead-whirr-uhuru,5,False,True
ukase,slate-beech-usage-ukase,4,False,True
ulama,slate-prick-aback-llama-ulama,5,False,True
ulans,slate-chaps-adage-flaws-abbey-ulans,6,False,True
ulcer,slate-freed-abide-ulcer,4,True,True
ulema,slate-anger-bleak-ulema,4,False,True
ulmin,slate-bucko-admin-ulmin,4,False,True
ulmos,slate-flops-olios-ulmos,4,False,True
ulnad,slate-agora-iliac-ulnad,4,False,True
ulnae,slate-brink-ulnae,3,False,True
ulnar,slate-agora-ulnar,3,True,True
ulnas,slate-alias-aboon-ulnas,4,False,True
ulpan,slate-agora-iliac-ulnad-ulpan,5,False,True
ultra,slate-begat-ultra,3,True,True
ulvas,slate-alias-aboon-ulvas,4,False,True
ulyie,slate-bipod-clime-ulyie,4,False,True
ulzie,slate-bipod-clime-ulyie-ulzie,5,False,True
umami,slate-churn-acing-umami,4,True,True
umbel,slate-oiler-leech-kugel-umbel,5,False,True
umber,slate-diner-whomp-ember-umber,5,True,True
umble,slate-bingo-ruble-umble,4,False,True
umbos,slate-mochi-orgue-umbos,4,False,True
umbra,slate-corny-rabid-umbra,4,True,True
umbre,slate-groin-curvy-emure-umbre,5,False,True
umiac,slate-corny-acrid-wicca-umiac,5,False,True
umiak,slate-corny-mamba-umiak,4,False,True
umiaq,slate-corny-mamba-umiak-umiaq,5,False,True
ummah,slate-corny-mamba-ummah,4,False,True
ummas,slate-oasis-anger-dumpy-ummas,5,False,True
ummed,slate-diner-moped-embed-ummed,5,False,True
umped,slate-diner-moped-umped,4,False,True
umphs,slate-mochi-umphs,3,False,True
umpie,slate-groin-pixie-eppie-umpie,5,False,True
umpty,slate-irony-optic-umpty,4,False,True
umrah,slate-corny-fluke-padam-umrah,5,False,True
umras,slate-oasis-anger-mardy-umras,5,False,True
unagi,slate-churn-guano-unagi,4,False,True
unais,slate-curbs-unais,3,False,True
unapt,slate-grunt-unapt,3,False,True
unarm,slate-churn-unarm,3,True,True
unary,slate-churn-unarm-unary,4,False,True
unaus,slate-curbs-unais-unaus,4,False,True
unbag,slate-corny-denim-pagan-unbag,5,False,True
unban,slate-corny-denim-pagan-unban,5,False,True
unbar,slate-corny-aboil-urban-unbar,5,False,True
unbed,slate-diner-fudge-unwed-unbed,5,False,True
unbid,slate-crony-unhip-undid-unbid,5,False,True
unbox,slate-crony-bough-unbox,4,True,True
uncap,slate-corny-admit-uncap,4,True,True
unces,slate-roses-denim-knees-unces,5,False,True
uncia,slate-corny-admit-panic-uncia,5,False,True
uncle,slate-bingo-uncle,3,True,True
uncos,slate-mochi-abjud-uncos,4,False,True
uncoy,slate-crony-ajupa-uncoy,4,False,True
uncus,slate-mochi-abide-fucks-uncus,5,False,True
uncut,slate-rhino-uncut,3,True,True
undam,slate-corny-denim-undam,4,False,True
undee,slate-groin-cheep-undee,4,False,True
under,slate-diner-under,3,True,True
undid,slate-crony-unhip-undid,4,True,True
undos,slate-mochi-gross-kudos-undos,5,False,True
undue,slate-groin-cheep-undue,4,True,True
undug,slate-crony-unhip-undug,4,False,True
uneth,slate-pinch-uneth,3,False,True
unfed,slate-diner-fudge-unfed,4,True,True
unfit,slate-rhino-bonus-unfit,4,True,True
unfix,slate-crony-unhip-undid-unfix,5,False,True
ungag,slate-corny-denim-pagan-ungag,5,False,True
unget,slate-titer-amigo-beget-unget,5,False,True
ungod,slate-crony-bough-ungod,4,False,True
ungot,slate-rhino-donut-ungot,4,False,True
ungum,slate-crony-unhip-undug-ungum,5,False,True
unhat,slate-tarot-adage-ainee-unhat,5,False,True
unhip,slate-crony-unhip,3,True,True
unica,slate-corny-admit-aevum-unica,5,False,True
unify,slate-crony-pudge-unify,4,True,True
union,slate-crony-bough-union,4,True,True
unios,slate-mochi-arses-pious-unios,5,False,True
unite,slate-turbo-chute-unite,4,True,True
units,slate-grimy-ankle-units,4,True,True
unity,slate-irony-afire-unity,4,True,True
unjam,slate-corny-denim-unjam,4,True,True
unked,slate-diner-fudge-unwed-unbed-unked,6,False,True
unket,slate-titer-amigo-duvet-adawn-unket,6,False,True
unkey,slate-diner-mocks-nebek-unkey,5,False,True
unkid,slate-crony-unhip-undid-unbid-unkid,6,False,True
unkut,slate-rhino-uncut-unkut,4,False,True
unlap,slate-colin-alway-unlap,4,False,True
unlaw,slate-colin-alway-unlaw,4,False,True
unlay,slate-colin-alway-unlay,4,False,True
unled,slate-oiler-julep-unled,4,False,True
unleg,slate-oiler-julep-unled-unleg,5,False,True
unlet,slate-enter-inlet-unlet,4,False,True
unlid,slate-dilly-unlid,3,False,True
unlit,slate-grout-abide-unlit,4,True,True
unmad,slate-corny-denim-aahed-unmad,5,False,True
unman,slate-corny-denim-human-unman,5,False,True
unmet,slate-titer-amigo-unmet,4,True,True
unmew,slate-diner-mocks-hymen-enmew-unmew,6,False,True
unmix,slate-crony-unhip-undid-unfix-unmix,6,False,True
unode,slate-groin-ozone-knowe-unode,5,False,True
unold,slate-dilly-amuck-unold,4,False,True
unown,slate-crony-known-unown,4,False,True
unpay,slate-corny-dough-unpay,4,False,True
unpeg,slate-diner-mocks-queen-unpeg,5,False,True
unpen,slate-diner-mocks-queen-unpen,5,False,True
unpin,slate-crony-unhip-unpin,4,True,True
unply,slate-dilly-bowed-curly-unply,5,False,True
unpot,slate-rhino-donut-ungot-unpot,5,False,True
unput,slate-rhino-uncut-unkut-unput,5,False,True
unred,slate-diner-unred,3,False,True
unrid,slate-crony-abide-indri-unrid,5,False,True
unrig,slate-crony-abide-mirin-unrig,5,False,True
unrip,slate-crony-abide-mirin-unrig-unrip,6,False,True
unsaw,slate-oasis-unsay-unsaw,4,False,True
unsay,slate-oasis-unsay,3,True,True
unsee,slate-group-unsee,3,True,True
unset,slate-hurst-upset-unset,4,True,True
unsew,slate-roses-album-fused-adawn-unsew,6,False,True
unsex,slate-roses-album-fused-adawn-unsex,6,False,True
unsod,slate-mochi-gross-psyop-unsod,5,False,True
unsub,slate-mochi-gunky-unsub,4,False,True
untag,slate-tarot-ached-untag,4,True,True
untax,slate-tarot-ached-untag-untax,5,False,True
untie,slate-chirp-tinge-untie,4,True,True
until,slate-grout-tulip-until,4,True,True
untin,slate-rhino-bonus-unfit-untin,5,False,True
unwed,slate-diner-fudge-unwed,4,True,True
unwet,slate-titer-amigo-duvet-adawn-unwet,6,False,True
unwit,slate-rhino-bonus-unfit-unwit,5,False,True
unwon,slate-crony-bough-union-unwon,5,False,True
unzip,slate-crony-unhip-unzip,4,True,True
upbow,slate-crony-bipod-upbow,4,False,True
upbye,slate-groin-decaf-queue-mbube-upbye,6,False,True
updos,slate-mochi-gross-kudos-undos-updos,6,False,True
updry,slate-crony-midge-ruddy-updry,5,False,True
upend,slate-diner-added-upend,4,True,True
upful,slate-dilly-whang-cromb-upful,5,False,True
upjet,slate-titer-amigo-duvet-adawn-upjet,6,False,True
uplay,slate-colin-madly-uplay,4,False,True
upled,slate-oiler-julep-upled,4,False,True
uplit,slate-grout-abide-unlit-uplit,5,False,True
upped,slate-diner-moped-hyped-upped,5,True,True
upper,slate-diner-whomp-purer-upper,5,True,True
upran,slate-corny-quran-upran,4,False,True
uprun,slate-crony-abide-runup-uprun,5,False,True
upsee,slate-group-upsee,3,False,True
upset,slate-hurst-upset,3,True,True
upsey,slate-roses-album-fused-adawn-upsey,6,False,True
uptak,slate-tarot-ached-untag-uptak,5,False,True
upter,slate-titer-mound-cuter-upter,5,False,True
uptie,slate-chirp-uptie,3,False,True
uraei,slate-hardy-rearm-uraei,4,False,True
urali,slate-corgi-laari-urali,4,False,True
uraos,slate-curbs-adopt-uraos,4,False,True
urare,slate-prick-agave-frame-aband-urare,6,False,True
urari,slate-churn-guard-urari,4,False,True
urase,slate-beech-usage-ukase-urase,5,False,True
urate,slate-corgi-prate-aflow-urate,5,False,True
urban,slate-corny-aboil-urban,4,True,True
urbex,slate-diner-creek-proem-urbex,5,False,True
urbia,slate-corny-rabid-urbia,4,False,True
urdee,slate-groin-amped-urdee,4,False,True
ureal,slate-rangy-feral-areal-ureal,5,False,True
ureas,slate-wiper-abase-earns-abjud-ureas,6,False,True
uredo,slate-diner-beefy-credo-uredo,5,False,True
ureic,slate-diner-affix-aargh-ureic,5,False,True
ureid,slate-diner-abide-redid-ureid,5,False,True
urena,slate-raced-blown-arena-frena-urena,6,False,True
urent,slate-titer-vouch-rebut-urent,5,False,True
urged,slate-diner-befog-greed-urged,5,True,True
urger,slate-diner-whomp-fryer-breer-urger,6,False,True
urges,slate-roses-ficus-urges,4,True,True
urial,slate-colin-derby-rival-prial-urial,6,False,True
urine,slate-groin-brine-urine,4,True,True
urite,slate-turbo-urite,3,False,True
urman,slate-corny-aboil-avgas-urman,5,False,True
urnal,slate-colin-larva-urnal,4,False,True
urned,slate-diner-arcus-urned,4,False,True
urped,slate-diner-befog-acres-aapas-urped,6,False,True
ursae,slate-crump-ursae,3,False,True
ursid,slate-mochi-kirby-bundt-ursid,5,False,True
urson,slate-mochi-gross-urson,4,False,True
urubu,slate-crony-amigo-urubu,4,False,True
urupa,slate-corny-rabid-augur-urupa,5,False,True
urvas,slate-oasis-anger-mardy-urvas,5,False,True
usage,slate-beech-usage,3,True,True
usens,slate-roses-chess-usens,4,False,True
users,slate-roses-arced-users,4,True,True
useta,slate-chefs-useta,3,False,True
usher,slate-roses-usher,3,True,True
using,slate-mochi-kirby-using,4,True,True
usnea,slate-wiper-casks-ashen-usnea,5,False,True
usnic,slate-mochi-abyss-usnic,4,False,True
usque,slate-group-ensue-usque,4,False,True
ustad,slate-antsy-bebop-maths-ustad,5,False,True
uster,slate-hurst-trues-uster,4,False,True
usual,slate-basis-usual,3,True,True
usure,slate-group-acing-reuse-usure,5,False,True
usurp,slate-mochi-gunky-usurp,4,True,True
usury,slate-mochi-gunky-usury,4,True,True
uteri,slate-titer-amman-refit-uteri,5,False,True
utero,slate-titer-vouch-utero,4,False,True
utile,slate-tight-utile,3,True,True
utter,slate-titer-otter-utter,4,True,True
uveal,slate-rangy-medal-equal-uveal,5,False,True
uveas,slate-wiper-bands-vegas-uveas,5,False,True
uvula,slate-colin-grump-uvula,4,True,True
vacas,slate-oasis-brink-apace-cecum-vacas,6,False,True
vacay,slate-corny-awash-pacay-vacay,5,False,True
vacua,slate-corny-acrid-macaw-bekah-vacua,6,False,True
vacui,slate-corny-acrid-wicca-aahed-vacui,6,False,True
vacuo,slate-corny-choco-wacko-vacuo,5,False,True
vadas,slate-oasis-brink-apace-mamas-gyved-vadas,7,False,False
vaded,slate-raced-funky-wedge-jaded-haded-vaded,7,False,False
vades,slate-wiper-casks-gamed-fades-hades-jades-vades,8,False,False
vadge,slate-garbo-admin-cadge-advew-vadge,6,False,True
vagal,slate-colin-grump-aahed-vagal,5,False,True
vague,slate-garbo-admin-vague,4,True,True
vagus,slate-oasis-brink-apace-degum-vagus,6,False,True
vaids,slate-oasis-padre-maids-eking-calve-vaids,7,False,False
vails,slate-basis-frown-champ-jails-kails-vails,7,False,False
vaire,slate-garbo-camps-faire-zaire-vaire,6,False,True
vairs,slate-oasis-padre-fairs-hairs-advew-vairs,7,False,False
vairy,slate-corny-ached-fairy-vairy,5,False,True
vajra,slate-corny-rabid-gazar-vajra,5,False,True
vakas,slate-oasis-brink-champ-kawau-vakas,6,False,True
vakil,slate-colin-abram-vakil,4,False,True
vales,slate-lambs-graph-vales,4,True,True
valet,slate-paler-valet,3,True,True
valid,slate-colin-valid,3,True,True
valis,slate-basis-prick-advew-valis,5,False,True
valli,slate-colin-afire-villa-valli,5,False,True
valor,slate-colin-aglow-valor,4,True,True
valse,slate-abled-false-halse-valse,5,False,True
value,slate-anglo-chevy-value,4,True,True
valve,slate-anglo-chevy-valve,4,True,True
vamps,slate-oasis-brink-apace-vamps,5,True,True
vampy,slate-corny-gaped-vampy,4,True,True
vanda,slate-corny-denim-panda-banda-vanda,6,False,True
vaned,slate-raced-funky-waned-abamp-eaned-vaned,7,False,False
vanes,slate-wiper-casks-gamed-abash-faxes-convo-vanes,8,False,False
vanga,slate-corny-denim-ganja-aflap-kanga-vanga,7,False,False
vangs,slate-oasis-brink-glyph-fangs-advew-vangs,7,False,False
vants,slate-nymph-abhor-wants-cadge-kants-vants,7,False,False
vaped,slate-raced-funky-wedge-depth-vaped,6,True,True
vaper,slate-raced-pygmy-japer-vaper,5,False,True
vapes,slate-wiper-aspen-capes-jugum-papes-vapes,7,False,False
vapid,slate-corny-mamba-haiku-vapid,5,True,True
vapor,slate-corny-vroom-vapor,4,True,True
varan,slate-corny-quran-maran-varan,5,False,True
varas,slate-oasis-brink-whims-cards-ajupa-varas,7,False,False
varda,slate-corny-fluke-parma-gived-varda,6,False,True
vardo,slate-corny-abide-vardo,4,False,True
vardy,slate-corny-aphid-demob-vardy,5,False,True
varec,slate-raced-caper-varec,4,False,True
vares,slate-wiper-march-dares-fares-abeng-rares-vares,8,False,False
varia,slate-corny-fluke-parma-gived-varia,6,False,True
varix,slate-corny-fluke-parma-abord-varix,6,False,True
varna,slate-corny-varna,3,True,True
varus,slate-oasis-brink-whims-cards-ajupa-varus,7,False,False
varve,slate-garbo-capon-advew-varve,5,False,True
vasal,slate-basis-nasal-oasal-vasal,5,False,True
vases,slate-wiper-casks-beget-vases,5,True,True
vasts,slate-nymph-farce-abide-watts-bogue-vasts,7,False,False
vasty,slate-nymph-tasty-vasty,4,False,True
vatas,slate-antsy-bebop-maths-quirk-vatas,6,False,True
vatha,slate-tarot-whomp-bocce-ajiva-vatha,6,False,True
vatic,slate-tarot-whomp-batik-vatic,5,False,True
vatje,slate-about-vitae-vatje,4,False,True
vatos,slate-antsy-bebop-dervs-vatos,5,False,True
vatus,slate-antsy-bebop-maths-quirk-tatus-vatus,7,False,False
vauch,slate-corny-acrid-macaw-agave-vauch,6,False,True
vault,slate-taint-fault-vault,4,True,True
vaunt,slate-tarot-dough-jaunt-vaunt,5,True,True
vaute,slate-actor-haute-faute-vaute,5,False,True
vauts,slate-nymph-farce-abide-watts-bogue-vauts,7,False,False
vawte,slate-actor-haute-nizam-vawte,5,False,True
vaxes,slate-wiper-casks-gamed-abash-faxes-vaxes,7,False,False
veale,slate-leave-veale,3,False,True
veals,slate-ahold-meals-reals-abeng-advew-veals,7,False,False
vealy,slate-leery-mealy-vealy,4,False,True
veena,slate-raced-venom-vegan-veena,5,False,True
veeps,slate-roses-punch-aback-jeeps-weeps-degum-veeps,8,False,False
veers,slate-roses-being-jeeps-veers,5,True,True
veery,slate-diner-myrrh-every-veery,5,False,True
vegan,slate-raced-venom-vegan,4,True,True
vegas,slate-wiper-bands-vegas,4,True,True
veges,slate-roses-denim-feces-vibex-veges,6,False,True
veggo,slate-diner-whomp-gecko-veggo,5,False,True
vegie,slate-groin-aevum-vegie,4,False,True
vegos,slate-roses-dumpy-ovens-vegos,5,False,True
vehme,slate-groin-decaf-peeve-bevue-vehme,6,False,True
veils,slate-oiler-exalt-veils,4,True,True
veily,slate-oiler-devil-veily,4,False,True
veins,slate-roses-punch-abide-veins,5,True,True
veiny,slate-diner-baggy-veiny,4,True,True
velar,slate-rangy-feral-abcee-velar,5,False,True
velds,slate-oiler-psych-bells-dawgs-melds-velds,7,False,False
veldt,slate-enter-abled-veldt,4,True,True
veles,slate-oiler-mules-whyda-peles-veles,6,False,True
vells,slate-oiler-psych-bells-wells-dumka-aflaj-vells,8,False,False
velum,slate-oiler-janky-belch-velum,5,False,True
venae,slate-garbo-anime-venae,4,False,True
venal,slate-rangy-penal-venal,4,True,True
venas,slate-wiper-bands-genas-venas,5,False,True
vends,slate-roses-punch-bends-advew-vends,6,False,True
vendu,slate-diner-bendy-kendo-pendu-vendu,6,False,True
veney,slate-diner-abash-money-veney,5,False,True
venge,slate-groin-nudge-hawms-venge,5,False,True
venin,slate-diner-ennui-genin-venin,5,False,True
venom,slate-diner-bumpy-venom,4,True,True
venti,slate-pinch-venti,3,True,True
vents,slate-trips-vined-vents,4,True,True
venue,slate-groin-cheep-venue,4,True,True
venus,slate-roses-punch-genus-menus-venus,6,False,True
verba,slate-raced-blown-zebra-verba,5,False,True
verbs,slate-roses-being-herbs-verbs,5,True,True
verde,slate-groin-curvy-verde,4,True,True
verge,slate-groin-album-verge,4,True,True
verra,slate-raced-blown-freak-aargh-verra,6,False,True
verre,slate-groin-curvy-verde-verre,5,False,True
verry,slate-diner-myrrh-aback-ferry-ajiva-verry,7,False,False
versa,slate-wiper-abase-versa,4,True,True
verse,slate-group-rinse-verse,4,True,True
verso,slate-roses-verso,3,True,True
verst,slate-hurst-perst-verst,4,False,True
verte,slate-turbo-verte,3,False,True
verts,slate-trips-rents-certs-verts,5,False,True
vertu,slate-pinch-jetty-vertu,4,False,True
verve,slate-groin-curvy-verve,4,True,True
vespa,slate-wiper-abaca-vespa,4,False,True
vesta,slate-chefs-attap-vesta,4,False,True
vests,slate-trips-vined-vests,4,True,True
vetch,slate-titer-abhor-fetch-ketch-vetch,6,False,True
veuve,slate-groin-decaf-peeve-veuve,5,False,True
veves,slate-roses-denim-feces-vibex-veges-veves,7,False,False
vexed,slate-diner-moped-beech-keyed-vexed,6,True,True
vexer,slate-diner-whomp-fryer-queer-bavin-vexer,7,False,False
vexes,slate-roses-denim-feces-vibex-vexes,6,False,True
vexil,slate-oiler-devil-vexil,4,False,True
vezir,slate-diner-kefir-vezir,4,False,True
vials,slate-doing-liars-vials,4,True,True
viand,slate-churn-piano-aahed-viand,5,False,True
vibed,slate-diner-biped-gibed-jibed-vibed,6,False,True
vibes,slate-roses-denim-vichy-vibes,5,True,True
vibex,slate-diner-bicep-akoya-vibex,5,False,True
vibey,slate-diner-bicep-akoya-vibey,5,False,True
vicar,slate-corny-vicar,3,True,True
viced,slate-diner-biped-hakim-fixed-advew-viced,7,False,False
vices,slate-roses-denim-vichy-vices,5,True,True
vichy,slate-crony-humid-vichy,4,True,True
vicus,slate-mochi-kendo-ficus-vicus,5,False,True
video,slate-diner-biped-video,4,True,True
viers,slate-roses-being-piers-evoke-viers,6,False,True
vieux,slate-diner-aevum-vieux,4,False,True
views,slate-roses-punch-defog-views,5,True,True
viewy,slate-diner-aevum-viewy,4,False,True
vifda,slate-corny-mamba-pizza-advew-vifda,6,False,True
viffs,slate-mochi-kirby-waged-finis-ajiva-viffs,7,False,False
vigas,slate-oasis-aback-minas-diver-vigas,6,False,True
vigia,slate-corny-mamba-pizza-advew-vigia,6,False,True
vigil,slate-dilly-acing-vigil,4,True,True
vigor,slate-crony-furry-vigor,4,True,True
vilde,slate-bingo-alarm-ville-vilde,5,False,True
viler,slate-oiler-miler-filer-piler-viler,6,False,True
villa,slate-colin-afire-villa,4,True,True
ville,slate-bingo-alarm-ville,4,True,True
villi,slate-dilly-abhor-villi,4,False,True
vills,slate-lucid-morph-befog-kills-wills-avyze-vills,8,False,False
vimen,slate-diner-given-vixen-vimen,5,False,True
vinal,slate-colin-final-binal-vinal,5,False,True
vinas,slate-oasis-aback-minas-pinas-vinas,6,False,True
vinca,slate-corny-admit-aevum-vinca,5,False,True
vined,slate-diner-frump-vined,4,True,True
viner,slate-diner-finer-miner-abamp-niner-viner,7,False,False
vines,slate-roses-denim-awful-naive-vines,6,True,True
vinew,slate-diner-piney-vinew,4,False,True
vinho,slate-crony-bough-vinho,4,False,True
vinic,slate-crony-blimp-winch-dinic-vinic,6,False,True
vinny,slate-crony-bicep-agave-vinny,5,True,True
vinos,slate-mochi-arses-pious-devon-vinos,6,False,True
vints,slate-grimy-nymph-tints-abode-vints,6,False,True
vinyl,slate-dilly-vinyl,3,True,True
viola,slate-colin-aioli-viola,4,True,True
viold,slate-dilly-viold,3,False,True
viols,slate-lucid-morph-kilos-viols,5,False,True
viper,slate-diner-phlox-arrow-viper,5,True,True
viral,slate-colin-derby-viral,4,True,True
vired,slate-diner-wharf-mired-vired,5,False,True
vireo,slate-diner-abmho-vireo,4,False,True
vires,slate-roses-ficus-hires-wires-mires-vires,7,False,False
virga,slate-corny-fluke-parma-advew-virga,6,False,True
virge,slate-groin-dirge-virge,4,False,True
virgo,slate-crony-furry-morph-virgo,5,True,True
virid,slate-crony-ahead-rigid-mirid-virid,6,False,True
virls,slate-lucid-morph-girls-aband-virls,6,False,True
virtu,slate-irony-befog-mirth-virtu,5,False,True
virus,slate-mochi-kirby-virus,4,True,True
visas,slate-oasis-visas,3,True,True
vised,slate-roses-album-advew-vised,5,False,True
vises,slate-roses-album-peeve-vises,5,False,True
visie,slate-group-dense-mysie-visie,5,False,True
visit,slate-trout-aimed-visit,4,True,True
visna,slate-oasis-aband-visna,4,False,True
visne,slate-group-dense-visne,4,False,True
vison,slate-mochi-arses-bison-vison,5,False,True
visor,slate-mochi-arses-visor,4,True,True
vista,slate-nymph-farce-vista,4,True,True
visto,slate-grimy-nymph-fists-visto,5,False,True
vitae,slate-about-vitae,3,True,True
vital,slate-taint-vital,3,True,True
vitas,slate-antsy-bebop-maths-avoid-vitas,6,False,True
vitex,slate-titer-cited-abamp-vitex,5,False,True
vitro,slate-rhino-vitro,3,True,True
vitta,slate-carny-boobs-agita-abamp-vitta,6,False,True
vivas,slate-oasis-aback-minas-diver-vivas,6,False,True
vivat,slate-tarot-adage-ainee-vivat,5,False,True
vivda,slate-corny-mamba-pizza-advew-vivda,6,False,True
viver,slate-diner-phlox-befog-river-ajwan-viver,7,False,False
vives,slate-roses-denim-vichy-vibes-vives,6,False,True
vivid,slate-crony-field-vivid,4,True,True
vivos,slate-mochi-arses-pious-devon-vivos,6,False,True
vivre,slate-groin-fibre-adrip-vivre,5,False,True
vixen,slate-diner-given-vixen,4,True,True
vizir,slate-crony-ahead-quirk-birzz-vizir,6,False,True
vizor,slate-crony-furry-vigor-vizor,5,False,True
vlast,slate-blast-apace-vlast,4,False,True
vleis,slate-plebe-flesh-goyim-vleis,5,False,True
vlies,slate-plebe-clues-flies-vlies,5,False,True
vlogs,slate-flops-gawky-blogs-clogs-vlogs,6,False,True
voars,slate-curbs-dowse-roams-hoars-voars,6,False,True
vobla,slate-colin-amour-loyal-abbed-vobla,6,False,True
vocab,slate-corny-mocha-vocab,4,False,True
vocal,slate-colin-falls-vocal,4,True,True
voces,slate-roses-munch-asked-coves-voces,6,False,True
voddy,slate-crony-badge-damps-voddy,5,False,True
vodka,slate-corny-gaped-vodka,4,True,True
vodou,slate-crony-bipod-modom-vodou,5,False,True
vodun,slate-crony-bough-adman-vodun,5,False,True
voema,slate-raced-venom-voema,4,False,True
vogie,slate-groin-bogie-caved-vogie,5,False,True
vogue,slate-groin-dodge-vogue,4,True,True
voice,slate-groin-oxide-voice,4,True,True
voici,slate-crony-bicep-agidi-voici,5,False,True
voids,slate-mochi-acids-faver-voids,5,False,True
voila,slate-colin-voila,3,True,True
voile,slate-bingo-voile,3,True,True
voips,slate-mochi-acids-joins-voips,5,False,True
volae,slate-anglo-volae,3,False,True
volar,slate-colin-alpha-molar-bolar-volar,6,False,True
voled,slate-oiler-ditch-poled-aevum-voled,6,False,True
voles,slate-oiler-camps-holes-aband-agave-voles,7,False,False
volet,slate-enter-abbot-advew-volet,5,False,True
volke,slate-bingo-ahold-loupe-askew-volke,6,False,True
volks,slate-lucid-frown-polls-bomoh-volks,6,False,True
volta,slate-aglow-volta,3,True,True
volte,slate-ablow-volte,3,False,True
volti,slate-achoo-lofty-volti,4,False,True
volts,slate-bolus-cajun-volts,4,True,True
volva,slate-colin-alpha-abamp-volva,5,False,True
volve,slate-bingo-ahold-loupe-askew-volve,6,False,True
vomer,slate-diner-whomp-acing-mover-vomer,6,False,True
vomit,slate-rhino-oomph-vomit,4,True,True
voted,slate-titer-donut-voted,4,True,True
voter,slate-titer-mound-voter,4,True,True
votes,slate-hurst-timon-dotes-votes,5,True,True
vouch,slate-crony-bicep-vouch,4,True,True
vouge,slate-groin-dodge-abamp-vouge,5,False,True
voulu,slate-dilly-cholo-poulp-voulu,5,False,True
vowed,slate-diner-moped-oxbow-calve-vowed,6,True,True
vowel,slate-oiler-bawdy-vowel,4,True,True
vower,slate-diner-whomp-aback-rower-vower,6,False,True
voxel,slate-oiler-bawdy-novel-voxel,5,False,True
voxes,slate-roses-munch-biped-afoot-jokes-advew-voxes,8,False,False
vozhd,slate-crony-bipod-vozhd,4,False,True
vraic,slate-churn-flown-brack-vraic,5,False,True
vrils,slate-lucid-morph-rills-vrils,5,False,True
vroom,slate-crony-dumbo-groom-vroom,5,True,True
vrous,slate-mochi-gross-abide-props-advew-vrous,7,False,False
vrouw,slate-crony-dumbo-group-vrouw,5,False,True
vrows,slate-mochi-gross-abide-props-advew-vrows,7,False,False
vuggs,slate-mochi-gunky-aargh-vuggs,5,False,True
vuggy,slate-crony-dumps-befog-huggy-vuggy,6,False,True
vughs,slate-mochi-agape-gushy-vughs,5,False,True
vughy,slate-crony-dumps-befog-huggy-vughy,6,False,True
vulgo,slate-dilly-argon-vulgo,4,False,True
vulns,slate-lucid-bebop-gulls-adhan-vulns,6,False,True
vulva,slate-colin-madly-gulag-advew-vulva,6,False,True
vutty,slate-irony-optic-gutty-abjad-tutty-vutty,7,False,False
vygie,slate-groin-aevum-vygie,4,False,True
vying,slate-crony-dying-vying,4,True,True
waacs,slate-curbs-acais-waacs,4,False,True
wacke,slate-garbo-cumin-wacke,4,False,True
wacko,slate-corny-choco-wacko,4,True,True
wacks,slate-oasis-brink-champ-jacks-bawdy-wacks,7,False,False
wacky,slate-corny-awash-wacky,4,True,True
wadas,slate-oasis-brink-apace-mamas-gyved-dadas-wadas,8,False,False
wadds,slate-oasis-brink-apace-degum-wadds,6,False,True
waddy,slate-corny-gaped-abide-daddy-aflow-waddy,7,False,False
waded,slate-raced-funky-wedge-waded,5,True,True
wader,slate-raced-fader-wader,4,True,True
wades,slate-wiper-axing-wakes-waves-adsum-wades,7,False,False
wadge,slate-garbo-admin-cadge-advew-wadge,6,False,True
wadis,slate-oasis-mavis-nazis-darga-cawks-wadis,7,False,False
wadts,slate-nymph-farce-abide-ajwan-wadts,6,False,True
wafer,slate-raced-pygmy-forks-wafer,5,True,True
waffs,slate-oasis-brink-apace-degum-chewy-waffs,7,False,False
wafts,slate-nymph-farce-wafts,4,True,True
waged,slate-raced-funky-wedge-waged,5,True,True
wager,slate-raced-pygmy-eager-wager,5,True,True
wages,slate-wiper-axing-wages,4,True,True
wagga,slate-corny-mamba-kappa-adage-wagga,6,False,True
wagon,slate-corny-badge-wagon,4,True,True
wagyu,slate-corny-kayak-wagyu,4,False,True
wahay,slate-corny-gaped-champ-wahay,5,False,True
wahey,slate-raced-homed-kaneh-wahey,5,False,True
wahoo,slate-corny-dumbo-kazoo-wahoo,5,False,True
waide,slate-garbo-cumin-waive-waide,5,False,True
waifs,slate-oasis-padre-gains-kembo-waifs,6,False,True
waift,slate-tarot-dough-faint-waift,5,False,True
wails,slate-basis-frown-wails,4,True,True
wains,slate-oasis-padre-gains-mains-chawk-wains,7,False,False
wairs,slate-oasis-padre-fairs-hairs-advew-wairs,7,False,False
waist,slate-antsy-waist,3,True,True
waite,slate-actor-haute-nizam-waite,5,False,True
waits,slate-nymph-farce-abide-waits,5,True,True
waive,slate-garbo-cumin-waive,4,True,True
wakas,slate-oasis-brink-champ-kawau-wakas,6,False,True
waked,slate-raced-funky-baked-waked,5,True,True
waken,slate-raced-homed-waxen-waken,5,True,True
waker,slate-raced-pygmy-forks-baker-adawn-waker,7,False,False
wakes,slate-wiper-axing-wakes,4,True,True
wakfs,slate-oasis-brink-champ-kawau-wakfs,6,False,True
waldo,slate-colin-aglow-waldo,4,False,True
walds,slate-basis-mulch-fowls-walks-walds,6,False,True
waled,slate-rangy-lymph-babel-ceded-waled,6,False,True
waler,slate-rangy-balmy-paler-haler-waler,6,False,True
wales,slate-lambs-graph-vales-wales,5,True,True
walie,slate-anglo-chevy-laude-malae-walie,6,False,True
walis,slate-basis-prick-advew-walis,5,False,True
walks,slate-basis-mulch-fowls-walks,5,True,True
walla,slate-colin-madly-walla,4,True,True
walls,slate-basis-mulch-fowls-walls,5,True,True
wally,slate-colin-madly-bower-wally,5,True,True
walty,slate-aglow-waltz-walty,4,False,True
waltz,slate-aglow-waltz,3,True,True
wamed,slate-raced-funky-wedge-waved-waxed-wamed,7,False,False
wames,slate-wiper-axing-wakes-waves-adsum-wames,7,False,False
wamus,slate-oasis-brink-apace-degum-wamus,6,False,True
wands,slate-oasis-brink-glyph-wands,5,True,True
waned,slate-raced-funky-waned,4,True,True
wanes,slate-wiper-axing-wanes,4,True,True
waney,slate-raced-homed-waxen-waney,5,False,True
wangs,slate-oasis-brink-glyph-fangs-advew-wangs,7,False,False
wanks,slate-oasis-brink-hanks-yanks-opgaf-adawn-wanks,8,False,False
wanky,slate-corny-dough-nappy-janky-abamp-wanky,7,False,False
wanle,slate-anglo-wanle,3,False,True
wanly,slate-colin-larva-manly-wanly,5,True,True
wanna,slate-corny-mixup-wanna,4,True,True
wanta,slate-carny-manta-wanta,4,False,True
wants,slate-nymph-abhor-wants,4,True,True
wanty,slate-carny-natty-panty-embow-wanty,6,False,True
wanze,slate-garbo-cumin-panna-wanze,5,False,True
waqfs,slate-oasis-brink-apace-degum-chewy-waffs-waqfs,8,False,False
warbs,slate-oasis-brink-carbs-adage-warbs,6,False,True
warby,slate-corny-aphid-marry-babka-warby,6,False,True
wards,slate-oasis-brink-whims-wards,5,True,True
wared,slate-raced-bebop-beefs-dared-hared-wared,7,False,False
wares,slate-wiper-wares,3,True,True
warez,slate-raced-pygmy-forks-barer-warez,6,False,True
warks,slate-oasis-brink-amped-racks-chewy-warks,7,False,False
warms,slate-oasis-brink-whims-warms,5,True,True
warns,slate-oasis-brink-warns,4,True,True
warps,slate-oasis-brink-whims-wards-warps,6,False,True
warre,slate-garbo-capon-advew-warre,5,False,True
warst,slate-antsy-waist-warst,4,False,True
warts,slate-nymph-farce-award-warts,5,True,True
warty,slate-carny-party-warty,4,True,True
wases,slate-wiper-axing-wakes-waves-adsum-wases,7,False,False
washi,slate-oasis-acned-washi,4,False,True
washy,slate-oasis-adapt-washy,4,True,True
wasms,slate-oasis-gecko-wasps-wasms,5,False,True
wasps,slate-oasis-gecko-wasps,4,True,True
waspy,slate-oasis-adapt-raspy-aglow-waspy,6,False,True
waste,slate-epoch-batty-waste,4,True,True
wasts,slate-nymph-farce-abide-watts-wasts,6,False,True
watap,slate-tarot-whomp-watap,4,False,True
watch,slate-tarot-whomp-watch,4,True,True
water,slate-treed-watch-water,4,True,True
watts,slate-nymph-farce-abide-watts,5,True,True
wauff,slate-corny-mamba-haiku-wauff,5,False,True
waugh,slate-corny-mamba-haiku-faugh-waugh,6,False,True
wauks,slate-oasis-brink-champ-kawau-wauks,6,False,True
waulk,slate-colin-grump-uvula-howdy-waulk,6,False,True
wauls,slate-basis-mulch-awdls-wauls,5,False,True
waurs,slate-oasis-brink-whims-wards-waurs,6,False,True
waved,slate-raced-funky-wedge-waved,5,True,True
waver,slate-raced-pygmy-forks-waver,5,True,True
waves,slate-wiper-axing-wakes-waves,5,True,True
wavey,slate-raced-homed-waxen-wavey,5,False,True
wawas,slate-oasis-brink-apace-mamas-gyved-aflow-wawas,8,False,False
wawes,slate-wiper-axing-wakes-waves-adsum-wawes,7,False,False
wawls,slate-basis-mulch-acing-larks-amply-wawls,7,False,False
waxed,slate-raced-funky-wedge-waved-waxed,6,True,True
waxen,slate-raced-homed-waxen,4,True,True
waxer,slate-raced-pygmy-forks-waver-waxer,6,False,True
waxes,slate-wiper-axing-waxes,4,True,True
wayed,slate-raced-funky-bayed-payed-abmho-wayed,7,False,False
wazir,slate-corny-rabid-fakir-jagir-wazir,6,False,True
wazoo,slate-corny-dumbo-kazoo-wazoo,5,True,True
weald,slate-leery-heald-weald,4,False,True
weals,slate-ahold-meals-reals-abeng-advew-weals,7,False,False
weamb,slate-hardy-beaux-weamb,4,False,True
weans,slate-rebid-bumps-jeans-agamy-weans,6,False,True
wears,slate-rebid-glyph-fears-wears,5,True,True
weary,slate-hardy-weary,3,True,True
weave,slate-prick-mewed-weave,4,True,True
webby,slate-diner-whomp-webby,4,False,True
weber,slate-diner-whomp-weber,4,True,True
wecht,slate-titer-bacon-hecht-fecht-wecht,6,False,True
wedel,slate-oiler-leech-above-jewel-wedel,6,False,True
wedge,slate-groin-awful-wedge,4,True,True
wedgy,slate-diner-weedy-wedgy,4,False,True
weeds,slate-roses-punch-defog-weeds,5,True,True
weedy,slate-diner-weedy,3,True,True
weeis,slate-roses-punch-defog-weeks-weeis,6,False,True
weeke,slate-groin-decaf-peeve-ajwan-weeke,6,False,True
weeks,slate-roses-punch-defog-weeks,5,True,True
weels,slate-oiler-depth-feels-keels-jeels-weels,7,False,False
weems,slate-roses-punch-defog-weeks-weeis-weems,7,False,False
weens,slate-roses-punch-abide-evens-aflow-weens,7,False,False
weeny,slate-diner-bevel-weeny,4,True,True
weeps,slate-roses-punch-aback-jeeps-weeps,6,True,True
weepy,slate-diner-whomp-weepy,4,True,True
weest,slate-hurst-exist-adown-weest,5,False,True
weete,slate-turbo-white-weete,4,False,True
weets,slate-trips-vined-beets-meets-keets-weets,7,False,False
wefte,slate-turbo-white-weete-wefte,5,False,True
wefts,slate-trips-vined-beets-fishy-wefts,6,False,True
weids,slate-roses-punch-defog-weeds-weids,6,False,True
weigh,slate-diner-habit-weigh,4,True,True
weils,slate-oiler-exalt-veils-ached-meils-weils,7,False,False
weird,slate-diner-abide-weird,4,True,True
weirs,slate-roses-being-heirs-keirs-weirs,6,False,True
weise,slate-group-dense-fasci-weise,5,False,True
weize,slate-groin-dumps-chive-ebike-weize,6,False,True
wekas,slate-wiper-wekas,3,False,True
welch,slate-oiler-janky-belch-flimp-welch,6,False,True
welds,slate-oiler-psych-bells-dawgs-welds,6,False,True
welke,slate-bingo-armed-cycle-ablow-welke,6,False,True
welks,slate-oiler-psych-bells-dawgs-welks,6,False,True
welkt,slate-enter-abled-telly-helot-welkt,6,False,True
wells,slate-oiler-psych-bells-wells,5,True,True
welly,slate-oiler-janky-belly-ached-aflow-welly,7,False,False
welsh,slate-oiler-psych-welsh,4,False,True
welts,slate-balmy-pelts-swack-welts,5,False,True
wembs,slate-roses-punch-defog-weeks-wembs,6,False,True
wench,slate-diner-bumpy-xenon-wench,5,True,True
wends,slate-roses-punch-bends-advew-wends,6,False,True
wenge,slate-groin-nudge-hawms-wenge,5,False,True
wenny,slate-diner-bumpy-henny-gowfs-wenny,6,False,True
wents,slate-trips-vined-cents-gents-abmho-aflow-wents,8,False,False
werfs,slate-roses-being-jeeps-herds-mawky-werfs,7,False,False
weros,slate-roses-abuzz-overs-chawk-weros,6,False,True
wersh,slate-roses-fresh-wersh,4,False,True
wests,slate-trips-vined-beets-fishy-gawks-wests,7,False,False
wetas,slate-dater-abeng-makaf-wetas,5,False,True
wetly,slate-enter-letup-acock-wetly,5,False,True
wexed,slate-diner-moped-beech-keyed-vexed-wexed,7,False,False
wexes,slate-roses-denim-feces-vibex-chawk-wexes,7,False,False
whack,slate-churn-whack,3,True,True
whale,slate-leave-whale,3,True,True
whamo,slate-churn-khaki-aahed-whamo,5,False,True
whams,slate-curbs-acing-foams-dwams-whams,6,False,True
whang,slate-churn-whang,3,True,True
whaps,slate-curbs-acing-foams-bawdy-whaps,6,False,True
whare,slate-prick-aware-whare,4,False,True
wharf,slate-churn-wharf,3,True,True
whata,slate-aback-grata-taata-whata,5,False,True
whats,slate-combe-whats,3,True,True
whaup,slate-churn-whaup,3,False,True
whaur,slate-churn-whaur,3,False,True
wheal,slate-rangy-medal-equal-wheal,5,False,True
whear,slate-raced-blown-wreak-whear,5,False,True
wheat,slate-treed-aback-wheat,4,True,True
wheek,slate-diner-chomp-wheek,4,False,True
wheel,slate-oiler-leech-wheel,4,True,True
wheen,slate-diner-mocks-queen-wheen,5,False,True
wheep,slate-diner-chomp-wheep,4,False,True
wheft,slate-titer-bacon-kempt-wheft,5,False,True
whelk,slate-oiler-hunky-whelk,4,True,True
whelm,slate-oiler-hunky-leech-whelp-whelm,6,False,True
whelp,slate-oiler-hunky-leech-whelp,5,True,True
whens,slate-roses-punch-hyens-whens,5,False,True
where,slate-groin-curvy-where,4,True,True
whets,slate-trips-vined-beets-khets-whets,6,False,True
whews,slate-roses-punch-acidy-whews,5,False,True
wheys,slate-roses-punch-acidy-wheys,5,False,True
which,slate-crony-aback-which,4,True,True
whids,slate-mochi-brisk-whips-aband-whids,6,False,True
whies,slate-roses-denim-vichy-aheap-whies,6,False,True
whiff,slate-crony-field-whiff,4,True,True
whift,slate-rhino-thick-whift,4,False,True
whigs,slate-mochi-brisk-whips-aband-whigs,6,False,True
while,slate-bingo-beech-while,4,True,True
whilk,slate-dilly-chili-whilk,4,False,True
whims,slate-mochi-whims,3,True,True
whine,slate-groin-chemo-whine,4,True,True
whins,slate-mochi-brisk-whips-aband-whins,6,False,True
whiny,slate-crony-bicep-whiny,4,True,True
whios,slate-mochi-hiois-whios,4,False,True
whips,slate-mochi-brisk-whips,4,True,True
whipt,slate-rhino-thick-whift-whipt,5,False,True
whirl,slate-dilly-acorn-whirl,4,True,True
whirr,slate-crony-ahead-whirr,4,True,True
whirs,slate-mochi-brisk-whirs,4,False,True
whish,slate-mochi-brisk-phish-whish,5,False,True
whisk,slate-mochi-brisk-whisk,4,True,True
whiss,slate-mochi-brisk-phish-whiss,5,False,True
whist,slate-trout-aimed-whist,4,True,True
white,slate-turbo-white,3,True,True
whits,slate-grimy-ankle-quits-cotta-whits,6,False,True
whity,slate-irony-dwarf-witty-whity,5,False,True
whizz,slate-crony-field-whizz,4,True,True
whole,slate-bingo-ahold-whole,4,True,True
whomp,slate-crony-adios-whomp,4,True,True
whoof,slate-crony-adios-whoop-whoof,5,False,True
whoop,slate-crony-adios-whoop,4,True,True
whoot,slate-rhino-aflow-whoot,4,False,True
whops,slate-mochi-frosh-adapt-whops,5,False,True
whore,slate-groin-chore-whore,4,False,True
whorl,slate-dilly-whang-whorl,4,True,True
whort,slate-rhino-throb-whort,4,False,True
whose,slate-group-ancho-whose,4,True,True
whoso,slate-mochi-frosh-whoso,4,False,True
whows,slate-mochi-frosh-adapt-whows,5,False,True
whump,slate-crony-field-humph-whump,5,False,True
whups,slate-mochi-arses-hunks-phubs-whups,6,False,True
whyda,slate-corny-kayak-phyma-whyda,5,False,True
wicca,slate-corny-acrid-wicca,4,True,True
wicks,slate-mochi-kendo-picks-wicks,5,True,True
wicky,slate-crony-humid-picky-ablow-wicky,6,False,True
widdy,slate-crony-dumps-aback-giddy-widdy,6,False,True
widen,slate-diner-widen,3,True,True
wider,slate-diner-crewe-wider,4,True,True
wides,slate-roses-denim-hides-abaca-fides-wides,7,False,False
widow,slate-crony-bipod-widow,4,True,True
width,slate-irony-ached-width,4,True,True
wield,slate-oiler-alway-wield,4,True,True
wiels,slate-oiler-adunc-liefs-wiels,5,False,True
wifed,slate-diner-biped-hakim-fixed-wifed,6,False,True
wifes,slate-roses-denim-vichy-kappa-fixes-wifes,7,False,False
wifey,slate-diner-bicep-aevum-wifey,5,False,True
wifie,slate-groin-pixie-advew-wifie,5,False,True
wifts,slate-grimy-nymph-fists-tifts-wifts,6,False,True
wifty,slate-irony-dwarf-wifty,4,False,True
wigan,slate-corny-denim-abbas-wigan,5,True,True
wigga,slate-corny-mamba-pizza-advew-wigga,6,False,True
wiggy,slate-crony-dumps-affix-jiggy-biggy-wiggy,7,False,False
wight,slate-rhino-witty-wight,4,True,True
wikis,slate-mochi-kirby-jawed-winks-wikis,6,False,True
wilco,slate-dilly-befog-wilco,4,True,True
wilds,slate-lucid-idols-wilds,4,True,True
wiled,slate-oiler-awful-wiled,4,True,True
wiles,slate-oiler-frump-wiles,4,True,True
wilga,slate-colin-afire-villa-agama-wilga,6,False,True
wilis,slate-lucid-polis-imlis-wilis,5,False,True
wilja,slate-colin-afire-villa-agama-wilja,6,False,True
wills,slate-lucid-morph-befog-kills-wills,6,True,True
willy,slate-dilly-wharf-willy,4,True,True
wilts,slate-bolus-hilts-tilts-gawks-wilts,6,False,True
wimps,slate-mochi-dippy-wimps,4,True,True
wimpy,slate-crony-dumps-wimpy,4,True,True
wince,slate-groin-chemo-wince,4,True,True
winch,slate-crony-blimp-winch,4,True,True
winds,slate-mochi-kirby-waged-winds,5,True,True
windy,slate-crony-pudge-windy,4,True,True
wined,slate-diner-frump-vined-wined,5,True,True
wines,slate-roses-denim-awful-wines,5,True,True
winey,slate-diner-piney-winey,4,True,True
winge,slate-groin-binge-hinge-amped-winge,6,False,True
wings,slate-mochi-kirby-waged-wings,5,True,True
wingy,slate-crony-pudge-bawks-wingy,5,False,True
winks,slate-mochi-kirby-jawed-winks,5,True,True
winky,slate-crony-pudge-kinky-hinky-ablow-winky,7,False,False
winna,slate-corny-mixup-acned-winna,5,False,True
winns,slate-mochi-kirby-waged-wisps-winns,6,False,True
winos,slate-mochi-arses-pious-devon-wakfs-winos,7,False,False
winze,slate-groin-chemo-knife-jinne-winze,6,False,True
wiped,slate-diner-biped-piped-wiped,5,True,True
wiper,slate-diner-phlox-arrow-wiper,5,True,True
wipes,slate-roses-denim-vichy-kappa-wipes,6,True,True
wired,slate-diner-wharf-wired,4,True,True
wirer,slate-diner-phlox-befog-river-wirer,6,False,True
wires,slate-roses-ficus-hires-wires,5,True,True
wirra,slate-corny-fluke-parma-advew-wirra,6,False,True
wirri,slate-crony-ahead-quirk-pirri-wirri,6,False,True
wised,slate-roses-album-advew-wised,5,False,True
wiser,slate-roses-wiser,3,True,True
wises,slate-roses-album-peeve-wises,5,False,True
wisha,slate-oasis-aband-wisha,4,False,True
wisht,slate-trout-aimed-visit-wisht,5,False,True
wisps,slate-mochi-kirby-waged-wisps,5,True,True
wispy,slate-mochi-kirby-wispy,4,True,True
wists,slate-grimy-nymph-fists-aback-wists,6,False,True
witan,slate-tarot-ached-untag-witan,5,False,True
witch,slate-rhino-witty-witch,4,True,True
wited,slate-titer-cited-askew-wited,5,False,True
wites,slate-hurst-timon-aback-bawdy-wites,6,False,True
withe,slate-chirp-tithe-askew-withe,5,False,True
withs,slate-trout-abase-myths-apeak-withs,6,False,True
withy,slate-rhino-witty-withy,4,False,True
witty,slate-irony-dwarf-witty,4,True,True
wived,slate-diner-biped-hakim-fixed-advew-wived,7,False,False
wiver,slate-diner-phlox-befog-river-ajwan-wiver,7,False,False
wives,slate-roses-denim-vichy-aglow-wives,6,True,True
wizen,slate-diner-given-hamza-wizen,5,False,True
wizes,slate-roses-denim-vichy-kappa-fixes-begob-wizes,8,False,False
wizzo,slate-crony-bipod-gizmo-wizzo,5,False,True
woads,slate-curbs-acing-foams-aahed-woads,6,False,True
woady,slate-churn-foamy-woady,4,False,True
woald,slate-corgi-koala-poalo-woald,5,False,True
wocks,slate-mochi-curds-jocks-powny-wocks,6,False,True
wodge,slate-groin-dodge-abamp-wodge,5,False,True
wodgy,slate-crony-badge-dodgy-podgy-wodgy,6,False,True
woful,slate-dilly-whang-woful,4,False,True
wojus,slate-mochi-bundy-fours-wojus,5,False,True
woken,slate-diner-mocks-woken,4,True,True
woker,slate-diner-whomp-woker,4,False,True
wokka,slate-corny-gaped-momma-abaht-wokka,6,False,True
wolds,slate-lucid-defog-holds-molds-bolds-wolds,7,False,False
wolfs,slate-lucid-frown-wolfs,4,False,True
wolly,slate-dilly-laugh-frump-jolly-colly-wolly,7,False,False
wolve,slate-bingo-ahold-loupe-askew-wolve,6,False,True
woman,slate-corny-aimed-woman,4,True,True
womas,slate-oasis-comas-bandh-pomas-womas,6,False,True
wombs,slate-mochi-words-wombs,4,True,True
womby,slate-crony-badge-hobby-womby,5,False,True
women,slate-diner-mocks-women,4,True,True
womyn,slate-crony-agood-womyn,4,False,True
wonga,slate-corny-aimed-hogan-ponga-wonga,6,False,True
wongi,slate-crony-bough-mongo-wongi,5,False,True
wonks,slate-mochi-bundy-gongs-kapow-wonks,6,False,True
wonky,slate-crony-wonky,3,True,True
wonts,slate-grimy-bronc-whoof-wonts,5,False,True
woods,slate-mochi-bundy-dwarf-woods,5,True,True
woody,slate-crony-dough-moody-woody,5,True,True
wooed,slate-diner-moped-oxbow-wooed,5,True,True
wooer,slate-diner-whomp-wooer,4,True,True
woofs,slate-mochi-bundy-afore-agape-woofs,6,False,True
woofy,slate-crony-dough-abuzz-kooky-poofy-woofy,7,False,False
woold,slate-dilly-amuck-world-woold,5,False,True
wools,slate-lucid-frown-wools,4,False,True
wooly,slate-dilly-bowed-wooly,4,True,True
woons,slate-mochi-bundy-aglow-abord-woons,6,False,True
woops,slate-mochi-bundy-afore-poops-goops-woops,7,False,False
woopy,slate-crony-dough-abuzz-kooky-poofy-woopy,7,False,False
woose,slate-group-ancho-moose-boose-woose,6,False,True
woosh,slate-mochi-drank-hoofs-woosh,5,False,True
wootz,slate-irony-bloop-tooth-wootz,5,False,True
woozy,slate-crony-dough-abuzz-woozy,5,True,True
words,slate-mochi-bundy-dwarf-words,5,True,True
wordy,slate-crony-dowry-wordy,4,True,True
works,slate-mochi-bundy-afore-works,5,True,True
worky,slate-crony-dowry-wormy-worky,5,False,True
world,slate-dilly-amuck-world,4,True,True
worms,slate-mochi-words-worms,4,True,True
wormy,slate-crony-dowry-wormy,4,True,True
worry,slate-crony-dowry-worry,4,True,True
worse,slate-group-awash-worse,4,True,True
worst,slate-trout-worst,3,True,True
worth,slate-irony-forth-worth,4,True,True
worts,slate-grimy-adopt-forts-ablow-worts,6,False,True
would,slate-dilly-amuck-would,4,True,True
wound,slate-crony-bodhi-frump-wound,5,True,True
woven,slate-diner-mocks-woven,4,True,True
wowed,slate-diner-moped-oxbow-calve-wowed,6,True,True
wowee,slate-groin-blush-comme-adzed-wowee,6,False,True
wowse,slate-group-abled-noise-fosse-wowse,6,False,True
woxen,slate-diner-mocks-woven-woxen,5,False,True
wrack,slate-churn-flown-wrack,4,True,True
wrang,slate-churn-biped-frank-alamo-wrang,6,False,True
wraps,slate-curbs-dowse-wraps,4,True,True
wrapt,slate-grunt-brick-draft-alway-wrapt,6,False,True
wrast,slate-bronc-abyss-trash-wrast,5,False,True
wrate,slate-corgi-prate-aflow-wrate,5,False,True
wrath,slate-aback-wrath,3,True,True
wrawl,slate-corgi-brawl-drawl-wrawl,5,False,True
wreak,slate-raced-blown-wreak,4,True,True
wreck,slate-diner-myrrh-wreck,4,True,True
wrens,slate-roses-being-wrens,4,False,True
wrest,slate-hurst-crest-wrest,4,True,True
wrick,slate-crony-brick-prick-wrick,5,False,True
wried,slate-diner-chief-pried-wried,5,False,True
wrier,slate-diner-acute-brier-aflap-wrier,6,False,True
wries,slate-roses-ficus-dries-abamp-wries,6,False,True
wring,slate-crony-being-wring,4,True,True
wrist,slate-trout-grist-wrist,4,True,True
write,slate-turbo-write,3,True,True
writs,slate-grimy-brits-afanc-writs,5,False,True
wroke,slate-groin-baldy-froze-prove-acara-wroke,7,False,False
wrong,slate-crony-adapt-wrong,4,True,True
wroot,slate-rhino-tromp-grout-croft-wroot,6,False,True
wrote,slate-turbo-wrote,3,True,True
wroth,slate-irony-batty-froth-wroth,5,False,True
wrung,slate-crony-being-wrung,4,True,True
wryer,slate-diner-whomp-weber-wryer,5,False,True
wryly,slate-dilly-bowed-wryly,4,True,True
wuddy,slate-crony-dumps-banjo-fudgy-wuddy,6,False,True
wudus,slate-mochi-gunky-abhor-puffs-jujus-wudus,7,False,False
wuffs,slate-mochi-gunky-abhor-puffs-adawn-wuffs,7,False,False
wulls,slate-lucid-bebop-gulls-hulls-enmew-wulls,7,False,False
wunga,slate-corny-denim-ganja-punga-wunga,6,False,True
wurst,slate-trout-bawdy-wurst,4,True,True
wuses,slate-roses-album-fuses-adawn-wuses,6,False,True
wushu,slate-mochi-agape-bushy-wushu,5,False,True
wussy,slate-mochi-gunky-fussy-pussy-wussy,6,False,True
wuxia,slate-corny-mamba-pizza-wuxia,5,False,True
wyled,slate-oiler-julep-celeb-aahed-wyled,6,False,True
wyles,slate-oiler-mules-whyda-wyles,5,False,True
wynds,slate-mochi-gunky-abord-wynds,5,False,True
wynns,slate-mochi-gunky-abord-wynns,5,False,True
wyted,slate-titer-donut-feted-wyted,5,False,True
wytes,slate-hurst-timon-bytes-cawks-wytes,6,False,True
wythe,slate-chirp-ewked-wythe,4,False,True
xebec,slate-diner-chomp-xebec,4,False,True
xenia,slate-raced-venom-henna-aargh-xenia,6,False,True
xenic,slate-diner-ennui-cagot-xenic,5,False,True
xenon,slate-diner-bumpy-xenon,4,True,True
xeric,slate-diner-affix-xeric,4,False,True
xerox,slate-diner-myrrh-xerox,4,True,True
xerus,slate-roses-being-jeeps-herds-mawky-xerus,7,False,False
xoana,slate-churn-piano-abamp-xoana,5,False,True
xolos,slate-lucid-frown-polls-bomoh-kolos-xolos,7,False,False
xrays,slate-curbs-dowse-agony-prays-affix-xrays,7,False,False
xviii,slate-crony-field-whizz-abamp-xviii,6,False,True
xylan,slate-colin-bubby-xylan,4,False,True
xylem,slate-oiler-julep-celeb-aahed-xylem,6,False,True
xylic,slate-dilly-calix-xylic,4,False,True
xylol,slate-dilly-xylol,3,False,True
xylyl,slate-dilly-xylol-xylyl,4,False,True
xysti,slate-grimy-xysti,3,False,True
xysts,slate-grimy-cysts-xysts,4,False,True
yaars,slate-curbs-dowse-agony-prays-kyars-yaars,7,False,False
yaass,slate-curbs-acing-foams-bawdy-yaass,6,False,True
yabas,slate-oasis-brink-rugby-yabas,5,False,True
yabba,slate-corny-kayak-abamp-yabba,5,False,True
yabby,slate-corny-gaped-champ-jazzy-baffs-yabby,7,False,False
yacca,slate-corny-yucca-yacca,4,False,True
yacht,slate-tarot-dough-habit-yacht,5,True,True
yacka,slate-corny-yucca-yacka,4,False,True
yacks,slate-oasis-brink-champ-jacks-bawdy-yacks,7,False,False
yadda,slate-corny-kayak-abamp-yadda,5,False,True
yaffs,slate-oasis-brink-apace-degum-chewy-yaffs,7,False,False
yager,slate-raced-pygmy-yager,4,False,True
yages,slate-wiper-casks-gamed-nages-yages,6,False,True
yagis,slate-oasis-mavis-nazis-darga-yagis,6,False,True
yagna,slate-corny-yagna,3,False,True
yahoo,slate-corny-bayou-yahoo,4,True,True
yaird,slate-corny-hydra-yaird,4,False,True
yajna,slate-corny-yagna-yajna,4,False,True
yakka,slate-corny-kayak-yakka,4,False,True
yakow,slate-corny-bayou-yahoo-yakow,5,False,True
yales,slate-lambs-graph-vales-wales-edify-yales,7,False,False
yamen,slate-raced-homed-gamey-yamen,5,False,True
yampa,slate-corny-kayak-abamp-yampa,5,False,True
yampy,slate-corny-gaped-vampy-yampy,5,False,True
yamun,slate-corny-mayan-yamun,4,False,True
yandy,slate-corny-dough-bandy-kemps-yandy,6,False,True
yangs,slate-oasis-brink-glyph-yangs,5,False,True
yanks,slate-oasis-brink-hanks-yanks,5,True,True
yapok,slate-corny-bayou-yahoo-yakow-yapok,6,False,True
yapon,slate-corny-anyon-yapon,4,False,True
yapps,slate-oasis-brink-apace-vamps-guppy-yapps,7,False,False
yappy,slate-corny-gaped-parch-yappy,5,True,True
yarak,slate-corny-addra-yarak,4,False,True
yarco,slate-corny-yarco,3,False,True
yards,slate-oasis-brink-whims-cards-yards,6,True,True
yarer,slate-raced-pygmy-barfi-yarer,5,False,True
yarfa,slate-corny-addra-yarfa,4,False,True
yarks,slate-oasis-brink-amped-racks-chewy-yarks,7,False,False
yarns,slate-oasis-brink-warns-yarns,5,True,True
yarra,slate-corny-addra-yarra,4,False,True
yarrs,slate-oasis-brink-whims-cards-ajupa-yarrs,7,False,False
yarta,slate-carny-yarta,3,False,True
yarto,slate-carny-yarta-yarto,4,False,True
yates,slate-dater-batch-amigo-fates-nappy-yates,7,False,False
yatra,slate-tarot-aiyah-yatra,4,False,True
yauds,slate-oasis-brink-apace-degum-hauds-yauds,7,False,False
yauld,slate-colin-grump-uvula-howdy-yauld,6,False,True
yaups,slate-oasis-brink-apace-vamps-guppy-yaups,7,False,False
yawed,slate-raced-funky-bayed-yawed,5,False,True
yawey,slate-raced-homed-waxen-yawey,5,False,True
yawls,slate-basis-mulch-acing-larks-amply-yawls,7,False,False
yawns,slate-oasis-brink-adapt-yawns,5,True,True
yawny,slate-corny-admin-nanny-fawny-yawny,6,False,True
yawps,slate-oasis-brink-apace-vamps-guppy-yawps,7,False,False
yayas,slate-oasis-brink-apace-mamas-gyved-yayas,7,False,False
ybore,slate-groin-chore-ybore,4,False,True
yclad,slate-colin-yclad,3,False,True
ycled,slate-oiler-julep-celeb-ycled,5,False,True
ycond,slate-crony-ycond,3,False,True
ydrad,slate-corny-addra-ydrad,4,False,True
ydred,slate-diner-befog-acres-erred-abamp-ydred,7,False,False
yeads,slate-rebid-heads-meads-deads-yeads,6,False,True
yeahs,slate-rebid-bumps-jeans-yeahs,5,False,True
yealm,slate-leery-yealm,3,False,True
yeans,slate-rebid-bumps-jeans-agamy-yeans,6,False,True
yeard,slate-hardy-yeard,3,False,True
yearn,slate-hardy-yearn,3,True,True
years,slate-rebid-glyph-years,4,True,True
yeast,slate-tabby-yeast,3,True,True
yecch,slate-diner-whomp-beech-accoy-yecch,6,False,True
yechs,slate-roses-punch-chefs-abmho-yechs,6,False,True
yechy,slate-diner-whomp-beech-yechy,5,False,True
yedes,slate-roses-denim-baccy-yedes,5,False,True
yeeds,slate-roses-punch-defog-weeds-meeds-yeeds,7,False,False
yeeek,slate-diner-chomp-queek-yeeek,5,False,True
yeesh,slate-roses-newsy-yeesh,4,False,True
yeggs,slate-roses-punch-defog-geeks-yeggs,6,False,True
yelks,slate-oiler-psych-yells-yelks,5,False,True
yells,slate-oiler-psych-yells,4,True,True
yelms,slate-oiler-psych-yells-yelks-yelms,6,False,True
yelps,slate-oiler-psych-yelps,4,False,True
yelts,slate-balmy-yelts,3,False,True
yenta,slate-earth-amnic-nenta-yenta,5,False,True
yente,slate-turbo-white-bandy-yente,5,False,True
yerba,slate-raced-blown-zebra-verba-yerba,6,False,True
yerds,slate-roses-being-jeeps-herds-merds-yerds,7,False,False
yerks,slate-roses-being-jeeps-herds-mawky-yerks,7,False,False
yeses,slate-roses-album-peeve-yeses,5,False,True
yesks,slate-roses-desks-yesks,4,False,True
yests,slate-trips-vined-beets-fishy-yests,6,False,True
yesty,slate-trips-zesty-afanc-yesty,5,False,True
yetis,slate-hurst-timon-etics-yetis,5,False,True
yetts,slate-trips-vined-beets-fishy-yetts,6,False,True
yeuch,slate-diner-whomp-beech-accoy-yeuch,6,False,True
yeuks,slate-roses-punch-feuds-agama-yeuks,6,False,True
yeuky,slate-diner-whomp-beefy-yeuky,5,False,True
yeven,slate-diner-mocks-queen-avyze-yeven,6,False,True
yeves,slate-roses-denim-feces-vibex-yeves,6,False,True
yewen,slate-diner-mocks-queen-avyze-yewen,6,False,True
yexed,slate-diner-moped-beech-keyed-yexed,6,False,True
yexes,slate-roses-denim-feces-vibex-chawk-yexes,7,False,False
yfere,slate-groin-curvy-rhyme-yfere,5,False,True
yield,slate-oiler-alway-yield,4,True,True
yiked,slate-diner-biped-hakim-affly-yiked,6,False,True
yikes,slate-roses-denim-vichy-yikes,5,True,True
yills,slate-lucid-morph-befog-kills-wills-avyze-yills,8,False,False
yince,slate-groin-chemo-wince-pince-yince,6,False,True
yipes,slate-roses-denim-vichy-yikes-yipes,6,False,True
yippy,slate-crony-dumps-zippy-hippy-pygmy-yippy,7,False,False
yirds,slate-mochi-kirby-yirds,4,False,True
yirks,slate-mochi-kirby-yirks,4,False,True
yirrs,slate-mochi-kirby-yirds-yirrs,5,False,True
yirth,slate-irony-yirth,3,False,True
yites,slate-hurst-timon-aback-bawdy-yites,6,False,True
yitie,slate-chirp-tinge-abrim-yitie,5,False,True
ylems,slate-plebe-flesh-goyim-ylems,5,False,True
ylide,slate-bipod-glide-elide-ylide,5,False,True
ylids,slate-flops-bliss-abysm-ylids,5,False,True
ylike,slate-bipod-clime-glike-ylike,5,False,True
ylkes,slate-plebe-clues-flies-ylkes,5,False,True
ymolt,slate-grout-ymolt,3,False,True
ympes,slate-roses-denim-fumes-mzees-ympes,6,False,True
yobbo,slate-crony-yoppo-yobbo,4,False,True
yobby,slate-crony-badge-hobby-abamp-yobby,6,False,True
yocks,slate-mochi-curds-jocks-powny-yocks,6,False,True
yodel,slate-oiler-bawdy-yodel,4,True,True
yodhs,slate-mochi-boogy-yodhs,4,False,True
yodle,slate-bingo-ahold-abyes-yodle,5,False,True
yogas,slate-oasis-comas-henry-poyas-yogas,6,False,True
yogee,slate-groin-dodge-vogue-yogee,5,False,True
yoghs,slate-mochi-boogy-yoghs,4,False,True
yogic,slate-crony-aalii-yogic,4,False,True
yogin,slate-crony-agood-yogin,4,False,True
yogis,slate-mochi-acids-rangy-yogis,5,False,True
yohah,slate-corny-abhor-yohah,4,False,True
yohay,slate-corny-abhor-yohay,4,False,True
yoick,slate-crony-aalii-yoick,4,False,True
yojan,slate-corny-abjud-yojan,4,False,True
yokan,slate-corny-abjud-yokan,4,False,True
yoked,slate-diner-moped-oxbow-badly-yoked,6,True,True
yokeg,slate-diner-chomp-defog-yokeg,5,False,True
yokel,slate-oiler-bawdy-yokel,4,True,True
yoker,slate-diner-whomp-rocky-yoker,5,False,True
yokes,slate-roses-munch-biped-afoot-jokes-gokes-yokes,8,False,False
yokul,slate-dilly-lymph-nonyl-yokul,5,False,True
yolks,slate-lucid-frown-polls-bomoh-volks-yolks,7,False,False
yolky,slate-dilly-block-folky-yolky,5,False,True
yolps,slate-lucid-frown-polls-golps-yolps,6,False,True
yomim,slate-crony-yoppo-yomim,4,False,True
yomps,slate-mochi-words-bombs-enjoy-yomps,6,False,True
yonic,slate-crony-yonic,3,False,True
yonis,slate-mochi-acids-rangy-yonis,5,False,True
yonks,slate-mochi-bundy-gonys-yonks,5,False,True
yonny,slate-crony-award-bonny-nonny-yonny,6,False,True
yoofs,slate-mochi-bundy-apoop-yoofs,5,False,True
yoops,slate-mochi-bundy-apoop-yoops,5,False,True
yopos,slate-mochi-bundy-apoop-yopos,5,False,True
yoppo,slate-crony-yoppo,3,False,True
yores,slate-roses-aback-pores-fudgy-yores,6,False,True
yorga,slate-corny-yorga,3,False,True
yorks,slate-mochi-bundy-apoop-yorks,5,False,True
yorps,slate-mochi-bundy-apoop-yorps,5,False,True
youks,slate-mochi-bundy-yours-youks,5,False,True
young,slate-crony-young,3,True,True
yourn,slate-crony-gyron-yourn,4,False,True
yours,slate-mochi-bundy-yours,4,True,True
yourt,slate-rhino-tromp-court-yourt,5,False,True
youse,slate-group-homed-youse,4,True,True
youth,slate-irony-youth,3,True,True
yowed,slate-diner-moped-oxbow-calve-wowed-jowed-yowed,8,False,False
yowes,slate-roses-munch-biped-afoot-jokes-advew-yowes,8,False,False
yowie,slate-groin-mauve-bowie-apayd-yowie,6,False,True
yowls,slate-lucid-frown-bowls-howls-agamy-yowls,7,False,False
yowsa,slate-oasis-abord-yowsa,4,False,True
yowza,slate-corny-abhor-yowza,4,False,True
yoyos,slate-mochi-bundy-apoop-yoyos,5,False,True
yrapt,slate-grunt-brick-draft-alway-yrapt,6,False,True
yrent,slate-titer-vouch-exert-brent-acedy-yrent,7,False,False
yrivd,slate-crony-yrivd,3,False,True
yrneh,slate-diner-renew-yrneh,4,False,True
ysame,slate-beech-usage-ysame,4,False,True
ytost,slate-trout-ytost,3,False,True
yuans,slate-curbs-quads-guans-yuans,5,False,True
yucas,slate-oasis-anger-dumpy-kuyas-yucas,6,False,True
yucca,slate-corny-yucca,3,True,True
yucch,slate-crony-yucch,3,False,True
yucko,slate-crony-aalii-yucko,4,False,True
yucks,slate-mochi-abide-fucks-crapy-yucks,6,False,True
yucky,slate-crony-humid-yucky,4,True,True
yufts,slate-grimy-cysts-yufts,4,False,True
yugas,slate-oasis-anger-gugas-yugas,5,False,True
yuked,slate-diner-moped-beech-juked-yuked,6,False,True
yukes,slate-roses-denim-cubes-kopje-yukes,6,False,True
yukky,slate-crony-dumps-befog-huzzy-yukky,6,False,True
yukos,slate-mochi-gross-kudos-bukos-yukos,6,False,True
yulan,slate-colin-bubby-yulan,4,False,True
yules,slate-oiler-mules-glyph-yules,5,False,True
yummo,slate-crony-yoppo-yummo,4,False,True
yummy,slate-crony-dumps-gayly-yummy,5,True,True
yumps,slate-mochi-bardo-jumps-pumps-abeng-yumps,7,False,False
yupon,slate-crony-agood-yupon,4,False,True
yuppy,slate-crony-dumps-puppy-guppy-buppy-yuppy,7,False,False
yurta,slate-carny-yurta,3,False,True
yurts,slate-grimy-ryots-yurts,4,False,True
yuzus,slate-mochi-gunky-yuzus,4,False,True
zabra,slate-corny-rabid-kabar-zabra,5,False,True
zacks,slate-oasis-brink-champ-jacks-bawdy-kacks-zacks,8,False,False
zaida,slate-corny-mamba-kappa-adage-zaida,6,False,True
zaide,slate-garbo-cumin-waive-paipe-zaide,6,False,True
zaidy,slate-corny-gaped-abide-zaidy,5,False,True
zaire,slate-garbo-camps-faire-zaire,5,True,True
zakat,slate-tarot-dough-faint-majat-zakat,6,False,True
zamac,slate-corny-acrid-macaw-zamac,5,False,True
zamak,slate-corny-mamba-zamak,4,False,True
zaman,slate-corny-denim-human-amman-zaman,6,False,True
zambo,slate-corny-dumbo-mambo-agaze-zambo,6,False,True
zamia,slate-corny-mamba-hamza-zamia,5,False,True
zamis,slate-oasis-mavis-acker-zamis,5,False,True
zanja,slate-corny-denim-ganja-zanja,5,False,True
zante,slate-actor-haute-nizam-zante,5,False,True
zanza,slate-corny-denim-ganja-nanua-zanza,6,False,True
zanze,slate-garbo-cumin-panna-wanze-zanze,6,False,True
zappy,slate-corny-gaped-parch-yappy-mappy-zappy,7,False,False
zarda,slate-corny-fluke-parma-gived-zarda,6,False,True
zarfs,slate-oasis-brink-whims-cards-ajupa-yarrs-zarfs,8,False,False
zaris,slate-oasis-mavis-nazis-zaris,5,False,True
zatis,slate-antsy-bebop-maths-quirk-jatis-zatis,7,False,False
zawns,slate-oasis-brink-adapt-yawns-afizz-zawns,7,False,False
zaxes,slate-wiper-casks-gamed-abash-faxes-vaxes-zaxes,8,False,False
zayde,slate-garbo-cumin-payee-zayde,5,False,True
zayin,slate-corny-mayan-zayin,4,False,True
zazen,slate-raced-homed-waxen-abamp-zazen,6,False,True
zeals,slate-ahold-meals-reals-abeng-advew-afizz-zeals,8,False,False
zebec,slate-diner-chomp-xebec-zebec,5,False,True
zebra,slate-raced-blown-zebra,4,True,True
zebub,slate-diner-whomp-beefy-zebub,5,False,True
zebus,slate-roses-punch-feuds-zebus,5,False,True
zedas,slate-wiper-bands-degas-zedas,5,False,True
zeera,slate-raced-blown-freak-afizz-zeera,6,False,True
zeins,slate-roses-punch-abide-veins-meins-zeins,7,False,False
zendo,slate-diner-bendy-kendo-zendo,5,False,True
zerda,slate-raced-dream-zerda,4,False,True
zerks,slate-roses-being-jeeps-herds-mawky-zerks,7,False,False
zeros,slate-roses-abuzz-zeros,4,True,True
zests,slate-trips-vined-beets-fishy-gawks-jests-zests,8,False,False
zesty,slate-trips-zesty,3,True,True
zetas,slate-dater-abeng-makaf-wetas-zetas,6,False,True
zexes,slate-roses-denim-feces-vibex-chawk-yexes-zexes,8,False,False
zezes,slate-roses-denim-feces-vibex-pekes-zezes,7,False,False
zhomo,slate-crony-adios-whomp-zhomo,5,False,True
zhush,slate-mochi-arses-dunsh-zhush,5,False,True
zhuzh,slate-crony-field-humph-zhuzh,5,False,True
zibet,slate-titer-aback-bidet-zibet,5,False,True
ziffs,slate-mochi-kirby-waged-finis-ajiva-ziffs,7,False,False
zigan,slate-corny-denim-abbas-wigan-zigan,6,False,True
zikrs,slate-mochi-kirby-risks-zikrs,5,False,True
zilas,slate-basis-pring-miltz-zilas,5,False,True
zilch,slate-dilly-befog-zilch,4,True,True
zilla,slate-colin-afire-villa-zilla,5,False,True
zills,slate-lucid-morph-befog-kills-wills-avyze-zills,8,False,False
zimbi,slate-crony-field-mixup-zimbi,5,False,True
zimbs,slate-mochi-dippy-firms-nimbs-zimbs,6,False,True
zinco,slate-crony-ionic-zinco,4,False,True
zincs,slate-mochi-abyss-crips-zincs,5,False,True
zincy,slate-crony-nicky-mincy-zincy,5,False,True
zineb,slate-diner-piney-vinew-zineb,5,False,True
zines,slate-roses-denim-awful-naive-pines-aback-zines,8,False,False
zings,slate-mochi-kirby-waged-pings-gadje-zings,7,False,False
zingy,slate-crony-pudge-bawks-mingy-zingy,6,False,True
zinke,slate-groin-chemo-knife-zinke,5,False,True
zinky,slate-crony-pudge-kinky-hinky-ablow-zinky,7,False,False
zinos,slate-mochi-arses-pious-devon-wakfs-zinos,7,False,False
zippo,slate-crony-bipod-hippo-gippo-zippo,6,False,True
zippy,slate-crony-dumps-zippy,4,True,True
ziram,slate-corny-fluke-parma-ahead-ziram,6,False,True
zitis,slate-trout-abase-myths-aizle-zitis,6,False,True
zitty,slate-irony-dwarf-aback-titty-jitty-zitty,7,False,False
zizel,slate-oiler-lanky-pixel-abamp-zizel,6,False,True
zizit,slate-rhino-sized-tizzy-zizit,5,False,True
zlote,slate-acing-flute-zlote,4,False,True
zloty,slate-aboil-cloth-plotz-zloty,5,False,True
zoaea,slate-hardy-beaux-zoaea,4,False,True
zobos,slate-mochi-bundy-gazar-zobos,5,False,True
zobus,slate-mochi-bundy-zobus,4,False,True
zocco,slate-crony-bicep-jocko-zocco,5,False,True
zoeae,slate-garbo-awoke-amnic-zoeae,5,False,True
zoeal,slate-rangy-medal-equal-wheal-zoeal,6,False,True
zoeas,slate-wiper-bands-vegas-axiom-zoeas,6,False,True
zoism,slate-mochi-zoism,3,False,True
zoist,slate-trout-champ-foist-joist-zoist,6,False,True
zokor,slate-crony-furry-vigor-bomor-zokor,6,False,True
zolle,slate-bingo-ahold-joule-enzym-zolle,6,False,True
zombi,slate-crony-bipod-agaze-zombi,5,False,True
zonae,slate-garbo-awoke-amnic-zonae,5,False,True
zonal,slate-colin-zonal,3,True,True
zonda,slate-corny-aimed-honda-afizz-zonda,6,False,True
zoned,slate-diner-botch-zoned,4,True,True
zoner,slate-diner-aglow-boner-abmho-zoner,6,False,True
zones,slate-roses-munch-abuzz-zones,5,True,True
zonks,slate-mochi-bundy-gongs-kapow-zonks,6,False,True
zooea,slate-raced-aback-abohm-zooea,5,False,True
zooey,slate-diner-chomp-gooey-zooey,5,False,True
zooid,slate-crony-adios-ovoid-zooid,5,False,True
zooks,slate-mochi-bundy-afore-poops-ajuga-kooks-zooks,8,False,False
zooms,slate-mochi-words-bombs-zooms,5,False,True
zoomy,slate-crony-dough-abuzz-zoomy,5,False,True
zoons,slate-mochi-bundy-aglow-nooks-adrip-zoons,7,False,False
zooty,slate-irony-booty-caphs-footy-zooty,6,False,True
zoppa,slate-corny-gaped-poppa-koppa-zoppa,6,False,True
zoppo,slate-crony-bipod-popup-zoppo,5,False,True
zoril,slate-dilly-acorn-kriol-zoril,5,False,True
zoris,slate-mochi-acids-rangy-koris-zoris,6,False,True
zorro,slate-crony-furry-zorro,4,True,True
zorse,slate-group-awash-morse-acedy-zorse,6,False,True
zouks,slate-mochi-bundy-fours-ajuga-pouks-zouks,7,False,False
zowee,slate-groin-blush-comme-adzed-zowee,6,False,True
zowie,slate-groin-mauve-bowie-apayd-zowie,6,False,True
zulus,slate-lucid-bebop-gulls-adhan-zulus,6,False,True
zupan,slate-corny-denim-pagan-zupan,5,False,True
zupas,slate-oasis-anger-dumpy-happi-zupas,6,False,True
zuppa,slate-corny-mamba-pizza-zuppa,5,False,True
zurfs,slate-mochi-gunky-abhor-purrs-zurfs,6,False,True
zuzim,slate-crony-field-whizz-zuzim,5,False,True
zygal,slate-colin-grump-aahed-zygal,5,False,True
zygon,slate-crony-agood-zygon,4,False,True
zymes,slate-roses-denim-fumes-cymes-zymes,6,False,True
zymic,slate-crony-yucch-zymic,4,False,True
