word,prior,expected_guesses
aahed,0.0,2.6709
aalii,0.0,2.7518
aapas,0.0,2.779
aargh,0.0,2.6508
aarti,0.0,2.5872
abaca,0.0,2.8463
abaci,0.0,2.7326
aback,1.0,2.7558
abacs,0.0,2.7094
abaft,0.0,2.7356
abaht,0.0,2.6972
abaka,0.0,2.8894
abamp,0.0,2.7549
aband,0.0,2.7035
abase,0.911774,2.6619
abash,0.031973,2.7077
abask,0.0,2.726
abate,1.0,2.6314
abaya,0.0,2.8766
abbas,0.0,2.8487
abbed,0.0,2.7363
abbes,0.0,2.7306
abbey,0.999124,2.7465
abbot,0.0007792000000000001,2.7198
abcee,0.0,2.6439
abeam,0.0,2.7341
abear,0.0,2.6287
abeat,0.0,2.6455
abeer,0.0,2.6051
abele,0.0,2.6153
abeng,0.0,2.6408
abers,0.0,2.5656
abets,0.0,2.5538
abeys,0.0,2.6385
abhor,0.0007792000000000001,2.5964
abide,0.4333186147945205,2.5776
abies,0.0,2.5735
abius,0.0,2.6467
abjad,0.0,2.8805
abjud,0.0,2.8238
abled,0.003896,2.5495
abler,0.0,2.531
ables,0.0,2.5579
ablet,0.0,2.5221
ablow,0.0,2.6841
abmho,0.0,2.704
abnet,0.0,2.5365
abode,1.0,2.5784
abohm,0.0,2.6874
aboil,0.663523,2.5742
aboma,0.0,2.7348
aboon,0.0,2.6852
abord,0.0,2.5811
abore,0.0,2.5245
aborn,0.0,2.5571
abort,1.0,2.5193
about,0.676051704109589,2.6115
above,0.7828177621917808,2.6645
abram,0.0,2.6905
abray,0.0,2.6721
abrim,0.0,2.6189
abrin,0.0,2.566
abris,0.0,2.5824
absey,0.0,2.6009
absit,0.0,2.5671
abuna,0.0,2.7149
abune,0.0,2.5726
abura,0.0,2.6935
aburn,0.0,2.5938
abuse,1.0,2.5906
abuts,0.0,2.5956
abuzz,1.0,2.9336
abyes,0.0,2.6249
abysm,0.0,2.6692
abyss,1.0,2.7532
acais,0.0,2.6562
acara,0.0,2.7521
acari,0.0,2.6388
accas,0.0,2.8101
accha,0.0,2.8513
accoy,0.0,2.7207
accra,0.0,2.7643
acedy,0.0,2.615
acene,0.0,2.592
acerb,0.0,2.5662
acers,0.0,2.5227
aceta,0.0,2.6252
achar,0.0,2.6535
ached,0.003896,2.6014
acher,0.0,2.5569
aches,0.0,2.5999
achey,0.0,2.622
achoo,0.052968,2.7341
acids,0.0,2.587
acidy,0.0,2.6235
acies,0.0,2.5415
acing,0.964463,2.5889
acini,0.0,2.6902
ackee,0.0,2.669
acker,0.0,2.5785
acmes,0.0,2.59
acmic,0.0,2.7601
acned,0.0,2.5451
acnes,0.0,2.5439
acock,0.0,2.7509
acoel,0.0,2.5289
acold,0.0,2.5726
acone,0.0,2.5093
acorn,0.2973515835616438,2.5009
acral,0.0,2.6053
acred,0.0,2.5125
acres,0.0,2.5177
acrid,0.7171155726027397,2.5376
acron,0.0,2.522
acros,0.0,2.5411
acryl,0.0,2.5826
actas,0.0,2.6417
acted,0.003896,2.5452
actin,0.0,2.5331
acton,0.0,2.5461
actor,0.5510350378082192,2.5068
actus,0.0,2.5829
acute,0.0007792000000000001,2.5419
acyls,0.0,2.6014
adage,0.3384154520547945,2.6725
adapt,0.5309593687671232,2.649
adats,0.0,2.6662
adawn,0.0,2.7526
adaws,0.0,2.778
adays,0.0,2.7352
adbot,0.0,2.6093
addas,0.0,2.8346
addax,0.0,2.9668
added,0.003896,2.8465
adder,0.873821,2.6815
addin,0.0,2.711
addio,0.0,2.7359
addle,0.870413,2.6585
addra,0.0,2.7998
adead,0.0,2.7982
adeem,0.0,2.6594
adept,0.0610062071232876,2.5409
adhan,0.0,2.7437
adhoc,0.0,2.6827
adieu,1.0,2.6221
adios,0.935071,2.6029
adits,0.0,2.5713
adlib,0.0,2.6332
adman,0.0,2.7176
admen,0.0,2.5816
admin,0.0308927035616438,2.5987
admit,0.9269975671232876,2.5725
admix,0.0,2.7775
adnex,0.0,2.6771
adobe,1.0,2.5805
adobo,0.995374,2.7257
adoon,0.0,2.6765
adopt,0.8229691002739726,2.5591
adorb,0.0,2.6025
adore,0.8631204383561644,2.5114
adorn,1.0,2.5163
adown,0.0,2.6654
adoze,0.0,2.6909
adrad,0.0,2.7711
adraw,0.0,2.7332
adred,0.0,2.627
adret,0.0,2.4795
adrip,0.0,2.5865
adsum,0.0,2.6776
aduki,0.0,2.7287
adult,0.5738482980821917,2.5466
adunc,0.0,2.6352
adust,0.0,2.563
advew,0.0,2.7327
advts,0.0,2.7015
adyta,0.0,2.7247
adyts,0.0,2.6366
adzed,0.0,2.8178
adzes,0.0,2.7106
aecia,0.0,2.6488
aedes,0.0,2.5965
aeger,0.0,2.5693
aegis,1.0,2.5708
aeons,0.0,2.5238
aerie,1.0,2.5804
aeros,0.0,2.526
aesir,0.0,2.4887
aevum,0.0,2.6968
afald,0.0,2.7162
afanc,0.0,2.7216
afara,0.0,2.8189
afars,0.0,2.6875
afear,0.0,2.6538
affix,0.1759850389041096,2.9418
affly,0.0,2.7824
afion,0.0,2.6082
afire,1.0,2.5544
afizz,0.0,2.9358
aflaj,0.0,2.8589
aflap,0.0,2.7309
aflow,0.0,2.7136
afoam,0.0,2.7539
afoot,0.0007792000000000001,2.6898
afore,0.638004,2.5616
afoul,1.0,2.6277
afret,0.0,2.5137
afrit,0.0,2.5481
afros,0.0,2.591
after,0.4707323616438356,2.5471
aftos,0.0,2.6144
again,0.6915647210958904,2.6854
agals,0.0,2.6715
agama,0.0,2.8656
agami,0.0,2.7402
agamy,0.0,2.7151
agape,1.0,2.6591
agars,0.0,2.6636
agasp,0.0,2.6857
agast,0.0,2.6201
agate,0.98098,2.6445
agaty,0.0,2.6661
agave,1.0,2.761
agaze,0.0,2.7803
agbas,0.0,2.7458
agene,0.0,2.618
agent,0.5765858893150685,2.542
agers,0.0,2.5626
aggag,0.0,3.002
agger,0.0,2.6739
aggie,0.0,2.7096
aggri,0.0,2.7515
aggro,0.0,2.7251
aggry,0.0,2.741
aghas,0.0,2.7479
agidi,0.0,2.7771
agila,0.0,2.6611
agile,0.7006900252054794,2.5179
aging,0.5035834564383561,2.7344
agios,0.0,2.6054
agism,0.0,2.6228
agist,0.0,2.5338
agita,0.994003,2.6883
aglee,0.0,2.596
aglet,0.0,2.5185
agley,0.0,2.5704
agloo,0.0,2.6961
aglow,0.7216782246575342,2.6542
aglus,0.0,2.6241
agmas,0.0,2.7399
agoge,0.0,2.7111
agogo,0.0,2.8468
agone,0.0,2.54
agons,0.0,2.5833
agony,0.7426664241095889,2.5797
agood,0.0,2.7137
agora,0.956463,2.6598
agree,0.0007792000000000001,2.607
agria,0.0,2.6614
agrin,0.0,2.5563
agros,0.0,2.5706
agrum,0.0,2.6271
agued,0.0,2.6087
agues,0.0,2.6028
aguey,0.0,2.6215
aguna,0.0,2.7022
agush,0.0,2.6325
aguti,0.0,2.6369
ahead,1.0,2.6898
aheap,0.0,2.6657
ahent,0.0,2.5062
ahigh,0.0,2.7506
ahind,0.0,2.5848
ahing,0.0,2.605
ahint,0.0,2.5116
ahold,0.993709,2.5591
ahole,0.0,2.5204
ahull,0.0,2.6881
ahuru,0.0,2.7312
aidas,0.0,2.6636
aided,0.003896,2.6673
aider,0.859036,2.4991
aides,0.0,2.5331
aidoi,0.0,2.7217
aidos,0.0,2.5775
aiery,0.0,2.5189
aigas,0.0,2.6682
aight,0.0,2.5891
ailed,0.003896,2.4977
aimag,0.0,2.7074
aimak,0.0,2.7174
aimed,0.003896,2.5448
aimer,0.0,2.5143
ainee,0.0,2.5583
ainga,0.0,2.6548
aioli,1.0,2.6825
aired,0.003896,2.502
airer,0.0,2.5646
airns,0.0,2.5069
airth,0.0,2.5069
airts,0.0,2.4901
aisle,0.2727132624657534,2.4723
aitch,0.0,2.5551
aitus,0.0,2.5619
aiver,0.0,2.5617
aixes,0.0,2.6542
aiyah,0.0,2.6875
aiyee,0.0,2.6335
aiyoh,0.0,2.6041
aiyoo,0.0,2.6902
aizle,0.0,2.6119
ajies,0.0,2.659
ajiva,0.0,2.8802
ajuga,0.0,2.854
ajupa,0.0,2.842
ajwan,0.0,2.8633
akara,0.0,2.8049
akees,0.0,2.663
akela,0.0,2.6842
akene,0.0,2.6402
aking,0.0,2.6521
akita,0.0,2.6826
akkas,0.0,2.8744
akker,0.0,2.7268
akoia,0.0,2.737
akoja,0.0,2.8696
akoya,0.0,2.7602
aksed,0.0,2.6073
akses,0.0,2.7164
alaap,0.0,2.7535
alack,0.0,2.6575
alala,0.0,2.8583
alamo,0.0,2.6465
aland,0.0,2.6171
alane,0.0,2.5541
alang,0.0,2.6324
alans,0.0,2.5996
alant,0.0,2.5576
alapa,0.0,2.7621
alaps,0.0,2.6164
alarm,0.0427555989041095,2.6312
alary,0.0,2.594
alata,0.0,2.7202
alate,0.0,2.5436
alays,0.0,2.6474
albas,0.0,2.648
albee,0.0,2.57
albid,0.0,2.5886
album,1.0,2.6181
alcea,0.0,2.6032
alces,0.0,2.5218
alcid,0.0,2.5589
alcos,0.0,2.5446
aldea,0.0,2.5998
alder,0.97456,2.4925
aldol,0.0,2.6567
aleak,0.0,2.6507
aleck,0.0,2.5673
alecs,0.0,2.5103
aleem,0.0,2.5922
alefs,0.0,2.5747
aleft,0.0,2.5376
aleph,0.0,2.5451
alert,0.1121079101369863,2.4626
alews,0.0,2.5883
aleye,0.0,2.6139
alfas,0.0,2.6855
algae,1.0,2.627
algal,0.0,2.7494
algas,0.0,2.6496
algid,0.0,2.5768
algin,0.0,2.5429
algor,0.0,2.5228
algos,0.0,2.5649
algum,0.0,2.6227
alias,1.0,2.6212
alibi,0.0007792000000000001,2.7034
alick,0.0,2.5723
alien,0.9726240876712328,2.4701
alifs,0.0,2.5897
align,0.0007792000000000001,2.5321
alike,0.9315602191780822,2.5341
alims,0.0,2.5543
aline,0.0,2.471
alios,0.0,2.5217
alist,0.0,2.4652
alive,0.476207544109589,2.5814
aliya,0.0,2.656
alkie,0.0,2.5539
alkin,0.0,2.5777
alkos,0.0,2.595
alkyd,0.0,2.6692
alkyl,0.0,2.7467
allan,0.0,2.7088
allay,1.0,2.7624
allee,0.0,2.6403
allel,0.0,2.75
allen,0.0,2.5925
aller,0.0,2.5755
alley,0.0007792000000000001,2.6353
allin,0.0,2.6242
allis,0.0,2.6363
allod,0.0,2.6573
allot,0.0007792000000000001,2.6084
allow,1.0,2.7233
alloy,0.0007792000000000001,2.6601
allus,0.0,2.6689
allyl,0.0,2.8276
almah,0.0,2.6768
almas,0.0,2.6499
almeh,0.0,2.5633
almes,0.0,2.5353
almud,0.0,2.6083
almug,0.0,2.6195
alods,0.0,2.5688
aloed,0.0,2.5145
aloes,0.0,2.5005
aloft,1.0,2.5524
aloha,0.968989,2.6709
aloin,0.0,2.5153
alone,1.0,2.4839
along,0.0007792000000000001,2.5356
aloof,0.4816827265753425,2.6933
aloos,0.0,2.6194
alose,0.0,2.4758
aloud,0.8914088810958904,2.5658
alowe,0.0,2.5785
alpha,0.9379479320547944,2.6736
altar,1.0,2.5894
alter,0.8202315090410959,2.4591
altho,0.0,2.5606
altos,0.0,2.4941
alula,0.0,2.7542
alums,0.0,2.5666
alumy,0.0,2.5822
alure,0.0,2.5041
alurk,0.0,2.5814
alvar,0.0,2.6566
alway,0.0,2.7058
amahs,0.0,2.7128
amain,0.0,2.6489
amari,0.0,2.6589
amaro,0.972228,2.6536
amass,0.3822169117808219,2.8001
amate,0.0,2.6017
amaut,0.0,2.6467
amaze,0.0007792000000000001,2.7838
amban,0.0,2.7171
amber,0.8612953775342467,2.566
ambit,0.973035,2.5963
amble,0.0975074235616438,2.5584
ambos,0.0,2.6458
ambry,0.0,2.6189
ameba,0.0,2.735
ameer,0.0,2.5771
amend,1.0,2.5713
amene,0.0,2.6137
amens,0.0,2.5632
ament,0.0,2.5288
amias,0.0,2.6693
amice,0.0,2.5405
amici,0.0,2.7313
amide,0.0,2.5685
amido,0.0,2.6227
amids,0.0,2.6342
amies,0.0,2.553
amiga,0.0,2.7106
amigo,0.942233,2.6344
amine,0.0,2.5264
amino,1.0,2.5844
amins,0.0,2.5818
amirs,0.0,2.5577
amiss,0.6295126531506849,2.6967
amity,0.989425,2.582
amlas,0.0,2.6638
amman,0.0,2.8108
ammas,0.0,2.8281
ammon,0.0,2.7257
ammos,0.0,2.7399
amnia,0.0,2.6671
amnic,0.0,2.6096
amnio,0.0,2.5856
amoks,0.0,2.6458
amole,0.0,2.5274
among,0.0007792000000000001,2.5943
amore,0.0,2.5229
amort,0.0,2.5075
amour,0.989007,2.5713
amove,0.0,2.644
amowt,0.0,2.6384
amped,0.003896,2.5705
ample,1.0,2.5228
amply,0.0007792000000000001,2.5756
ampul,0.0,2.6155
amrit,0.0,2.5177
amuck,0.801422,2.6695
amuse,0.0007792000000000001,2.5665
amyls,0.0,2.6074
anana,0.0,2.8867
anata,0.0,2.7398
ancho,0.989113,2.6072
ancle,0.0,2.5187
ancon,0.0,2.6769
andic,0.0,2.6029
andro,0.0,2.5536
anear,0.0,2.5728
anele,0.0,2.5642
anent,0.0,2.6099
angas,0.0,2.6674
angel,0.6021367408219178,2.5292
anger,0.7235032854794521,2.5279
angle,0.095682362739726,2.5195
anglo,0.0,2.5756
angry,0.9890496350684932,2.5724
angst,0.3548409994520548,2.5269
anigh,0.0,2.5943
anile,0.0,2.4825
anils,0.0,2.5248
anima,0.942233,2.6782
anime,1.0,2.5378
animi,0.0,2.7147
anion,0.0,2.65
anise,1.0,2.5086
anker,0.0,2.5596
ankhs,0.0,2.6696
ankle,0.0007792000000000001,2.5584
ankus,0.0,2.6512
anlas,0.0,2.6237
annal,0.019518,2.7587
annan,0.0,2.8968
annas,0.0,2.7548
annat,0.0,2.7149
annex,0.0007792000000000001,2.8008
annoy,0.0007792000000000001,2.7009
annul,1.0,2.6839
annum,0.0,2.7407
annus,0.0,2.7082
anoas,0.0,2.622
anode,0.6404630180821917,2.5352
anole,0.850312,2.4924
anomy,0.0,2.58
ansae,0.0,2.5854
ansas,0.0,2.7518
antae,0.0,2.5704
antar,0.0,2.5683
antas,0.0,2.6048
anted,0.0,2.5185
antes,0.0,2.4981
antic,0.8357445260273972,2.5403
antis,0.0,2.5214
antra,0.0,2.5909
antre,0.0,2.4598
antsy,1.0,2.5336
anura,0.0,2.6354
anvil,0.305564357260274,2.6234
anyon,0.0,2.6945
aorta,0.8457823605479452,2.5977
apace,1.0,2.6254
apage,0.0,2.6444
apaid,0.0,2.6652
apart,0.4561318750684931,2.5831
apayd,0.0,2.7166
apays,0.0,2.6883
apeak,0.0,2.7001
apeek,0.0,2.6607
apers,0.0,2.5264
apert,0.0,2.4807
apery,0.0,2.5278
apgar,0.0,2.6492
aphid,0.948844,2.6295
aphis,0.0,2.6301
apian,0.0,2.6208
aping,0.99393,2.581
apiol,0.0,2.5447
apish,0.0,2.5709
apism,0.0,2.5857
apnea,1.0,2.6444
apode,0.0,2.5653
apods,0.0,2.6232
apols,0.0,2.5577
apoop,0.0,2.8061
aport,0.0,2.5029
appal,0.0,2.773
appam,0.0,2.8377
appay,0.0,2.8012
appel,0.0,2.6438
apple,0.8038059616438356,2.6381
apply,0.8558201950684932,2.6923
appro,0.0,2.6878
appts,0.0,2.696
appui,0.0,2.787
appuy,0.0,2.75
apres,0.0,2.5054
apron,1.0,2.5152
apses,0.0,2.6748
apsis,0.0,2.6949
apsos,0.0,2.7001
apted,0.0,2.5393
apter,0.0,2.4857
aptly,0.8941464723287671,2.5374
aquae,0.0,2.7972
aquas,0.0,2.8491
araba,0.0,2.7733
araks,0.0,2.6405
arame,0.0,2.5614
arars,0.0,2.6889
arbah,0.0,2.6596
arbas,0.0,2.6316
arbor,0.7882929446575342,2.634
arced,0.003896,2.5035
archi,0.0,2.6007
arcos,0.0,2.5279
arcus,0.0,2.559
ardeb,0.0,2.5272
ardor,0.5583352810958904,2.6143
ardri,0.0,2.6588
aread,0.0,2.574
areae,0.0,2.6163
areal,0.0,2.5639
arear,0.0,2.6534
areas,0.0,2.6342
areca,0.0,2.5832
aredd,0.0,2.624
arede,0.0,2.5499
arefy,0.0,2.5761
areic,0.0,2.5248
arena,1.0,2.6247
arene,0.0,2.526
arepa,0.0,2.5972
arere,0.0,2.6261
arete,0.0,2.503
arets,0.0,2.4661
arett,0.0,2.5431
argal,0.0,2.6151
argan,0.0,2.605
argil,0.0,2.534
argle,0.0,2.4857
argol,0.0,2.5299
argon,0.961201,2.5267
argot,1.0,2.5019
argue,1.0,2.5484
argus,0.0,2.5741
arhat,0.0,2.5925
arias,0.0,2.6239
ariel,0.0,2.4795
ariki,0.0,2.7023
arils,0.0,2.5152
ariot,0.0,2.4664
arise,0.0007792000000000001,2.4676
arish,0.0,2.5243
arith,0.0,2.5049
arked,0.0,2.5551
arled,0.0,2.4803
arles,0.0,2.4819
armed,1.0,2.52
armer,0.0,2.5892
armet,0.0,2.4669
armil,0.0,2.5407
armor,1.0,2.632
arnas,0.0,2.5888
arnis,0.0,2.5084
arnut,0.0,2.4977
aroba,0.0,2.6366
aroha,0.0,2.6433
aroid,0.0,2.5171
aroma,1.0,2.6503
arose,1.0,2.4833
arpas,0.0,2.6079
arpen,0.0,2.4822
arrah,0.0,2.7019
arras,0.0,2.6798
array,1.0,2.7359
arret,0.0,2.5093
arris,0.0,2.6044
arrow,0.0792568153424657,2.6936
arroz,0.0,2.7207
arsed,0.0,2.4916
arses,0.0,2.5917
arsey,0.0,2.5088
arsis,0.0,2.6301
arson,1.0,2.49
artal,0.0,2.5664
artel,0.0,2.4546
arter,0.0,2.5383
artic,0.0,2.5134
artis,0.0,2.4842
artly,0.0,2.5199
artsy,0.0692189808219178,2.5065
aruhe,0.0,2.5437
arums,0.0,2.5664
arval,0.0,2.6717
arvee,0.0,2.5981
arvos,0.0,2.5919
aryls,0.0,2.5558
asada,0.0,2.8376
asana,0.0,2.7751
ascon,0.0,2.5707
ascot,0.4634321183561644,2.537
ascus,0.0,2.7451
asdic,0.0,2.6401
ashed,0.003896,2.5918
ashen,0.0756066936986301,2.5613
ashes,0.0,2.7153
ashet,0.0,2.5382
aside,1.0,2.5469
asity,0.0,2.5497
askar,0.0,2.6791
asked,0.003896,2.6222
asker,0.829263,2.5895
askew,1.0,2.685
askoi,0.0,2.6817
askos,0.0,2.7711
aspen,0.987907,2.5321
asper,0.0,2.5175
aspic,0.982001,2.5887
aspie,0.0,2.5348
aspis,0.0,2.7071
aspro,0.0,2.5632
assai,0.0,2.8025
assam,0.0,2.8047
assay,0.0007792000000000001,2.8176
assed,0.0,2.6731
asses,0.0,2.8258
asset,1.0,2.6258
assez,0.0,2.795
assot,0.0,2.6461
aster,0.943819,2.4885
astir,0.902458,2.5027
astun,0.0,2.5553
asura,0.0,2.6536
asway,0.0,2.7468
aswim,0.0,2.7035
asyla,0.0,2.6737
ataps,0.0,2.6345
ataxy,0.0,2.7806
atigi,0.0,2.711
atilt,0.0,2.5886
atimy,0.0,2.5833
atlas,0.1650346739726027,2.614
atman,0.0,2.6531
atmas,0.0,2.6686
atmos,0.0,2.5818
atocs,0.0,2.5573
atoke,0.0,2.5696
atoks,0.0,2.6104
atoll,0.994075,2.6343
atoms,0.0,2.5596
atomy,0.0,2.5772
atone,1.0,2.4896
atony,0.0,2.5346
atopy,0.0,2.569
atria,0.0007792000000000001,2.6274
atrip,0.0,2.5238
attap,0.0,2.7475
attar,0.0,2.6763
attas,0.0,2.7325
atter,0.0,2.5623
attic,0.0007792000000000001,2.6895
atuas,0.0,2.6414
aucht,0.0,2.5809
audad,0.0,2.8106
audax,0.0,2.8224
audio,0.6176497578082192,2.6389
audit,1.0,2.5716
augen,0.0,2.5515
auger,0.950148,2.5575
auges,0.0,2.5775
aught,0.840468,2.6109
augur,1.0,2.7175
aulas,0.0,2.6265
aulic,0.0,2.589
auloi,0.0,2.584
aulos,0.0,2.5555
aumil,0.0,2.5864
aunes,0.0,2.5301
aunts,0.0,2.5315
aunty,0.685589,2.5654
aurae,0.0,2.5767
aural,1.0,2.6343
aurar,0.0,2.6868
auras,0.0,2.6562
aurei,0.0,2.5704
aures,0.0,2.5018
auric,0.0,2.5727
auris,0.0,2.546
aurum,0.0,2.7008
autos,0.0,2.5667
auxin,0.0,2.7042
avail,0.7937681271232877,2.7318
avale,0.0,2.6562
avant,0.0,2.6669
avast,0.773749,2.6865
avels,0.0,2.6118
avens,0.0,2.6216
avers,0.0,2.6174
avert,0.8768083945205479,2.5806
avgas,0.0,2.7807
avian,1.0,2.7287
avine,0.0,2.5779
avion,0.0,2.6154
avise,0.0,2.5708
aviso,0.0,2.6278
avize,0.0,2.7299
avoid,0.0007792000000000001,2.6725
avows,0.0,2.7141
avyze,0.0,2.7961
await,0.6139996361643836,2.6964
awake,0.0007792000000000001,2.7488
award,0.1194081534246575,2.7152
aware,0.0500558421917808,2.6653
awari,0.0,2.7033
awarn,0.0,2.6564
awash,0.3156021917808219,2.7371
awato,0.0,2.6933
awave,0.0,2.7583
aways,0.0,2.7582
awdls,0.0,2.6532
aweel,0.0,2.6377
aweto,0.0,2.5958
awful,1.0,2.6981
awing,0.0,2.658
awkin,0.0,2.6819
awmry,0.0,2.6458
awned,0.0,2.5806
awner,0.0,2.5478
awoke,0.0007792000000000001,2.6617
awols,0.0,2.6081
awork,0.0,2.6384
axels,0.0,2.6657
axial,0.928638,2.7604
axile,0.0,2.6111
axils,0.0,2.6623
axing,0.956975,2.7176
axiom,0.8749833336986301,2.7436
axion,0.060813,2.6977
axite,0.0,2.6118
axled,0.0,2.6444
axles,0.0,2.6374
axman,0.0,2.8008
axmen,0.0,2.6745
axoid,0.0,2.7032
axone,0.0,2.6267
axons,0.0,2.6651
ayahs,0.0,2.6982
ayaya,0.0,2.9689
ayelp,0.0,2.5535
aygre,0.0,2.5498
ayins,0.0,2.5687
aymag,0.0,2.7383
ayont,0.0,2.5293
ayres,0.0,2.5288
ayrie,0.0,2.5254
azans,0.0,2.7635
azide,0.0,2.6651
azido,0.0,2.727
azine,0.0,2.6247
azlon,0.0,2.6762
azoic,0.0,2.7325
azole,0.0,2.6272
azons,0.0,2.6805
azote,0.0,2.6297
azoth,0.0,2.6854
azuki,0.0,2.8272
azure,0.5902738454794519,2.6736
azurn,0.0,2.6781
azury,0.0,2.6989
azygy,0.0,2.9074
azyme,0.0,2.7264
azyms,0.0,2.7622
baaed,0.0,2.6328
baals,0.0,2.6324
baaps,0.0,2.6836
babas,0.0,2.8113
babby,0.0,2.9114
babel,0.845544,2.6876
babes,0.0,2.7146
babka,0.97575,2.8946
baboo,0.0,2.8239
babul,0.0,2.7214
babus,0.0,2.7541
bacca,0.0,2.8124
bacco,0.0,2.716
baccy,0.0,2.7255
bacha,0.0,2.7232
bachs,0.0,2.6392
backs,0.0,2.6409
backy,0.0,2.6552
bacne,0.0,2.5363
bacon,0.5181839430136986,2.5618
badam,0.0,2.731
baddy,0.0,2.7498
badge,1.0,2.575
badly,1.0,2.5755
baels,0.0,2.5285
baffs,0.0,2.8207
baffy,0.0,2.8223
bafta,0.0,2.7292
bafts,0.0,2.6365
bagel,0.7061652076712328,2.5482
baggy,1.0,2.7707
baghs,0.0,2.6619
bagie,0.0,2.5539
bagsy,0.0,2.602
bagua,0.0,2.7192
bahts,0.0,2.5973
bahus,0.0,2.6477
bahut,0.0,2.6026
baiks,0.0,2.618
baile,0.0,2.4965
bails,0.0,2.5308
bairn,0.0,2.5198
baisa,0.0,2.6313
baith,0.0,2.5599
baits,0.0,2.5377
baiza,0.0,2.7859
baize,0.0,2.6459
bajan,0.0,2.7921
bajra,0.0,2.7807
bajri,0.0,2.7269
bajus,0.0,2.7529
baked,1.0,2.6264
baken,0.0,2.5985
baker,0.8795459857534247,2.5827
bakes,0.0,2.614
bakra,0.0,2.6895
balas,0.0,2.6318
balds,0.0,2.6036
baldy,0.704872,2.5836
baled,0.003896,2.5309
baler,0.0016917304109589,2.5138
bales,0.0,2.5071
balks,0.0,2.6028
balky,1.0,2.6286
ballo,0.0,2.6612
balls,0.0,2.6653
bally,0.0,2.6637
balms,0.0,2.5773
balmy,0.0546184942465753,2.5897
baloi,0.0,2.6026
balon,0.0,2.5506
baloo,0.0,2.6541
balot,0.0,2.5197
balsa,0.6924772515068494,2.6431
balti,0.0,2.5596
balun,0.0,2.5708
balus,0.0,2.5797
balut,0.0,2.5402
bamas,0.0,2.6922
bambi,0.0,2.7998
bamma,0.0,2.8456
bammy,0.0,2.7539
banak,0.0,2.6871
banal,1.0,2.6309
banco,0.0,2.5703
bancs,0.0,2.581
banda,0.0,2.6941
bandh,0.0,2.6377
bands,0.0,2.5857
bandy,0.954319,2.5865
baned,0.0,2.5389
banes,0.0,2.5353
bangs,0.0,2.5888
bania,0.0,2.64
banjo,0.0007792000000000001,2.7036
banks,0.0,2.613
banky,0.0,2.6297
banns,0.0,2.6937
bants,0.0,2.5513
bantu,0.0,2.5917
banty,0.0,2.5578
bantz,0.0,2.684
banya,0.0,2.6933
baons,0.0,2.5517
baozi,0.0,2.7526
bappu,0.0,2.795
bapus,0.0,2.6233
barbe,0.0,2.6241
barbs,0.0,2.6948
barby,0.0,2.7059
barca,0.0,2.6235
barde,0.0,2.5006
bardo,0.0,2.5622
bards,0.0,2.5667
bardy,0.0,2.5858
bared,0.003896,2.522
barer,0.829263,2.6182
bares,0.0,2.5156
barfi,0.0,2.6478
barfs,0.0,2.5999
barfy,0.0,2.6255
barge,0.6614512175342465,2.531
baric,0.0,2.5592
barks,0.0,2.5939
barky,0.0,2.6115
barms,0.0,2.5738
barmy,0.0,2.5748
barns,0.0,2.5245
barny,0.0,2.5476
baron,0.0007792000000000001,2.5121
barps,0.0,2.5696
barra,0.0,2.7046
barre,0.997756,2.6009
barro,0.0,2.6084
barry,0.0,2.6316
barye,0.0,2.5426
basal,0.987324,2.6485
basan,0.0,2.6366
basas,0.0,2.7788
based,0.003896,2.5565
basen,0.0,2.5276
baser,0.0,2.5037
bases,0.0,2.6887
basha,0.0,2.7058
basho,0.0,2.6219
basic,1.0,2.5901
basij,0.0,2.7305
basil,0.0007792000000000001,2.5446
basin,0.3657913643835616,2.5648
basis,0.0007792000000000001,2.7193
basks,0.0,2.7588
bason,0.0,2.5632
basse,0.0,2.6367
bassi,0.0,2.7174
basso,0.0,2.6943
bassy,0.0,2.6951
basta,0.0,2.6348
baste,0.0993324843835616,2.5007
basti,0.0,2.5719
basto,0.0,2.5566
basts,0.0,2.6761
batch,0.0007792000000000001,2.5802
bated,0.003896,2.5415
bates,0.0,2.5216
bathe,0.6459382005479452,2.5431
baths,0.0,2.577
batik,0.990889,2.6044
baton,0.0007792000000000001,2.5309
batos,0.0,2.5479
batta,0.0,2.7481
batts,0.0,2.6586
battu,0.0,2.7018
batty,0.997384,2.6825
bauds,0.0,2.6319
bauks,0.0,2.6396
baulk,0.0,2.6091
baurs,0.0,2.559
bavin,0.0,2.6475
bawds,0.0,2.7148
bawdy,0.2298243331506849,2.6898
bawks,0.0,2.7222
bawls,0.0,2.6293
bawns,0.0,2.6487
bawrs,0.0,2.63
bawty,0.0,2.6562
bayas,0.0,2.6816
bayed,0.003896,2.5944
bayer,0.0,2.5492
bayes,0.0,2.5831
bayle,0.0,2.5429
bayou,1.0,2.6699
bayts,0.0,2.5868
bazar,0.0,2.7388
bazas,0.0,2.7959
bazoo,0.0,2.812
bball,0.0,2.8282
bdays,0.0,2.6943
beach,0.6258625315068493,2.5963
beads,0.0,2.5852
beady,0.976432,2.5931
beaks,0.0,2.625
beaky,0.0,2.6241
beals,0.0,2.5317
beams,0.0,2.5843
beamy,0.0,2.5858
beano,0.0,2.5514
beans,0.0,2.5507
beany,0.0,2.5484
beard,0.0007792000000000001,2.5375
beare,0.0,2.5448
bears,0.0,2.5458
beast,0.6970399035616438,2.4956
beath,0.0,2.5525
beats,0.0,2.5263
beaty,0.0,2.5354
beaus,0.0,2.6146
beaut,0.26723808,2.5584
beaux,0.0,2.723
bebop,1.0,2.7298
becap,0.0,2.6079
becke,0.0,2.7145
becks,0.0,2.6528
bedad,0.0,2.7078
bedel,0.0,2.6205
bedes,0.0,2.6539
bedew,0.0,2.7274
bedim,0.0,2.6371
bedye,0.0,2.6958
beech,1.0,2.7022
beedi,0.0,2.6995
beefs,0.0,2.7255
beefy,0.8147563265753425,2.7543
beeps,0.0,2.6803
beers,0.0,2.6367
beery,0.0,2.6441
beets,0.0,2.6428
befit,0.0007792000000000001,2.6011
befog,0.736992,2.6782
begad,0.0,2.6095
began,1.0,2.5907
begar,0.0,2.5442
begat,0.999916,2.5772
begem,0.0,2.7119
beget,0.6432006093150685,2.6357
begin,0.8877587594520548,2.5999
begob,0.0,2.7767
begot,0.97971,2.5866
begum,0.0,2.696
begun,0.0007792000000000001,2.6366
beige,1.0,2.6711
beigy,0.0,2.6077
being,1.0,2.5969
beins,0.0,2.5616
beira,0.0,2.5209
beisa,0.0,2.5429
bekah,0.0,2.6731
belah,0.0,2.5772
belar,0.0,2.505
belay,0.906392,2.5631
belch,1.0,2.5951
belee,0.0,2.7342
belga,0.0,2.5985
belie,0.8330069347945206,2.6203
belit,0.0,2.5247
belle,0.0007792000000000001,2.726
belli,0.0,2.7049
bello,0.0,2.689
bells,0.0,2.686
belly,1.0,2.6902
belon,0.0,2.5677
below,0.7244158158904109,2.6281
belts,0.0,2.5412
belve,0.0,2.6985
bemad,0.0,2.6075
bemas,0.0,2.5994
bemix,0.0,2.7532
bemud,0.0,2.6654
bench,1.0,2.6067
bends,0.0,2.585
bendy,0.952006,2.6165
benes,0.0,2.6324
benet,0.0,2.5904
benga,0.0,2.6057
benis,0.0,2.5674
benji,0.0,2.7579
benne,0.0,2.7467
benni,0.0,2.7269
benny,0.0,2.7228
bento,0.989113,2.5534
bents,0.0,2.576
benty,0.0,2.5753
bepat,0.0,2.5464
beray,0.0,2.5362
beres,0.0,2.5918
beret,0.5884487846575343,2.567
bergs,0.0,2.5889
berko,0.0,2.6002
berks,0.0,2.6183
berme,0.0,2.6096
berms,0.0,2.5803
berob,0.0,2.6842
berry,1.0,2.6684
berth,0.9972624087671234,2.5571
beryl,0.816387,2.5641
besat,0.0,2.5158
besaw,0.0,2.6451
besee,0.0,2.7512
beses,0.0,2.7593
beset,0.7581794410958904,2.5998
besit,0.0,2.5317
besom,0.0,2.6202
besot,0.040901,2.5337
besti,0.0,2.5788
bests,0.0,2.6916
betas,0.0,2.5398
beted,0.0,2.6248
betel,0.975045,2.5986
betes,0.0,2.6063
beths,0.0,2.6172
betid,0.0,2.5676
beton,0.0,2.5601
betta,0.0,2.6507
betty,0.0,2.6918
bevan,0.0,2.6464
bevel,0.3712665468493151,2.7155
bever,0.0,2.6861
bevor,0.0,2.623
bevue,0.0,2.7528
bevvy,0.0,2.8833
bewdy,0.0,2.7318
bewet,0.0,2.6766
bewig,0.0,2.7181
bezel,0.970222,2.7524
bezes,0.0,2.7785
bezil,0.0,2.6902
bezzy,0.0,2.927
bhais,0.0,2.6115
bhaji,0.0,2.8092
bhang,0.0,2.6548
bhats,0.0,2.5815
bhava,0.0,2.808
bhels,0.0,2.6156
bhoot,0.0,2.6598
bhuna,0.0,2.6342
bhuts,0.0,2.6111
biach,0.0,2.6105
biali,0.0,2.697
bialy,0.0,2.5603
bibbs,0.0,2.9303
bibes,0.0,2.7142
bibis,0.0,2.8799
bible,0.954557,2.6805
biccy,0.0,2.7609
bicep,0.0509683726027397,2.5759
bices,0.0,2.5888
bicky,0.0,2.6984
biddy,0.54929,2.7598
bided,0.003896,2.7052
bider,0.0,2.5352
bides,0.0,2.5682
bidet,0.98249,2.5322
bidis,0.0,2.761
bidon,0.0,2.594
bidri,0.0,2.7419
bield,0.0,2.5722
biers,0.0,2.5534
biffo,0.0,2.8429
biffs,0.0,2.8421
biffy,0.0,2.8482
bifid,0.0,2.8191
bigae,0.0,2.5702
biggs,0.0,2.7953
biggy,0.0,2.7977
bigha,0.0,2.6883
bight,0.0,2.6491
bigly,0.0,2.6157
bigos,0.0,2.6271
bigot,1.0,2.5818
bihon,0.0,2.6231
bijou,0.0,2.7936
biked,0.003896,2.624
biker,1.0,2.586
bikes,0.0,2.6322
bikie,0.0,2.7512
bikky,0.0,2.8394
bilal,0.0,2.6693
bilat,0.0,2.522
bilbo,0.0,2.7361
bilby,0.0,2.7483
biled,0.0,2.5475
biles,0.0,2.5294
bilge,0.0217673994520547,2.5695
bilgy,0.0,2.6187
bilks,0.0,2.6341
bills,0.0,2.6636
billy,0.991344,2.6924
bimah,0.0,2.6525
bimas,0.0,2.6264
bimbo,0.0,2.7904
binal,0.0,2.5497
bindi,0.0,2.7702
binds,0.0,2.5853
biner,0.0,2.527
bines,0.0,2.5576
binge,0.5820610717808219,2.5723
bingo,1.0,2.611
bings,0.0,2.6383
bingy,0.0,2.6333
binit,0.0,2.6672
binks,0.0,2.6529
binky,0.0,2.6662
bints,0.0,2.5686
biogs,0.0,2.6196
biome,0.943035,2.5665
bions,0.0,2.5629
biont,0.0,2.5143
biose,0.0,2.5243
biota,0.0,2.5544
biped,0.919587,2.5743
bipod,0.921002,2.6046
bippy,0.0,2.7762
birch,0.6121745753424657,2.5755
birdo,0.0,2.5826
birds,0.0,2.579
biris,0.0,2.6874
birks,0.0,2.6269
birle,0.0,2.5052
birls,0.0,2.5695
biros,0.0,2.5531
birrs,0.0,2.6613
birse,0.0,2.5011
birsy,0.0,2.573
birth,0.7736924580821918,2.5629
birze,0.0,2.635
birzz,0.0,2.8685
bises,0.0,2.6803
bisks,0.0,2.7825
bisom,0.0,2.6313
bison,1.0,2.5666
bitch,0.0,2.6235
biter,0.952601,2.5009
bites,0.0,2.5344
bitey,0.0,2.5629
bitos,0.0,2.5656
bitou,0.0,2.6149
bitsy,0.816387,2.5712
bitte,0.0,2.6175
bitts,0.0,2.6791
bitty,0.973297,2.6973
bivia,0.0,2.8168
bivvy,0.0,2.882
bizes,0.0,2.6995
bizzo,0.0,2.9089
bizzy,0.0,2.9187
blabs,0.0,2.7016
black,1.0,2.6161
blade,0.1805476909589041,2.5256
blads,0.0,2.6055
blady,0.0,2.6002
blaer,0.0,2.4964
blaes,0.0,2.5227
blaff,0.0,2.7953
blags,0.0,2.5989
blahs,0.0,2.5906
blain,0.0,2.5427
blame,0.7727799276712329,2.5385
blams,0.0,2.5953
blanc,0.0,2.5705
bland,0.9945248175342466,2.5419
blank,0.0007792000000000001,2.5893
blare,0.3311152087671232,2.4983
blart,0.0,2.5112
blase,1.0,2.4929
blash,0.0,2.5729
blast,0.0007792000000000001,2.5016
blate,0.0,2.4977
blats,0.0,2.5376
blatt,0.0,2.6342
blaud,0.0,2.6016
blawn,0.0,2.6388
blaws,0.0,2.6439
blays,0.0,2.5996
blaze,0.2243491506849315,2.6465
bleah,0.0,2.5739
bleak,0.5610728723287671,2.6132
blear,0.0,2.5092
bleat,0.0007792000000000001,2.5108
blebs,0.0,2.7485
blech,0.0,2.6343
bleed,1.0,2.6346
bleep,0.6724015824657534,2.6274
blees,0.0,2.6158
blend,0.0007792000000000001,2.5622
blent,0.0,2.5566
blert,0.0,2.528
bless,1.0,2.684
blest,0.0,2.5347
blets,0.0,2.5652
bleys,0.0,2.6232
blimp,0.409592824109589,2.5994
blimy,0.0,2.6166
blind,1.0,2.5573
bling,1.0,2.5933
blini,0.0,2.7155
blink,0.0062543824657534,2.6088
blins,0.0,2.5733
bliny,0.0,2.58
blips,0.0,2.5663
bliss,0.0628312679452054,2.6726
blist,0.0,2.5259
blite,0.0,2.5123
blits,0.0,2.5514
blitz,1.0,2.6652
blive,0.0,2.6197
bloat,1.0,2.5119
blobs,0.0,2.7059
block,0.4825952569863014,2.6278
blocs,0.0,2.5566
blogs,0.0,2.5861
bloke,0.993099,2.5704
blond,0.4908080306849315,2.548
blonx,0.0,2.7017
blood,1.0,2.6728
blook,0.0,2.714
bloom,0.0007792000000000001,2.6935
bloop,1.0,2.6631
blore,0.0,2.5003
blots,0.0,2.5473
blown,1.0,2.6135
blows,0.0,2.6277
blowy,0.0,2.6635
blubs,0.0,2.7593
blude,0.0,2.5794
bluds,0.0,2.6509
bludy,0.0,2.6457
blued,0.0,2.5743
bluer,0.991344,2.5357
blues,0.0,2.5566
bluet,0.0,2.528
bluey,0.0,2.5853
bluff,0.9790118005479452,2.818
bluid,0.0,2.6113
blume,0.0,2.5988
blunk,0.0,2.6527
blunt,0.0007792000000000001,2.5413
blurb,0.8193189786301369,2.743
blurs,0.0,2.5824
blurt,1.0,2.5518
blush,1.0,2.6105
blype,0.0,2.6194
boabs,0.0,2.7206
boaks,0.0,2.6196
board,0.0254175210958904,2.5373
boars,0.0,2.5446
boart,0.0,2.4924
boast,0.1851103430136986,2.515
boats,0.0,2.5344
boaty,0.0,2.5565
bobac,0.0,2.7383
bobak,0.0,2.7796
bobas,0.0,2.7279
bobby,0.986468,2.9236
bobol,0.0,2.8042
bobos,0.0,2.8346
bocca,0.0,2.7271
bocce,0.994147,2.6684
bocci,0.0,2.7556
boche,0.0,2.6108
bocks,0.0,2.6677
boded,0.003896,2.6923
bodes,0.0,2.5577
bodge,0.0,2.5979
bodgy,0.0,2.6524
bodhi,0.0,2.6864
bodle,0.0,2.5402
bodoh,0.0,2.7309
boeps,0.0,2.5938
boers,0.0,2.5454
boeti,0.0,2.5723
boets,0.0,2.547
boeuf,0.0,2.663
boffo,0.978745,2.9345
boffs,0.0,2.834
bogan,0.0,2.5854
bogey,1.0,2.6057
boggy,0.981835,2.7808
bogie,0.736992,2.5776
bogle,0.0,2.5589
bogue,0.0,2.5836
bogus,1.0,2.6373
bohea,0.0,2.6125
bohos,0.0,2.7236
boils,0.0,2.5295
boing,0.902458,2.5952
boink,0.0,2.6008
boite,0.0,2.5127
boked,0.0,2.6487
bokeh,0.0,2.6689
bokes,0.0,2.641
bokos,0.0,2.7544
bolar,0.0,2.5111
bolas,0.0,2.5534
boldo,0.0,2.6934
bolds,0.0,2.6199
boles,0.0,2.5424
bolet,0.0,2.51
bolix,0.0,2.6936
bolks,0.0,2.6302
bolls,0.0,2.6821
bolos,0.0,2.6614
bolts,0.0,2.5428
bolus,0.877061,2.573
bomas,0.0,2.6094
bombe,0.0,2.7369
bombo,0.0,2.8703
bombs,0.0,2.7603
bomoh,0.0,2.7311
bomor,0.0,2.6527
bonce,0.0,2.5483
bonds,0.0,2.5796
boned,0.003896,2.5421
boner,0.276178,2.5035
bones,0.0,2.5348
boney,0.638004,2.5527
bongo,0.0491433117808219,2.7031
bongs,0.0,2.5999
bonie,0.0,2.5213
bonks,0.0,2.6118
bonne,0.0,2.6604
bonny,0.823057,2.7121
bonum,0.0,2.6145
bonus,0.1349211704109589,2.5898
bonza,0.0,2.7117
bonze,0.0,2.6691
booai,0.0,2.7103
booay,0.0,2.6788
boobs,0.0,2.8309
booby,0.915879,2.8633
boody,0.0,2.7137
booed,0.003896,2.6591
boofy,0.0,2.763
boogy,0.0,2.7154
boohs,0.0,2.7076
books,0.0,2.7239
booky,0.0,2.7469
bools,0.0,2.6554
booms,0.0,2.7023
boomy,0.0,2.7113
boong,0.0,2.6956
boons,0.0,2.6612
boord,0.0,2.6421
boors,0.0,2.6483
boose,0.0,2.6284
boost,1.0,2.6347
booth,1.0,2.6905
boots,0.0,2.662
booty,0.0892946498630137,2.6945
booze,0.9388604624657534,2.7794
boozy,1.0,2.8403
boppy,0.0,2.7596
borak,0.0,2.5836
boral,0.0,2.5221
boras,0.0,2.5346
borax,0.7454040153424658,2.6766
borde,0.0,2.5176
bords,0.0,2.5975
bored,1.0,2.5179
boree,0.0,2.5557
borek,0.0,2.5661
borel,0.0,2.5057
borer,0.0,2.6026
bores,0.0,2.5086
borgo,0.0,2.6708
boric,0.885892,2.5542
borks,0.0,2.6088
borms,0.0,2.586
borna,0.0,2.5346
borne,0.0436681293150685,2.4868
boron,0.952006,2.6339
borts,0.0,2.5271
borty,0.0,2.5436
bortz,0.0,2.6548
bosey,0.0,2.5927
bosie,0.0,2.5348
bosks,0.0,2.7729
bosky,0.0,2.6619
bosom,1.0,2.7081
boson,0.990608,2.6758
bossa,0.0,2.7018
bossy,0.2334744547945205,2.7276
bosun,0.0,2.5756
botas,0.0,2.5512
botch,1.0,2.6014
boteh,0.0,2.566
botel,0.0,2.5231
botes,0.0,2.5425
botew,0.0,2.6202
bothy,0.0,2.613
botos,0.0,2.6588
botte,0.0,2.6249
botts,0.0,2.6697
botty,0.0,2.6803
bouge,0.0,2.5811
bough,0.9187847934246576,2.6594
bouks,0.0,2.6565
boule,0.922373,2.5447
boult,0.0,2.5354
bound,1.0,2.5867
bouns,0.0,2.5769
bourd,0.0,2.5727
bourg,0.0,2.5824
bourn,0.0,2.5461
bouse,0.0,2.5307
bousy,0.0,2.5845
bouts,0.0,2.5821
boutu,0.0,2.7315
bovid,0.0,2.6885
bowat,0.0,2.6216
bowed,0.003896,2.6285
bowel,1.0,2.5866
bower,0.955942,2.5958
bowes,0.0,2.6429
bowet,0.0,2.5995
bowie,0.0,2.6309
bowls,0.0,2.6244
bowne,0.0,2.6185
bowrs,0.0,2.6347
bowse,0.0,2.6162
boxed,0.003896,2.6919
boxen,0.0,2.686
boxer,0.1878479342465753,2.6639
boxes,0.0,2.6986
boxla,0.0,2.7053
boxty,0.0,2.7226
boyar,0.0,2.5511
boyau,0.0,2.6615
boyed,0.0,2.6104
boyey,0.0,2.7501
boyfs,0.0,2.6939
boygs,0.0,2.6547
boyla,0.0,2.5896
boyly,0.0,2.7377
boyos,0.0,2.7085
boysy,0.0,2.7392
bozos,0.0,2.8121
braai,0.0,2.6517
brace,0.2964390531506849,2.4929
brach,0.0,2.5781
brack,0.0,2.5943
bract,0.0,2.5099
brads,0.0,2.5919
braes,0.0,2.5067
brags,0.0,2.5821
brahs,0.0,2.599
braid,0.8585577863013698,2.5485
brail,0.0,2.5326
brain,0.2572002454794521,2.5197
brake,1.0,2.5602
braks,0.0,2.5989
braky,0.0,2.611
brame,0.0,2.5186
brand,0.0007792000000000001,2.5343
brane,0.0,2.4893
brank,0.0,2.5854
brans,0.0,2.5375
brant,0.0,2.5087
brash,0.7098153293150684,2.57
brass,0.2718007320547945,2.6746
brast,0.0,2.4933
brats,0.0,2.5188
brava,0.888573,2.7546
brave,0.8758958641095891,2.6075
bravi,0.0,2.668
bravo,0.3648788339726027,2.6418
brawl,1.0,2.6197
brawn,0.1796351605479452,2.6039
braws,0.0,2.6317
braxy,0.0,2.7
brays,0.0,2.5928
braza,0.0,2.7676
braze,0.0,2.6098
bread,0.7572669106849316,2.5634
break,0.0007792000000000001,2.6056
bream,0.990513,2.5745
brede,0.0,2.6084
breds,0.0,2.5941
breed,0.4150680065753424,2.6237
breem,0.0,2.6232
breer,0.0,2.6842
brees,0.0,2.5995
breid,0.0,2.546
breis,0.0,2.552
breme,0.0,2.6241
brens,0.0,2.5714
brent,0.0,2.5249
brere,0.0,2.6795
brers,0.0,2.6581
breve,0.0,2.6834
brews,0.0,2.6358
breys,0.0,2.6185
briar,0.953185,2.6419
bribe,1.0,2.6605
brick,1.0,2.6024
bride,0.6167372273972603,2.5239
brief,0.495370682739726,2.5786
brier,0.873821,2.6226
bries,0.0,2.5234
brigs,0.0,2.5851
briki,0.0,2.7581
briks,0.0,2.6229
brill,0.0,2.6622
brims,0.0,2.577
brine,1.0,2.4928
bring,0.0007792000000000001,2.5763
brink,1.0,2.5927
brins,0.0,2.5665
briny,0.3785667901369863,2.5579
brios,0.0,2.5498
brise,0.0,2.5049
brisk,0.9260850367123288,2.5895
briss,0.0,2.6835
brith,0.0,2.5619
brits,0.0,2.5394
britt,0.0,2.6179
brize,0.0,2.6309
broad,0.2699756712328767,2.5491
broch,0.0,2.5779
brock,0.0,2.6069
brods,0.0,2.601
brogh,0.0,2.6185
brogs,0.0,2.6046
broil,0.0007792000000000001,2.5303
broke,0.7362787112328768,2.561
brome,0.0,2.5394
bromo,0.0,2.6711
bronc,0.880145,2.5365
brond,0.0,2.5671
brood,0.0007792000000000001,2.6558
brook,0.6386379572602741,2.7039
brool,0.0,2.6229
broom,0.7189406334246575,2.6759
broos,0.0,2.6394
brose,0.0,2.5075
brosy,0.0,2.559
broth,0.4132429457534246,2.5577
brown,0.2042734816438356,2.6
brows,0.0,2.6203
bruck,0.0,2.6407
brugh,0.0,2.6452
bruhs,0.0,2.6336
bruin,0.663523,2.5546
bruit,0.0,2.5288
bruja,0.0,2.7268
brujo,0.0,2.7205
brule,0.0,2.5362
brume,0.0,2.5711
brung,0.0,2.6217
brunt,1.0,2.5494
brush,0.5966615583561643,2.6019
brusk,0.019518,2.6257
brust,0.0,2.521
brute,0.2909638706849314,2.5312
bruts,0.0,2.5567
bruvs,0.0,2.6987
buats,0.0,2.5612
buaze,0.0,2.6846
bubal,0.0,2.7304
bubas,0.0,2.754
bubba,0.0,2.948
bubbe,0.0,2.9085
bubby,0.0,2.9598
bubus,0.0,2.9244
buchu,0.0,2.8443
bucko,0.0,2.6872
bucks,0.0,2.6769
bucku,0.0,2.8625
budas,0.0,2.6388
buddy,0.3393279824657534,2.7939
buded,0.0,2.7233
budes,0.0,2.604
budge,0.0007792000000000001,2.6342
budis,0.0,2.6459
budos,0.0,2.6463
buena,0.0,2.5816
buffa,0.0,2.8569
buffe,0.0,2.8211
buffi,0.0,2.8818
buffo,0.0,2.8565
buffs,0.0,2.8433
buffy,0.0,2.871
bufos,0.0,2.6834
bufty,0.0,2.6877
bugan,0.0,2.6129
buggy,0.9735366180821918,2.8115
bugle,0.3457156953424657,2.5887
buhls,0.0,2.6495
buhrs,0.0,2.6368
buiks,0.0,2.6592
build,0.457956935890411,2.5925
built,0.5145338213698629,2.5411
buist,0.0,2.5302
bukes,0.0,2.662
bukos,0.0,2.6765
bulbs,0.0,2.747
bulge,0.0007792000000000001,2.5898
bulgy,0.840468,2.6479
bulks,0.0,2.6385
bulky,0.4771200745205479,2.672
bulla,0.0,2.7022
bulls,0.0,2.705
bully,0.6377254268493151,2.7298
bulse,0.0,2.5443
bumbo,0.0,2.8089
bumfs,0.0,2.7492
bumph,0.0,2.7174
bumps,0.0,2.6576
bumpy,1.0,2.669
bunas,0.0,2.5862
bunce,0.0,2.5838
bunch,0.5847986630136985,2.638
bunco,0.0,2.6049
bunde,0.0,2.5952
bundh,0.0,2.6889
bunds,0.0,2.6683
bundt,0.0,2.63
bundu,0.0,2.8176
bundy,0.0,2.6589
bungs,0.0,2.6577
bungy,0.0,2.6498
bunia,0.0,2.6036
bunje,0.0,2.7232
bunjy,0.0,2.7713
bunko,0.0,2.655
bunks,0.0,2.6569
bunns,0.0,2.7427
bunny,0.0007792000000000001,2.7511
bunts,0.0,2.5858
bunty,0.0,2.6024
bunya,0.0,2.6465
buoys,0.0,2.6439
buppy,0.0,2.7971
buran,0.0,2.5586
buras,0.0,2.5633
burbs,0.0,2.7448
burds,0.0,2.6371
buret,0.0,2.5048
burfi,0.0,2.6854
burgh,0.0,2.6457
burgs,0.0,2.622
burin,0.0,2.5715
burka,0.789685,2.6294
burke,0.0,2.5993
burks,0.0,2.6511
burls,0.0,2.5932
burly,0.6541509742465754,2.5955
burns,0.0,2.5651
burnt,0.0007792000000000001,2.5471
buroo,0.0,2.6615
burps,0.0,2.6009
burqa,0.0,2.7445
burra,0.0,2.6584
burro,0.955411,2.6796
burrs,0.0,2.6809
burry,0.0,2.6851
bursa,0.840468,2.5792
burse,0.0,2.5238
burst,1.0,2.5374
busby,0.0,2.7896
bused,0.003896,2.5963
buses,0.0,2.7273
bushy,1.0,2.677
busks,0.0,2.8023
busky,0.0,2.6953
bussu,0.0,2.8926
busti,0.0,2.6075
busts,0.0,2.7273
busty,0.981835,2.6268
butch,0.99856,2.6275
buteo,0.0,2.5691
butes,0.0,2.5552
butle,0.0,2.5435
butoh,0.0,2.598
butte,0.935071,2.6758
butts,0.0,2.7141
butty,0.0,2.7175
butut,0.0,2.8309
butyl,0.0,2.6256
buxom,1.0,2.7869
buyer,0.0007792000000000001,2.5937
buyin,0.0,2.6347
buzzy,1.0,2.9377
bwana,0.0,2.7488
bwazi,0.0,2.8416
byded,0.0,2.7705
bydes,0.0,2.6497
byked,0.0,2.7205
bykes,0.0,2.7092
bylaw,0.0007792000000000001,2.6721
byres,0.0,2.5952
byrls,0.0,2.6385
byssi,0.0,2.7876
bytes,0.0,2.5849
byway,0.975045,2.8525
caaed,0.0,2.5962
cabal,1.0,2.6423
cabas,0.0,2.6647
cabby,1.0,2.7571
caber,0.0,2.5072
cabin,1.0,2.548
cable,0.4999333347945205,2.4978
cabob,0.0,2.7273
caboc,0.0,2.7163
cabre,0.0,2.4872
cacao,1.0,2.8093
cacas,0.0,2.7652
cache,0.7946806575342465,2.6886
cacks,0.0,2.7376
cacky,0.0,2.7445
cacti,0.0007792000000000001,2.6866
caddy,0.992041,2.7323
cadee,0.0,2.5682
cades,0.0,2.5353
cadet,0.3192523134246575,2.497
cadge,0.948172,2.5461
cadgy,0.0,2.6238
cadie,0.0,2.5078
cadis,0.0,2.5652
cadre,1.0,2.4612
caeca,0.0,2.7499
caese,0.0,2.5542
cafes,0.0,2.58
caffe,0.0,2.7248
caffs,0.0,2.7762
caged,0.003896,2.5523
cager,0.0,2.5098
cages,0.0,2.5495
cagey,1.0,2.5676
cagot,0.0,2.5398
cahow,0.0,2.6531
caids,0.0,2.5631
cains,0.0,2.5093
caird,0.0,2.4999
cairn,0.957972,2.4658
cajon,0.0,2.6537
cajun,0.0,2.6852
caked,0.003896,2.5834
cakes,0.0,2.5798
cakey,0.0,2.6027
calfs,0.0,2.5951
calid,0.0,2.5296
calif,0.0,2.57
calix,0.0,2.6375
calks,0.0,2.5705
calla,0.0,2.7107
calle,0.0,2.5678
calls,0.0,2.6274
calms,0.0,2.5346
calmy,0.0,2.5511
calos,0.0,2.5184
calpa,0.0,2.62
calps,0.0,2.5341
calve,0.928638,2.5655
calyx,0.0,2.6946
caman,0.0,2.6324
camas,0.0,2.6548
camel,0.2809260361643835,2.5023
cameo,0.3292901479452054,2.5416
cames,0.0,2.5462
camis,0.0,2.5676
camos,0.0,2.5609
campi,0.0,2.6099
campo,0.0,2.5842
camps,0.0,2.5616
campy,1.0,2.5815
camus,0.0,2.5893
canal,1.0,2.6003
cando,0.0,2.5596
candy,0.542822264109589,2.5567
caned,0.003896,2.4964
caneh,0.0,2.5182
caner,0.0,2.4655
canes,0.0,2.4895
cangs,0.0,2.5788
canid,0.0,2.5273
canna,0.0,2.7308
canns,0.0,2.6464
canny,1.0,2.678
canoe,0.7152905117808218,2.4901
canon,0.3329402695890411,2.6567
canso,0.0,2.5148
canst,0.0,2.4839
canti,0.0,2.5221
canto,0.0,2.5093
cants,0.0,2.5122
canty,0.0,2.5255
capas,0.0,2.6274
capax,0.0,2.7674
caped,0.992458,2.5185
caper,0.618562288219178,2.482
capes,0.0,2.5175
capex,0.0,2.6435
caphs,0.0,2.5762
capiz,0.0,2.6789
caple,0.0,2.4808
capon,0.951399,2.5203
capos,0.0,2.5398
capot,0.0,2.5133
capri,0.980266,2.5244
capul,0.0,2.542
caput,0.052968,2.5298
carap,0.0,2.5759
carat,0.7444914849315069,2.5657
carbo,0.0,2.5344
carbs,0.0,2.5338
carby,0.0,2.5604
cardi,0.0,2.5603
cards,0.0,2.5241
cardy,0.0,2.5537
cared,0.003896,2.4748
carer,0.877061,2.5869
cares,0.0,2.4768
caret,0.052968,2.4387
carex,0.0,2.5811
cargo,1.0,2.5191
carks,0.0,2.5534
carle,0.0,2.4394
carls,0.0,2.504
carne,0.0,2.4441
carns,0.0,2.5002
carny,0.967348,2.4924
carob,0.951399,2.5336
carol,0.5957490279452055,2.4755
carom,0.0007792000000000001,2.5093
caron,0.0,2.4772
carpe,0.0,2.4551
carpi,0.0,2.5336
carps,0.0,2.5026
carrs,0.0,2.5837
carry,0.8977965939726028,2.6213
carse,0.0,2.4438
carta,0.0,2.564
carte,1.0,2.4378
carts,0.0,2.4796
carve,0.2462498805479452,2.5485
carvy,0.0,2.5957
casas,0.0,2.7401
casco,0.0,2.671
cased,0.003896,2.5215
caser,0.0,2.4794
cases,0.0,2.6545
casks,0.0,2.7211
casky,0.0,2.6038
caste,1.0,2.476
casts,0.0,2.64
casus,0.0,2.6811
catch,0.9087469589041096,2.6701
cater,1.0,2.461
cates,0.0,2.4887
catty,0.0007792000000000001,2.6491
cauda,0.0,2.6825
cauks,0.0,2.5979
cauld,0.0,2.5469
caulk,1.0,2.573
cauls,0.0,2.5273
caums,0.0,2.5776
caups,0.0,2.5578
cauri,0.0,2.5579
causa,0.0,2.621
cause,0.5674605852054795,2.5221
cavas,0.0,2.7118
caved,0.003896,2.6062
cavel,0.0,2.5629
caver,0.0,2.548
caves,0.0,2.6153
cavie,0.0,2.574
cavil,0.953185,2.5958
cavus,0.0,2.657
cawed,0.003896,2.5937
cawks,0.0,2.678
caxon,0.0,2.6426
cease,0.0299801731506849,2.5845
ceaze,0.0,2.6916
cebid,0.0,2.6064
cecal,0.0,2.6422
cecum,0.0,2.7669
cedar,0.7298909983561644,2.4954
ceded,0.003896,2.7539
ceder,0.0,2.5718
cedes,0.0,2.6307
cedis,0.0,2.5777
ceiba,0.0,2.5751
ceili,0.0,2.6509
ceils,0.0,2.5212
celeb,0.977091,2.6147
cella,0.0,2.6259
celli,0.0,2.6632
cello,0.0007792000000000001,2.6332
cells,0.0,2.6579
celly,0.0,2.6644
celom,0.0,2.5718
celts,0.0,2.5361
cense,0.0,2.5792
cento,0.0,2.5232
cents,0.0,2.5268
centu,0.0,2.5639
ceorl,0.0,2.4867
cepes,0.0,2.6163
cerci,0.0,2.6579
cered,0.0,2.5589
ceres,0.0,2.5633
cerge,0.0,2.5865
ceria,0.0,2.4984
ceric,0.0,2.6505
cerne,0.0,2.5418
ceroc,0.0,2.6336
ceros,0.0,2.5115
certs,0.0,2.5063
certy,0.0,2.5289
cesse,0.0,2.7065
cesta,0.0,2.5152
cesti,0.0,2.5547
cetes,0.0,2.5834
cetyl,0.0,2.5681
cezve,0.0,2.8256
chaap,0.0,2.6599
chaat,0.0,2.5972
chace,0.0,2.6615
chack,0.0,2.7561
chaco,0.0,2.6963
chado,0.0,2.6031
chads,0.0,2.5916
chafe,0.8649454991780822,2.5975
chaff,0.997221,2.7952
chaft,0.0,2.5898
chain,0.524571655890411,2.5628
chair,0.0007792000000000001,2.5368
chais,0.0,2.5582
chalk,0.3101270093150685,2.602
chals,0.0,2.5465
champ,1.0,2.6052
chams,0.0,2.5925
chana,0.0,2.6409
chang,0.0,2.6034
chank,0.0,2.5959
chant,1.0,2.5123
chaos,0.3667038947945205,2.5763
chape,0.0,2.5401
chaps,0.0,2.5726
chapt,0.0,2.5389
chara,0.0,2.615
chard,0.8220565698630137,2.5569
chare,0.0,2.4901
chark,0.0,2.5747
charm,0.9479857665753424,2.5708
charr,0.0,2.6073
chars,0.0,2.5535
chart,0.6413755484931507,2.5031
chary,0.943819,2.5571
chase,0.1057201972602739,2.5334
chasm,0.0007792000000000001,2.5859
chats,0.0,2.5513
chava,0.0,2.7468
chave,0.0,2.6194
chavs,0.0,2.6563
chawk,0.0,2.6975
chawl,0.0,2.6225
chaws,0.0,2.6455
chaya,0.0,2.6942
chays,0.0,2.6029
cheap,0.1686847956164383,2.5748
cheat,1.0,2.5415
cheba,0.0,2.6189
check,0.1139329709589041,2.7916
chedi,0.0,2.6391
cheeb,0.0,2.6946
cheek,1.0,2.7128
cheep,0.773749,2.6512
cheer,0.4424439189041096,2.619
cheet,0.0,2.5962
chefs,0.0,2.6469
cheka,0.0,2.6111
chela,0.0,2.535
chelp,0.0,2.5915
chemo,1.0,2.6042
chems,0.0,2.6262
chere,0.0,2.5835
chert,0.0,2.5176
chess,1.0,2.7092
chest,1.0,2.5509
cheth,0.0,2.718
chevy,0.0,2.7032
chews,0.0,2.6691
chewy,1.0,2.6899
chiao,0.0,2.574
chias,0.0,2.5605
chiba,0.0,2.6302
chibs,0.0,2.646
chica,0.0,2.7089
chich,0.0,2.8659
chick,1.0,2.7885
chico,0.0,2.7062
chics,0.0,2.7142
chide,0.0007792000000000001,2.5679
chief,0.951635888219178,2.6156
chiel,0.0,2.5203
chiko,0.0,2.6227
chiks,0.0,2.6252
child,0.5072335780821918,2.5701
chile,1.0,2.5162
chili,0.0007792000000000001,2.7091
chill,1.0,2.6778
chimb,0.0,2.6843
chime,0.5838861326027398,2.5659
chimo,0.0,2.6075
chimp,1.0,2.6135
china,1.0,2.5638
chine,0.0,2.5317
ching,0.0,2.6261
chink,0.0,2.6106
chino,0.929785,2.5645
chins,0.0,2.5699
chips,0.0,2.5915
chirk,0.0,2.593
chirl,0.0,2.547
chirm,0.0,2.5817
chiro,0.0,2.5395
chirp,0.0007792000000000001,2.5413
chirr,0.0,2.6253
chirt,0.0,2.5079
chiru,0.0,2.5884
chiti,0.0,2.6942
chits,0.0,2.5599
chiva,0.0,2.6673
chive,1.0,2.6474
chivs,0.0,2.6809
chivy,0.0,2.687
chizz,0.0,2.8914
chock,0.2015358904109589,2.7917
choco,0.0,2.7975
chocs,0.0,2.7054
chode,0.0,2.5694
chogs,0.0,2.624
choil,0.0,2.5494
choir,0.6212998794520548,2.5379
choke,1.0,2.5858
choko,0.0,2.718
choky,0.0,2.6368
chola,0.0,2.5503
choli,0.0,2.5859
cholo,0.0,2.6559
chomp,0.983275,2.6257
chons,0.0,2.5526
choof,0.0,2.7341
chook,0.0,2.7141
choom,0.0,2.6896
choon,0.0,2.6386
chops,0.0,2.5855
chord,0.8512575430136986,2.5461
chore,0.1413088832876712,2.4931
chose,0.1695973260273972,2.5411
choss,0.0,2.6864
chota,0.0,2.5503
chott,0.0,2.6409
chout,0.0,2.5396
choux,0.962056,2.7521
chowk,0.0,2.7086
chows,0.0,2.6782
chubs,0.0,2.6632
chuck,0.0007792000000000001,2.8322
chufa,0.0,2.6714
chuff,0.0,2.8437
chugs,0.0,2.655
chump,0.0007792000000000001,2.6602
chums,0.0,2.6407
chunk,1.0,2.6499
churl,0.845544,2.5695
churn,1.0,2.553
churr,0.0,2.6505
chuse,0.0,2.5511
chute,0.9342978104109588,2.5536
chuts,0.0,2.5713
chyle,0.0,2.5974
chyme,0.0,2.6511
chynd,0.0,2.6635
cibol,0.0,2.568
cided,0.0,2.6651
cider,0.7700423364383561,2.4842
cides,0.0,2.5529
ciels,0.0,2.5219
cigar,0.0007792000000000001,2.5324
ciggy,0.0,2.7712
cilia,0.919587,2.6648
cills,0.0,2.6553
cimar,0.0,2.5206
cimex,0.0,2.6879
cinch,0.9826619221917808,2.7168
cinct,0.0,2.6447
cines,0.0,2.5241
cinqs,0.0,2.7133
cions,0.0,2.524
cippi,0.0,2.8554
circa,0.7308035287671233,2.6573
circs,0.0,2.6658
cires,0.0,2.4961
cirls,0.0,2.5379
cirri,0.0,2.7466
cisco,0.0,2.7001
cissy,0.0,2.6918
cists,0.0,2.6643
cital,0.0,2.5029
cited,0.003896,2.5139
citee,0.0,2.547
citer,0.0,2.4742
cites,0.0,2.5108
cives,0.0,2.6211
civet,0.961632,2.5897
civic,1.0,2.9212
civie,0.0,2.7167
civil,0.0007792000000000001,2.7384
civvy,0.0,2.834
clach,0.0,2.6779
clack,0.980627,2.7158
clade,0.704872,2.4871
clads,0.0,2.5745
claes,0.0,2.4947
clags,0.0,2.5732
claim,1.0,2.5405
clair,0.0,2.4845
clame,0.0,2.5062
clamp,0.0007792000000000001,2.5506
clams,0.0,2.5409
clang,0.0007792000000000001,2.5456
clank,1.0,2.5624
clans,0.0,2.5079
claps,0.0,2.5207
clapt,0.0,2.5086
claro,0.0,2.5007
clart,0.0,2.4717
clary,0.0,2.5128
clash,0.0655688591780822,2.5401
clasp,0.0007792000000000001,2.5021
class,0.9425105841095892,2.6358
clast,0.0,2.4818
clats,0.0,2.5083
claut,0.0,2.5079
clave,0.968989,2.575
clavi,0.0,2.6248
claws,0.0,2.603
clays,0.0,2.5504
clean,0.8704206816438357,2.4996
clear,0.6048743320547946,2.4807
cleat,0.982001,2.4845
cleck,0.0,2.749
cleek,0.0,2.6346
cleep,0.0,2.5873
clefs,0.0,2.601
cleft,0.4752950136986301,2.574
clegs,0.0,2.5988
cleik,0.0,2.576
clems,0.0,2.5896
clepe,0.0,2.587
clept,0.0,2.5364
clerk,0.7079902684931507,2.5618
cleve,0.0,2.6661
clews,0.0,2.6374
click,1.0,2.7213
clied,0.0,2.5081
clies,0.0,2.5019
cliff,0.0007792000000000001,2.7471
clift,0.0,2.5695
climb,0.4187181282191781,2.5897
clime,0.959403,2.5005
cline,0.0,2.4952
cling,0.9689739660273972,2.5555
clink,0.0007792000000000001,2.5698
clint,0.0,2.5048
clipe,0.0,2.5038
clips,0.0,2.5237
clipt,0.0,2.5231
clits,0.0,2.5225
cloak,0.1595594915068493,2.5632
cloam,0.0,2.5496
clock,0.0007792000000000001,2.7354
clods,0.0,2.5391
cloff,0.0,2.7676
clogs,0.0,2.554
cloke,0.0,2.559
clomb,0.0,2.6265
clomp,0.919587,2.5682
clone,0.4442689797260274,2.4676
clonk,0.0,2.578
clons,0.0,2.5379
cloop,0.0,2.6353
cloot,0.0,2.5931
clops,0.0,2.5257
close,0.5993991495890411,2.4755
clote,0.0,2.5011
cloth,1.0,2.543
clots,0.0,2.5172
cloud,0.2553751846575342,2.5505
clour,0.0,2.5185
clous,0.0,2.5573
clout,1.0,2.5096
clove,0.123970805479452,2.5656
clown,0.9552860098630136,2.5799
clows,0.0,2.631
cloye,0.0,2.5507
cloys,0.0,2.5871
cloze,0.0,2.6391
clubs,0.0,2.5971
cluck,0.96992,2.769
clued,0.003896,2.5295
clues,0.0,2.5299
cluey,0.0,2.5608
clump,0.0007792000000000001,2.588
clung,0.0007792000000000001,2.5966
clunk,0.96992,2.5985
clype,0.0,2.5813
cnida,0.0,2.578
coach,0.5911863758904109,2.7114
coact,0.0,2.6131
coady,0.0,2.5754
coala,0.0,2.5901
coals,0.0,2.4986
coaly,0.0,2.5143
coapt,0.0,2.509
coarb,0.0,2.5331
coast,1.0,2.476
coate,0.0,2.4769
coati,0.801422,2.5437
coats,0.0,2.4975
cobbs,0.0,2.7567
cobby,0.0,2.761
cobia,0.0,2.5857
coble,0.0,2.5338
cobot,0.0,2.6456
cobra,1.0,2.5358
cobza,0.0,2.7262
cocas,0.0,2.6747
cocci,0.0,2.8729
cocco,0.0,2.9376
cocks,0.0,2.7448
cocky,1.0,2.7702
cocoa,0.7207656942465753,2.8176
cocos,0.0,2.784
cocus,0.0,2.7049
codas,0.0,2.5548
codec,0.0,2.6844
coded,0.003896,2.6476
coden,0.0,2.5318
coder,1.0,2.4776
codes,0.0,2.5228
codex,0.953185,2.6457
codon,0.0,2.6541
coeds,0.0,2.5426
coffs,0.0,2.788
cogie,0.0,2.5397
cogon,0.0,2.6553
cogue,0.0,2.5537
cohab,0.0,2.6271
cohen,0.0,2.558
cohoe,0.0,2.6502
cohog,0.0,2.7231
cohos,0.0,2.6752
coifs,0.0,2.5916
coign,0.0,2.5463
coils,0.0,2.4934
coins,0.0,2.512
coirs,0.0,2.5068
coits,0.0,2.5141
coked,0.0,2.6133
cokes,0.0,2.6027
cokey,0.0,2.6303
colas,0.0,2.5077
colby,0.0,2.5914
colds,0.0,2.5375
coled,0.0,2.5206
coles,0.0,2.5171
coley,0.0,2.5398
colic,0.0007792000000000001,2.6671
colin,0.0,2.5152
colle,0.0,2.6026
colls,0.0,2.6435
colly,0.0,2.6489
colog,0.0,2.671
colon,1.0,2.6236
color,1.0,2.6047
colts,0.0,2.5137
colza,0.0,2.661
comae,0.0,2.5224
comal,0.0,2.54
comas,0.0,2.5602
combe,0.0,2.5968
combi,0.0,2.6598
combo,1.0,2.7099
combs,0.0,2.6191
comby,0.0,2.6467
comer,0.0,2.5183
comes,0.0,2.5411
comet,0.0007792000000000001,2.5129
comfy,0.0108170345205479,2.6466
comic,1.0,2.7239
comix,0.0,2.6992
comma,1.0,2.7235
comme,0.0,2.6903
commo,0.0,2.813
comms,0.0,2.7298
commy,0.0,2.7328
compo,0.0,2.6879
comps,0.0,2.5788
compt,0.0,2.57
comte,0.0,2.5371
comus,0.0,2.5912
conch,0.0007792000000000001,2.6992
condo,0.8421322389041096,2.643
coned,0.003896,2.5028
cones,0.0,2.4926
conex,0.0,2.6421
coney,0.0,2.5376
confs,0.0,2.6154
conga,1.0,2.5656
conge,0.0,2.5453
congo,0.0,2.6634
conia,0.0,2.5216
conic,0.721877,2.6753
conin,0.0,2.6343
conks,0.0,2.5841
conky,0.0,2.6022
conne,0.0,2.6188
conns,0.0,2.6548
conte,0.0,2.4931
conto,0.0,2.6036
conus,0.0,2.5461
convo,0.0,2.7185
cooch,0.0,2.7827
cooed,0.003896,2.6207
cooee,0.0,2.6691
cooer,0.0,2.5711
cooey,0.0,2.6555
coofs,0.0,2.7149
cooks,0.0,2.7034
cooky,0.0,2.7156
cools,0.0,2.6156
cooly,0.0,2.6333
coomb,0.0,2.7189
cooms,0.0,2.6652
coomy,0.0,2.6758
coons,0.0,2.6147
coops,0.0,2.6466
coopt,0.0,2.6061
coost,0.0,2.5784
coots,0.0,2.6253
cooty,0.0,2.6375
cooze,0.0,2.7441
copal,0.0,2.5295
copay,0.792985,2.5683
coped,0.003896,2.5132
copen,0.0,2.5319
coper,0.0,2.4997
copes,0.0,2.5226
copha,0.0,2.5884
coppy,0.0,2.7063
copra,0.0,2.5168
copse,0.963686,2.5027
copsy,0.0,2.554
coqui,0.0,2.7667
coral,0.0007792000000000001,2.4838
coram,0.0,2.5174
corbe,0.0,2.5092
corby,0.0,2.5744
corda,0.0,2.5429
cords,0.0,2.5243
cored,0.003896,2.4682
corer,0.2416872284931507,2.5734
cores,0.0,2.4716
corey,0.0,2.516
corgi,0.971674,2.5545
coria,0.0,2.509
corks,0.0,2.5587
corky,0.736992,2.5931
corms,0.0,2.5508
corni,0.0,2.5164
corno,0.0,2.5775
corns,0.0,2.4891
cornu,0.0,2.5313
corny,1.0,2.509
corps,1.0,2.5084
corse,0.0,2.4669
corso,0.0,2.5931
cosec,0.0,2.6682
cosed,0.0,2.5517
coses,0.0,2.6496
coset,0.0,2.5009
cosey,0.0,2.561
cosie,0.0,2.5003
costa,0.0,2.5315
coste,0.0,2.4988
costs,0.0,2.657
cotan,0.0,2.5005
cotch,0.0,2.6826
coted,0.0,2.5271
cotes,0.0,2.5172
coths,0.0,2.5544
cotta,0.0,2.62
cotts,0.0,2.631
couch,0.0007792000000000001,2.7463
coude,0.0,2.5589
cough,1.0,2.6341
could,1.0,2.5432
count,0.8165813873972603,2.5034
coupe,1.0,2.5335
coups,0.0,2.5764
courb,0.0,2.5631
courd,0.0,2.5337
coure,0.0,2.4898
cours,0.0,2.5274
court,0.4898955002739726,2.4976
couta,0.0,2.5455
couth,0.773749,2.5818
coved,0.0,2.6213
coven,0.0007792000000000001,2.5892
cover,0.3502783473972602,2.5739
coves,0.0,2.6097
covet,0.6797018257534246,2.5824
covey,0.942233,2.6271
covin,0.0,2.6063
cowal,0.0,2.5991
cowan,0.0,2.5939
cowed,0.003896,2.5838
cower,0.6660138695890412,2.5577
cowks,0.0,2.69
cowls,0.0,2.5906
cowps,0.0,2.6538
cowry,0.0,2.6049
coxae,0.0,2.6285
coxal,0.0,2.6487
coxed,0.003896,2.651
coxes,0.0,2.6658
coxib,0.0,2.7299
coyau,0.0,2.6209
coyed,0.0,2.5848
coyer,0.0,2.5364
coyly,0.9762742093150684,2.7078
coypu,0.0,2.623
cozed,0.0,2.6727
cozen,0.0,2.6506
cozes,0.0,2.671
cozey,0.0,2.6956
cozie,0.0,2.6376
craal,0.0,2.5711
crabs,0.0,2.544
crack,1.0,2.6995
craft,0.3959048679452054,2.532
crags,0.0,2.5417
craic,0.0,2.6339
craig,0.0,2.5371
crake,0.0,2.5037
crame,0.0,2.4814
cramp,0.9780992701369864,2.5324
crams,0.0,2.5326
crane,0.6815268865753425,2.4375
crank,1.0,2.5343
crans,0.0,2.5058
crape,0.0,2.469
craps,0.0,2.5092
crapy,0.0,2.5263
crare,0.0,2.5395
crash,1.0,2.5383
crass,1.0,2.629
crate,1.0,2.4402
crave,0.8111062049315069,2.5511
crawl,0.162297082739726,2.5773
craws,0.0,2.5892
crays,0.0,2.5553
craze,1.0,2.5841
crazy,1.0,2.6643
creak,0.998608,2.5544
cream,0.1230582750684931,2.5234
credo,0.7673047452054794,2.5161
creds,0.0,2.5647
creed,0.0007792000000000001,2.5871
creek,1.0,2.6331
creel,0.0,2.5561
creep,1.0,2.5755
crees,0.0,2.5685
crein,0.0,2.4986
crema,0.991073,2.5295
creme,1.0,2.5898
crems,0.0,2.5675
crena,0.0,2.494
crepe,0.1495216569863013,2.5709
creps,0.0,2.5448
crept,1.0,2.5057
crepy,0.0,2.554
cress,0.955942,2.6494
crest,0.076519224109589,2.4894
crewe,0.0,2.6352
crews,0.0,2.6018
crias,0.0,2.5069
cribo,0.0,2.558
cribs,0.0,2.5514
crick,0.898205,2.6952
cried,1.0,2.475
crier,0.984025,2.5804
cries,0.0,2.4772
crime,0.6879145994520547,2.4779
crimp,1.0,2.5303
crims,0.0,2.5692
crine,0.0,2.4737
crink,0.0,2.5565
crins,0.0,2.5292
crios,0.0,2.5156
cripe,0.0,2.4856
crips,0.0,2.542
crise,0.0,2.4773
crisp,0.1486091265753424,2.4954
criss,0.0,2.6469
crith,0.0,2.5188
crits,0.0,2.5089
croak,1.0,2.5483
croci,0.0,2.6636
crock,0.0007792000000000001,2.7075
crocs,0.0,2.6554
croft,0.0,2.5401
crogs,0.0,2.575
cromb,0.0,2.5918
crome,0.0,2.5023
crone,0.6596261567123288,2.4553
cronk,0.0,2.5511
crons,0.0,2.5193
crony,1.0,2.5056
crook,0.1294459879452054,2.6634
crool,0.0,2.5989
croon,1.0,2.5937
crops,0.0,2.5115
crore,0.0,2.5564
cross,0.8101936745205479,2.6405
crost,0.0,2.4758
croup,0.895947,2.5319
crout,0.0,2.4855
crowd,0.3584911210958904,2.5839
crowl,0.0,2.5954
crown,0.2864012186301369,2.5589
crows,0.0,2.5867
croze,0.0,2.5993
cruck,0.0,2.7344
crude,0.0007792000000000001,2.5156
crudo,0.0,2.5661
cruds,0.0,2.606
crudy,0.0,2.598
cruel,0.0007792000000000001,2.4982
crues,0.0,2.5209
cruet,0.888573,2.4866
cruft,0.0,2.5687
crumb,0.6933897819178082,2.6064
crump,0.750523,2.5649
crunk,0.0,2.5857
cruor,0.0,2.5915
crura,0.0,2.6208
cruse,0.0,2.5032
crush,0.3347653304109589,2.5731
crust,1.0,2.499
crusy,0.0,2.5537
cruve,0.0,2.595
crwth,0.0,2.6278
cryer,0.0,2.6498
cryne,0.0,2.5555
crypt,0.1960607079452055,2.5506
ctene,0.0,2.5973
cubby,0.975283,2.8088
cubeb,0.0,2.7453
cubed,0.003896,2.5874
cuber,0.0,2.556
cubes,0.0,2.5933
cubic,0.0007792000000000001,2.7636
cubit,0.0007792000000000001,2.5781
cucks,0.0,2.7862
cudda,0.0,2.751
cuddy,0.0,2.7783
cueca,0.0,2.6875
cuffo,0.0,2.8133
cuffs,0.0,2.8057
cuifs,0.0,2.633
cuing,0.967348,2.5919
cuish,0.0,2.555
cuits,0.0,2.5319
cukes,0.0,2.6273
culch,0.0,2.7265
culet,0.0,2.5048
culex,0.0,2.6684
culls,0.0,2.6848
cully,0.0,2.6863
culms,0.0,2.6084
culpa,0.0,2.57
culti,0.0,2.5694
cults,0.0,2.5437
culty,0.0,2.5724
cumec,0.0,2.7345
cumin,0.3831294421917808,2.5844
cundy,0.0,2.6286
cunei,0.0,2.5669
cunit,0.0,2.5147
cunny,0.0,2.7081
cunts,0.0,2.5502
cupel,0.0,2.5378
cupid,0.947486,2.595
cuppa,0.0,2.7253
cuppy,0.0,2.7429
cupro,0.0,2.5472
curat,0.0,2.4845
curbs,0.0,2.5857
curch,0.0,2.694
curds,0.0,2.5693
curdy,0.0,2.6106
cured,0.003896,2.5071
curer,0.052968,2.6104
cures,0.0,2.5106
curet,0.0,2.4773
curfs,0.0,2.6234
curia,0.911774,2.5583
curie,0.0,2.5005
curio,0.0162922169863013,2.5573
curli,0.0,2.5687
curls,0.0,2.542
curly,0.6468507309589041,2.55
curns,0.0,2.5495
curny,0.0,2.5572
currs,0.0,2.6418
curry,0.0007792000000000001,2.6604
curse,0.0874695890410958,2.4871
cursi,0.0,2.5608
curst,0.0,2.4945
curve,0.0026042608219178,2.5911
curvy,1.0,2.6489
cusec,0.0,2.7002
cushy,1.0,2.6369
cusks,0.0,2.7605
cusps,0.0,2.7188
cuspy,0.0,2.6027
cusso,0.0,2.6904
cusum,0.0,2.7591
cutch,0.0,2.7143
cuter,0.993177,2.508
cutes,0.0,2.5304
cutey,0.0,2.5695
cutie,0.97933,2.5297
cutin,0.0,2.5348
cutis,0.0,2.5439
cutto,0.0,2.6557
cutty,0.0,2.6859
cutup,0.985562,2.7157
cuvee,0.0,2.6918
cuzes,0.0,2.6975
cwtch,0.0,2.8212
cyano,0.0,2.5608
cyans,0.0,2.5665
cyber,0.1668597347945205,2.5844
cycad,0.0,2.7553
cycas,0.0,2.7344
cycle,0.0007792000000000001,2.6901
cyclo,0.0,2.7271
cyder,0.0,2.5801
cylix,0.0,2.724
cymae,0.0,2.5795
cymar,0.0,2.5669
cymas,0.0,2.6199
cymes,0.0,2.6406
cymol,0.0,2.609
cynic,1.0,2.7238
cysts,0.0,2.7324
cytes,0.0,2.5864
cyton,0.0,2.5735
czars,0.0,2.6507
daals,0.0,2.6383
dabba,0.0,2.8633
daces,0.0,2.5506
dacha,0.988901,2.7292
dacks,0.0,2.6563
dadah,0.0,2.8187
dadas,0.0,2.795
daddy,0.5893613150684932,2.8797
dadis,0.0,2.6958
dadla,0.0,2.7771
dados,0.0,2.7074
daffs,0.0,2.8157
daffy,1.0,2.7892
dagga,0.0,2.8419
daggy,0.0,2.7575
dagos,0.0,2.6066
dahis,0.0,2.6143
dahls,0.0,2.6145
daiko,0.0,2.6281
daily,1.0,2.5287
daine,0.0,2.4884
daint,0.0,2.5023
dairy,1.0,2.534
daisy,0.5090586389041095,2.5458
daker,0.0,2.5589
daled,0.0,2.6209
dalek,0.0,2.5552
dales,0.0,2.4951
dalis,0.0,2.5495
dalle,0.0,2.5908
dally,0.0007792000000000001,2.6695
dalts,0.0,2.5495
daman,0.0,2.6674
damar,0.0,2.6255
dames,0.0,2.549
damme,0.0,2.6814
damna,0.0,2.6797
damns,0.0,2.5667
damps,0.0,2.637
dampy,0.0,2.6286
dance,0.8056310224657535,2.4835
dancy,0.0,2.5749
danda,0.0,2.7862
dandy,0.9160472021917808,2.7001
dangs,0.0,2.6032
danio,0.0,2.5593
danks,0.0,2.6252
danny,0.0,2.6798
danse,0.0,2.4971
dants,0.0,2.5527
dappy,0.0,2.7343
daraf,0.0,2.6779
darbs,0.0,2.5975
darcy,0.0,2.5537
dared,0.003896,2.6407
darer,0.0,2.5614
dares,0.0,2.4903
darga,0.0,2.6577
dargs,0.0,2.5885
daric,0.0,2.5453
daris,0.0,2.532
darks,0.0,2.5861
darky,0.0,2.6088
darls,0.0,2.5475
darns,0.0,2.5047
darre,0.0,2.5452
darts,0.0,2.5062
darzi,0.0,2.6856
dashi,0.0,2.6436
dashy,0.0,2.6289
datal,0.0,2.6162
dated,0.003896,2.6522
dater,0.954319,2.4801
dates,0.0,2.508
datil,0.0,2.5208
datos,0.0,2.5486
datto,0.0,2.6546
datum,0.029067642739726,2.5796
daube,0.0,2.581
daubs,0.0,2.6169
dauby,0.0,2.64
dauds,0.0,2.7255
dault,0.0,2.5285
daunt,0.0007792000000000001,2.5162
daurs,0.0,2.5626
dauts,0.0,2.5668
daven,0.0,2.5883
davit,0.0,2.6069
dawah,0.0,2.7627
dawds,0.0,2.7963
dawed,0.0,2.7188
dawen,0.0,2.5762
dawgs,0.0,2.7041
dawks,0.0,2.7166
dawns,0.0,2.6108
dawts,0.0,2.6392
dayal,0.0,2.6502
dayan,0.0,2.6555
daych,0.0,2.6268
daynt,0.0,2.5613
dazed,0.003896,2.7985
dazer,0.0,2.6095
dazes,0.0,2.6626
dbags,0.0,2.6911
deads,0.0,2.6762
deair,0.0,2.4871
deals,0.0,2.5066
dealt,1.0,2.474
deans,0.0,2.5193
deare,0.0,2.5278
dearn,0.0,2.4827
dears,0.0,2.5127
deary,0.0,2.5289
deash,0.0,2.5542
death,1.0,2.5521
deave,0.0,2.6591
deaws,0.0,2.618
deawy,0.0,2.6399
debag,0.0,2.6283
debar,0.685589,2.5471
debby,0.0,2.8019
debel,0.0,2.6256
debes,0.0,2.6646
debit,0.2745383232876712,2.5536
debts,0.0,2.5802
debud,0.0,2.7672
debug,0.8001558400000001,2.6571
debur,0.0,2.5868
debus,0.0,2.6522
debut,0.3356778608219178,2.596
debye,0.0,2.7038
decad,0.0,2.6875
decaf,0.992041,2.6178
decal,0.390429685479452,2.5295
decan,0.0,2.5494
decay,0.4305810235616438,2.5884
decim,0.0,2.6204
decko,0.0,2.657
decks,0.0,2.6344
decor,0.0007792000000000001,2.5124
decos,0.0,2.6052
decoy,0.3247274958904109,2.5913
decry,0.1741599780821917,2.5604
decyl,0.0,2.6331
dedal,0.0,2.6502
deeds,0.0,2.8019
deedy,0.0,2.8053
deely,0.0,2.6412
deems,0.0,2.6742
deens,0.0,2.6337
deeps,0.0,2.6475
deere,0.0,2.688
deers,0.0,2.6002
deets,0.0,2.6176
deeve,0.0,2.8249
deevs,0.0,2.729
defat,0.0,2.5775
defer,0.0007792000000000001,2.6431
deffo,0.0,2.815
defis,0.0,2.6372
defog,0.057262,2.651
degas,0.0,2.5938
degum,0.0,2.6715
degus,0.0,2.6454
deice,0.0,2.582
deids,0.0,2.6873
deify,0.93971,2.6401
deign,0.993408,2.562
deils,0.0,2.5341
deink,0.0,2.5872
deism,0.0,2.5698
deist,0.835053,2.4951
deity,0.1157580317808219,2.5517
deked,0.0,2.8206
dekes,0.0,2.6978
dekko,0.0,2.8068
delay,0.2927889315068492,2.5497
deled,0.0,2.7171
deles,0.0,2.5998
delfs,0.0,2.6422
delft,0.0,2.5981
delis,0.0,2.5397
della,0.0,2.6442
dells,0.0,2.6679
delly,0.0,2.6883
delos,0.0,2.5653
delph,0.0,2.6152
delta,1.0,2.5208
delts,0.0,2.5294
delve,1.0,2.687
deman,0.0,2.5674
demes,0.0,2.654
demic,0.0,2.6314
demit,0.0,2.5518
demob,0.0,2.6596
demoi,0.0,2.6266
demon,1.0,2.5763
demos,0.0,2.5939
demot,0.0,2.5649
dempt,0.0,2.607
demur,0.0007792000000000001,2.5564
denar,0.0,2.4807
denay,0.0,2.5527
dench,0.0,2.6192
denes,0.0,2.6056
denet,0.0,2.5648
denim,0.9041843068493152,2.5597
denis,0.0,2.5478
dense,0.0007792000000000001,2.5944
dente,0.0,2.5837
dents,0.0,2.5258
deoch,0.0,2.5952
deoxy,0.0,2.7226
depot,1.0,2.5331
depth,1.0,2.5747
derat,0.0,2.4611
deray,0.0,2.5215
derby,1.0,2.5873
dered,0.0,2.6852
deres,0.0,2.5713
derig,0.0,2.5547
derma,0.0,2.5408
derms,0.0,2.5782
derns,0.0,2.5469
derny,0.0,2.556
deros,0.0,2.5324
derpy,0.0,2.5736
derro,0.0,2.5986
derry,0.0,2.6442
derth,0.0,2.5431
dervs,0.0,2.6281
desex,0.0,2.7465
deshi,0.0,2.635
desis,0.0,2.6898
desks,0.0,2.7559
desse,0.0,2.7147
detag,0.0,2.5703
deter,0.3557535298630137,2.574
detox,0.0007792000000000001,2.6841
deuce,0.0007792000000000001,2.6284
devas,0.0,2.6343
devel,0.0,2.674
devil,0.4515692230136986,2.6238
devis,0.0,2.6474
devon,0.0,2.6407
devos,0.0,2.6651
devot,0.0,2.6161
dewan,0.0,2.604
dewar,0.0,2.5607
dewax,0.0,2.761
dewed,0.0,2.8139
dexes,0.0,2.7542
dexie,0.0,2.7255
dexys,0.0,2.7798
dhaba,0.0,2.7601
dhaks,0.0,2.6663
dhals,0.0,2.5989
dhikr,0.0,2.6247
dhobi,0.0,2.6909
dhole,0.0,2.5581
dholl,0.0,2.7103
dhols,0.0,2.617
dhoni,0.0,2.6122
dhoti,0.0,2.6089
dhows,0.0,2.6916
dhuti,0.0,2.6382
diact,0.0,2.5303
dials,0.0,2.5199
diana,0.0,2.6318
diane,0.0,2.4954
diary,0.3940798071232876,2.5453
diazo,0.0,2.7186
dibbs,0.0,2.8034
diced,0.003896,2.6847
dicer,0.638004,2.4998
dices,0.0,2.5548
dicey,0.2371245764383562,2.5717
dicht,0.0,2.6158
dicks,0.0,2.676
dicky,0.0,2.6844
dicot,0.0,2.5593
dicta,0.0,2.5819
dicto,0.0,2.5877
dicts,0.0,2.6017
dictu,0.0,2.6341
dicty,0.0,2.6138
diddy,0.0,2.8977
didie,0.0,2.7734
didis,0.0,2.8496
didos,0.0,2.7137
didst,0.0,2.6716
diebs,0.0,2.6227
diels,0.0,2.5477
diene,0.0,2.5785
diets,0.0,2.5319
diffs,0.0,2.8267
dight,0.0,2.6406
digit,1.0,2.6909
dikas,0.0,2.6489
diked,0.003896,2.7365
diker,0.0,2.5806
dikes,0.0,2.6122
dikey,0.0,2.6378
dildo,0.0,2.7029
dilli,0.0,2.8222
dills,0.0,2.6495
dilly,0.829263,2.6774
dimbo,0.0,2.6722
dimer,0.0,2.5336
dimes,0.0,2.5681
dimly,1.0,2.5779
dimps,0.0,2.6498
dinar,0.0,2.5116
dined,0.003896,2.6705
diner,0.6742266432876712,2.4809
dines,0.0,2.5264
dinge,0.0,2.5469
dingo,0.3758291989041096,2.5848
dings,0.0,2.5723
dingy,0.1613845523287671,2.5944
dinic,0.0,2.7251
dinks,0.0,2.6395
dinky,0.986963,2.6296
dinlo,0.0,2.557
dinna,0.0,2.6877
dinos,0.0,2.561
dints,0.0,2.5603
dioch,0.0,2.5946
diode,0.990322,2.6654
diols,0.0,2.5589
diota,0.0,2.5443
dippy,0.964463,2.7234
dipso,0.0,2.5852
diram,0.0,2.5671
direr,0.0,2.5864
dirge,0.0728691024657534,2.5072
dirke,0.0,2.5519
dirks,0.0,2.6254
dirls,0.0,2.5713
dirts,0.0,2.5457
dirty,1.0,2.5397
disas,0.0,2.7016
disci,0.0,2.7519
disco,0.6486757917808219,2.5769
discs,0.0,2.7081
dishy,0.987907,2.6243
disks,0.0,2.7368
disme,0.0,2.5647
dital,0.0,2.5361
ditas,0.0,2.5532
ditch,1.0,2.5774
dited,0.0,2.6287
dites,0.0,2.5115
ditsy,0.989831,2.5547
ditto,0.7344536504109589,2.6568
ditts,0.0,2.672
ditty,0.1303585183561644,2.6777
ditzy,0.987084,2.694
divan,0.981668,2.6433
divas,0.0,2.6508
dived,0.003896,2.7685
diver,1.0,2.5852
dives,0.0,2.6379
divey,0.0,2.649
divis,0.0,2.8046
divna,0.0,2.6467
divos,0.0,2.6676
divot,0.0007792000000000001,2.6088
divvy,0.999702,2.8343
diwan,0.0,2.634
dixie,0.0,2.7806
dixit,0.0,2.8029
diyas,0.0,2.6154
dizen,0.0,2.6503
dizzy,0.0007792000000000001,2.8768
djinn,0.0,2.8469
djins,0.0,2.7321
doabs,0.0,2.621
doats,0.0,2.5414
dobby,0.0,2.7829
dobes,0.0,2.5875
dobie,0.0,2.5579
dobla,0.0,2.5901
doble,0.0,2.5453
dobra,0.0,2.5731
dobro,0.0,2.6609
docht,0.0,2.6093
docks,0.0,2.625
docos,0.0,2.6996
docus,0.0,2.6214
doddy,0.0,2.8818
dodge,1.0,2.6893
dodgy,0.0007792000000000001,2.7421
dodos,0.0,2.7986
doeks,0.0,2.6306
doers,0.0,2.527
doest,0.0,2.5188
doeth,0.0,2.5701
doffs,0.0,2.7745
dogal,0.0,2.5761
dogan,0.0,2.5765
doges,0.0,2.5817
dogey,0.0,2.5905
doggo,0.0,2.8517
doggy,1.0,2.7448
dogie,0.0,2.5565
dogly,0.0,2.6005
dogma,0.1997108295890411,2.6179
dohyo,0.0,2.7584
doilt,0.0,2.5159
doily,0.957478,2.5406
doing,0.4926330915068493,2.5731
doits,0.0,2.5415
dojos,0.0,2.8304
dolce,0.0,2.5217
dolci,0.0,2.5976
doled,0.003896,2.6393
dolee,0.0,2.564
doles,0.0,2.5019
doley,0.0,2.5461
dolia,0.0,2.5531
dolie,0.0,2.5098
dolls,0.0,2.646
dolly,0.3448031649315068,2.6725
dolma,0.0,2.5917
dolor,0.0,2.6209
dolos,0.0,2.6662
dolts,0.0,2.5209
domal,0.0,2.5757
domed,1.0,2.691
domes,0.0,2.5633
domic,0.0,2.6315
donah,0.0,2.5724
donas,0.0,2.5554
donee,0.0,2.567
doner,0.0,2.4946
donga,0.0,2.5935
dongs,0.0,2.6127
donko,0.0,2.7126
donna,0.0,2.6772
donne,0.0,2.6313
donny,0.0,2.6871
donor,1.0,2.6048
donsy,0.0,2.564
donut,0.6669263999999999,2.5227
doobs,0.0,2.7212
dooce,0.0,2.628
doody,0.0,2.8135
doofs,0.0,2.744
dooks,0.0,2.7309
dooky,0.0,2.7393
doole,0.0,2.5986
dools,0.0,2.6587
dooly,0.0,2.6547
dooms,0.0,2.6689
doomy,0.0,2.7004
doona,0.0,2.6446
doorn,0.0,2.6106
doors,0.0,2.632
doozy,1.0,2.8125
dopas,0.0,2.589
doped,0.003896,2.6621
doper,0.924991,2.4929
dopes,0.0,2.5387
dopey,0.0965948931506849,2.5538
doppe,0.0,2.6762
dorad,0.0,2.6388
dorba,0.0,2.5821
dorbs,0.0,2.6088
doree,0.0,2.5337
dores,0.0,2.5047
doric,0.0,2.5572
doris,0.0,2.5465
dorje,0.0,2.6162
dorks,0.0,2.5911
dorky,0.999033,2.6113
dorms,0.0,2.5657
dormy,0.0,2.5756
dorps,0.0,2.5711
dorrs,0.0,2.6431
dorsa,0.0,2.5341
dorse,0.0,2.481
dorts,0.0,2.5392
dorty,0.0,2.5452
dosai,0.0,2.602
dosas,0.0,2.694
dosed,0.003896,2.6662
doseh,0.0,2.5724
doser,0.0,2.5078
doses,0.0,2.6648
dosha,0.0,2.6254
dotal,0.0,2.5311
doted,0.003896,2.6596
doter,0.0,2.4834
dotes,0.0,2.5121
dotty,0.992125,2.6766
douar,0.0,2.5372
doubt,0.9361228712328769,2.5757
douce,0.0,2.5556
doucs,0.0,2.6047
dough,0.0007792000000000001,2.6276
douks,0.0,2.6573
doula,0.985695,2.5646
douma,0.0,2.6292
doums,0.0,2.6272
doups,0.0,2.6066
doura,0.0,2.5553
douse,1.0,2.5426
douts,0.0,2.5728
doved,0.0,2.7465
doven,0.0,2.6099
dover,0.0,2.5762
doves,0.0,2.622
dovie,0.0,2.6054
dowak,0.0,2.704
dowar,0.0,2.5833
dowds,0.0,2.8007
dowdy,0.0007792000000000001,2.7962
dowed,0.0,2.7291
dowel,0.0518809030136986,2.5765
dower,0.0,2.5635
dowfs,0.0,2.7429
dowie,0.0,2.6045
dowle,0.0,2.5866
dowls,0.0,2.655
dowly,0.0,2.6499
downa,0.0,2.6374
downs,0.0,2.6044
downy,0.992783,2.6291
dowps,0.0,2.6855
dowry,0.999528,2.6222
dowse,0.663523,2.592
dowts,0.0,2.6444
doxed,0.0,2.7921
doxes,0.0,2.674
doxie,0.0,2.6582
doyen,0.0,2.5644
doyly,0.0,2.726
dozed,0.003896,2.7945
dozen,1.0,2.6486
dozer,0.76271,2.6284
dozes,0.0,2.6668
drabs,0.0,2.5709
drack,0.0,2.5931
draco,0.0,2.5335
draff,0.0,2.7619
draft,0.1641221435616438,2.5541
drags,0.0,2.5585
drail,0.0,2.5205
drain,1.0,2.4922
drake,0.0007792000000000001,2.5358
drama,0.0007792000000000001,2.6581
drams,0.0,2.5602
drank,1.0,2.5495
drant,0.0,2.5009
drape,0.0007792000000000001,2.4873
draps,0.0,2.5715
drapy,0.0,2.56
drats,0.0,2.5072
drave,0.0,2.5527
drawl,1.0,2.5891
drawn,0.2754508536986301,2.5825
draws,0.0,2.6081
drays,0.0,2.5887
dread,0.0007792000000000001,2.6754
dream,0.8895838202739725,2.5564
drear,0.0,2.5823
dreck,0.969303,2.5975
dreed,0.0,2.6986
dreer,0.0,2.6643
drees,0.0,2.5821
dregs,0.0,2.5755
dreks,0.0,2.6105
drent,0.0,2.5075
drere,0.0,2.6604
dress,1.0,2.6706
drest,0.0,2.4998
dreys,0.0,2.602
dribs,0.0,2.5713
drice,0.0,2.4867
dried,1.0,2.6294
drier,1.0,2.5885
dries,0.0,2.4976
drift,0.0007792000000000001,2.5564
drill,0.0007792000000000001,2.6522
drily,0.0,2.5664
drink,1.0,2.5651
drips,0.0,2.5375
dript,0.0,2.5343
drive,0.8731582728767123,2.5729
drock,0.0,2.6098
droid,0.952006,2.6626
droil,0.0,2.5352
droit,0.952006,2.4873
droke,0.0,2.5501
drole,0.0,2.4913
droll,1.0,2.6389
drome,0.0,2.5184
drone,0.038192946849315,2.4717
drony,0.0,2.5418
droob,0.0,2.6683
droog,0.0,2.6608
drook,0.0,2.6881
drool,0.1869354038356165,2.6241
droop,0.6578010958904109,2.6301
drops,0.0,2.5413
dropt,0.0,2.5383
dross,0.986841,2.6635
drouk,0.0,2.6163
drove,0.3411530432876712,2.5862
drown,1.0,2.5802
drows,0.0,2.6358
drubs,0.0,2.5972
drugs,0.0,2.5962
druid,0.933041,2.6827
drums,0.0,2.5847
drunk,0.0007792000000000001,2.5961
drupe,0.0,2.5368
druse,0.0,2.5186
drusy,0.0,2.5831
druxy,0.0,2.7345
dryad,0.0,2.6924
dryas,0.0,2.5828
dryer,0.1203206838356164,2.6546
dryly,1.0,2.7253
dsobo,0.0,2.7665
dsomo,0.0,2.7425
duads,0.0,2.7253
duals,0.0,2.5669
duans,0.0,2.5756
duars,0.0,2.5666
dubbo,0.0,2.8034
dubby,0.0,2.8236
ducal,0.0,2.5905
ducat,0.663523,2.5626
duces,0.0,2.5941
duchy,0.953185,2.6725
ducks,0.0,2.6561
ducky,0.946784,2.681
ducti,0.0,2.6366
ducts,0.0,2.5879
duddy,0.0,2.9271
duded,0.0,2.8526
dudes,0.0,2.7062
duels,0.0,2.5604
duets,0.0,2.557
duett,0.0,2.6636
duffs,0.0,2.8558
dufus,0.0,2.8405
duing,0.0,2.616
duits,0.0,2.5634
dukas,0.0,2.6706
duked,0.003896,2.7669
dukes,0.0,2.6308
dukka,0.0,2.8317
dukun,0.0,2.821
dulce,0.0,2.5522
dules,0.0,2.5541
dulia,0.0,2.5907
dulls,0.0,2.6831
dully,0.986468,2.7095
dulse,0.0,2.5383
dumas,0.0,2.6366
dumbo,0.0,2.6973
dumbs,0.0,2.7205
dumka,0.0,2.7034
dumky,0.0,2.7279
dummy,0.0637437983561643,2.7763
dumps,0.0,2.6289
dumpy,0.992863,2.6463
dunam,0.0,2.6232
dunce,0.984025,2.5362
dunch,0.0,2.6433
dunes,0.0,2.55
dungs,0.0,2.6487
dungy,0.0,2.6385
dunks,0.0,2.6271
dunno,0.0,2.7115
dunny,0.0,2.7368
dunsh,0.0,2.6214
dunts,0.0,2.5974
duomi,0.0,2.6525
duomo,0.0,2.7187
duped,0.003896,2.7105
duper,0.0,2.5433
dupes,0.0,2.5664
duple,0.0,2.5532
duply,0.0,2.618
duppy,0.0,2.7784
dural,0.0,2.5573
duras,0.0,2.5692
dured,0.0,2.6468
dures,0.0,2.5308
durgy,0.0,2.6266
durns,0.0,2.5911
duroc,0.0,2.5805
duros,0.0,2.5743
duroy,0.0,2.5702
durra,0.0,2.661
durrs,0.0,2.6849
durry,0.0,2.681
durst,0.0,2.5351
durum,0.0,2.7616
durzi,0.0,2.7395
dusks,0.0,2.775
dusky,0.0007792000000000001,2.6656
dusts,0.0,2.709
dusty,0.0007792000000000001,2.5934
dutch,0.891137,2.603
duvet,0.7645671539726027,2.6317
duxes,0.0,2.709
dwaal,0.0,2.7178
dwale,0.0,2.5672
dwalm,0.0,2.6744
dwams,0.0,2.7071
dwamy,0.0,2.6958
dwang,0.0,2.6834
dwarf,1.0,2.6763
dwaum,0.0,2.7319
dweeb,0.943035,2.7482
dwell,0.610349514520548,2.7392
dwelt,0.7417538936986302,2.6024
dwile,0.0,2.5785
dwine,0.0,2.5831
dyads,0.0,2.7309
dyers,0.0,2.5821
dying,1.0,2.6098
dyked,0.0,2.8139
dykes,0.0,2.6868
dykey,0.0,2.8237
dykon,0.0,2.6758
dynel,0.0,2.578
dynes,0.0,2.6004
dynos,0.0,2.6189
dzhos,0.0,2.8002
eager,0.048230781369863,2.6289
eagle,0.1778100997260274,2.6074
eagly,0.0,2.5444
eagre,0.0,2.5652
ealed,0.0,2.5797
eales,0.0,2.5726
eaned,0.0,2.5879
eards,0.0,2.5342
eared,0.003896,2.5936
earls,0.0,2.5027
early,0.4433564493150684,2.5225
earns,0.0,2.5071
earnt,0.0,2.4667
earst,0.0,2.4485
earth,0.6632762783561644,2.5121
eased,0.003896,2.6321
easel,0.2279992723287671,2.5859
easer,0.0,2.5536
eases,0.0,2.7626
easle,0.0,2.5567
easts,0.0,2.6248
eaten,0.0007792000000000001,2.5912
eater,1.0,2.5657
eathe,0.0,2.5937
eatin,0.0,2.4882
eaved,0.0,2.6896
eaver,0.0,2.6334
eaves,0.0,2.7244
ebank,0.0,2.6464
ebbed,0.003896,2.8391
ebbet,0.0,2.7928
ebena,0.0,2.7029
ebene,0.0,2.7975
ebike,0.0,2.7211
ebons,0.0,2.5981
ebony,0.3922547463013698,2.6107
ebook,0.911774,2.7781
ecads,0.0,2.6163
ecard,0.0,2.5442
ecash,0.0,2.561
eched,0.0,2.7236
eches,0.0,2.7113
echos,0.0,2.6352
ecigs,0.0,2.6322
eclat,0.927457,2.5363
ecole,0.0,2.6217
ecrus,0.0,2.5902
edema,0.982966,2.7294
edged,0.003896,2.8328
edger,0.773749,2.6607
edges,0.0,2.6957
edict,0.3466282257534246,2.557
edify,0.0281551123287671,2.6825
edile,0.0,2.6146
edits,0.0,2.5648
educe,0.031973,2.6768
educt,0.0,2.6199
eejit,0.0,2.7385
eensy,0.0,2.6363
eerie,0.0007792000000000001,2.73
eeven,0.0,2.8291
eever,0.0,2.7964
eevns,0.0,2.7321
effed,0.0,2.8876
effer,0.0,2.8384
efits,0.0,2.6004
egads,0.0,2.6466
egers,0.0,2.6805
egest,0.0,2.6507
eggar,0.0,2.7033
egged,0.003896,2.837
egger,0.0,2.7944
egmas,0.0,2.6468
egret,0.97575,2.612
ehing,0.0,2.6203
eider,0.840468,2.5928
eidos,0.0,2.576
eight,0.0007792000000000001,2.6028
eigne,0.0,2.6159
eiked,0.0,2.7037
eikon,0.0,2.5997
eilds,0.0,2.5824
eiron,0.0,2.5064
eisel,0.0,2.584
eject,0.8658580295890411,2.7841
ejido,0.0,2.7435
ekdam,0.0,2.7103
eking,1.0,2.6617
ekkas,0.0,2.7969
elain,0.0,2.5051
eland,0.0,2.5421
elans,0.0,2.5144
elate,0.0007792000000000001,2.5588
elbow,0.0938573019178082,2.6429
elchi,0.0,2.6277
elder,1.0,2.5968
eldin,0.0,2.5676
elect,1.0,2.6119
eleet,0.0,2.6884
elegy,1.0,2.684
elemi,0.0,2.693
elfed,0.0,2.6936
elfin,0.0007792000000000001,2.5981
eliad,0.0,2.5379
elide,0.975045,2.6173
elint,0.0,2.493
elite,0.0117295649315068,2.5605
elmen,0.0,2.6524
eloge,0.0,2.6329
elogy,0.0,2.5735
eloin,0.0,2.515
elope,0.97575,2.5919
elops,0.0,2.5518
elpee,0.0,2.7216
elsin,0.0,2.5292
elude,0.8174939178082192,2.6452
elute,0.0,2.5915
elvan,0.0,2.6121
elven,0.0,2.6952
elver,0.0,2.6739
elves,0.0,2.7099
emacs,0.0,2.5846
email,0.7746049884931507,2.5577
embar,0.0,2.5922
embay,0.0,2.6411
embed,0.0007792000000000001,2.7186
ember,0.4798576657534246,2.6706
embog,0.0,2.7023
embow,0.0,2.7554
embox,0.0,2.7974
embus,0.0,2.7017
emcee,0.0007792000000000001,2.7903
emeer,0.0,2.7567
emend,0.0,2.7254
emerg,0.0,2.7074
emery,0.923702,2.6877
emeus,0.0,2.726
emics,0.0,2.6046
emirs,0.0,2.5626
emits,0.0,2.5685
emmas,0.0,2.7402
emmer,0.0,2.7783
emmet,0.0,2.7783
emmew,0.0,2.9088
emmys,0.0,2.8161
emoji,0.0007792000000000001,2.7651
emong,0.0,2.6287
emote,0.989831,2.6388
emove,0.0,2.7526
empts,0.0,2.629
empty,0.6359003660273973,2.6232
emule,0.0,2.6598
emure,0.0,2.6371
emyde,0.0,2.7482
emyds,0.0,2.7223
enact,0.3274650871232877,2.5185
enarm,0.0,2.5528
enate,0.0,2.5663
ended,0.003896,2.7849
ender,0.0,2.6167
endew,0.0,2.7296
endow,0.1951481775342466,2.6616
endue,0.0,2.6617
enema,0.965585,2.7067
enemy,1.0,2.7051
enews,0.0,2.7488
enfix,0.0,2.7808
eniac,0.0,2.5508
enjoy,0.913309610958904,2.7423
enlit,0.0,2.5099
enmew,0.0,2.7607
ennog,0.0,2.7336
ennui,0.696127373150685,2.7701
enoki,0.0,2.6168
enols,0.0,2.5461
enorm,0.0,2.5629
enows,0.0,2.6326
enrol,0.0,2.5401
ensew,0.0,2.7105
ensky,0.0,2.6535
ensue,0.3064768876712328,2.6632
enter,0.6651013391780822,2.5968
entia,0.0,2.5234
entre,0.0,2.5622
entry,0.0007792000000000001,2.5562
enure,0.0,2.6026
enurn,0.0,2.6934
envoi,0.0,2.6742
envoy,0.0007792000000000001,2.6973
enzym,0.0,2.8096
eolid,0.0,2.5502
eorls,0.0,2.5233
eosin,0.0,2.5127
epact,0.0,2.5274
epees,0.0,2.7926
epena,0.0,2.656
epene,0.0,2.7555
ephah,0.0,2.7737
ephas,0.0,2.6208
ephod,0.0,2.6793
ephor,0.0,2.5993
epics,0.0,2.5803
epoch,1.0,2.5977
epode,0.0,2.6591
epopt,0.0,2.6749
epoxy,1.0,2.737
eppie,0.0,2.7585
epris,0.0,2.5577
equal,0.9105720197260272,2.7441
eques,0.0,2.8097
equid,0.0,2.7816
equip,0.4086802936986301,2.7862
erase,0.0007792000000000001,2.575
erbia,0.0,2.5521
erect,1.0,2.6076
erevs,0.0,2.6984
ergon,0.0,2.5459
ergos,0.0,2.565
ergot,0.0,2.5285
erhus,0.0,2.6114
erica,0.0,2.5088
erick,0.0,2.5773
erics,0.0,2.5283
ering,0.0,2.5636
erned,0.0,2.5846
ernes,0.0,2.5824
erode,1.0,2.5947
erose,0.0,2.5588
erred,0.003896,2.7059
error,1.0,2.7744
erses,0.0,2.7103
eruct,0.0,2.5105
erugo,0.0,2.5659
erupt,0.4369687364383561,2.5415
eruvs,0.0,2.6604
erven,0.0,2.6682
ervil,0.0,2.6021
escar,0.0,2.5402
escot,0.0,2.5595
esile,0.0,2.5945
eskar,0.0,2.6043
esker,0.0,2.6987
esnes,0.0,2.7678
esrog,0.0,2.6026
essay,1.0,2.7338
esses,0.0,2.951
ester,0.835053,2.6333
estoc,0.0,2.5851
estop,0.0,2.5656
estro,0.0,2.5397
etage,0.0,2.6184
etape,0.0,2.5897
etats,0.0,2.6286
etens,0.0,2.6412
ethal,0.0,2.5702
ether,0.3612287123287671,2.6548
ethic,0.7198531638356165,2.641
ethne,0.0,2.6588
ethos,0.6477632613698631,2.6115
ethyl,0.953757,2.6468
etics,0.0,2.5608
etnas,0.0,2.5366
etrog,0.0,2.5666
ettin,0.0,2.6362
ettle,0.0,2.6966
etude,0.0007792000000000001,2.6619
etuis,0.0,2.5633
etwee,0.0,2.8074
etyma,0.0,2.6076
eughs,0.0,2.667
euked,0.0,2.7383
eupad,0.0,2.607
euros,0.0,2.5668
eusol,0.0,2.5496
evade,1.0,2.7423
evegs,0.0,2.8066
evens,0.0,2.74
event,0.2206990290410959,2.714
evert,0.031973,2.7014
every,0.7563543802739726,2.7572
evets,0.0,2.7343
evhoe,0.0,2.7742
evict,1.0,2.6356
evils,0.0,2.6493
evite,0.0,2.6629
evohe,0.0,2.7537
evoke,0.5108836997260274,2.7766
ewers,0.0,2.7238
ewest,0.0,2.6679
ewhow,0.0,2.8689
ewked,0.0,2.8025
exact,0.628600122739726,2.6814
exalt,0.3749166684931506,2.6466
exams,0.0,2.7334
excel,0.846694890958904,2.7555
exeat,0.0,2.7392
execs,0.0,2.8079
exeem,0.0,2.9335
exeme,0.0,2.9256
exert,0.6030492712328767,2.7486
exfil,0.0,2.7646
exier,0.0,2.7121
exies,0.0,2.7509
exile,0.0007792000000000001,2.7449
exine,0.0,2.7295
exing,0.0,2.7449
exist,0.9060093676712327,2.6606
exite,0.0,2.7122
exits,0.0,2.6868
exode,0.0,2.7804
exome,0.0,2.7911
exons,0.0,2.6779
expat,1.0,2.6736
expel,0.4780326049315069,2.7626
expos,0.0,2.7258
extol,0.0007792000000000001,2.6854
extra,0.8439572997260274,2.6827
exude,1.0,2.8356
exuls,0.0,2.72
exult,0.991164,2.6963
exurb,0.967006,2.7539
eyass,0.0,2.6773
eyers,0.0,2.6631
eying,0.985827,2.6332
eyots,0.0,2.5479
eyras,0.0,2.5506
eyres,0.0,2.6377
eyrie,0.0,2.6318
eyrir,0.0,2.655
ezine,0.0,2.7334
fabbo,0.0,2.8145
fabby,0.0,2.8203
fable,0.0007792000000000001,2.5734
faced,0.003896,2.5853
facer,0.0,2.5368
faces,0.0,2.5883
facet,0.4059427024657534,2.5528
facey,0.0,2.6117
facia,0.0,2.7003
facie,0.0,2.5555
facta,0.0,2.6889
facto,0.0,2.5985
facts,0.0,2.578
facty,0.0,2.6161
faddy,0.0,2.7861
faded,0.003896,2.727
fader,0.773749,2.5543
fades,0.0,2.589
fadge,0.0,2.6168
fados,0.0,2.6399
faena,0.0,2.6721
faery,0.0,2.5581
faffs,0.0,2.9453
faffy,0.0,2.9518
faggy,0.0,2.7941
fagin,0.0,2.6069
fagot,0.0,2.5984
faiks,0.0,2.6381
fails,0.0,2.5675
faine,0.0,2.5266
fains,0.0,2.5686
faint,0.2800135057534246,2.5335
faire,0.0,2.5046
fairs,0.0,2.5615
fairy,1.0,2.5867
faith,0.2581127758904109,2.5846
faked,0.003896,2.6599
faker,0.953757,2.6138
fakes,0.0,2.6439
fakey,0.0,2.6709
fakie,0.0,2.6247
fakir,0.809197,2.6123
falaj,0.0,2.8187
fales,0.0,2.5484
falls,0.0,2.7055
false,0.1440464745205479,2.5194
falsy,0.0,2.5697
famed,1.0,2.5965
fames,0.0,2.6105
fanal,0.0,2.6542
fancy,0.1586469610958904,2.6043
fands,0.0,2.6483
fanes,0.0,2.5608
fanga,0.0,2.7189
fango,0.0,2.6268
fangs,0.0,2.6281
fanks,0.0,2.653
fanny,0.0,2.7224
fanon,0.0,2.7107
fanos,0.0,2.5894
fanum,0.0,2.6575
faqir,0.0,2.7007
farad,0.0,2.6681
farce,1.0,2.5163
farci,0.0,2.5865
farcy,0.0,2.5799
fards,0.0,2.619
fared,0.003896,2.5473
farer,0.0,2.6057
fares,0.0,2.5449
farle,0.0,2.5047
farls,0.0,2.5693
farms,0.0,2.5964
faros,0.0,2.5606
farro,0.0,2.6422
farse,0.0,2.4995
farts,0.0,2.5451
fasci,0.0,2.6301
fasti,0.0,2.5866
fasts,0.0,2.7033
fatal,1.0,2.6498
fated,0.003896,2.5641
fates,0.0,2.5611
fatly,0.0,2.5697
fatso,0.0,2.567
fatty,1.0,2.7142
fatwa,1.0,2.7696
fauch,0.0,2.6391
faugh,0.0,2.677
fauld,0.0,2.6176
fault,0.9005341852054795,2.5606
fauna,1.0,2.7095
fauns,0.0,2.6074
faurd,0.0,2.6098
faute,0.0,2.5433
fauts,0.0,2.5772
fauve,0.0,2.6809
favas,0.0,2.7887
favel,0.0,2.6343
faver,0.0,2.6174
faves,0.0,2.6734
favor,1.0,2.6431
favus,0.0,2.7352
fawns,0.0,2.6654
fawny,0.0,2.6759
faxed,0.003896,2.7269
faxes,0.0,2.7194
fayed,0.0,2.6197
fayer,0.0,2.5727
fayne,0.0,2.5861
fayre,0.0,2.5631
fazed,0.003896,2.7146
fazes,0.0,2.7155
feals,0.0,2.5599
feard,0.0,2.5455
feare,0.0,2.5697
fears,0.0,2.5643
feart,0.0,2.492
fease,0.0,2.6098
feast,0.8722457424657535,2.5269
feats,0.0,2.564
feaze,0.0,2.7568
fecal,1.0,2.5798
feces,0.964314,2.6825
fecht,0.0,2.6475
fecit,0.0,2.581
fecks,0.0,2.7145
fedai,0.0,2.6379
fedex,0.0,2.8101
feebs,0.0,2.7539
feeds,0.0,2.7055
feels,0.0,2.6757
feely,0.0,2.6883
feens,0.0,2.6836
feers,0.0,2.6453
feese,0.0,2.7693
feeze,0.0,2.9252
fehme,0.0,2.7502
feign,1.0,2.6122
feint,0.998315,2.5364
feist,0.0,2.5234
felch,0.0,2.6448
felid,0.0,2.5967
felix,0.0,2.7217
fella,0.998656,2.707
fells,0.0,2.7176
felly,0.0,2.7284
felon,1.0,2.5816
felts,0.0,2.5784
felty,0.0,2.5935
femal,0.0,2.6061
femes,0.0,2.7139
femic,0.0,2.6817
femme,0.945143,2.8467
femmy,0.0,2.8239
femur,1.0,2.6167
fence,1.0,2.6483
fends,0.0,2.6139
fendy,0.0,2.669
fenis,0.0,2.588
fenks,0.0,2.687
fenny,0.0,2.7504
fents,0.0,2.5905
feods,0.0,2.6366
feoff,0.0,2.9367
feral,0.3119520701369863,2.5565
ferer,0.0,2.708
feres,0.0,2.6183
feria,0.0,2.5556
ferly,0.0,2.5996
fermi,0.0,2.6252
ferms,0.0,2.6221
ferns,0.0,2.5756
ferny,0.0,2.5984
ferox,0.0,2.6984
ferry,1.0,2.6981
fesse,0.0,2.7624
festa,0.0,2.5647
fests,0.0,2.7207
festy,0.0,2.6102
fetal,1.0,2.5393
fetas,0.0,2.5553
fetch,0.0007792000000000001,2.6296
feted,0.003896,2.6597
fetes,0.0,2.6504
fetid,0.0007792000000000001,2.5883
fetor,0.0,2.5429
fetta,0.0,2.6706
fetts,0.0,2.6942
fetus,1.0,2.6234
fetwa,0.0,2.6698
feuar,0.0,2.5544
feuds,0.0,2.6393
feued,0.0,2.6852
fever,0.1458715353424657,2.7253
fewer,1.0,2.7109
feyed,0.0,2.7131
feyer,0.0,2.6724
feyly,0.0,2.7853
fezes,0.0,2.8085
fezzy,0.0,2.9612
fiars,0.0,2.5669
fiats,0.0,2.57
fiber,0.238037106849315,2.5819
fibre,0.0,2.5826
fibro,0.0,2.6367
fices,0.0,2.6063
fiche,0.0,2.6336
fichu,0.0,2.7233
ficin,0.0,2.7384
ficos,0.0,2.6333
ficta,0.0,2.6078
ficus,0.986342,2.6599
fides,0.0,2.6003
fidge,0.0,2.6239
fidos,0.0,2.6485
fidus,0.0,2.6853
fiefs,0.0,2.7775
field,1.0,2.596
fiend,0.6605386871232877,2.6034
fient,0.0,2.5367
fiere,0.0,2.5997
fieri,0.0,2.7129
fiers,0.0,2.569
fiery,0.0007792000000000001,2.5968
fiest,0.0,2.5262
fifed,0.0,2.7499
fifer,0.0,2.7045
fifes,0.0,2.7563
fifis,0.0,2.9066
fifth,0.0473182509589041,2.7691
fifty,0.7873804142465753,2.7756
figgy,0.0,2.8171
fight,1.0,2.6452
figos,0.0,2.6548
fiked,0.0,2.6744
fikes,0.0,2.6616
filar,0.0,2.5488
filch,0.928638,2.6256
filed,0.003896,2.5738
filer,0.971674,2.5438
files,0.0,2.5727
filet,0.2891388098630137,2.5259
filii,0.0,2.8956
filks,0.0,2.6588
fille,0.0,2.663
fillo,0.0,2.7175
fills,0.0,2.7005
filly,0.0007792000000000001,2.7358
filmi,0.0,2.7939
films,0.0,2.6211
filmy,0.996424,2.6364
filon,0.0,2.5877
filos,0.0,2.5971
filth,1.0,2.5933
filum,0.0,2.6675
final,0.4981082739726027,2.5763
finca,0.0,2.6097
finch,0.4168930673972603,2.6307
finds,0.0,2.6076
fined,0.003896,2.5853
finer,1.0,2.5431
fines,0.0,2.58
finis,0.0,2.7319
finks,0.0,2.6417
finny,0.0,2.7424
finos,0.0,2.5956
fiord,0.0,2.5785
fiqhs,0.0,2.8243
fique,0.0,2.7802
fired,0.003896,2.5529
firer,0.0,2.6324
fires,0.0,2.5555
firie,0.0,2.6524
firks,0.0,2.6528
firma,0.0,2.6174
firms,0.0,2.605
firni,0.0,2.7204
firns,0.0,2.5874
firry,0.0,2.6878
first,1.0,2.5253
firth,0.015594,2.588
fiscs,0.0,2.7579
fisho,0.0,2.6626
fishy,0.8120187353424658,2.6703
fisks,0.0,2.8021
fists,0.0,2.7143
fisty,0.0,2.604
fitch,0.0,2.6329
fitly,0.0,2.5874
fitna,0.0,2.5736
fitte,0.0,2.6421
fitts,0.0,2.6906
fiver,0.0,2.6372
fives,0.0,2.6898
fixed,0.003896,2.7369
fixer,1.0,2.6875
fixes,0.0,2.7354
fixie,0.0,2.839
fixit,0.0,2.8392
fizzy,0.0007792000000000001,2.9336
fjeld,0.0,2.7912
fjord,0.99187,2.717
flabs,0.0,2.652
flack,0.987907,2.6359
flaff,0.0,2.921
flags,0.0,2.6163
flail,0.8028934312328767,2.7078
flair,1.0,2.5552
flake,0.3092144789041096,2.6
flaks,0.0,2.6331
flaky,0.0007792000000000001,2.6462
flame,0.4479191013698629,2.5723
flamm,0.0,2.7687
flams,0.0,2.6259
flamy,0.0,2.618
flane,0.0,2.535
flank,0.6550635046575343,2.6161
flans,0.0,2.5708
flaps,0.0,2.5944
flare,0.5565102202739727,2.5288
flary,0.0,2.5734
flash,0.181460221369863,2.5983
flask,0.7107278597260274,2.614
flats,0.0,2.5546
flava,0.0,2.7708
flawn,0.0,2.6622
flaws,0.0,2.6649
flawy,0.0,2.6723
flaxy,0.0,2.7379
flays,0.0,2.617
fleam,0.0,2.614
fleas,0.0,2.5892
fleck,0.966658,2.6536
fleek,0.0,2.6942
fleer,0.0,2.6182
flees,0.0,2.6607
fleet,1.0,2.6181
flegs,0.0,2.6588
fleme,0.0,2.6834
flesh,1.0,2.6026
fleur,0.0,2.5864
flews,0.0,2.6994
flexi,0.0,2.7755
flexo,0.0,2.7615
fleys,0.0,2.6407
flick,1.0,2.6517
flics,0.0,2.6076
flied,0.003896,2.5688
flier,1.0,2.5334
flies,0.0,2.5621
flimp,0.0,2.6674
flims,0.0,2.6456
fling,1.0,2.6239
flint,0.1568219002739726,2.5411
flips,0.0,2.5885
flirs,0.0,2.5914
flirt,0.8129312657534246,2.5458
flisk,0.0,2.6316
flite,0.0,2.5226
flits,0.0,2.5663
flitt,0.0,2.6624
float,1.0,2.5486
flobs,0.0,2.6709
flock,0.989962165479452,2.6591
flocs,0.0,2.6198
floes,0.0,2.5546
flogs,0.0,2.616
flong,0.0,2.6382
flood,1.0,2.7011
floor,0.9096594893150686,2.6671
flops,0.0,2.5861
flora,0.7536167890410959,2.5603
flore,0.0,2.5335
flors,0.0,2.5969
flory,0.0,2.5884
flosh,0.0,2.6118
floss,1.0,2.7129
flota,0.0,2.5721
flote,0.0,2.544
flour,0.2489874717808219,2.594
flout,0.8987091243835617,2.5747
flown,0.2161363769863013,2.6434
flows,0.0,2.6608
flowy,0.958457,2.6778
flubs,0.0,2.6658
flued,0.0,2.6048
flues,0.0,2.5953
fluey,0.0,2.6132
fluff,1.0,2.9562
fluid,1.0,2.6278
fluke,0.0007792000000000001,2.6451
fluky,0.987442,2.6914
flume,0.926242,2.6154
flump,0.0,2.698
flung,0.191498055890411,2.6545
flunk,0.2845761578082191,2.6585
fluor,0.0,2.5772
flurr,0.0,2.6943
flush,1.0,2.6459
flute,0.0007792000000000001,2.5581
fluty,0.0,2.6119
fluyt,0.0,2.6295
flyby,0.990702,2.8255
flyer,0.6568885654794521,2.5828
flyin,0.0,2.6233
flype,0.0,2.646
flyte,0.0,2.6156
fnarr,0.0,2.6628
foals,0.0,2.5702
foams,0.0,2.6193
foamy,0.0847319978082191,2.6486
focal,1.0,2.5924
focus,1.0,2.6367
foehn,0.0,2.6187
fogey,0.902458,2.6312
foggy,0.8996216547945205,2.8012
fogie,0.0,2.5961
fogle,0.0,2.5885
fogos,0.0,2.7502
fogou,0.0,2.7816
fohns,0.0,2.6461
foids,0.0,2.6374
foils,0.0,2.5616
foins,0.0,2.5751
foist,0.0007792000000000001,2.5475
folds,0.0,2.596
foley,0.0,2.594
folia,0.0,2.5935
folic,0.987324,2.6022
folie,0.0,2.549
folio,0.0418430684931506,2.6988
folks,0.0,2.6305
folky,1.0,2.6633
folly,0.6641888087671233,2.7283
fomes,0.0,2.6315
fonda,0.0,2.6412
fonds,0.0,2.6573
fondu,0.0,2.6756
fones,0.0,2.58
fonio,0.0,2.6852
fonly,0.0,2.5941
fonts,0.0,2.5741
foods,0.0,2.7216
foody,0.0,2.7502
fools,0.0,2.6803
foots,0.0,2.6864
footy,0.0,2.6896
foram,0.0,2.5973
foray,1.0,2.5944
forbs,0.0,2.6408
forby,0.0,2.6406
force,0.4232807802739726,2.5192
fordo,0.0,2.7014
fords,0.0,2.6026
forel,0.0,2.5337
fores,0.0,2.5503
forex,0.0,2.6742
forge,1.0,2.5653
forgo,1.0,2.7123
forks,0.0,2.6293
forky,0.0,2.6506
forma,0.0,2.6039
forme,0.0,2.5664
forms,0.0,2.6054
forte,0.3174272526027397,2.5211
forth,1.0,2.5789
forts,0.0,2.5463
forty,0.4506566926027397,2.583
forum,0.0007792000000000001,2.6293
forza,0.0,2.7089
forze,0.0,2.6654
fossa,0.0,2.7303
fosse,0.0,2.6874
fouat,0.0,2.5795
fouds,0.0,2.6702
fouer,0.0,2.5673
fouet,0.0,2.5575
foule,0.0,2.566
fouls,0.0,2.5942
found,1.0,2.6188
fount,0.995693,2.5702
fours,0.0,2.6018
fouth,0.0,2.6038
fovea,0.0,2.6897
fowls,0.0,2.6527
fowth,0.0,2.6925
foxed,0.0,2.7345
foxes,0.0,2.7237
foxie,0.0,2.7111
foyer,1.0,2.585
foyle,0.0,2.5953
foyne,0.0,2.6008
frabs,0.0,2.6358
frack,0.922373,2.626
fract,0.0,2.5216
frags,0.0,2.6156
frail,0.2106611945205479,2.5615
fraim,0.0,2.5908
frais,0.0,2.5638
frame,1.0,2.55
franc,1.0,2.565
frank,0.60031168,2.6093
frape,0.0,2.5407
fraps,0.0,2.5993
frass,0.0,2.6878
frate,0.0,2.4909
frati,0.0,2.5535
frats,0.0,2.5477
fraud,1.0,2.607
fraus,0.0,2.5947
frays,0.0,2.6259
freak,0.0007792000000000001,2.6247
freed,1.0,2.649
freer,1.0,2.7447
frees,0.0,2.6593
freet,0.0,2.5697
freit,0.0,2.5197
fremd,0.0,2.6387
frena,0.0,2.5568
freon,0.0,2.5648
frere,0.0,2.7105
fresh,1.0,2.6024
frets,0.0,2.5744
friar,0.994639,2.6733
fribs,0.0,2.6557
fried,0.4679947704109589,2.552
frier,0.0,2.6225
fries,0.0,2.5569
frigs,0.0,2.6297
frill,0.0007792000000000001,2.7065
frise,0.959403,2.5419
frisk,1.0,2.6116
frist,0.0,2.5208
frita,0.0,2.5359
frite,0.0,2.5007
frith,0.0,2.5699
frits,0.0,2.548
fritt,0.0,2.6269
fritz,0.0007792000000000001,2.6857
frize,0.0,2.6588
frizz,0.964843,2.8676
frock,0.8238816306849315,2.628
froes,0.0,2.5479
frogs,0.0,2.6214
fromm,0.0,2.7591
frond,0.4214557194520548,2.5595
frons,0.0,2.5852
front,1.0,2.5255
froom,0.0,2.7037
frore,0.0,2.6247
frorn,0.0,2.6638
frory,0.0,2.6756
frosh,0.750523,2.5945
frost,0.6824394169863013,2.5287
froth,1.0,2.5818
frown,0.2325619243835616,2.6332
frows,0.0,2.6679
frowy,0.0,2.6708
froyo,0.0,2.7127
froze,0.6532384438356165,2.6677
frugs,0.0,2.6586
fruit,0.0007792000000000001,2.5751
frump,0.902458,2.6463
frush,0.0,2.619
frust,0.0,2.5389
fryer,1.0,2.6957
fubar,0.0,2.617
fubby,0.0,2.8664
fubsy,0.0,2.689
fucks,0.0,2.7291
fucus,0.0,2.8122
fuddy,0.0,2.8363
fudge,1.0,2.6536
fudgy,0.980266,2.703
fuels,0.0,2.6127
fuero,0.0,2.5957
fuffs,0.0,2.9859
fuffy,0.0,2.9961
fugal,0.953185,2.6438
fuggy,0.0,2.8414
fugie,0.0,2.6243
fugio,0.0,2.6808
fugis,0.0,2.6694
fugle,0.0,2.6221
fugly,0.0,2.6657
fugue,0.0007792000000000001,2.7874
fugus,0.0,2.8329
fujis,0.0,2.7839
fulla,0.0,2.7344
fulls,0.0,2.7438
fully,0.2663255495890411,2.7656
fulth,0.0,2.6284
fulwa,0.0,2.7276
fumed,0.003896,2.6465
fumer,0.0,2.6185
fumes,0.0,2.6452
fumet,0.0,2.6151
funda,0.0,2.6778
fundi,0.0,2.6949
fundo,0.0,2.6696
funds,0.0,2.6449
fundy,0.0,2.6872
fungi,0.9488982969863012,2.6844
fungo,0.937924,2.6595
fungs,0.0,2.6795
funic,0.0,2.6527
funis,0.0,2.6132
funks,0.0,2.6824
funky,0.1860228734246575,2.7062
funny,0.5172714126027397,2.7681
funsy,0.0,2.6249
funts,0.0,2.6065
fural,0.0,2.5854
furan,0.0,2.5863
furca,0.0,2.5997
furls,0.0,2.6219
furol,0.0,2.5894
furor,1.0,2.6972
furos,0.0,2.5944
furrs,0.0,2.7092
furry,1.0,2.7259
furth,0.0,2.6011
furze,0.0,2.7047
furzy,0.0,2.7637
fused,0.003896,2.6232
fusee,0.0,2.6569
fusel,0.0,2.5876
fuses,0.0,2.758
fusil,0.0,2.6074
fusks,0.0,2.83
fussy,1.0,2.7779
fusts,0.0,2.7392
fusty,1.0,2.6471
futon,1.0,2.598
fuzed,0.0,2.7728
fuzee,0.0,2.7978
fuzes,0.0,2.7583
fuzil,0.0,2.7483
fuzzy,0.1175830926027397,2.9877
fyces,0.0,2.6887
fyked,0.0,2.7508
fykes,0.0,2.7356
fyles,0.0,2.6324
fyrds,0.0,2.7118
fytte,0.0,2.7483
gabba,0.0,2.8606
gabby,0.965948,2.7784
gable,0.983121,2.5382
gaddi,0.0,2.7615
gades,0.0,2.5645
gadge,0.0,2.6909
gadgy,0.0,2.7589
gadid,0.0,2.7115
gadis,0.0,2.5957
gadje,0.0,2.6955
gadjo,0.0,2.7512
gadso,0.0,2.5944
gaffe,1.0,2.7502
gaffs,0.0,2.8083
gaged,0.0,2.6961
gager,0.0,2.6377
gages,0.0,2.6957
gaids,0.0,2.5937
gaily,0.994147,2.5483
gains,0.0,2.5456
gairs,0.0,2.53
gaita,0.0,2.6101
gaits,0.0,2.5272
gaitt,0.0,2.6077
gajos,0.0,2.7193
galah,0.0,2.6539
galas,0.0,2.6487
galax,0.0,2.7703
galea,0.0,2.6023
galed,0.0,2.5247
gales,0.0,2.5057
galia,0.0,2.6255
galis,0.0,2.5466
galls,0.0,2.6639
gally,0.0,2.6547
galop,0.0,2.5631
galut,0.0,2.528
galvo,0.0,2.6372
gamas,0.0,2.6915
gamay,0.0,2.6882
gamba,0.0,2.7522
gambe,0.0,2.6097
gambo,0.0,2.661
gambs,0.0,2.6744
gamed,0.003896,2.5713
gamer,1.0,2.5393
games,0.0,2.5583
gamey,0.95078,2.5863
gamic,0.0,2.6304
gamin,0.0,2.5814
gamma,0.998799,2.8383
gamme,0.0,2.6926
gammy,0.0,2.7424
gamps,0.0,2.6334
gamut,0.2425997589041096,2.5891
ganch,0.0,2.5937
gandy,0.0,2.5963
ganef,0.0,2.5869
ganev,0.0,2.613
gangs,0.0,2.7124
ganja,0.0,2.7897
ganks,0.0,2.6223
ganof,0.0,2.6146
gants,0.0,2.5368
gaols,0.0,2.5458
gaped,0.003896,2.5505
gaper,0.0,2.5162
gapes,0.0,2.5463
gapos,0.0,2.5858
gappy,0.0,2.7337
garam,0.0,2.6405
garba,0.0,2.6689
garbe,0.0,2.5211
garbo,0.0,2.574
garbs,0.0,2.5717
garda,0.0,2.6567
garde,0.0,2.4998
gares,0.0,2.4993
garis,0.0,2.5361
garms,0.0,2.5678
garni,0.0,2.5472
garre,0.0,2.5555
garri,0.0,2.6476
garth,0.0,2.5332
garum,0.0,2.5798
gases,0.0,2.6754
gashy,0.0,2.6206
gasps,0.0,2.711
gaspy,0.0,2.59
gassy,0.971104,2.707
gasts,0.0,2.6684
gatch,0.0,2.5903
gated,1.0,2.5402
gater,0.0,2.4798
gates,0.0,2.5211
gaths,0.0,2.5851
gator,1.0,2.495
gauch,0.0,2.6113
gaucy,0.0,2.5996
gauds,0.0,2.626
gaudy,1.0,2.6188
gauge,0.0007792000000000001,2.7266
gauje,0.0,2.677
gault,0.0,2.5151
gaums,0.0,2.6117
gaumy,0.0,2.61
gaunt,0.3302026783561644,2.5389
gaups,0.0,2.5976
gaurs,0.0,2.5565
gauss,0.0,2.692
gauze,0.9525484186301372,2.7031
gauzy,1.0,2.7495
gavel,0.0007792000000000001,2.6065
gavot,0.0,2.6167
gawcy,0.0,2.678
gawds,0.0,2.7039
gawks,0.0,2.7054
gawky,1.0,2.7257
gawps,0.0,2.6804
gawsy,0.0,2.6421
gayal,0.0,2.6444
gayer,0.924991,2.5425
gayly,0.047658,2.7108
gazal,0.0,2.7592
gazar,0.0,2.7321
gazed,0.003896,2.6798
gazer,0.877061,2.6568
gazes,0.0,2.6746
gazon,0.0,2.6768
gazoo,0.0,2.8055
geals,0.0,2.532
geans,0.0,2.5365
geare,0.0,2.5455
gears,0.0,2.5357
geasa,0.0,2.6331
geats,0.0,2.5185
gebur,0.0,2.5986
gecko,0.982809,2.6488
gecks,0.0,2.7055
geeks,0.0,2.728
geeky,1.0,2.7576
geeps,0.0,2.6723
geese,0.0007792000000000001,2.7681
geest,0.0,2.5882
geist,0.0,2.5018
geits,0.0,2.5267
gelds,0.0,2.5812
gelee,0.0,2.7253
gelid,0.0,2.567
gelly,0.0,2.6926
gelts,0.0,2.557
gemel,0.0,2.6448
gemma,0.0,2.7507
gemmy,0.0,2.7753
gemot,0.0,2.575
genae,0.0,2.5802
genal,0.0,2.5264
genas,0.0,2.5447
genes,0.0,2.6328
genet,0.0,2.5726
genic,0.0,2.5947
genie,0.06739392,2.6142
genii,0.0,2.698
genin,0.0,2.6786
genio,0.0,2.5526
genip,0.0,2.5698
genny,0.0,2.7123
genoa,0.0,2.5514
genom,0.0,2.6013
genre,0.5318718991780822,2.5919
genro,0.0,2.5311
gents,0.0,2.5418
genty,0.0,2.5647
genua,0.0,2.5701
genus,1.0,2.5927
geode,0.927457,2.6382
geoid,0.0,2.577
gerah,0.0,2.5387
gerbe,0.0,2.6236
geres,0.0,2.5866
gerle,0.0,2.5681
germs,0.0,2.5714
germy,0.902458,2.5828
gerne,0.0,2.5609
gesse,0.0,2.7323
gesso,0.0,2.7009
geste,0.0,2.5961
gests,0.0,2.6926
getas,0.0,2.5284
getup,0.952006,2.5871
geums,0.0,2.6321
geyan,0.0,2.5607
geyer,0.0,2.6385
ghast,0.0,2.5427
ghats,0.0,2.5674
ghaut,0.0,2.5782
ghazi,0.0,2.7687
ghees,0.0,2.6645
ghest,0.0,2.5664
ghost,0.0208548690410958,2.5679
ghoul,0.7225907550684931,2.6127
ghusl,0.0,2.6129
ghyll,0.0,2.7599
giant,0.7992433095890411,2.5034
gibed,0.003896,2.6011
gibel,0.0,2.565
giber,0.0,2.5588
gibes,0.0,2.5929
gibli,0.0,2.7615
gibus,0.0,2.6683
giddy,0.6130871057534246,2.7498
gifts,0.0,2.6095
gigas,0.0,2.7292
gighe,0.0,2.7442
gigot,0.0,2.6894
gigue,0.0,2.7212
gilas,0.0,2.5605
gilds,0.0,2.5679
gilet,0.0,2.4969
gilia,0.0,2.6831
gills,0.0,2.6643
gilly,0.0,2.6832
gilpy,0.0,2.5969
gilts,0.0,2.5526
gimel,0.0,2.5636
gimme,0.99187,2.7207
gimps,0.0,2.6087
gimpy,0.0,2.6523
ginch,0.0,2.6191
ginga,0.0,2.7212
ginge,0.0,2.6841
gings,0.0,2.7307
ginks,0.0,2.645
ginny,0.0,2.7038
ginzo,0.0,2.7056
gipon,0.0,2.572
gippo,0.0,2.7446
gippy,0.0,2.7556
gipsy,0.0,2.5968
girds,0.0,2.57
girlf,0.0,2.6202
girls,0.0,2.5361
girly,1.0,2.561
girns,0.0,2.5549
giron,0.0,2.5242
giros,0.0,2.5487
girrs,0.0,2.6567
girsh,0.0,2.57
girth,1.0,2.5598
girts,0.0,2.5365
gismo,0.0,2.626
gisms,0.0,2.7528
gists,0.0,2.6873
gitch,0.0,2.6215
gites,0.0,2.5258
giust,0.0,2.5315
gived,0.0,2.6498
given,0.5692856460273972,2.6416
giver,1.0,2.6143
gives,0.0,2.6623
gizmo,0.0007792000000000001,2.7386
glace,0.950148,2.5082
glade,0.0144671561643835,2.5221
glads,0.0,2.6037
glady,0.0,2.5887
glaik,0.0,2.5962
glair,0.0,2.5196
glamp,0.057262,2.5719
glams,0.0,2.5935
gland,0.1212332142465753,2.5343
glans,0.0,2.5502
glare,0.0007792000000000001,2.4988
glary,0.0,2.5446
glass,1.0,2.6691
glatt,0.0,2.624
glaum,0.0,2.6051
glaur,0.0,2.5351
glaze,0.552860098630137,2.6397
glazy,0.0,2.6824
gleam,0.3977299287671232,2.581
glean,0.9680614356164384,2.533
gleba,0.0,2.6077
glebe,0.0,2.6605
gleby,0.0,2.6396
glede,0.0,2.6313
gleds,0.0,2.621
gleed,0.0,2.6238
gleek,0.0,2.6757
glees,0.0,2.6157
gleet,0.0,2.5737
gleis,0.0,2.558
glens,0.0,2.5466
glent,0.0,2.5318
gleys,0.0,2.6152
glial,0.0,2.6447
glias,0.0,2.5507
glibs,0.0,2.6297
glide,0.3730916076712329,2.5383
gliff,0.0,2.7959
glift,0.0,2.5966
glike,0.0,2.5832
glime,0.0,2.5551
glims,0.0,2.6105
glint,0.0007792000000000001,2.515
glisk,0.0,2.6125
glits,0.0,2.5447
glitz,1.0,2.6652
gloam,0.047658,2.5766
gloat,1.0,2.5118
globe,0.5190964734246576,2.5541
globi,0.0,2.6518
globs,0.0,2.5939
globy,0.0,2.6177
glode,0.0,2.5562
glogg,0.0,2.8841
gloms,0.0,2.5843
gloom,1.0,2.6862
gloop,0.823057,2.6528
glops,0.0,2.5519
glory,0.9288226279452054,2.5474
gloss,0.0007792000000000001,2.6784
glost,0.0,2.5313
glout,0.0,2.5459
glove,0.7663922147945206,2.6106
glows,0.0,2.6232
glowy,0.935071,2.6419
gloze,0.0,2.6644
glued,0.003896,2.5619
gluer,0.0,2.5445
glues,0.0,2.5595
gluey,0.982809,2.5671
glugg,0.0,2.9093
glugs,0.0,2.749
glume,0.0,2.5913
glums,0.0,2.6413
gluon,0.0,2.5622
glute,0.840468,2.5332
gluts,0.0,2.5839
glyph,0.8777209249315069,2.6444
gnapi,0.0,2.6174
gnarl,0.801422,2.5408
gnarr,0.0,2.6324
gnars,0.0,2.5624
gnash,0.6112620449315069,2.5768
gnats,0.0,2.5338
gnawn,0.0,2.7734
gnaws,0.0,2.6371
gnome,0.0007792000000000001,2.5799
gnows,0.0,2.6681
goads,0.0,2.575
goafs,0.0,2.6372
goaft,0.0,2.5898
goals,0.0,2.5272
goary,0.0,2.5322
goats,0.0,2.5324
goaty,0.0,2.5473
goave,0.0,2.6083
goban,0.0,2.5871
gobar,0.0,2.5516
gobbe,0.0,2.7363
gobbi,0.0,2.8042
gobbo,0.0,2.8713
gobby,0.0,2.7863
gobis,0.0,2.6273
gobos,0.0,2.7239
godet,0.0,2.5343
godly,0.996999,2.572
godso,0.0,2.698
goels,0.0,2.5524
goers,0.0,2.5482
goest,0.0,2.5143
goeth,0.0,2.5651
goety,0.0,2.5496
gofer,0.0007792000000000001,2.587
goffs,0.0,2.8225
gogga,0.0,2.8936
gogos,0.0,2.8259
goier,0.0,2.5031
going,0.209748664109589,2.7108
gojis,0.0,2.7326
gokes,0.0,2.6465
golds,0.0,2.5607
goldy,0.0,2.6069
golem,0.955942,2.5474
goles,0.0,2.5437
golfs,0.0,2.6124
golly,0.991073,2.6838
golpe,0.0,2.5456
golps,0.0,2.5876
gombo,0.0,2.7601
gomer,0.0,2.5446
gompa,0.0,2.6301
gonad,0.721877,2.5625
gonch,0.0,2.5951
gonef,0.0,2.6014
goner,0.985695,2.5081
gongs,0.0,2.7055
gonia,0.0,2.5514
gonif,0.0,2.6177
gonks,0.0,2.6323
gonna,1.0,2.6985
gonof,0.0,2.7235
gonys,0.0,2.6043
gonzo,1.0,2.8024
gooby,0.0,2.7236
goodo,0.0,2.8508
goods,0.0,2.6839
goody,0.13400864,2.7077
gooey,0.0007792000000000001,2.6921
goofs,0.0,2.7327
goofy,0.2343869852054794,2.7592
googs,0.0,2.8189
gooks,0.0,2.7385
gooky,0.0,2.7487
goold,0.0,2.6711
gools,0.0,2.6567
gooly,0.0,2.659
goomy,0.0,2.7018
goons,0.0,2.6507
goony,0.0,2.6545
goops,0.0,2.6861
goopy,0.974804,2.6967
goors,0.0,2.6394
goory,0.0,2.639
goose,1.0,2.6483
goosy,0.0,2.6631
gopak,0.0,2.6494
gopik,0.0,2.6544
goral,0.0,2.5191
goras,0.0,2.5311
goray,0.0,2.536
gorbs,0.0,2.605
gordo,0.0,2.6629
gored,0.003896,2.5179
gores,0.0,2.5141
gorge,1.0,2.6574
goris,0.0,2.5487
gorms,0.0,2.5816
gormy,0.0,2.573
gorps,0.0,2.5639
gorse,0.943819,2.4978
gorsy,0.0,2.543
gosht,0.0,2.5813
gosse,0.0,2.6525
gotch,0.0,2.6087
goths,0.0,2.5971
gothy,0.0,2.6048
gotta,1.0,2.6628
gouch,0.0,2.6128
gouge,0.999079,2.744
gouks,0.0,2.6583
goura,0.0,2.5548
gourd,0.998315,2.5617
gouts,0.0,2.5581
gouty,0.0,2.5744
goved,0.0,2.6503
goves,0.0,2.653
gowan,0.0,2.6281
gowds,0.0,2.7165
gowfs,0.0,2.75
gowks,0.0,2.7381
gowls,0.0,2.6614
gowns,0.0,2.6224
goxes,0.0,2.6994
goyim,0.0,2.6432
goyle,0.0,2.5573
graal,0.0,2.6055
grabs,0.0,2.5841
grace,0.5117962301369863,2.4962
grade,0.0007792000000000001,2.5151
grads,0.0,2.5609
graff,0.0,2.7677
graft,0.0007792000000000001,2.569
grail,0.5619854027397261,2.5138
grain,0.1750725084931507,2.5168
graip,0.0,2.5454
grama,0.0,2.6558
grame,0.0,2.5159
gramp,0.0,2.5875
grams,0.0,2.5732
grana,0.0,2.6066
grand,0.6787892953424657,2.5282
grano,0.0,2.5159
grans,0.0,2.5367
grant,0.2407746980821918,2.4866
grape,1.0,2.5119
graph,0.5747608284931507,2.5751
grapy,0.0,2.5644
grasp,0.4415313884931507,2.5293
grass,0.0007792000000000001,2.6699
grata,0.0,2.5959
grate,0.9279100975342466,2.4664
grats,0.0,2.5156
grave,0.0007792000000000001,2.6036
gravs,0.0,2.6312
gravy,0.0007792000000000001,2.6507
grays,0.0,2.5861
graze,1.0,2.641
great,1.0,2.5094
grebe,0.0,2.6356
grebo,0.0,2.5963
grece,0.0,2.5951
greed,0.1093703189041096,2.6241
greek,0.0,2.6564
green,0.5492099769863014,2.6051
grees,0.0,2.5954
greet,1.0,2.5767
grege,0.0,2.7289
grego,0.0,2.6931
grein,0.0,2.5268
grens,0.0,2.557
greps,0.0,2.5811
grese,0.0,2.58
greve,0.0,2.6679
grews,0.0,2.6449
greys,0.0,2.5972
grice,0.0,2.5115
gride,0.0,2.5203
grids,0.0,2.5642
grief,0.7116403901369863,2.5749
griff,0.0,2.7802
grift,0.0391054772602739,2.5764
grigs,0.0,2.7049
grike,0.0,2.567
grill,1.0,2.6479
grime,1.0,2.5184
grimy,0.8293568131506849,2.5866
grind,0.352103408219178,2.5345
grins,0.0,2.5305
griot,0.0,2.4989
gripe,1.0,2.5094
grips,0.0,2.5549
gript,0.0,2.538
gripy,0.0,2.5836
grise,0.0,2.5017
grist,1.0,2.4953
grisy,0.0,2.5651
grith,0.0,2.5501
grits,0.0,2.5223
grize,0.0,2.621
groan,0.0007792000000000001,2.5142
groat,0.0,2.493
grody,0.0,2.5845
grogs,0.0,2.703
groin,0.968475,2.5278
groks,0.0,2.5987
groma,0.0,2.5677
groms,0.0,2.5892
grone,0.0,2.5016
groof,0.0,2.7003
groom,0.3630537731506849,2.6712
grope,1.0,2.5136
gross,0.0007792000000000001,2.6823
grosz,0.0,2.6804
grots,0.0,2.5324
grouf,0.0,2.6178
group,1.0,2.5678
grout,0.762742093150685,2.5369
grove,0.9032717764383562,2.6037
grovy,0.0,2.6422
growl,1.0,2.6138
grown,0.0464057205479452,2.6043
grows,0.0,2.6234
grrls,0.0,2.6985
grrrl,0.0,2.8095
grubs,0.0,2.6259
grued,0.0,2.5495
gruel,0.963498783561644,2.5441
grues,0.0,2.5469
grufe,0.0,2.6005
gruff,0.0007792000000000001,2.8011
grume,0.0,2.5643
grump,0.967685,2.6079
grund,0.0,2.5947
grunt,1.0,2.5315
gryce,0.0,2.5992
gryde,0.0,2.6012
gryke,0.0,2.6541
grype,0.0,2.5939
grypt,0.0,2.6068
guaco,0.0,2.6133
guana,0.0,2.6543
guano,0.7600045019178082,2.5908
guans,0.0,2.5646
guard,0.6906521906849316,2.5738
guars,0.0,2.5595
guava,0.0007792000000000001,2.7956
gubba,0.0,2.8106
gucks,0.0,2.7116
gucky,0.0,2.7211
gudes,0.0,2.6055
guess,0.0007792000000000001,2.7359
guest,0.6769642345205479,2.5579
guffs,0.0,2.8538
gugas,0.0,2.7413
guggl,0.0,2.9104
guide,0.5382596120547946,2.597
guido,0.0,2.6241
guids,0.0,2.6294
guild,1.0,2.5901
guile,0.1978857687671233,2.5494
guilt,1.0,2.539
guimp,0.0,2.6422
guiro,0.0,2.5623
guise,0.0007792000000000001,2.5731
gulab,0.0,2.6194
gulag,1.0,2.7417
gular,0.0,2.5415
gulas,0.0,2.5761
gulch,0.940571,2.636
gules,0.0,2.5659
gulet,0.0,2.5256
gulfs,0.0,2.658
gulfy,0.0,2.6688
gulls,0.0,2.7104
gully,0.9470732361643835,2.7295
gulph,0.0,2.6437
gulps,0.0,2.602
gulpy,0.0,2.6189
gumbo,0.0007792000000000001,2.6826
gumma,0.0,2.7862
gummi,0.0,2.8115
gummy,0.3676164252054794,2.7882
gumps,0.0,2.677
gunas,0.0,2.5723
gundi,0.0,2.6518
gundy,0.0,2.64
gunge,0.0,2.711
gungy,0.0,2.7604
gunks,0.0,2.6692
gunky,0.0007792000000000001,2.6858
gunny,0.0,2.7305
guppy,0.7253283463013699,2.7708
guqin,0.0,2.7554
gurdy,0.0,2.6271
gurge,0.0,2.6747
gurks,0.0,2.6513
gurls,0.0,2.5908
gurly,0.0,2.5871
gurns,0.0,2.5768
gurry,0.0,2.6765
gursh,0.0,2.5887
gurus,0.0,2.732
gushy,0.982809,2.6708
gusla,0.0,2.583
gusle,0.0,2.5512
gusli,0.0,2.6171
gussy,0.963686,2.7481
gusto,1.0,2.5892
gusts,0.0,2.7248
gusty,0.2453373501369863,2.6178
gutsy,1.0,2.6019
gutta,0.0,2.6775
gutty,0.926242,2.7157
guyed,0.0,2.6328
guyle,0.0,2.5874
guyot,0.0,2.5925
guyse,0.0,2.5901
gwine,0.0,2.6048
gyals,0.0,2.586
gyans,0.0,2.591
gybed,0.0,2.6806
gybes,0.0,2.6784
gyeld,0.0,2.6397
gymps,0.0,2.7157
gynae,0.0,2.5663
gynie,0.0,2.5865
gynny,0.0,2.9035
gynos,0.0,2.6124
gyoza,0.0,2.7477
gypes,0.0,2.638
gypos,0.0,2.6401
gyppo,0.0,2.7871
gyppy,0.0,2.9487
gypsy,0.0,2.7897
gyral,0.0,2.573
gyred,0.0,2.5963
gyres,0.0,2.5867
gyron,0.0,2.5767
gyros,0.0,2.5895
gyrus,0.0,2.6285
gytes,0.0,2.6009
gyved,0.0,2.7294
gyver,0.0,2.6828
gyves,0.0,2.7286
haafs,0.0,2.724
haars,0.0,2.6187
haats,0.0,2.6045
habit,0.0336302947945205,2.5747
hable,0.0,2.5499
habus,0.0,2.6413
hacek,0.0,2.6019
hacks,0.0,2.6389
hacky,0.947486,2.6587
hadal,0.0,2.6759
haded,0.0,2.677
hades,0.0,2.5676
hadji,0.0,2.7871
hadst,0.0,2.5533
haems,0.0,2.5659
haere,0.0,2.554
haets,0.0,2.5046
haffs,0.0,2.801
hafiz,0.0,2.7735
hafta,0.0,2.7062
hafts,0.0,2.6081
haggs,0.0,2.7526
haham,0.0,2.8488
hahas,0.0,2.8042
haick,0.0,2.5985
haika,0.0,2.6912
haiks,0.0,2.5992
haiku,1.0,2.6783
hails,0.0,2.5361
haily,0.0,2.5474
hains,0.0,2.5333
haint,0.0,2.4967
hairs,0.0,2.5296
hairy,1.0,2.5674
haith,0.0,2.6581
hajes,0.0,2.6913
hajis,0.0,2.7159
hajji,0.0,2.9323
hakam,0.0,2.7572
hakas,0.0,2.7144
hakea,0.0,2.7092
hakes,0.0,2.6145
hakim,0.0,2.6642
hakus,0.0,2.6607
halal,1.0,2.7707
haldi,0.0,2.6162
haled,0.0,2.5344
haler,0.0,2.5056
hales,0.0,2.5162
halfa,0.0,2.7184
halfs,0.0,2.629
halid,0.0,2.5704
hallo,0.0,2.6651
halls,0.0,2.6641
halma,0.0,2.6758
halms,0.0,2.5909
halon,0.0,2.5501
halos,0.0,2.5461
halse,0.0,2.4855
halsh,0.0,2.6775
halts,0.0,2.5165
halva,0.0,2.7363
halve,0.2398621676712329,2.6068
halwa,0.0,2.7296
hamal,0.0,2.6652
hamba,0.0,2.7467
hamed,0.0,2.581
hamel,0.0,2.5552
hames,0.0,2.5759
hammy,0.999528,2.7588
hamza,0.0,2.826
hanap,0.0,2.6481
hance,0.0,2.5184
hanch,0.0,2.7023
handi,0.0,2.6156
hands,0.0,2.5783
handy,0.2608503671232876,2.589
hangi,0.0,2.6141
hangs,0.0,2.5829
hanks,0.0,2.6031
hanky,0.911774,2.6394
hansa,0.0,2.6189
hanse,0.0,2.4894
hants,0.0,2.5252
haole,0.0,2.5001
haoma,0.0,2.6718
hapas,0.0,2.6579
hapax,0.0,2.8046
haply,0.0,2.5665
happi,0.0,2.7477
happy,0.8695081512328767,2.7333
hapus,0.0,2.6047
haram,0.0,2.6396
hards,0.0,2.5848
hardy,0.0007792000000000001,2.5831
hared,0.0,2.5088
harem,1.0,2.5265
hares,0.0,2.5121
harim,0.0,2.5587
harks,0.0,2.5884
harls,0.0,2.5445
harms,0.0,2.5663
harns,0.0,2.5302
haros,0.0,2.5283
harps,0.0,2.5557
harpy,0.961632,2.5658
harry,0.885892,2.6666
harsh,0.2708882016438356,2.6803
harts,0.0,2.5045
hashy,0.0,2.7348
hasks,0.0,2.7405
hasps,0.0,2.6968
hasta,0.0,2.6132
haste,0.0007792000000000001,2.5036
hasty,0.0007792000000000001,2.5748
hatch,1.0,2.6925
hated,0.003896,2.5437
hater,0.694302312328767,2.4893
hates,0.0,2.5265
hatha,0.0,2.7809
hathi,0.0,2.7166
hatty,0.0,2.6511
hauds,0.0,2.6259
haufs,0.0,2.65
haugh,0.0,2.758
haugo,0.0,2.6326
hauld,0.0,2.5937
haulm,0.0,2.5991
hauls,0.0,2.5632
hault,0.0,2.5202
hauns,0.0,2.5668
haunt,0.0007792000000000001,2.5332
hause,0.0,2.5107
haute,1.0,2.5281
havan,0.0,2.7294
havel,0.0,2.6051
haven,0.0007792000000000001,2.627
haver,0.0,2.5864
haves,0.0,2.6522
havoc,0.8403071780821917,2.6824
hawed,0.0,2.625
hawks,0.0,2.7022
hawms,0.0,2.6849
hawse,0.0,2.575
hayed,0.0,2.5924
hayer,0.0,2.5545
hayey,0.0,2.726
hayle,0.0,2.5363
hazan,0.0,2.7716
hazed,0.003896,2.6931
hazel,0.0829069369863013,2.6534
hazer,0.0,2.6333
hazes,0.0,2.6881
hazle,0.0,2.6383
heads,0.0,2.5838
heady,0.8010683704109589,2.609
heald,0.0,2.5419
heals,0.0,2.5264
heame,0.0,2.6188
heaps,0.0,2.5576
heapy,0.0,2.5695
heard,0.4935456219178082,2.5285
heare,0.0,2.5493
hears,0.0,2.5334
heart,0.6495883221917809,2.4822
heast,0.0,2.4785
heath,1.0,2.6847
heats,0.0,2.5364
heaty,0.0,2.5243
heave,0.4397063276712328,2.7358
heavy,0.457044405479452,2.6848
heben,0.0,2.6721
hebes,0.0,2.6812
hecht,0.0,2.7342
hecks,0.0,2.6662
heder,0.0,2.6028
hedge,1.0,2.685
hedgy,0.0,2.677
heeds,0.0,2.6835
heedy,0.0,2.7116
heels,0.0,2.6354
heeze,0.0,2.8898
hefte,0.0,2.6707
hefts,0.0,2.6317
hefty,0.1832852821917808,2.6578
heiau,0.0,2.6134
heids,0.0,2.5835
heigh,0.0,2.7486
heils,0.0,2.5384
heirs,0.0,2.5263
heist,1.0,2.5081
hejab,0.0,2.776
hejra,0.0,2.6776
heled,0.0,2.625
heles,0.0,2.6194
helio,0.0,2.5645
helix,0.998608,2.702
hella,0.0,2.6602
hello,0.6349878356164383,2.6727
hells,0.0,2.6835
helly,0.0,2.6921
helms,0.0,2.5936
helos,0.0,2.5639
helot,0.0,2.5316
helps,0.0,2.5756
helve,0.0,2.6924
hemal,0.0,2.5714
hemes,0.0,2.6681
hemic,0.0,2.6406
hemin,0.0,2.5838
hemps,0.0,2.6211
hempy,0.0,2.6581
hence,0.3594036515068493,2.6292
hench,0.0,2.7457
hends,0.0,2.6111
henge,0.0,2.6515
henna,0.99187,2.7029
henny,0.0,2.6999
henry,0.0,2.5638
hents,0.0,2.545
hepar,0.0,2.5279
herbs,0.0,2.5873
herby,0.0,2.6229
herds,0.0,2.5682
heres,0.0,2.5786
herls,0.0,2.5549
herma,0.0,2.5497
herms,0.0,2.5767
herns,0.0,2.5497
heron,1.0,2.516
heros,0.0,2.5333
herps,0.0,2.5636
herry,0.0,2.6623
herse,0.0,2.5479
hertz,0.962884,2.6638
herye,0.0,2.6376
hesps,0.0,2.7263
hests,0.0,2.6822
hetes,0.0,2.592
heths,0.0,2.7143
heuch,0.0,2.7549
heugh,0.0,2.7873
hevea,0.0,2.7152
hevel,0.0,2.6993
hewed,0.003896,2.7293
hewer,0.0,2.6718
hewgh,0.0,2.8626
hexad,0.0,2.7153
hexed,0.003896,2.7874
hexer,0.0,2.7272
hexes,0.0,2.7958
hexyl,0.0,2.7548
heyed,0.0,2.6857
hiant,0.0,2.5042
hibas,0.0,2.6329
hicks,0.0,2.6494
hided,0.0,2.6931
hider,0.783797,2.5214
hides,0.0,2.572
hiems,0.0,2.5849
hifis,0.0,2.7832
highs,0.0,2.7639
hight,0.0,2.7479
hijab,1.0,2.7677
hijra,0.0,2.7089
hiked,0.003896,2.6218
hiker,1.0,2.5843
hikes,0.0,2.6225
hikoi,0.0,2.7918
hilar,0.0,2.534
hilch,0.0,2.7303
hillo,0.0,2.6828
hills,0.0,2.6815
hilly,0.1933231167123287,2.7055
hilsa,0.0,2.5566
hilts,0.0,2.5425
hilum,0.0,2.6356
hilus,0.0,2.5978
himbo,0.0,2.681
hinau,0.0,2.6279
hinds,0.0,2.5832
hinge,1.0,2.5745
hings,0.0,2.6136
hinky,0.816387,2.6472
hinny,0.0,2.6996
hints,0.0,2.5372
hiois,0.0,2.6879
hiped,0.0,2.5797
hiper,0.0,2.5395
hipes,0.0,2.5548
hiply,0.0,2.5881
hippo,0.20062336,2.7359
hippy,0.958457,2.7528
hired,0.003896,2.5215
hiree,0.0,2.5602
hirer,0.704872,2.625
hires,0.0,2.515
hissy,0.986841,2.7255
hists,0.0,2.6722
hitch,0.3776542597260274,2.7148
hithe,0.0,2.6677
hived,0.003896,2.662
hiver,0.0,2.6088
hives,0.0,2.6587
hizen,0.0,2.6808
hoach,0.0,2.7023
hoaed,0.0,2.554
hoagy,0.0,2.5989
hoard,1.0,2.5342
hoars,0.0,2.5296
hoary,1.0,2.5617
hoast,0.0,2.4975
hobby,0.6514133830136986,2.7985
hobos,0.0,2.7121
hocks,0.0,2.6465
hocus,0.76271,2.6131
hodad,0.0,2.7239
hodja,0.0,2.761
hoers,0.0,2.5255
hogan,0.0,2.5802
hogen,0.0,2.5734
hoggs,0.0,2.7628
hoghs,0.0,2.7707
hogoh,0.0,2.8525
hogos,0.0,2.7059
hohed,0.0,2.7279
hoick,0.0,2.612
hoied,0.0,2.5498
hoiks,0.0,2.605
hoing,0.0,2.583
hoise,0.0,2.4998
hoist,0.0007792000000000001,2.51
hokas,0.0,2.6327
hoked,0.0,2.6473
hokes,0.0,2.629
hokey,1.0,2.6412
hokis,0.0,2.6345
hokku,0.0,2.8298
hokum,0.996246,2.6914
holds,0.0,2.5837
holed,0.003896,2.5315
holes,0.0,2.5272
holey,0.936046,2.5499
holks,0.0,2.6182
holla,0.0,2.6699
hollo,0.0,2.7709
holly,0.0007792000000000001,2.7164
holme,0.0,2.562
holms,0.0,2.6019
holon,0.0,2.6598
holos,0.0,2.6574
holts,0.0,2.5472
homas,0.0,2.595
homed,0.003896,2.5818
homer,1.0,2.543
homes,0.0,2.5844
homey,1.0,2.6072
homie,0.0,2.5633
homme,0.0,2.7238
homos,0.0,2.6989
honan,0.0,2.6717
honda,0.0,2.5984
honds,0.0,2.6113
honed,0.003896,2.5385
honer,0.0,2.5194
hones,0.0,2.533
honey,0.2681506104109589,2.559
hongi,0.0,2.6163
hongs,0.0,2.6
honks,0.0,2.6158
honky,0.0,2.6213
honor,1.0,2.6244
hooch,0.976207,2.8472
hoods,0.0,2.6936
hoody,0.76271,2.7267
hooey,0.982966,2.692
hoofs,0.0,2.7357
hoogo,0.0,2.8525
hooha,0.0,2.8272
hooka,0.0,2.7208
hooks,0.0,2.7301
hooky,1.0,2.7776
hooly,0.0,2.6663
hoons,0.0,2.6367
hoops,0.0,2.6843
hoord,0.0,2.6469
hoors,0.0,2.6295
hoosh,0.0,2.7824
hoots,0.0,2.6685
hooty,0.0,2.6568
hoove,0.0,2.7347
hopak,0.0,2.638
hoped,0.003896,2.5523
hoper,0.0,2.5289
hopes,0.0,2.5546
hoppy,0.96992,2.766
horah,0.0,2.6691
horal,0.0,2.5318
horas,0.0,2.5324
horde,0.7262408767123287,2.5142
horis,0.0,2.5385
horks,0.0,2.594
horme,0.0,2.5284
horns,0.0,2.5192
horny,0.998463,2.5491
horse,0.7782551101369863,2.4865
horst,0.0,2.4802
horsy,0.0,2.5343
hosed,0.003896,2.556
hosel,0.0,2.5409
hosen,0.0,2.5466
hoser,0.0,2.5148
hoses,0.0,2.7018
hosey,0.0,2.5815
hosta,0.0,2.5461
hosts,0.0,2.7016
hotch,0.0,2.7112
hotel,0.6705765216438356,2.5095
hoten,0.0,2.5273
hotis,0.0,2.539
hotly,1.0,2.5634
hotte,0.0,2.6174
hotty,0.0,2.6681
houff,0.0,2.8133
houfs,0.0,2.6495
hough,0.0,2.7584
hound,0.7399288328767123,2.5877
houri,0.0,2.5923
hours,0.0,2.5678
house,0.523659125479452,2.5848
houts,0.0,2.5423
hovea,0.0,2.6493
hoved,0.0,2.6542
hovel,0.0007792000000000001,2.6109
hoven,0.0,2.6396
hover,0.1166705621917808,2.6103
hoves,0.0,2.6476
howay,0.0,2.6638
howbe,0.0,2.6843
howdy,0.914222141369863,2.707
howes,0.0,2.6312
howff,0.0,2.8926
howfs,0.0,2.7308
howks,0.0,2.7058
howls,0.0,2.6404
howre,0.0,2.572
howso,0.0,2.7308
howto,0.0,2.7294
hoxed,0.0,2.6993
hoxes,0.0,2.6909
hoyas,0.0,2.592
hoyed,0.0,2.6111
hoyle,0.0,2.5581
hubba,0.0,2.8145
hubby,0.976874,2.8441
hucks,0.0,2.6746
hudna,0.0,2.6356
hudud,0.0,2.9226
huers,0.0,2.559
huffs,0.0,2.8382
huffy,0.972769,2.8722
huger,0.0,2.5842
huggy,0.908252,2.8284
huhus,0.0,2.9085
huias,0.0,2.5907
huies,0.0,2.5623
hukou,0.0,2.8256
hulas,0.0,2.5745
hules,0.0,2.5678
hulks,0.0,2.635
hulky,0.750523,2.6815
hullo,0.0,2.7071
hulls,0.0,2.7036
hully,0.0,2.7194
human,0.8266192219178082,2.6181
humas,0.0,2.6247
humfs,0.0,2.7246
humic,0.0,2.6669
humid,0.6988649643835616,2.648
humor,1.0,2.5911
humph,0.057262,2.8151
humps,0.0,2.6425
humpy,0.0,2.6757
humus,0.926242,2.7815
hunch,0.4470065709589041,2.7548
hundo,0.0,2.6295
hunks,0.0,2.6518
hunky,0.9662363747945204,2.6942
hunts,0.0,2.5709
hurds,0.0,2.628
hurls,0.0,2.5656
hurly,0.0,2.6049
hurra,0.0,2.6603
hurry,0.7590919715068493,2.6994
hurst,0.0,2.5066
hurts,0.0,2.555
hurty,0.0,2.5734
hushy,0.0,2.777
husks,0.0,2.7903
husky,1.0,2.6848
husos,0.0,2.7094
hussy,0.924991,2.7599
hutch,0.980804,2.7408
hutia,0.0,2.5771
huzza,0.0,2.9205
huzzy,0.0,2.9314
hwyls,0.0,2.7092
hydel,0.0,2.624
hydra,0.0007792000000000001,2.6201
hydro,0.990127,2.6089
hyena,0.1924105863013698,2.5999
hyens,0.0,2.5924
hygge,0.0,2.817
hying,0.0,2.6445
hykes,0.0,2.6949
hylas,0.0,2.5979
hyleg,0.0,2.6509
hyles,0.0,2.6079
hylic,0.0,2.6486
hymen,0.940571,2.6302
hymns,0.0,2.6527
hynde,0.0,2.6425
hyoid,0.0,2.6298
hyped,0.003896,2.6265
hyper,1.0,2.5724
hypes,0.0,2.6123
hypha,0.0,2.8032
hyphy,0.0,2.9568
hypos,0.0,2.6253
hyrax,0.0,2.7229
hyson,0.0,2.5989
hythe,0.0,2.7571
iambi,0.0,2.8009
iambs,0.0,2.6321
ibrik,0.0,2.7932
icers,0.0,2.5688
iched,0.0,2.6445
iches,0.0,2.636
ichor,0.0,2.6032
icier,0.921002,2.6547
icily,0.990029,2.7137
icing,0.152259248219178,2.7414
icker,0.0,2.6276
ickle,0.0,2.6307
icons,0.0,2.5653
ictal,0.0,2.5568
ictic,0.0,2.8596
ictus,0.0,2.6183
idant,0.0,2.5632
iddah,0.0,2.7967
iddat,0.0,2.7269
iddut,0.0,2.7612
ideal,0.0007792000000000001,2.5693
ideas,0.0,2.6179
idees,0.0,2.6646
ident,0.0,2.5682
idiom,0.0345428252054794,2.7555
idiot,1.0,2.6863
idled,0.003896,2.6977
idler,0.0619187375342465,2.5406
idles,0.0,2.5713
idlis,0.0,2.7557
idola,0.0,2.6077
idols,0.0,2.5703
idyll,1.0,2.7387
idyls,0.0,2.6779
iftar,0.0,2.5762
igapo,0.0,2.6717
igged,0.0,2.763
igloo,0.7089027989041097,2.7093
iglus,0.0,2.6642
ignis,0.0,2.7548
ihram,0.0,2.6054
iiwis,0.0,2.9371
ikans,0.0,2.6203
ikats,0.0,2.6183
ikons,0.0,2.6342
ileac,0.0,2.5589
ileal,0.0,2.6472
ileum,0.0,2.6116
ileus,0.0,2.5743
iliac,0.638004,2.6807
iliad,0.0,2.6712
ilial,0.0,2.7666
ilium,0.0,2.7401
iller,0.0,2.6226
illth,0.0,2.6865
image,0.4451815101369862,2.6002
imago,0.0,2.6794
imagy,0.0,2.6556
imams,0.0,2.7455
imari,0.0,2.7165
imaum,0.0,2.7977
imbar,0.0,2.6204
imbed,0.003896,2.6334
imbos,0.0,2.6878
imbue,0.0007792000000000001,2.6634
imide,0.0,2.7292
imido,0.0,2.7785
imids,0.0,2.7962
imine,0.0,2.6941
imino,0.0,2.7271
imlis,0.0,2.7418
immew,0.0,2.8327
immit,0.0,2.8534
immix,0.0,3.0308
imped,0.0,2.6311
impel,0.8412197084931506,2.562
impis,0.0,2.7715
imply,1.0,2.6123
impot,0.0,2.6098
impro,0.0,2.618
imshi,0.0,2.8284
imshy,0.0,2.6869
inane,0.8822835769863014,2.6627
inapt,0.966306,2.5297
inarm,0.0,2.5728
inbox,0.0719565720547945,2.7592
inbye,0.0,2.6585
incas,0.0,2.5907
incel,0.935071,2.5288
incle,0.0,2.5602
incog,0.0,2.6514
incur,0.0044293216438356,2.572
incus,0.0,2.6315
incut,0.0,2.5875
indew,0.0,2.6537
index,0.6313377139726027,2.7145
india,0.0,2.7316
indie,0.1267083967123287,2.6883
indol,0.0,2.5959
indow,0.0,2.696
indri,0.0,2.7498
indue,0.0,2.5998
inept,0.8923214115068493,2.539
inerm,0.0,2.5892
inert,1.0,2.5021
infer,0.8594703167123288,2.5832
infix,0.0,2.9245
infos,0.0,2.6631
infra,0.0,2.6296
ingan,0.0,2.7301
ingle,0.0,2.5723
ingot,0.908252,2.577
inion,0.0,2.8053
inked,0.003896,2.6303
inker,0.0,2.6084
inkle,0.0,2.6143
inlay,0.3375029216438356,2.5753
inlet,0.0007792000000000001,2.5026
inned,0.0,2.6861
inner,0.2179614378082192,2.655
innie,0.0,2.7871
innit,0.0,2.7849
inorb,0.0,2.6051
input,1.0,2.5815
inros,0.0,2.5629
inrun,0.0,2.7068
insee,0.0,2.6032
inset,1.0,2.5051
inspo,0.0,2.6035
intel,1.0,2.5133
inter,0.9461607057534248,2.5013
intil,0.0,2.6689
intis,0.0,2.6822
intra,0.0,2.5347
intro,0.399554989589041,2.5403
inula,0.0,2.6018
inure,0.929785,2.5456
inurn,0.0,2.7022
inust,0.0,2.5349
invar,0.0,2.6158
inver,0.0,2.6163
inwit,0.0,2.7566
iodic,0.0,2.7452
iodid,0.0,2.8321
iodin,0.0,2.693
ionic,0.898205,2.6962
ioras,0.0,2.541
iotas,0.0,2.5711
ippon,0.0,2.7272
irade,0.0,2.506
irate,0.6696639912328767,2.4713
irids,0.0,2.7152
iring,0.0,2.7002
irked,0.003896,2.5844
iroko,0.0,2.6933
irone,0.0,2.5047
irons,0.0,2.5242
irony,0.9543734794520548,2.5519
isbas,0.0,2.7781
ishes,0.0,2.7487
isled,0.0,2.577
isles,0.0,2.691
islet,0.985157,2.5053
isnae,0.0,2.5314
issei,0.0,2.8437
issue,0.0007792000000000001,2.7444
istle,0.0,2.5243
itchy,0.8713332120547945,2.6652
items,0.0,2.5909
ither,0.0,2.5665
ivied,0.870413,2.7872
ivies,0.0,2.785
ivory,0.0007792000000000001,2.6694
ixias,0.0,2.8281
ixnay,0.0,2.7186
ixora,0.0,2.6751
ixtle,0.0,2.643
izard,0.0,2.6982
izars,0.0,2.6917
izzat,0.0,2.8566
jaaps,0.0,2.7829
jabot,0.0,2.6822
jacal,0.0,2.7613
jacet,0.0,2.6229
jacks,0.0,2.7549
jacky,0.0,2.7674
jaded,1.0,2.8129
jades,0.0,2.67
jafas,0.0,2.8484
jaffa,0.0,3.0168
jagas,0.0,2.8066
jager,0.0,2.6447
jaggs,0.0,2.8742
jaggy,0.0,2.8757
jagir,0.0,2.6685
jagra,0.0,2.7783
jails,0.0,2.6478
jaker,0.0,2.6885
jakes,0.0,2.7315
jakey,0.0,2.7495
jakie,0.0,2.7138
jalap,0.0,2.7678
jaleo,0.0,2.646
jalop,0.0,2.6797
jambe,0.0,2.725
jambo,0.0,2.7769
jambs,0.0,2.7549
jambu,0.0,2.8201
james,0.0,2.6875
jammy,0.99944,2.8724
jamon,0.0,2.6941
jamun,0.0,2.7254
janes,0.0,2.6352
janky,0.913444,2.7458
janns,0.0,2.7952
janny,0.0,2.7972
janty,0.0,2.6593
japan,0.0,2.7683
japed,0.0,2.6775
japer,0.0,2.6271
japes,0.0,2.6652
jarks,0.0,2.7084
jarls,0.0,2.6544
jarps,0.0,2.6688
jarta,0.0,2.7116
jarul,0.0,2.6679
jasey,0.0,2.6726
jaspe,0.0,2.6473
jasps,0.0,2.8245
jatha,0.0,2.7895
jatis,0.0,2.6495
jatos,0.0,2.6547
jauks,0.0,2.7514
jaune,0.0,2.6418
jaunt,1.0,2.6511
jaups,0.0,2.716
javas,0.0,2.8644
javel,0.0,2.7173
jawan,0.0,2.8331
jawed,0.003896,2.7446
jawns,0.0,2.7496
jaxie,0.0,2.7799
jazzy,0.6997774947945206,3.0123
jeans,0.0,2.6587
jeats,0.0,2.6341
jebel,0.0,2.7616
jedis,0.0,2.717
jeels,0.0,2.7594
jeely,0.0,2.7797
jeeps,0.0,2.7855
jeera,0.0,2.7113
jeers,0.0,2.76
jeeze,0.0,3.0059
jefes,0.0,2.8264
jeffs,0.0,2.9524
jehad,0.0,2.7543
jehus,0.0,2.7845
jelab,0.0,2.7116
jello,0.0,2.8057
jells,0.0,2.8035
jelly,0.2060985424657534,2.8127
jembe,0.0,2.8328
jemmy,0.0,2.9022
jenny,0.0,2.8298
jeons,0.0,2.6615
jerid,0.0,2.6553
jerks,0.0,2.7219
jerky,0.3867795638356164,2.7558
jerry,0.0,2.7827
jesse,0.0,2.8451
jessy,0.0,2.8326
jests,0.0,2.8058
jesus,0.0,2.8603
jetee,0.0,2.8429
jetes,0.0,2.7205
jeton,0.0,2.658
jetty,0.996715,2.8116
jeune,0.0,2.7377
jewed,0.0,2.8315
jewel,0.0883821194520547,2.8168
jewie,0.0,2.8134
jhala,0.0,2.799
jheel,0.0,2.7659
jhils,0.0,2.7183
jiaos,0.0,2.7054
jibba,0.0,2.9125
jibbs,0.0,2.9177
jibed,0.003896,2.7095
jiber,0.0,2.676
jibes,0.0,2.7048
jiffs,0.0,2.9423
jiffy,0.3283776175342465,2.9391
jiggy,0.0,2.9021
jigot,0.0,2.6917
jihad,0.0,2.7802
jills,0.0,2.803
jilts,0.0,2.6481
jimmy,0.895947,2.873
jimpy,0.0,2.7688
jingo,0.0,2.7153
jings,0.0,2.7348
jinks,0.0,2.7479
jinne,0.0,2.7708
jinni,0.0,2.9569
jinns,0.0,2.8163
jirds,0.0,2.7269
jirga,0.0,2.6988
jirre,0.0,2.7105
jisms,0.0,2.862
jitis,0.0,2.8015
jitty,0.0,2.7942
jived,0.0,2.7667
jiver,0.0,2.7241
jives,0.0,2.7669
jivey,0.0,2.7914
jnana,0.0,2.8999
jobed,0.0,2.7152
jobes,0.0,2.72
jocko,0.0,2.8665
jocks,0.0,2.7509
jocky,0.0,2.7878
jocos,0.0,2.8114
jodel,0.0,2.662
joeys,0.0,2.7178
johns,0.0,2.7158
joins,0.0,2.6609
joint,0.248074941369863,2.6291
joist,0.880145,2.6288
joked,0.003896,2.7399
joker,0.7335411199999999,2.7045
jokes,0.0,2.7316
jokey,1.0,2.7541
jokol,0.0,2.8451
joled,0.0,2.6601
joles,0.0,2.6543
jolie,0.0,2.6311
jollo,0.0,2.8898
jolls,0.0,2.7983
jolly,0.4032051112328767,2.8174
jolts,0.0,2.6515
jolty,0.0,2.6755
jomon,0.0,2.8087
jomos,0.0,2.8265
jones,0.0,2.6576
jongs,0.0,2.7256
jonty,0.0,2.6704
jooks,0.0,2.8486
joram,0.0,2.6742
jorts,0.0,2.6416
jorum,0.0,2.7011
jotas,0.0,2.6614
jotty,0.0,2.788
jotun,0.0,2.6685
joual,0.0,2.6941
jougs,0.0,2.7461
jouks,0.0,2.7683
joule,0.736992,2.6676
jours,0.0,2.6756
joust,0.8603828471232877,2.6658
jowar,0.0,2.7146
jowed,0.0,2.755
jowls,0.0,2.7353
jowly,0.985957,2.7701
joyed,0.0,2.7222
jubas,0.0,2.756
jubes,0.0,2.7414
jucos,0.0,2.7319
judas,0.0,2.7522
judge,0.8430447693150686,2.7444
judgy,0.854802,2.7872
judos,0.0,2.7563
jugal,0.0,2.7211
jugum,0.0,2.9519
juice,0.314689661369863,2.6855
juicy,1.0,2.7452
jujus,0.0,3.052
juked,0.003896,2.7719
jukes,0.0,2.77
jukus,0.0,2.9423
julep,0.98098,2.6822
julia,0.0,2.7231
jumar,0.0,2.6892
jumbo,0.0007792000000000001,2.8029
jumby,0.0,2.8352
jumps,0.0,2.7535
jumpy,0.0007792000000000001,2.769
junco,0.0,2.7116
junks,0.0,2.7613
junky,0.989218,2.7915
junta,1.0,2.6912
junto,0.845544,2.6889
jupes,0.0,2.7084
jupon,0.0,2.7148
jural,0.0,2.6691
jurat,0.0,2.6255
jurel,0.0,2.6521
jures,0.0,2.6554
juris,0.0,2.6926
juror,1.0,2.7792
juste,0.0,2.6653
justs,0.0,2.8249
jutes,0.0,2.6653
jutty,0.0,2.822
juves,0.0,2.8019
juvie,0.0,2.7862
kaama,0.0,2.8591
kabab,0.0,2.8859
kabar,0.0,2.6669
kabob,0.850312,2.7868
kacha,0.0,2.7413
kacks,0.0,2.7752
kadai,0.0,2.7431
kades,0.0,2.5947
kadis,0.0,2.634
kafir,0.0,2.614
kagos,0.0,2.6445
kagus,0.0,2.668
kahal,0.0,2.7096
kaiak,0.0,2.8116
kaids,0.0,2.6287
kaies,0.0,2.5616
kaifs,0.0,2.6576
kaika,0.0,2.8265
kaiks,0.0,2.7343
kails,0.0,2.559
kaims,0.0,2.6222
kaing,0.0,2.6176
kains,0.0,2.5659
kajal,0.0,2.8106
kakas,0.0,2.8447
kakis,0.0,2.7625
kalam,0.0,2.7031
kalas,0.0,2.6624
kales,0.0,2.5379
kalif,0.0,2.6378
kalis,0.0,2.5768
kalpa,0.0,2.6897
kalua,0.0,2.6955
kamas,0.0,2.7223
kames,0.0,2.6105
kamik,0.0,2.7801
kamis,0.0,2.6385
kamme,0.0,2.7392
kanae,0.0,2.6267
kanal,0.0,2.642
kanas,0.0,2.6603
kanat,0.0,2.6252
kandy,0.0,2.6334
kaneh,0.0,2.5791
kanes,0.0,2.5536
kanga,0.0,2.7118
kangs,0.0,2.6316
kanji,0.0,2.7579
kants,0.0,2.5666
kanzu,0.0,2.7714
kaons,0.0,2.5714
kapai,0.0,2.7262
kapas,0.0,2.694
kapha,0.0,2.7505
kaphs,0.0,2.6591
kapok,0.0,2.766
kapow,0.0,2.7052
kappa,0.829263,2.8617
kapur,0.0,2.5953
kapus,0.0,2.6437
kaput,0.986086,2.5869
karai,0.0,2.6738
karas,0.0,2.6469
karat,0.893593,2.6312
karee,0.0,2.5677
karez,0.0,2.6492
karks,0.0,2.7197
karma,1.0,2.6994
karns,0.0,2.5657
karoo,0.0,2.6593
karos,0.0,2.5616
karri,0.0,2.6834
karst,0.0,2.5141
karsy,0.0,2.5634
karts,0.0,2.55
karzy,0.0,2.7119
kasha,0.0,2.726
kasme,0.0,2.5851
katal,0.0,2.645
katas,0.0,2.6559
katis,0.0,2.5743
katti,0.0,2.7029
kaugh,0.0,2.6759
kauri,0.0,2.6275
kauru,0.0,2.7438
kaury,0.0,2.6004
kaval,0.0,2.7542
kavas,0.0,2.7774
kawas,0.0,2.7666
kawau,0.0,2.8266
kawed,0.0,2.661
kayak,0.7371912416438355,2.904
kayle,0.0,2.5684
kayos,0.0,2.6289
kazis,0.0,2.745
kazoo,0.6833519473972602,2.8519
kbars,0.0,2.6433
kcals,0.0,2.6166
keaki,0.0,2.7672
kebab,1.0,2.8071
kebar,0.0,2.5786
kebob,0.0,2.8252
kecks,0.0,2.8119
kedge,0.0,2.7231
kedgy,0.0,2.7153
keech,0.0,2.7277
keefs,0.0,2.7673
keeks,0.0,2.8453
keels,0.0,2.6735
keema,0.0,2.719
keeno,0.0,2.6843
keens,0.0,2.6759
keeps,0.0,2.7123
keets,0.0,2.6636
keeve,0.0,2.8854
kefir,0.0007792000000000001,2.6221
kehua,0.0,2.6903
keirs,0.0,2.5633
kelep,0.0,2.6542
kelim,0.0,2.6421
kells,0.0,2.7219
kelly,0.0,2.734
kelps,0.0,2.5993
kelpy,0.0,2.6432
kelts,0.0,2.5917
kelty,0.0,2.6069
kembo,0.0,2.7204
kembs,0.0,2.7404
kemps,0.0,2.6931
kempt,0.900374,2.6164
kempy,0.0,2.7044
kenaf,0.0,2.6461
kench,0.0,2.6631
kendo,0.0,2.6342
kenos,0.0,2.5906
kente,0.0,2.6364
kents,0.0,2.5968
kepis,0.0,2.6254
kerbs,0.0,2.6443
kerel,0.0,2.6125
kerfs,0.0,2.6621
kerky,0.0,2.7795
kerma,0.0,2.5925
kerne,0.0,2.6066
kerns,0.0,2.5907
keros,0.0,2.5758
kerry,0.0,2.7041
kerve,0.0,2.7028
kesar,0.0,2.5381
kests,0.0,2.7328
ketas,0.0,2.5597
ketch,0.0,2.6557
ketes,0.0,2.6356
ketol,0.0,2.5759
kevel,0.0,2.7325
kevil,0.0,2.6727
kexes,0.0,2.8064
keyed,0.003896,2.719
keyer,0.0,2.6806
khadi,0.0,2.7047
khads,0.0,2.6821
khafs,0.0,2.7058
khaki,0.9653238443835616,2.8123
khana,0.0,2.7082
khans,0.0,2.6106
khaph,0.0,2.798
khats,0.0,2.5984
khaya,0.0,2.7601
khazi,0.0,2.8007
kheda,0.0,2.6729
kheer,0.0,2.6609
kheth,0.0,2.786
khets,0.0,2.6171
khirs,0.0,2.6218
khoja,0.0,2.7896
khors,0.0,2.6095
khoum,0.0,2.6965
khuds,0.0,2.7218
khula,0.0,2.6456
khyal,0.0,2.6466
kiaat,0.0,2.6361
kiack,0.0,2.7518
kiaki,0.0,2.8913
kiang,0.0,2.6295
kiasu,0.0,2.6496
kibbe,0.0,2.7856
kibbi,0.0,2.975
kibei,0.0,2.779
kibes,0.0,2.6362
kibla,0.0,2.6361
kicks,0.0,2.7714
kicky,0.0,2.8149
kiddo,0.967006,2.7765
kiddy,0.0,2.8062
kidel,0.0,2.579
kideo,0.0,2.6161
kidge,0.0,2.6399
kiefs,0.0,2.6727
kiers,0.0,2.5727
kieve,0.0,2.747
kievs,0.0,2.7057
kight,0.0,2.6816
kikay,0.0,2.7902
kikes,0.0,2.7605
kikoi,0.0,2.9252
kiley,0.0,2.5998
kilig,0.0,2.7808
kilim,0.0,2.7749
kills,0.0,2.6898
kilns,0.0,2.568
kilos,0.0,2.5772
kilps,0.0,2.6175
kilts,0.0,2.5618
kilty,0.0,2.6066
kimbo,0.0,2.7212
kimet,0.0,2.5896
kinas,0.0,2.5915
kinda,1.0,2.6246
kinds,0.0,2.6016
kindy,0.0,2.6526
kines,0.0,2.5743
kings,0.0,2.619
kingy,0.0,2.6531
kinin,0.0,2.8522
kinks,0.0,2.7379
kinky,1.0,2.7729
kinos,0.0,2.5973
kiore,0.0,2.5486
kiosk,0.7928555967123287,2.7373
kipah,0.0,2.6541
kipas,0.0,2.6285
kipes,0.0,2.5934
kippa,0.0,2.7817
kipps,0.0,2.7733
kipsy,0.0,2.6158
kirby,0.0,2.6651
kirks,0.0,2.7497
kirns,0.0,2.5857
kirri,0.0,2.8237
kisan,0.0,2.576
kissy,0.911774,2.7495
kists,0.0,2.7241
kitab,0.0,2.6487
kited,0.0,2.5817
kiter,0.0,2.5369
kites,0.0,2.5678
kithe,0.0,2.5993
kiths,0.0,2.6349
kitke,0.0,2.7159
kitty,1.0,2.7276
kitul,0.0,2.6084
kivas,0.0,2.7077
kiwis,0.0,2.8035
klang,0.0,2.6236
klaps,0.0,2.5972
klett,0.0,2.6998
klick,0.0,2.7541
klieg,0.0,2.6077
kliks,0.0,2.7447
klong,0.0,2.6416
kloof,0.0,2.7631
kluge,0.0,2.6379
klutz,0.966306,2.7403
knack,0.1577344306849315,2.7513
knags,0.0,2.6465
knaps,0.0,2.6168
knarl,0.0,2.5793
knars,0.0,2.582
knaur,0.0,2.5814
knave,0.2836636273972602,2.6562
knawe,0.0,2.6401
knead,0.342978104109589,2.6065
kneed,0.003896,2.6927
kneel,0.7016025556164384,2.6608
knees,0.0,2.6837
knell,0.0007792000000000001,2.719
knelt,0.5784109501369863,2.5705
knick,0.0,2.7708
knife,0.0007792000000000001,2.6399
knish,0.967685,2.6174
knits,0.0,2.586
knive,0.0,2.6683
knobs,0.0,2.6351
knock,0.857645255890411,2.7548
knoll,1.0,2.696
knoop,0.0,2.7226
knops,0.0,2.637
knosp,0.0,2.6153
knots,0.0,2.5965
knoud,0.0,2.6523
knout,0.0,2.5971
knowd,0.0,2.7187
knowe,0.0,2.67
known,0.066481389589041,2.8052
knows,0.0,2.6638
knubs,0.0,2.7104
knule,0.0,2.6061
knurl,0.0,2.633
knurr,0.0,2.7118
knurs,0.0,2.6321
knuts,0.0,2.6242
koala,0.8257066915068493,2.6794
koans,0.0,2.5729
koaps,0.0,2.6048
koban,0.0,2.6207
kobos,0.0,2.7563
koels,0.0,2.5724
koffs,0.0,2.8514
kofta,0.0,2.6742
kogal,0.0,2.6166
kohas,0.0,2.6452
kohen,0.0,2.6256
kohls,0.0,2.6482
koine,0.0,2.5433
koiwi,0.0,2.8302
kojis,0.0,2.7636
kokam,0.0,2.8054
kokas,0.0,2.7666
koker,0.0,2.7262
kokra,0.0,2.7377
kokum,0.0,2.8322
kolas,0.0,2.5829
kolos,0.0,2.6934
kombi,0.0,2.7345
kombu,0.0,2.741
konbu,0.0,2.6803
kondo,0.0,2.7272
konks,0.0,2.7501
kooks,0.0,2.8575
kooky,1.0,2.9143
koori,0.0,2.6972
kopek,0.0,2.7559
kophs,0.0,2.6651
kopje,0.0,2.7502
koppa,0.0,2.7735
korai,0.0,2.597
koran,0.003896,2.5525
koras,0.0,2.5647
korat,0.0,2.5318
kores,0.0,2.5516
koris,0.0,2.585
korma,0.0,2.6025
koros,0.0,2.6735
korun,0.0,2.5802
korus,0.0,2.6011
koses,0.0,2.7167
kotch,0.0,2.6327
kotos,0.0,2.6896
kotow,0.0,2.7731
koura,0.0,2.592
kraal,0.0,2.641
krabs,0.0,2.6285
kraft,0.0,2.5963
krais,0.0,2.5693
krait,0.0,2.5194
krang,0.0,2.6051
krans,0.0,2.5656
kranz,0.0,2.6903
kraut,0.0,2.5508
krays,0.0,2.6124
kreef,0.0,2.6865
kreen,0.0,2.6187
kreep,0.0,2.6302
kreng,0.0,2.638
krewe,0.0,2.7046
krill,0.085644528219178,2.7002
kriol,0.0,2.5727
krona,0.0,2.5593
krone,0.951399,2.5242
kroon,0.0,2.6558
krubi,0.0,2.6879
krump,0.0,2.6672
krunk,0.0,2.7521
ksars,0.0,2.7212
kubie,0.0,2.6429
kudos,1.0,2.6345
kudus,0.0,2.8386
kudzu,0.990029,2.9479
kufis,0.0,2.7041
kugel,0.985428,2.6194
kuias,0.0,2.6293
kukri,0.0,2.8044
kukus,0.0,2.9557
kulak,0.0,2.7575
kulan,0.0,2.6037
kulas,0.0,2.6022
kulfi,0.0,2.7208
kumis,0.0,2.6763
kumys,0.0,2.7222
kunas,0.0,2.6056
kunds,0.0,2.687
kuris,0.0,2.6106
kurre,0.0,2.6619
kurta,0.0,2.5894
kurus,0.0,2.7615
kusso,0.0,2.7494
kusti,0.0,2.631
kutai,0.0,2.6467
kutas,0.0,2.5998
kutch,0.0,2.6598
kutis,0.0,2.6068
kutus,0.0,2.7692
kuyas,0.0,2.6558
kuzus,0.0,2.9379
kvass,0.0,2.825
kvell,0.870413,2.8146
kwaai,0.0,2.8009
kwela,0.0,2.6645
kwink,0.0,2.8294
kwirl,0.0,2.669
kyack,0.0,2.7983
kyaks,0.0,2.7937
kyang,0.0,2.6696
kyars,0.0,2.6154
kyats,0.0,2.6188
kybos,0.0,2.7021
kydst,0.0,2.6841
kyles,0.0,2.6371
kylie,0.0,2.6235
kylin,0.0,2.6419
kylix,0.0,2.788
kyloe,0.0,2.6215
kynde,0.0,2.679
kynds,0.0,2.7238
kypes,0.0,2.6623
kyrie,0.0,2.6125
kytes,0.0,2.6378
kythe,0.0,2.6818
kyudo,0.0,2.7115
laarf,0.0,2.6515
laari,0.0,2.6115
labda,0.0,2.6999
label,0.9671489052054796,2.6519
labia,0.0,2.6532
labis,0.0,2.5704
labne,0.0,2.5209
labor,1.0,2.5233
labra,0.0,2.6333
laccy,0.0,2.6678
laced,0.003896,2.5081
lacer,0.0,2.483
laces,0.0,2.5077
lacet,0.0,2.4801
lacey,0.885892,2.5231
lacis,0.0,2.5373
lacka,0.0,2.6835
lacks,0.0,2.5863
lacky,0.0,2.6087
laddu,0.0,2.7479
laddy,0.0,2.7028
laded,0.0,2.6312
ladee,0.0,2.5527
laden,0.0007792000000000001,2.4864
lader,0.0,2.4904
lades,0.0,2.5197
ladle,0.1038951364383561,2.6229
ladoo,0.0,2.6594
laers,0.0,2.4936
laevo,0.0,2.6053
lagan,0.0,2.6256
lagar,0.0,2.601
lager,0.2499000021917808,2.5226
laggy,0.0,2.7122
lahal,0.0,2.7607
lahar,0.0,2.6282
laich,0.0,2.5375
laics,0.0,2.5183
laide,0.0,2.5
laids,0.0,2.5545
laigh,0.0,2.5687
laika,0.0,2.6484
laiks,0.0,2.5632
laird,0.0,2.5188
lairs,0.0,2.5015
lairy,0.0,2.5184
laith,0.0,2.5178
laity,1.0,2.5118
laked,0.0,2.5851
laker,0.0,2.5441
lakes,0.0,2.5541
lakhs,0.0,2.643
lakin,0.0,2.5684
laksa,0.0,2.6709
laldy,0.0,2.678
lalls,0.0,2.7772
lamas,0.0,2.6652
lambs,0.0,2.6006
lamby,0.0,2.619
lamed,0.003896,2.5298
lamer,0.866823,2.5112
lames,0.0,2.5348
lamia,0.0,2.647
lammy,0.0,2.7031
lamps,0.0,2.5699
lanai,0.0,2.6222
lanas,0.0,2.6047
lance,0.0007792000000000001,2.4583
lanch,0.0,2.5565
lande,0.0,2.5096
lands,0.0,2.5344
laned,0.0,2.5019
lanes,0.0,2.4876
lanks,0.0,2.5828
lanky,0.2946139923287671,2.5945
lants,0.0,2.5128
lapas,0.0,2.6213
lapel,1.0,2.6125
lapin,0.0,2.5177
lapis,0.0,2.5355
lapje,0.0,2.6397
lappa,0.0,2.7715
lappy,0.0,2.6781
lapse,1.0,2.4663
larch,0.965948,2.5385
lards,0.0,2.5334
lardy,0.0,2.5564
laree,0.0,2.5123
lares,0.0,2.4768
larfs,0.0,2.5815
larga,0.0,2.6287
large,0.4871579090410959,2.502
largo,0.0,2.5402
laris,0.0,2.5112
larks,0.0,2.5595
larky,0.0,2.5755
larns,0.0,2.5261
larnt,0.0,2.4945
larum,0.0,2.5615
larva,0.978942,2.7203
lased,0.0,2.517
laser,0.4022925808219177,2.487
lases,0.0,2.6111
lassi,0.0,2.6648
lasso,0.1020700756164383,2.6641
lassu,0.0,2.6764
lassy,0.0,2.6381
lasts,0.0,2.6352
latah,0.0,2.6087
latch,0.0007792000000000001,2.5298
lated,0.0,2.498
laten,0.0,2.4738
later,0.0007792000000000001,2.4658
latex,1.0,2.6268
lathe,0.0007792000000000001,2.4913
lathi,0.0,2.5738
laths,0.0,2.5497
lathy,0.0,2.5598
latke,0.970222,2.5182
latte,0.7143779813698631,2.5768
latus,0.0,2.5298
lauan,0.0,2.6159
lauch,0.0,2.5632
laude,0.0,2.5366
lauds,0.0,2.5662
laufs,0.0,2.6071
laugh,0.0774317545205479,2.6057
laund,0.0,2.5657
laura,0.0,2.6214
laval,0.0,2.8047
lavas,0.0,2.7303
laved,0.003896,2.6085
laver,0.0,2.5502
laves,0.0,2.5801
lavra,0.0,2.6859
lavvy,0.0,2.7868
lawed,0.0,2.5799
lawer,0.0,2.5463
lawin,0.0,2.5926
lawks,0.0,2.6654
lawns,0.0,2.5828
lawny,0.0,2.6041
lawsy,0.0,2.5936
laxed,0.0,2.6442
laxer,0.0,2.6008
laxes,0.0,2.6309
laxly,0.0,2.7828
layby,0.0,2.7455
layed,0.0,2.5441
layer,0.8348319956164383,2.5155
layin,0.0,2.5424
layup,1.0,2.5865
lazar,0.0,2.7084
lazed,0.003896,2.6477
lazes,0.0,2.6311
lazos,0.0,2.6654
lazzi,0.0,2.864
lazzo,0.0,2.843
leach,0.0007792000000000001,2.5344
leads,0.0,2.5221
leady,0.0,2.5539
leafs,0.0,2.5736
leafy,0.7508791978082192,2.5892
leaks,0.0,2.5577
leaky,0.5756733589041095,2.5904
leams,0.0,2.5381
leans,0.0,2.5041
leant,0.816387,2.4569
leany,0.0,2.5083
leaps,0.0,2.5114
leapt,0.8275317523287672,2.4649
leare,0.0,2.5181
learn,0.5081461084931507,2.4814
lears,0.0,2.4904
leary,0.0,2.5034
lease,0.0263300515068493,2.5573
leash,0.5519475682191781,2.5202
least,0.0007792000000000001,2.447
leats,0.0,2.4814
leave,0.9215223846575342,2.6741
leavy,0.0,2.6001
leaze,0.0,2.6768
leben,0.0,2.6273
leccy,0.0,2.712
leche,0.0,2.6382
ledes,0.0,2.6162
ledge,0.7490541369863013,2.6294
ledgy,0.0,2.6246
ledum,0.0,2.6288
leear,0.0,2.5492
leech,0.2900513402739725,2.6554
leeks,0.0,2.6805
leeps,0.0,2.6184
leers,0.0,2.6173
leery,0.943423114520548,2.6097
leese,0.0,2.6897
leets,0.0,2.5879
leeze,0.0,2.8452
lefte,0.0,2.6321
lefts,0.0,2.5924
lefty,0.0007792000000000001,2.6106
legal,1.0,2.6752
leger,0.0,2.6002
leges,0.0,2.6313
legge,0.0,2.763
leggo,0.0,2.7365
leggy,0.4789451353424657,2.7351
legit,1.0,2.5308
legno,0.0,2.5651
lehrs,0.0,2.5882
lehua,0.0,2.6085
leirs,0.0,2.5079
leish,0.0,2.532
leman,0.0,2.548
lemed,0.0,2.6351
lemel,0.0,2.7308
lemes,0.0,2.6346
lemma,0.052968,2.7144
lemme,0.0,2.765
lemon,0.8320944043835616,2.5514
lemur,0.171422386849315,2.5591
lends,0.0,2.5493
lenes,0.0,2.5921
lengs,0.0,2.5922
lenis,0.0,2.5219
lenos,0.0,2.5289
lense,0.0,2.5685
lenti,0.0,2.5264
lento,0.0,2.5171
leone,0.0,2.5621
lepak,0.0,2.5817
leper,0.987676,2.5801
lepid,0.0,2.5579
lepra,0.0,2.5125
lepta,0.0,2.519
lered,0.0,2.5662
leres,0.0,2.5632
lerps,0.0,2.5439
lesbo,0.0,2.5979
leses,0.0,2.7127
lesos,0.0,2.6673
lests,0.0,2.6538
letch,0.0,2.5717
lethe,0.0,2.6011
letty,0.0,2.6434
letup,0.991784,2.5488
leuch,0.0,2.5872
leuco,0.0,2.5541
leuds,0.0,2.591
leugh,0.0,2.6177
levas,0.0,2.6015
levee,1.0,2.8299
level,0.0007792000000000001,2.8132
lever,0.0007792000000000001,2.6679
leves,0.0,2.6742
levin,0.0,2.6017
levis,0.0,2.6173
lewis,0.0,2.6229
lexes,0.0,2.7282
lexis,0.060813,2.6866
lezes,0.0,2.7348
lezza,0.0,2.8439
lezzo,0.0,2.8676
lezzy,0.0,2.8837
liana,0.0,2.5977
liane,0.0,2.4769
liang,0.0,2.5543
liard,0.0,2.5265
liars,0.0,2.5087
liart,0.0,2.4742
libel,0.8959715331506849,2.6594
liber,0.0,2.535
libor,0.0,2.55
libra,0.0,2.5671
libre,0.0,2.5261
libri,0.0,2.7292
licet,0.0,2.4993
lichi,0.0,2.7554
licht,0.0,2.5767
licit,0.951399,2.6276
licks,0.0,2.5973
lidar,0.0,2.5287
lidos,0.0,2.5793
liefs,0.0,2.5941
liege,0.880145,2.6089
liens,0.0,2.5181
liers,0.0,2.5221
lieus,0.0,2.5573
lieve,0.0,2.6522
lifer,1.0,2.5548
lifes,0.0,2.5795
lifey,0.0,2.6046
lifts,0.0,2.5778
ligan,0.0,2.5484
liger,0.0,2.525
ligge,0.0,2.6857
light,1.0,2.5752
ligne,0.0,2.5312
liked,0.003896,2.5872
liken,0.0007792000000000001,2.5624
liker,0.0,2.5718
likes,0.0,2.5799
likin,0.0,2.7233
lilac,1.0,2.6639
lills,0.0,2.8052
lilos,0.0,2.6474
lilts,0.0,2.6276
lilty,0.0,2.6477
liman,0.0,2.5638
limas,0.0,2.5845
limax,0.0,2.7096
limba,0.0,2.6389
limbi,0.0,2.7958
limbo,0.0007792000000000001,2.6038
limbs,0.0,2.6008
limby,0.0,2.6532
limed,0.0,2.5613
limen,0.0,2.5451
limes,0.0,2.5419
limey,0.0,2.5769
limit,0.5546851594520548,2.6518
limma,0.0,2.7228
limns,0.0,2.5474
limos,0.0,2.5624
limpa,0.0,2.6038
limps,0.0,2.5653
linac,0.0,2.5484
linch,0.0,2.5823
linds,0.0,2.6001
lindy,0.0,2.588
lined,0.003896,2.499
linen,0.0007792000000000001,2.6309
liner,0.4971957435616438,2.4896
lines,0.0,2.5041
liney,0.0,2.5346
linga,0.0,2.5705
lingo,0.4324060843835617,2.5563
lings,0.0,2.5894
lingy,0.0,2.5808
linin,0.0,2.7839
links,0.0,2.5726
linky,0.0,2.6123
linns,0.0,2.6693
linny,0.0,2.6716
linos,0.0,2.5354
lints,0.0,2.5274
linty,0.0,2.5373
linum,0.0,2.6053
linux,0.0,2.6969
lions,0.0,2.4995
lipas,0.0,2.5582
lipes,0.0,2.5236
lipid,0.982166,2.683
lipin,0.0,2.67
lipos,0.0,2.5602
lippy,0.900374,2.7055
liras,0.0,2.5239
lirks,0.0,2.604
lirot,0.0,2.4954
lises,0.0,2.6315
lisks,0.0,2.7308
lisle,0.0,2.607
lisps,0.0,2.6656
lists,0.0,2.6447
litai,0.0,2.6531
litas,0.0,2.5181
lited,0.0,2.5077
litem,0.0,2.5316
liter,0.983731,2.4842
lites,0.0,2.4881
lithe,0.285488688219178,2.5131
litho,0.0,2.5735
liths,0.0,2.5653
litie,0.0,2.5942
litre,0.473663,2.4662
lived,0.003896,2.6095
liven,1.0,2.5962
liver,0.9936122871232876,2.5838
lives,0.0,2.6115
livid,0.0454931901369863,2.767
livor,0.0,2.5865
livre,0.0,2.5617
liwaa,0.0,2.7278
liwas,0.0,2.6326
llama,0.0007792000000000001,2.7887
llano,0.0,2.6345
loach,0.0,2.5475
loads,0.0,2.5339
loafs,0.0,2.5881
loams,0.0,2.5424
loamy,0.982329,2.5659
loans,0.0,2.504
loast,0.0,2.479
loath,0.0007792000000000001,2.5229
loave,0.0,2.565
lobar,0.0,2.524
lobby,0.0007792000000000001,2.7462
lobed,0.003896,2.5348
lobes,0.0,2.5336
lobos,0.0,2.6767
lobus,0.0,2.5998
local,0.4387937972602739,2.6523
loche,0.0,2.5578
lochs,0.0,2.5852
lochy,0.0,2.6044
locie,0.0,2.5088
locis,0.0,2.5562
locks,0.0,2.5888
locky,0.0,2.6315
locos,0.0,2.6558
locum,0.0,2.5958
locus,0.7499666673972603,2.5552
loden,0.0,2.5261
lodes,0.0,2.5117
lodge,0.1184956230136986,2.5294
loess,0.850312,2.6546
lofts,0.0,2.5706
lofty,0.9406855232876712,2.6079
logan,0.0,2.5479
loges,0.0,2.5382
loggy,0.0,2.7359
logia,0.0,2.5705
logic,0.7317160591780821,2.5798
logie,0.0,2.5266
login,1.0,2.5517
logoi,0.0,2.6993
logon,0.823057,2.6544
logos,0.0,2.6654
lohan,0.0,2.575
loids,0.0,2.5727
loins,0.0,2.5
loipe,0.0,2.5023
loirs,0.0,2.5233
lokes,0.0,2.5909
lokey,0.0,2.616
lokum,0.0,2.6644
lolas,0.0,2.6304
loled,0.0,2.6259
lollo,0.0,2.8929
lolls,0.0,2.795
lolly,0.750523,2.8314
lolog,0.0,2.7787
lolos,0.0,2.7463
lomas,0.0,2.57
lomed,0.0,2.5654
lomes,0.0,2.5565
loner,1.0,2.4907
longa,0.0,2.5681
longe,0.0,2.5352
longs,0.0,2.5512
looby,0.0,2.6852
looed,0.0,2.6137
looey,0.0,2.6405
loofa,0.0,2.7028
loofs,0.0,2.7062
looie,0.0,2.5956
looks,0.0,2.6821
looky,0.0,2.705
looms,0.0,2.66
loons,0.0,2.6176
loony,1.0,2.6479
loops,0.0,2.6326
loopy,1.0,2.6557
loord,0.0,2.6327
loose,1.0,2.5898
loots,0.0,2.6145
loped,0.003896,2.5118
loper,0.0,2.5077
lopes,0.0,2.5096
loppy,0.0,2.7011
loral,0.0,2.5999
loran,0.0,2.5083
lords,0.0,2.5459
lordy,0.835053,2.5461
lorel,0.0,2.5854
lores,0.0,2.4955
loric,0.0,2.5479
loris,0.0007792000000000001,2.5168
lorry,0.924991,2.6297
losed,0.0,2.5356
losel,0.0,2.6179
losen,0.0,2.5178
loser,1.0,2.5027
loses,0.0,2.6436
lossy,0.0,2.6649
lotah,0.0,2.5372
lotas,0.0,2.513
lotes,0.0,2.505
lotic,0.0,2.5487
lotos,0.0,2.6154
lotsa,0.0,2.5157
lotta,0.0,2.6163
lotte,0.0,2.5877
lotto,0.962473,2.7381
lotus,1.0,2.5451
loued,0.0,2.5443
lough,0.0,2.6073
louie,0.0,2.5499
louis,0.0,2.5705
louma,0.0,2.5976
lound,0.0,2.5675
louns,0.0,2.5467
loupe,0.944585,2.5208
loups,0.0,2.5689
loure,0.0,2.5008
lours,0.0,2.5451
loury,0.0,2.5488
louse,0.4123304153424658,2.5119
lousy,0.0007792000000000001,2.568
louts,0.0,2.538
lovat,0.0,2.5818
loved,0.003896,2.5991
lovee,0.0,2.6471
lover,0.6368128964383561,2.5839
loves,0.0,2.5988
lovey,0.0,2.6304
lovie,0.0,2.5785
lowan,0.0,2.6004
lowed,0.0,2.6012
lowen,0.0,2.5819
lower,0.3073894180821918,2.57
lowes,0.0,2.5929
lowly,1.0,2.7577
lownd,0.0,2.639
lowne,0.0,2.5757
lowns,0.0,2.6168
lowps,0.0,2.6501
lowry,0.0,2.6131
lowse,0.0,2.565
lowth,0.0,2.6353
lowts,0.0,2.6095
loxed,0.0,2.6593
loxes,0.0,2.6487
loyal,0.5930114367123288,2.682
lozen,0.0,2.6419
luach,0.0,2.5705
luaus,0.0,2.6822
lubed,0.003896,2.5801
lubes,0.0,2.5708
lubra,0.0,2.5839
luces,0.0,2.5615
lucid,0.4041176416438356,2.5837
lucks,0.0,2.6468
lucky,0.6085244536986302,2.6673
lucre,0.992458,2.5148
ludes,0.0,2.5651
ludic,0.0,2.6351
ludos,0.0,2.6091
luffa,0.0,2.7989
luffs,0.0,2.8086
luged,0.0,2.5838
luger,0.958457,2.5584
luges,0.0,2.5783
lulls,0.0,2.8292
lulus,0.0,2.8291
lumas,0.0,2.5899
lumbi,0.0,2.6919
lumen,0.792985,2.56
lumme,0.0,2.7238
lummy,0.0,2.7659
lumps,0.0,2.6028
lumpy,0.0007792000000000001,2.6217
lunar,0.847607421369863,2.5358
lunas,0.0,2.5541
lunch,0.4917205610958904,2.5857
lunes,0.0,2.5438
lunet,0.0,2.5059
lunge,0.5008458652054795,2.5598
lungi,0.0,2.6148
lungs,0.0,2.5962
lunks,0.0,2.6269
lunts,0.0,2.5541
lupin,0.0,2.5654
lupus,1.0,2.7225
lurch,1.0,2.5833
lured,0.003896,2.5179
lurer,0.0,2.6145
lures,0.0,2.5334
lurex,0.0,2.6487
lurgi,0.0,2.6142
lurgy,0.0,2.6001
lurid,0.0007792000000000001,2.5599
lurks,0.0,2.6107
lurry,0.0,2.661
lurve,0.0,2.6005
luser,0.0,2.5268
lushy,0.0,2.6222
lusks,0.0,2.7531
lusts,0.0,2.6932
lusty,1.0,2.5799
lusus,0.0,2.8421
lutea,0.0,2.5186
luted,0.003896,2.5319
luter,0.0,2.5071
lutes,0.0,2.518
luvvy,0.0,2.8549
luxed,0.0,2.6916
luxer,0.0,2.6561
luxes,0.0,2.6796
lweis,0.0,2.6163
lyams,0.0,2.5923
lyard,0.0,2.5773
lyart,0.0,2.5227
lyase,0.0,2.512
lycea,0.0,2.5776
lycee,0.0,2.648
lycra,0.0,2.5861
lying,1.0,2.5972
lymes,0.0,2.6219
lymph,1.0,2.6721
lynch,0.0,2.6448
lynes,0.0,2.5818
lyres,0.0,2.5645
lyric,1.0,2.5749
lysed,0.0,2.6035
lyses,0.0,2.7061
lysin,0.0,2.5842
lysis,0.0,2.7155
lysol,0.0,2.6977
lyssa,0.0,2.6958
lyted,0.0,2.5895
lytes,0.0,2.5636
lythe,0.0,2.6073
lytic,0.0,2.615
lytta,0.0,2.6727
maaed,0.0,2.6248
maare,0.0,2.5568
maars,0.0,2.6146
maban,0.0,2.6811
mabes,0.0,2.5827
macas,0.0,2.6672
macaw,0.3046518268493151,2.7541
macca,0.0,2.798
maced,0.0,2.5617
macer,0.0,2.5094
maces,0.0,2.5476
mache,0.0,2.5735
machi,0.0,2.6421
macho,0.0555310246575342,2.6149
machs,0.0,2.6198
macka,0.0,2.7293
macks,0.0,2.6431
macle,0.0,2.511
macon,0.0,2.5531
macro,1.0,2.5216
macte,0.0,2.522
madal,0.0,2.6638
madam,0.9963498783561644,2.8169
madar,0.0,2.6309
maddy,0.0,2.7498
madge,0.0,2.5844
madid,0.0,2.7164
madly,0.1257958663013698,2.5676
mados,0.0,2.601
madre,0.0,2.503
maedi,0.0,2.6141
maerl,0.0,2.5034
mafia,0.0007792000000000001,2.7367
mafic,0.0,2.6686
mafts,0.0,2.6214
magas,0.0,2.6883
mages,0.0,2.5779
maggs,0.0,2.7591
magic,0.7955931879452055,2.6104
magma,0.6276875923287671,2.8444
magna,0.0,2.6775
magot,0.0,2.5605
magus,0.0,2.62
mahal,0.0,2.6792
mahem,0.0,2.7289
mahis,0.0,2.606
mahoe,0.0,2.5691
mahrs,0.0,2.5826
mahua,0.0,2.733
mahwa,0.0,2.7983
maids,0.0,2.5785
maiko,0.0,2.638
maiks,0.0,2.6088
maile,0.0,2.4899
maill,0.0,2.63
mailo,0.0,2.5577
mails,0.0,2.5251
maims,0.0,2.7088
mains,0.0,2.5406
maire,0.0,2.4792
mairs,0.0,2.5268
maise,0.0,2.5026
maist,0.0,2.4953
maize,0.8156688569863014,2.6647
majas,0.0,2.8032
majat,0.0,2.7579
majoe,0.0,2.6719
major,1.0,2.6584
majos,0.0,2.7109
makaf,0.0,2.8016
makai,0.0,2.7491
makan,0.0,2.7038
makar,0.0,2.6657
makee,0.0,2.6674
maker,0.0007792000000000001,2.5706
makes,0.0,2.6074
makie,0.0,2.5937
makis,0.0,2.6323
makos,0.0,2.6329
malae,0.0,2.5899
malai,0.0,2.6572
malam,0.0,2.7717
malar,0.0,2.5929
malas,0.0,2.6347
malax,0.0,2.7693
maleo,0.0,2.5354
males,0.0,2.5055
malic,0.863037,2.5479
malik,0.0,2.5942
malis,0.0,2.5485
malky,0.0,2.6124
malls,0.0,2.66
malms,0.0,2.6971
malmy,0.0,2.6872
malts,0.0,2.5153
malty,0.968018,2.5301
malus,0.0,2.5771
malva,0.0,2.7346
malwa,0.0,2.7351
mamak,0.0,2.8453
mamas,0.0,2.7948
mamba,0.877061,2.8609
mambo,0.1732474476712329,2.7598
mambu,0.0,2.8114
mamee,0.0,2.7265
mamey,0.0,2.6949
mamie,0.0,2.6566
mamil,0.0,2.6761
mamma,0.929785,2.989
mammy,0.0,2.8743
manas,0.0,2.6382
manat,0.0,2.5997
mandi,0.0,2.6176
mands,0.0,2.6122
mandy,0.0,2.6037
maneb,0.0,2.5819
maned,0.0,2.5372
maneh,0.0,2.552
manes,0.0,2.5217
manet,0.0,2.5003
manga,0.3575785906849315,2.6864
mange,0.926242,2.5459
mangi,0.0,2.622
mango,0.1066327276712328,2.5879
mangs,0.0,2.6067
mangy,0.983729,2.5922
mania,0.5574227506849314,2.6592
manic,0.0007792000000000001,2.5684
manie,0.0,2.5074
manis,0.0,2.5483
manks,0.0,2.6236
manky,0.0,2.6304
manly,0.838482117260274,2.5428
manna,0.993783,2.7891
manny,0.0,2.6859
manoa,0.0,2.6355
manor,1.0,2.5006
manos,0.0,2.55
manse,0.995178,2.4959
manso,0.0,2.5457
manta,0.0,2.6197
mante,0.0,2.5042
manto,0.0,2.5365
mants,0.0,2.5392
manty,0.0,2.5462
manul,0.0,2.5652
manus,0.0,2.5855
manzo,0.0,2.6949
mapau,0.0,2.7165
mapes,0.0,2.5495
maple,0.8813710465753425,2.5033
mapou,0.0,2.6413
mappy,0.0,2.7254
maqam,0.0,2.9544
maqui,0.0,2.8072
marae,0.0,2.5573
marah,0.0,2.6239
maral,0.0,2.6008
maran,0.0,2.5985
maras,0.0,2.6087
maray,0.0,2.6167
march,0.7554418498630137,2.5548
marcs,0.0,2.5327
mards,0.0,2.5839
mardy,0.0,2.5816
mares,0.0,2.5077
marga,0.0,2.6498
marge,0.0,2.5156
margo,0.0,2.5601
margs,0.0,2.5794
maria,0.0,2.6131
marid,0.0,2.5446
maril,0.0,2.5212
marka,0.0,2.673
marks,0.0,2.5888
marle,0.0,2.477
marls,0.0,2.5381
marly,0.0,2.5328
marma,0.0,2.7514
marms,0.0,2.673
maron,0.0,2.5172
maror,0.0,2.5859
marra,0.0,2.6979
marri,0.0,2.6406
marry,1.0,2.6443
marse,0.0,2.47
marsh,0.9178722630136986,2.5548
marts,0.0,2.5014
marua,0.0,2.6389
marvy,0.0,2.6297
masas,0.0,2.7695
mased,0.0,2.5496
maser,0.0,2.4997
mases,0.0,2.6526
masha,0.0,2.6947
mashy,0.0,2.6117
masks,0.0,2.7445
mason,0.5638104635616438,2.5574
massa,0.0,2.7662
masse,1.0,2.6459
massy,0.0,2.6789
masts,0.0,2.6646
masty,0.0,2.5477
masur,0.0,2.5384
masus,0.0,2.7117
masut,0.0,2.5352
matai,0.0,2.6517
match,0.4588694663013698,2.5663
mated,0.003896,2.5279
mater,0.0,2.4797
mates,0.0,2.5174
matey,0.8184064482191781,2.5331
mathe,0.0,2.5423
maths,0.0,2.5635
matin,0.0,2.5243
matlo,0.0,2.5365
matra,0.0,2.5898
matsu,0.0,2.5646
matte,0.0007792000000000001,2.6095
matts,0.0,2.6408
matty,0.0,2.6546
matza,0.0,2.7742
matzo,1.0,2.6779
mauby,0.0,2.6395
mauds,0.0,2.6264
mauka,0.0,2.7282
maula,0.0,2.6496
mauls,0.0,2.5558
maums,0.0,2.7223
maumy,0.0,2.7266
maund,0.0,2.5968
maunt,0.0,2.5385
mauri,0.0,2.5948
mausy,0.0,2.564
mauts,0.0,2.5471
mauve,0.1987982991780822,2.6627
mauvy,0.0,2.6918
mauzy,0.0,2.7228
maven,0.0007792000000000001,2.6304
mavie,0.0,2.6113
mavin,0.0,2.6356
mavis,0.0,2.6551
mawed,0.0,2.6267
mawks,0.0,2.7154
mawky,0.0,2.7285
mawla,0.0,2.73
mawns,0.0,2.6445
mawps,0.0,2.6763
mawrs,0.0,2.6232
maxed,0.003896,2.6785
maxes,0.0,2.6794
maxim,1.0,2.8591
maxis,0.0,2.7047
mayan,0.0,2.6583
mayas,0.0,2.6748
maybe,0.687002069041096,2.611
mayed,0.0,2.5828
mayor,0.4269309019178082,2.5497
mayos,0.0,2.5829
mayst,0.0,2.5353
mazac,0.0,2.8101
mazak,0.0,2.8444
mazar,0.0,2.7337
mazas,0.0,2.794
mazed,0.0,2.6824
mazel,0.0,2.6448
mazer,0.0,2.6271
mazes,0.0,2.6742
mazet,0.0,2.6323
mazey,0.0,2.6895
mazut,0.0,2.6861
mbari,0.0,2.6324
mbars,0.0,2.6096
mbila,0.0,2.6186
mbira,0.0,2.6093
mbret,0.0,2.5571
mbube,0.0,2.7923
mbuga,0.0,2.7026
meads,0.0,2.5774
meake,0.0,2.6592
meaks,0.0,2.6051
meals,0.0,2.5125
mealy,0.7691298060273973,2.5376
meane,0.0,2.5755
means,0.0,2.536
meant,0.5501225073972603,2.4885
meany,0.0,2.5352
meare,0.0,2.5402
mease,0.0,2.5735
meath,0.0,2.5335
meats,0.0,2.5175
meaty,1.0,2.545
mebbe,0.0,2.8225
mebos,0.0,2.619
mecca,1.0,2.7232
mecha,0.0,2.6176
mechs,0.0,2.6556
mecks,0.0,2.6812
mecum,0.0,2.7735
medal,0.8841086378082191,2.5376
media,0.3858670334246575,2.5684
medic,0.3019142356164383,2.6019
medii,0.0,2.7325
medin,0.0,2.5783
medle,0.0,2.6157
meech,0.0,2.6891
meeds,0.0,2.6876
meeja,0.0,2.7991
meeps,0.0,2.6688
meers,0.0,2.6112
meets,0.0,2.636
meffs,0.0,2.8408
meids,0.0,2.59
meiko,0.0,2.6254
meils,0.0,2.5408
meins,0.0,2.5474
meint,0.0,2.5061
meiny,0.0,2.5422
meism,0.0,2.6808
meith,0.0,2.5504
mekka,0.0,2.8056
melam,0.0,2.6769
melas,0.0,2.5334
melba,0.0,2.6066
melch,0.0,2.6199
melds,0.0,2.5807
melee,1.0,2.7483
meles,0.0,2.6189
melic,0.0,2.5891
melik,0.0,2.6217
mells,0.0,2.6896
meloe,0.0,2.6062
melon,0.3603161819178082,2.5416
melos,0.0,2.563
melts,0.0,2.5353
melty,0.95078,2.558
memes,0.0,2.8015
memic,0.0,2.7489
memos,0.0,2.7286
menad,0.0,2.5621
mence,0.0,2.6299
mends,0.0,2.5884
mened,0.0,2.6306
menes,0.0,2.6284
menge,0.0,2.6519
mengs,0.0,2.6339
menil,0.0,2.5397
mensa,0.0,2.5375
mense,0.0,2.605
mensh,0.0,2.584
menta,0.0,2.5281
mento,0.0,2.5461
ments,0.0,2.5592
menus,0.0,2.5979
meous,0.0,2.5791
meows,0.0,2.633
merch,0.996541,2.5664
mercs,0.0,2.5565
mercy,0.5729357676712329,2.5536
merde,0.0,2.5931
merds,0.0,2.5791
mered,0.0,2.5857
merel,0.0,2.5801
merer,0.0,2.6743
meres,0.0,2.5845
merge,0.4141554761643836,2.6208
meril,0.0,2.5261
meris,0.0,2.5342
merit,0.9580236010958904,2.4931
merks,0.0,2.6104
merle,0.0,2.5708
merls,0.0,2.5514
merry,0.5875362542465753,2.6636
merse,0.0,2.5576
mersk,0.0,2.5876
mesad,0.0,2.5709
mesal,0.0,2.5313
mesas,0.0,2.686
mesca,0.0,2.5631
mesel,0.0,2.6075
mesem,0.0,2.7685
meses,0.0,2.7524
meshy,0.040901,2.6335
mesia,0.0,2.5538
mesic,0.0,2.6011
mesne,0.0,2.6136
meson,0.0,2.5553
messy,1.0,2.7125
mesto,0.0,2.5434
mesyl,0.0,2.608
metal,1.0,2.5029
metas,0.0,2.5241
meted,0.003896,2.6291
meteg,0.0,2.6544
metel,0.0,2.5913
meter,0.2937014619178082,2.5878
metes,0.0,2.6129
methi,0.0,2.6093
metho,0.0,2.5927
meths,0.0,2.6018
methy,0.0,2.6068
metic,0.0,2.584
metif,0.0,2.62
metis,0.0,2.542
metol,0.0,2.5358
metre,0.628064,2.5723
metro,0.7326285895890411,2.5176
metta,0.0,2.6357
meums,0.0,2.7409
meuse,0.0,2.6122
meved,0.0,2.7291
meves,0.0,2.7289
mewed,0.003896,2.7214
mewls,0.0,2.6429
meynt,0.0,2.563
mezes,0.0,2.7766
mezza,0.0,2.883
mezze,0.0,2.9366
mezzo,1.0,2.8828
mgals,0.0,2.6194
mhorr,0.0,2.653
miais,0.0,2.6825
miaou,0.0,2.6381
miaow,0.0,2.6735
miasm,0.0,2.6821
miaul,0.0,2.5848
micas,0.0,2.5921
miche,0.0,2.6014
michi,0.0,2.7924
micht,0.0,2.6093
micks,0.0,2.6669
micky,0.0,2.6872
micos,0.0,2.5995
micra,0.0,2.56
micro,0.4743824832876712,2.5417
middy,0.0,2.7737
midge,0.904462,2.5812
midgy,0.0,2.6609
midis,0.0,2.7481
midst,1.0,2.5443
miens,0.0,2.551
mieux,0.0,2.7363
mieve,0.0,2.7101
miffs,0.0,2.8298
miffy,0.0,2.837
mifty,0.0,2.6546
miggs,0.0,2.7807
might,0.0007792000000000001,2.6096
migma,0.0,2.7598
migod,0.0,2.6269
mihas,0.0,2.6226
mihis,0.0,2.7544
mikan,0.0,2.6285
miked,0.003896,2.6208
mikes,0.0,2.6118
mikos,0.0,2.6471
mikra,0.0,2.622
mikva,0.0,2.7538
milch,0.0,2.6089
milds,0.0,2.6278
miler,0.975283,2.5017
miles,0.0,2.5281
milfs,0.0,2.6572
milia,0.0,2.6882
milko,0.0,2.639
milks,0.0,2.6037
milky,1.0,2.6279
mille,0.0,2.6297
mills,0.0,2.6644
milly,0.0,2.6859
milor,0.0,2.5357
milos,0.0,2.5639
milpa,0.0,2.5858
milts,0.0,2.5528
milty,0.0,2.565
miltz,0.0,2.6973
mimed,0.003896,2.7027
mimeo,0.0,2.7006
mimer,0.0,2.6544
mimes,0.0,2.7008
mimic,1.0,2.8578
mimis,0.0,2.8528
mimsy,0.0,2.7159
minae,0.0,2.5227
minar,0.0,2.5234
minas,0.0,2.5678
mince,1.0,2.5378
mincy,0.0,2.601
mindi,0.0,2.763
minds,0.0,2.571
mined,0.003896,2.5459
miner,0.2508125326027397,2.5028
mines,0.0,2.541
minge,0.0,2.577
mingi,0.0,2.7607
mings,0.0,2.6245
mingy,0.0,2.6184
minim,0.047658,2.84
minis,0.0,2.6843
minke,0.0,2.6071
minks,0.0,2.6064
minny,0.0,2.7089
minor,1.0,2.5242
minos,0.0,2.5611
minse,0.0,2.5193
mints,0.0,2.5383
minty,0.0007792000000000001,2.5682
minus,0.3694414860273973,2.5882
minxy,0.0,2.7318
miraa,0.0,2.6318
mirah,0.0,2.5625
mirch,0.0,2.5821
mired,0.003896,2.5043
mires,0.0,2.509
mirex,0.0,2.6377
mirid,0.0,2.6936
mirin,0.984882,2.6599
mirkn,0.0,2.6102
mirks,0.0,2.6201
mirky,0.0,2.6381
mirls,0.0,2.5655
mirly,0.0,2.5688
miros,0.0,2.5416
mirrl,0.0,2.6436
mirrs,0.0,2.6506
mirth,0.0007792000000000001,2.549
mirvs,0.0,2.655
mirza,0.0,2.6816
misal,0.0,2.5567
misch,0.0,2.6072
misdo,0.0,2.6306
miser,0.0007792000000000001,2.5173
mises,0.0,2.6671
misgo,0.0,2.6289
misky,0.0,2.6627
misls,0.0,2.6939
misos,0.0,2.6932
missa,0.0,2.6935
missy,0.792985,2.7056
misto,0.0,2.5565
mists,0.0,2.6779
misty,1.0,2.5768
mitas,0.0,2.5493
mitch,0.0,2.6035
miter,0.972769,2.4961
mites,0.0,2.52
mitey,0.0,2.5555
mitie,0.0,2.6394
mitis,0.0,2.6829
mitre,0.0,2.4878
mitry,0.0,2.5481
mitta,0.0,2.6543
mitts,0.0,2.6575
mivey,0.0,2.6748
mivvy,0.0,2.8656
mixed,0.003896,2.6943
mixen,0.0,2.6726
mixer,1.0,2.6485
mixes,0.0,2.691
mixie,0.0,2.8005
mixis,0.0,2.8507
mixte,0.0,2.652
mixup,0.93971,2.7619
miyas,0.0,2.6093
mizen,0.0,2.681
mizes,0.0,2.6955
mizzy,0.0,2.9097
mmkay,0.0,2.8066
mneme,0.0,2.7879
moais,0.0,2.5709
moaky,0.0,2.6294
moals,0.0,2.5397
moana,0.0,2.6322
moans,0.0,2.5323
moany,0.0,2.5475
moars,0.0,2.5189
moats,0.0,2.5267
mobby,0.0,2.7882
mobed,0.0,2.6023
mobee,0.0,2.6451
mobes,0.0,2.5985
mobey,0.0,2.6206
mobie,0.0,2.5724
moble,0.0,2.5623
mobos,0.0,2.7175
mocap,0.0,2.5865
mocha,1.0,2.627
mochi,0.984601,2.6426
mochs,0.0,2.6325
mochy,0.0,2.6371
mocks,0.0,2.6363
mocky,0.0,2.6766
mocos,0.0,2.6881
mocus,0.0,2.6061
modal,0.0007792000000000001,2.5551
model,1.0,2.5197
modem,0.2544626542465753,2.6975
moder,0.0,2.5274
modes,0.0,2.5604
modge,0.0,2.6016
modii,0.0,2.7429
modin,0.0,2.5821
modoc,0.0,2.7277
modom,0.0,2.8458
modus,1.0,2.6073
moeni,0.0,2.5628
moers,0.0,2.5308
mofos,0.0,2.7551
mogar,0.0,2.5364
mogas,0.0,2.6002
moggy,0.0,2.7705
mogos,0.0,2.7116
mogra,0.0,2.5638
mogue,0.0,2.5826
mogul,0.0007792000000000001,2.6091
mohar,0.0,2.5535
mohel,0.0,2.5873
mohos,0.0,2.7101
mohrs,0.0,2.59
mohua,0.0,2.6424
mohur,0.0,2.5831
moile,0.0,2.5058
moils,0.0,2.5529
moira,0.0,2.518
moire,0.0,2.4969
moist,1.0,2.5034
moits,0.0,2.5322
moity,0.0,2.5549
mojos,0.0,2.8241
moker,0.0,2.5969
mokes,0.0,2.6378
mokey,0.0,2.6628
mokis,0.0,2.6422
mokky,0.0,2.821
mokos,0.0,2.7467
mokus,0.0,2.6685
molal,0.0,2.6549
molar,0.839394647671233,2.5134
molas,0.0,2.5523
molds,0.0,2.5688
moldy,0.0053418520547945,2.5862
moled,0.0,2.5483
moler,0.0,2.5163
moles,0.0,2.524
moley,0.0,2.559
molie,0.0,2.5143
molla,0.0,2.6672
molle,0.0,2.6325
mollo,0.0,2.7673
molls,0.0,2.6782
molly,0.922373,2.6863
moloi,0.0,2.6836
molos,0.0,2.6586
molto,0.0,2.6426
molts,0.0,2.5296
molue,0.0,2.5368
molvi,0.0,2.683
molys,0.0,2.6076
momes,0.0,2.6963
momie,0.0,2.6708
momma,0.980082,2.8958
momme,0.0,2.8474
mommy,0.2471624109589041,2.9014
momos,0.0,2.8151
mompe,0.0,2.7099
momus,0.0,2.7304
monad,0.0,2.5773
monal,0.0,2.5438
monas,0.0,2.5549
monde,0.0,2.5578
mondo,0.0,2.6944
moner,0.0,2.5207
money,1.0,2.5519
mongo,0.0,2.6924
mongs,0.0,2.6123
monic,0.0,2.583
monie,0.0,2.5151
monks,0.0,2.6089
monos,0.0,2.6549
monpe,0.0,2.5566
monte,0.0,2.5159
month,1.0,2.5706
monty,0.0,2.5565
moobs,0.0,2.7258
mooch,0.0007792000000000001,2.7221
moods,0.0,2.6811
moody,1.0,2.7125
mooed,0.003896,2.6591
mooey,0.0,2.6755
mooks,0.0,2.7299
moola,0.0,2.6453
mooli,0.0,2.6775
mools,0.0,2.6553
mooly,0.0,2.6564
moong,0.0,2.692
mooni,0.0,2.6682
moons,0.0,2.6536
moony,0.977728,2.6787
moops,0.0,2.6801
moors,0.0,2.6467
moory,0.0,2.6368
moose,0.7837302926027397,2.6357
mooth,0.0,2.6545
moots,0.0,2.6525
moove,0.0,2.7335
moped,1.0,2.5521
moper,0.736992,2.512
mopes,0.0,2.5554
mopey,0.995438,2.5679
moppy,0.0,2.7382
mopsy,0.0,2.5714
mopus,0.0,2.606
morae,0.0,2.4898
morah,0.0,2.5429
moral,0.0746941632876712,2.5225
moran,0.0,2.5216
moras,0.0,2.526
morat,0.0,2.4875
moray,0.946067,2.5545
moree,0.0,2.5557
morel,0.980266,2.4929
mores,0.0,2.5082
morgy,0.0,2.5826
moria,0.0,2.5288
morin,0.0,2.5304
mormo,0.0,2.7677
morna,0.0,2.5232
morne,0.0,2.4999
morns,0.0,2.5325
moron,1.0,2.6368
moror,0.0,2.7036
morph,0.0007792000000000001,2.5641
morra,0.0,2.6093
morro,0.0,2.715
morse,0.0,2.4889
morts,0.0,2.5208
moruk,0.0,2.6097
mosed,0.0,2.57
moses,0.0,2.6732
mosey,0.964843,2.5731
mosks,0.0,2.7639
mosso,0.0,2.7819
mossy,0.6714890520547945,2.7184
moste,0.0,2.5157
mosto,0.0,2.6384
mosts,0.0,2.6709
moted,0.0,2.5506
motel,0.0007792000000000001,2.4967
moten,0.0,2.5308
motes,0.0,2.5198
motet,0.0,2.6168
motey,0.0,2.5604
moths,0.0,2.5926
mothy,0.0,2.6038
motif,1.0,2.6077
motis,0.0,2.5451
moton,0.0,2.633
motor,1.0,2.6126
motte,0.0,2.6205
motto,0.981749391780822,2.7732
motts,0.0,2.6532
motty,0.0,2.6705
motus,0.0,2.5621
motza,0.0,2.6968
mouch,0.0,2.6026
moues,0.0,2.5727
moufs,0.0,2.6611
mould,0.911774,2.577
moule,0.0,2.5316
mouls,0.0,2.5741
moult,0.019839,2.5435
mouly,0.0,2.5759
mound,1.0,2.5867
mount,1.0,2.5411
moups,0.0,2.5982
mourn,1.0,2.5461
mouse,0.7025150860273973,2.5643
moust,0.0,2.5185
mousy,0.996424,2.5992
mouth,0.0007792000000000001,2.6095
moved,0.003896,2.6514
mover,0.0007792000000000001,2.6098
moves,0.0,2.6427
movie,1.0,2.6347
mowas,0.0,2.6535
mowed,0.003896,2.6283
mower,1.0,2.5911
mowie,0.0,2.6262
mowra,0.0,2.6152
moxas,0.0,2.7057
moxie,1.0,2.6871
moyas,0.0,2.5865
moyle,0.0,2.5543
moyls,0.0,2.5893
mozed,0.0,2.7051
mozes,0.0,2.6985
mozos,0.0,2.8147
mpret,0.0,2.5201
mrads,0.0,2.5934
msasa,0.0,2.7926
mtepe,0.0,2.643
mucho,0.0,2.6562
mucic,0.0,2.768
mucid,0.0,2.6419
mucin,0.0,2.6019
mucko,0.0,2.6846
mucks,0.0,2.665
mucky,0.8211440394520548,2.6918
mucor,0.0,2.5549
mucro,0.0,2.5786
mucus,1.0,2.757
mudar,0.0,2.5743
muddy,1.0,2.7739
mudge,0.0,2.6337
mudif,0.0,2.7058
mudim,0.0,2.7713
mudir,0.0,2.5833
mudra,0.0,2.6068
muffs,0.0,2.8245
muffy,0.0,2.8597
mufti,0.0,2.6802
mugga,0.0,2.7852
muggs,0.0,2.7982
muggy,0.0007792000000000001,2.7874
mugho,0.0,2.6831
mugil,0.0,2.6107
mugos,0.0,2.6296
muhly,0.0,2.6587
muids,0.0,2.6282
muils,0.0,2.5689
muirs,0.0,2.5605
muiry,0.0,2.5709
muist,0.0,2.5163
mujik,0.0,2.8068
mukim,0.0,2.8157
mukti,0.0,2.6828
mulai,0.0,2.6207
mulch,0.2918764010958904,2.6355
mulct,0.0,2.5794
muled,0.0,2.577
mules,0.0,2.5572
muley,0.0,2.5896
mulga,0.0,2.6239
mulie,0.0,2.5407
mulla,0.0,2.7009
mulls,0.0,2.6975
mulse,0.0,2.5395
mulsh,0.0,2.6031
mumbo,0.0,2.8052
mumms,0.0,2.9225
mummy,0.9014467156164384,2.9246
mumph,0.0,2.799
mumps,0.0,2.7541
mumsy,0.0,2.7434
mumus,0.0,2.8998
munch,0.0172047473972602,2.6308
munds,0.0,2.6609
mundu,0.0,2.8114
munga,0.0,2.624
munge,0.0,2.6045
mungi,0.0,2.6536
mungo,0.0,2.6192
mungs,0.0,2.6455
mungy,0.0,2.6434
munia,0.0,2.5902
munis,0.0,2.5829
munja,0.0,2.7479
munjs,0.0,2.7579
munts,0.0,2.5784
muntu,0.0,2.745
muons,0.0,2.5695
mural,0.5044959868493151,2.5498
muras,0.0,2.553
mured,0.0,2.5479
mures,0.0,2.5366
murex,0.0,2.669
murgh,0.0,2.6338
murgi,0.0,2.6285
murid,0.0,2.5877
murks,0.0,2.6431
murky,1.0,2.6543
murls,0.0,2.5903
murly,0.0,2.5941
murra,0.0,2.6549
murre,0.0,2.6159
murri,0.0,2.6829
murrs,0.0,2.6729
murry,0.0,2.6734
murth,0.0,2.5712
murti,0.0,2.5716
muruk,0.0,2.7782
murva,0.0,2.6652
musar,0.0,2.5381
musca,0.0,2.5994
mused,0.003896,2.5862
musee,0.0,2.617
muser,0.0,2.5425
muses,0.0,2.7213
muset,0.0,2.5329
musha,0.0,2.64
mushy,0.2818385665753424,2.6641
music,0.6012242104109589,2.6163
musit,0.0,2.5404
musks,0.0,2.7907
musky,1.0,2.687
musos,0.0,2.7149
musse,0.0,2.6788
mussy,0.0,2.7262
musta,0.0,2.5687
musth,0.0,2.5916
musts,0.0,2.7194
musty,0.3886046246575342,2.614
mutas,0.0,2.5606
mutch,0.0,2.6199
muted,0.003896,2.5725
muter,0.0,2.5252
mutes,0.0,2.557
mutha,0.0,2.6168
mutic,0.0,2.6094
mutis,0.0,2.5659
muton,0.0,2.5674
mutti,0.0,2.7079
mutts,0.0,2.7007
mutum,0.0,2.8751
muvva,0.0,2.8803
muxed,0.0,2.73
muxes,0.0,2.7185
muzak,0.0,2.7896
muzzy,0.0,2.9337
mvula,0.0,2.6973
mvule,0.0,2.6627
mvuli,0.0,2.7329
myall,0.0,2.6759
myals,0.0,2.5777
mylar,0.0,2.5624
mynah,0.0,2.6274
mynas,0.0,2.6071
myoid,0.0,2.6263
myoma,0.0,2.7405
myons,0.0,2.5882
myope,0.0,2.5987
myops,0.0,2.6128
myopy,0.0,2.7601
myrrh,0.0007792000000000001,2.7218
mysid,0.0,2.663
mysie,0.0,2.5948
mythi,0.0,2.6696
myths,0.0,2.6587
mythy,0.0,2.8066
myxos,0.0,2.7612
mzees,0.0,2.7929
naams,0.0,2.6658
naans,0.0,2.7402
naats,0.0,2.5999
nabam,0.0,2.719
nabby,0.0,2.7624
nabes,0.0,2.5627
nabis,0.0,2.5883
nabks,0.0,2.653
nabla,0.0,2.6728
nabob,0.835053,2.7414
nache,0.0,2.564
nacho,0.968018,2.5961
nacre,0.0,2.4827
nadas,0.0,2.6748
nadir,0.0007792000000000001,2.5048
naeve,0.0,2.6618
naevi,0.0,2.6506
naffs,0.0,2.7897
nagar,0.0,2.6108
nagas,0.0,2.6617
nages,0.0,2.5535
naggy,0.638004,2.7405
nagor,0.0,2.5288
nahal,0.0,2.6707
naiad,0.0,2.628
naibs,0.0,2.5872
naice,0.0,2.4981
naids,0.0,2.5695
naieo,0.0,2.5214
naifs,0.0,2.6014
naiks,0.0,2.5773
nails,0.0,2.5044
naily,0.0,2.5317
nains,0.0,2.6415
naios,0.0,2.5448
naira,0.0,2.59
nairu,0.0,2.5694
naive,0.856732725479452,2.5953
najib,0.0,2.7525
nakas,0.0,2.6966
naked,1.0,2.5915
naker,0.0,2.5593
nakfa,0.0,2.7836
nalas,0.0,2.6227
naled,0.0,2.5227
nalla,0.0,2.7428
namad,0.0,2.6914
namak,0.0,2.7188
namaz,0.0,2.8056
named,0.003896,2.5529
namer,0.0,2.5228
names,0.0,2.5445
namma,0.0,2.8189
namus,0.0,2.6127
nanas,0.0,2.7489
nance,0.0,2.625
nancy,0.0,2.6808
nandu,0.0,2.7615
nanna,0.0,2.8994
nanny,0.6979524339726028,2.8435
nanos,0.0,2.658
nante,0.0,2.6015
nanti,0.0,2.6625
nanto,0.0,2.647
nants,0.0,2.6431
nanty,0.0,2.6552
nanua,0.0,2.7852
napas,0.0,2.6426
naped,0.0,2.5458
napes,0.0,2.5321
napoh,0.0,2.5812
napoo,0.0,2.6671
nappa,0.0,2.8001
nappe,0.0,2.6566
nappy,0.944585,2.7188
naras,0.0,2.6016
narco,0.0,2.5191
narcs,0.0,2.5099
nards,0.0,2.5764
nares,0.0,2.4894
naric,0.0,2.5348
naris,0.0,2.518
narks,0.0,2.5824
narky,0.0,2.5986
narod,0.0,2.5295
narra,0.0,2.698
narre,0.0,2.5543
nasal,0.0007792000000000001,2.6233
nashi,0.0,2.6098
nasho,0.0,2.5937
nasis,0.0,2.6564
nason,0.0,2.6551
nasty,1.0,2.5481
nasus,0.0,2.6971
natak,0.0,2.6582
natal,0.97052,2.6113
natch,0.0,2.5609
nates,0.0,2.5009
natis,0.0,2.5119
natto,0.0,2.6247
natty,1.0,2.671
natya,0.0,2.6617
nauch,0.0,2.5862
naunt,0.0,2.6401
naval,1.0,2.7297
navar,0.0,2.6715
naved,0.0,2.6145
navel,0.1102828493150684,2.5968
naves,0.0,2.6245
navew,0.0,2.6884
navvy,0.0,2.8136
nawab,0.0,2.774
nawal,0.0,2.6999
nazar,0.0,2.7271
nazes,0.0,2.6549
nazir,0.0,2.6376
nazis,0.0,2.6792
nazzy,0.0,2.8665
nduja,0.0,2.8048
neafe,0.0,2.6466
neals,0.0,2.5188
neant,0.0,2.5969
neaps,0.0,2.5457
nears,0.0,2.5107
neath,0.0,2.5226
neato,0.0,2.5217
neats,0.0,2.5051
nebby,0.0,2.793
nebek,0.0,2.7158
nebel,0.0,2.6426
neche,0.0,2.6702
necks,0.0,2.627
neddy,0.0,2.7603
neebs,0.0,2.7017
needs,0.0,2.6507
needy,0.9561985402739726,2.6804
neefs,0.0,2.7194
neeld,0.0,2.6401
neele,0.0,2.7243
neemb,0.0,2.7399
neems,0.0,2.6834
neeps,0.0,2.6524
neese,0.0,2.7192
neeze,0.0,2.8738
nefie,0.0,2.6619
negri,0.0,2.5773
negro,0.0,2.5598
negus,0.0,2.6302
neifs,0.0,2.607
neigh,0.2991766443835616,2.6015
neist,0.0,2.477
neive,0.0,2.6614
nelia,0.0,2.538
nelis,0.0,2.5433
nelly,0.0,2.6822
nemas,0.0,2.5717
nemic,0.0,2.6219
nemns,0.0,2.739
nempt,0.0,2.6135
nenes,0.0,2.7341
nenta,0.0,2.6449
neons,0.0,2.6729
neosa,0.0,2.5286
neoza,0.0,2.6776
neper,0.0,2.5965
nepit,0.0,2.5267
neral,0.0,2.5054
neram,0.0,2.5387
nerds,0.0,2.5601
nerdy,0.3229024350684931,2.5683
nerfs,0.0,2.6172
nerka,0.0,2.5675
nerks,0.0,2.6
nerol,0.0,2.5267
nerts,0.0,2.5223
nertz,0.0,2.6571
nerve,0.1705098564383561,2.6805
nervy,0.0007792000000000001,2.6453
neski,0.0,2.626
nests,0.0,2.6664
nesty,0.0,2.5516
netas,0.0,2.5134
netes,0.0,2.5825
netop,0.0,2.5592
netta,0.0,2.6194
netts,0.0,2.6496
netty,0.0,2.6576
neuks,0.0,2.6387
neume,0.0,2.6587
neums,0.0,2.6107
nevel,0.0,2.6824
never,0.46708224,2.6871
neves,0.0,2.7051
nevis,0.0,2.642
nevus,0.0,2.6946
nevvy,0.0,2.849
newbs,0.0,2.728
newed,0.0,2.6966
newel,0.0,2.6795
newer,1.0,2.6691
newie,0.0,2.6723
newly,0.0007792000000000001,2.6449
newsy,0.988794,2.6464
newts,0.0,2.6079
nexal,0.0,2.6607
nexin,0.0,2.8091
nexts,0.0,2.6735
nexum,0.0,2.7795
nexus,1.0,2.7369
ngaio,0.0,2.6232
ngaka,0.0,2.7609
ngana,0.0,2.8178
ngapi,0.0,2.6576
ngati,0.0,2.6037
ngege,0.0,2.8121
ngoma,0.0,2.651
ngoni,0.0,2.7463
ngram,0.0,2.634
ngwee,0.0,2.7328
nibby,0.0,2.7884
nicad,0.0,2.5866
niced,0.0,2.5693
nicer,0.3767417293150685,2.5122
nicey,0.0,2.5857
niche,0.2088361336986301,2.5805
nicht,0.0,2.5886
nicks,0.0,2.6183
nicky,0.0,2.6605
nicol,0.0,2.5537
nidal,0.0,2.5631
nided,0.0,2.6716
nides,0.0,2.5501
nidor,0.0,2.536
nidus,0.0,2.6286
niece,0.0007792000000000001,2.61
niefs,0.0,2.6111
niess,0.0,2.6543
nieve,0.0,2.6842
nifes,0.0,2.6021
niffs,0.0,2.8012
niffy,0.0,2.8076
nifle,0.0,2.5855
nifty,1.0,2.6214
niger,0.0,2.5377
nigga,0.0,2.7463
nighs,0.0,2.6443
night,0.9954373479452054,2.597
nigre,0.0,2.5259
nigua,0.0,2.6377
nihil,0.0,2.728
nikab,0.0,2.6753
nikah,0.0,2.6404
nikau,0.0,2.6951
nilas,0.0,2.5464
nills,0.0,2.6756
nimbi,0.0,2.8207
nimbs,0.0,2.6822
nimby,0.0,2.6863
nimps,0.0,2.6333
niner,0.0,2.6287
nines,0.0,2.6705
ninja,0.5537726290410958,2.8408
ninny,0.958457,2.8409
ninon,0.0,2.8165
ninta,0.0,2.6573
ninth,0.8047184920547945,2.6913
niopo,0.0,2.6627
nioza,0.0,2.686
nipas,0.0,2.5713
nipet,0.0,2.5075
nippy,0.977091,2.7253
niqab,0.0,2.7765
nirls,0.0,2.5645
nirly,0.0,2.5736
nisei,0.0,2.6715
nisin,0.0,2.8012
nisse,0.0,2.6309
nisus,0.0,2.713
nital,0.0,2.5205
niter,0.0,2.4903
nites,0.0,2.5121
nitid,0.0,2.6921
niton,0.0,2.6446
nitre,0.0,2.4774
nitro,0.911774,2.5115
nitry,0.0,2.5365
nitta,0.0,2.6292
nitto,0.0,2.6365
nitty,0.0,2.6535
nival,0.0,2.6232
nivas,0.0,2.6447
nivel,0.0,2.6043
nixed,0.003896,2.6926
nixer,0.0,2.6402
nixes,0.0,2.68
nixie,0.0,2.7832
nizam,0.0,2.7393
njirl,0.0,2.7021
nkosi,0.0,2.6483
nmoli,0.0,2.6256
nmols,0.0,2.6134
noahs,0.0,2.5816
nobby,0.0,2.7694
noble,0.5647229939726027,2.5238
nobly,0.0007792000000000001,2.5882
nocks,0.0,2.6352
nodal,0.854802,2.5308
noddy,0.0,2.7321
noded,0.0,2.6731
nodes,0.0,2.5391
nodum,0.0,2.6348
nodus,0.0,2.6168
noels,0.0,2.5293
noema,0.0,2.5756
noeme,0.0,2.6373
nogal,0.0,2.5601
noggs,0.0,2.742
noggy,0.0,2.7447
nohow,0.0,2.7737
noias,0.0,2.5375
noils,0.0,2.5331
noily,0.0,2.542
noint,0.0,2.6073
noire,0.0,2.487
noirs,0.0,2.5101
noise,0.5601603419178082,2.5216
noisy,0.0007792000000000001,2.546
nokes,0.0,2.6186
noles,0.0,2.5347
nolle,0.0,2.625
nolls,0.0,2.668
nolos,0.0,2.6472
nomad,0.0007792000000000001,2.5854
nomas,0.0,2.5809
nomen,0.0,2.6928
nomes,0.0,2.5813
nomic,0.0,2.6116
nomoi,0.0,2.704
nomos,0.0,2.6877
nonan,0.0,2.8042
nonas,0.0,2.6602
nonce,0.0,2.6505
noncy,0.0,2.6919
nonda,0.0,2.7133
nondo,0.0,2.8108
nones,0.0,2.656
nonet,0.0,2.6114
nongs,0.0,2.7198
nonic,0.0,2.6931
nonis,0.0,2.6614
nonna,0.0,2.8161
nonno,0.0,2.9138
nonny,0.0,2.8253
nonyl,0.0,2.7009
noobs,0.0,2.7032
noois,0.0,2.6366
nooit,0.0,2.5881
nooks,0.0,2.7008
nooky,0.0,2.7194
noone,0.0,2.7413
noons,0.0,2.7767
noops,0.0,2.6646
noose,1.0,2.6241
noove,0.0,2.7199
nopal,0.0,2.5564
noria,0.0,2.5203
norie,0.0,2.4981
noris,0.0,2.5273
norks,0.0,2.5896
norma,0.0,2.5529
norms,0.0,2.553
north,0.4862453786301369,2.5284
nosed,0.003896,2.5383
noser,0.0,2.5138
noses,0.0,2.6689
nosey,0.829263,2.5552
noshi,0.0,2.6093
nosir,0.0,2.5078
notal,0.0,2.5252
notam,0.0,2.5664
notch,0.0007792000000000001,2.5717
noted,0.003896,2.5251
noter,0.0,2.4959
notes,0.0,2.5108
notum,0.0,2.5833
nougs,0.0,2.5976
nouja,0.0,2.7299
nould,0.0,2.582
noule,0.0,2.5224
nouls,0.0,2.5651
nouns,0.0,2.704
nouny,0.0,2.6939
noups,0.0,2.5824
noust,0.0,2.5062
novae,0.0,2.5976
novas,0.0,2.6311
novel,0.0007792000000000001,2.596
novia,0.0,2.6374
novio,0.0,2.7333
novum,0.0,2.7027
noway,0.0,2.6403
nowds,0.0,2.6842
nowed,0.0,2.6214
nowls,0.0,2.6406
nowts,0.0,2.6173
nowty,0.0,2.6314
noxal,0.0,2.6699
noxas,0.0,2.6866
noxes,0.0,2.677
noyau,0.0,2.6299
noyed,0.0,2.5932
noyes,0.0,2.5768
nrtta,0.0,2.62
nrtya,0.0,2.5752
nsima,0.0,2.6131
nubby,0.0,2.8107
nubia,0.0,2.6367
nucha,0.0,2.6431
nucin,0.0,2.7116
nuddy,0.0,2.7804
nuder,0.0,2.554
nudes,0.0,2.565
nudge,0.0984199539726027,2.6028
nudgy,0.0,2.6675
nudie,0.0,2.5706
nudzh,0.0,2.7987
nuevo,0.0,2.6737
nuffs,0.0,2.8339
nugae,0.0,2.5602
nujol,0.0,2.7105
nuked,0.003896,2.6393
nukes,0.0,2.6328
nulla,0.0,2.6942
nullo,0.0,2.697
nulls,0.0,2.6916
nully,0.0,2.7061
numbs,0.0,2.6562
numen,0.0,2.7277
nummy,0.0,2.7866
numps,0.0,2.6588
nunks,0.0,2.78
nunky,0.0,2.7901
nunny,0.0,2.8691
nunus,0.0,2.8665
nuque,0.0,2.8732
nurds,0.0,2.6301
nurdy,0.0,2.6284
nurls,0.0,2.5957
nurrs,0.0,2.6742
nurse,0.0783442849315068,2.5242
nurts,0.0,2.5556
nurtz,0.0,2.6875
nused,0.0,2.5831
nuses,0.0,2.6937
nutso,0.918127,2.5582
nutsy,0.0,2.5569
nutty,1.0,2.7043
nyaff,0.0,2.8174
nyala,0.0,2.6684
nyams,0.0,2.6218
nying,0.0,2.757
nylon,0.0007792000000000001,2.7267
nymph,1.0,2.6914
nyong,0.0,2.7497
nyssa,0.0,2.7214
nyung,0.0,2.7908
nyuse,0.0,2.5811
nyuze,0.0,2.7465
oafos,0.0,2.7327
oaked,0.0,2.6297
oaken,0.93971,2.5952
oaker,0.0,2.5739
oakum,0.0,2.701
oared,0.003896,2.5112
oarer,0.0,2.577
oasal,0.0,2.6195
oases,0.0,2.6928
oasis,0.0007792000000000001,2.7342
oasts,0.0,2.6563
oaten,0.0,2.4999
oater,0.0,2.4874
oaths,0.0,2.5694
oaves,0.0,2.6256
obang,0.0,2.6574
obbos,0.0,2.8868
obeah,0.0,2.6454
obeli,0.0,2.6442
obese,1.0,2.6709
obeys,0.0,2.6561
obias,0.0,2.6349
obied,0.0,2.6024
obiit,0.0,2.7147
obits,0.0,2.5874
objet,0.0,2.7213
oboes,0.0,2.6953
obole,0.0,2.6714
oboli,0.0,2.7377
obols,0.0,2.7152
occam,0.0,2.7662
occur,0.5711107068493151,2.702
ocean,0.6222124098630137,2.5786
ocher,1.0,2.5747
oches,0.0,2.6409
ochre,0.988357,2.5555
ochry,0.0,2.6349
ocker,0.0,2.6201
ocote,0.0,2.6435
ocrea,0.0,2.5259
octad,0.0,2.6088
octal,0.047658,2.5345
octan,0.0,2.5639
octas,0.0,2.5838
octet,0.2225240898630137,2.6553
octic,0.0,2.7341
octli,0.0,2.6097
octyl,0.0,2.6317
oculi,0.0,2.6431
odahs,0.0,2.6776
odals,0.0,2.6094
odder,1.0,2.6848
oddly,0.0126420953424657,2.7409
odeon,0.0,2.6999
odeum,0.0,2.6786
odism,0.0,2.65
odist,0.0,2.5681
odium,0.0,2.6847
odoom,0.0,2.8905
odors,0.0,2.6736
odour,0.0,2.68
odums,0.0,2.6924
odyle,0.0,2.6163
odyls,0.0,2.6706
ofays,0.0,2.7001
offal,0.998608,2.7831
offed,0.003896,2.7864
offer,0.009904504109589,2.7511
offie,0.0,2.7938
oflag,0.0,2.6877
often,0.4533942838356164,2.5968
ofter,0.0,2.5776
ofuro,0.0,2.742
ogams,0.0,2.6597
ogeed,0.0,2.6941
ogees,0.0,2.697
oggin,0.0,2.7523
ogham,0.0,2.7312
ogive,0.0,2.6787
ogled,0.003896,2.58
ogler,0.685589,2.5599
ogles,0.0,2.5737
ogmic,0.0,2.7106
ogres,0.0,2.5552
ohelo,0.0,2.6801
ohias,0.0,2.5971
ohing,0.0,2.6289
ohmic,0.0,2.662
ohone,0.0,2.6453
oicks,0.0,2.6558
oidia,0.0,2.7248
oiled,0.003896,2.5265
oiler,0.883085,2.5203
oilet,0.0,2.4995
oinks,0.0,2.6049
oints,0.0,2.5341
oiran,0.0,2.5185
ojime,0.0,2.7192
okapi,0.870413,2.6734
okays,0.0,2.6685
okehs,0.0,2.6784
okies,0.0,2.6214
oking,0.0,2.6844
okole,0.0,2.7007
okras,0.0,2.6144
okrug,0.0,2.6785
oktas,0.0,2.6327
olate,0.0,2.492
olden,0.995244,2.5122
older,0.6066993928767123,2.514
oldie,0.989425,2.5271
oldly,0.0,2.7168
olehs,0.0,2.5884
oleic,0.0,2.5771
olein,0.0,2.5357
olent,0.0,2.5128
oleos,0.0,2.6451
oleum,0.0,2.6033
oleyl,0.0,2.7016
oligo,0.0,2.6794
olios,0.0,2.6425
oliva,0.0,2.6384
olive,1.0,2.62
ollas,0.0,2.6607
ollav,0.0,2.7621
oller,0.0,2.6232
ollie,0.0,2.632
ology,0.0,2.6883
olona,0.0,2.6361
olpae,0.0,2.5278
olpes,0.0,2.5533
omasa,0.0,2.681
omber,0.0,2.605
ombre,0.990513,2.5739
ombus,0.0,2.7009
omdah,0.0,2.6748
omdas,0.0,2.6595
omdda,0.0,2.8028
omdeh,0.0,2.6456
omees,0.0,2.6785
omega,0.0007792000000000001,2.652
omens,0.0,2.5979
omers,0.0,2.5834
omiai,0.0,2.7626
omits,0.0,2.5837
omlah,0.0,2.6279
ommel,0.0,2.731
ommin,0.0,2.7509
omnes,0.0,2.5992
omovs,0.0,2.8151
omrah,0.0,2.5925
omuls,0.0,2.6255
oncer,0.0,2.5485
onces,0.0,2.5876
oncet,0.0,2.5423
oncus,0.0,2.6208
ondes,0.0,2.5878
ondol,0.0,2.6939
onely,0.0,2.5599
oners,0.0,2.5466
onery,0.0,2.5527
ongon,0.0,2.8256
onion,0.6149121665753424,2.8032
onium,0.0,2.6252
onkus,0.0,2.6707
onlap,0.0,2.5822
onlay,0.0,2.5738
onmun,0.0,2.7509
onned,0.0,2.6865
onsen,0.0,2.6827
onset,0.9507233578082191,2.512
ontal,0.0,2.5473
ontic,0.0,2.5775
ooaas,0.0,2.7378
oobit,0.0,2.6523
oohed,0.0,2.6968
ooids,0.0,2.6866
oojah,0.0,2.8308
oomph,0.0007792000000000001,2.7438
oonts,0.0,2.6174
oopak,0.0,2.727
ooped,0.0,2.6609
oopsy,0.0,2.6568
oorie,0.0,2.59
ooses,0.0,2.7687
ootid,0.0,2.6504
ooyah,0.0,2.7033
oozed,0.003896,2.7824
oozes,0.0,2.7969
oozie,0.0,2.7678
oozle,0.0,2.7502
opahs,0.0,2.6354
opals,0.0,2.5447
opens,0.0,2.5785
opepe,0.0,2.7808
opera,0.8311818739726027,2.5801
opery,0.0,2.5715
opgaf,0.0,2.726
opihi,0.0,2.7811
opine,0.0007792000000000001,2.5377
oping,0.0,2.6289
opium,1.0,2.6656
oppos,0.0,2.8431
opsat,0.0,2.5525
opsin,0.0,2.5804
opsit,0.0,2.5538
opted,0.003896,2.5574
opter,0.0,2.5215
optic,1.0,2.5897
opzit,0.0,2.7048
orach,0.0,2.55
oracy,0.0,2.5376
orals,0.0,2.5214
orang,0.0,2.5487
orans,0.0,2.524
orant,0.0,2.4818
orate,0.877061,2.4674
orbat,0.0,2.524
orbed,0.003896,2.5496
orbic,0.0,2.6082
orbit,1.0,2.5295
orcas,0.0,2.5474
orcin,0.0,2.5308
order,0.3420655736986301,2.6307
ordie,0.0,2.5132
ordos,0.0,2.6759
oread,0.0,2.5182
orfes,0.0,2.5851
orful,0.0,2.6288
organ,0.362141242739726,2.5399
orgia,0.0,2.561
orgic,0.0,2.6021
orgue,0.0,2.5501
oribi,0.0,2.7261
oriel,0.0,2.5029
origo,0.0,2.6511
orixa,0.0,2.6648
orles,0.0,2.5218
orlon,0.0,2.6384
orlop,0.0,2.6454
ormer,0.0,2.6308
ornee,0.0,2.5486
ornis,0.0,2.5311
orped,0.0,2.5271
orpin,0.0,2.5405
orris,0.0,2.6334
ortet,0.0,2.5638
ortho,0.0,2.6566
orval,0.0,2.5989
orzos,0.0,2.7792
osars,0.0,2.6734
oscar,0.0,2.5584
osetr,0.0,2.5291
oseys,0.0,2.7504
oshac,0.0,2.6613
osier,0.0,2.5351
oskin,0.0,2.6541
oslin,0.0,2.5797
osmic,0.0,2.6749
osmol,0.0,2.7232
osone,0.0,2.6344
ossia,0.0,2.7244
ostia,0.0,2.5691
otaku,0.0,2.6782
otary,0.0,2.5334
other,1.0,2.5691
othyl,0.0,2.6642
otium,0.0,2.6341
ottar,0.0,2.6037
otter,0.1221457446575342,2.6398
ottos,0.0,2.7744
oubit,0.0,2.5971
ouche,0.0,2.6018
oucht,0.0,2.6058
oueds,0.0,2.6178
ouens,0.0,2.549
ought,1.0,2.6463
ouija,0.721877,2.7792
oulks,0.0,2.6372
oumas,0.0,2.6251
ounce,0.3028267660273973,2.553
oundy,0.0,2.6222
oupas,0.0,2.6083
ouped,0.0,2.5944
ouphe,0.0,2.6039
ouphs,0.0,2.6382
ourey,0.0,2.5629
ourie,0.0,2.5583
ousel,0.0,2.5565
ousia,0.0,2.5922
ousts,0.0,2.7108
outby,0.0,2.6334
outdo,1.0,2.7012
outed,0.003896,2.5685
outen,0.0,2.5348
outer,0.3840419726027397,2.5288
outgo,0.76271,2.7227
outie,0.0,2.5577
outre,1.0,2.5123
outro,0.0,2.6284
outta,0.0,2.6688
ouzel,0.0,2.6922
ouzos,0.0,2.8274
ovals,0.0,2.6275
ovary,0.989007,2.6628
ovate,0.0007792000000000001,2.6172
ovels,0.0,2.6577
ovens,0.0,2.6645
overs,0.0,2.6524
overt,0.40046752,2.6185
ovine,0.873821,2.6342
ovism,0.0,2.6997
ovist,0.0,2.6076
ovoid,0.98098,2.7859
ovoli,0.0,2.7817
ovolo,0.0,2.8966
ovule,0.0,2.6408
oware,0.0,2.56
owari,0.0,2.6511
owche,0.0,2.6887
owers,0.0,2.619
owies,0.0,2.6212
owing,1.0,2.6776
owled,0.0,2.6259
owler,0.0,2.5948
owlet,0.0,2.5792
owned,0.003896,2.6235
owner,0.276363384109589,2.6008
ownio,0.0,2.74
owres,0.0,2.589
owrie,0.0,2.5832
owsen,0.0,2.621
oxbow,0.888573,2.9524
oxeas,0.0,2.7
oxers,0.0,2.689
oxeye,0.0,2.8315
oxide,1.0,2.713
oxids,0.0,2.7622
oxies,0.0,2.69
oxime,0.0,2.7141
oxims,0.0,2.7523
oxine,0.0,2.6556
oxlip,0.0,2.7184
oxman,0.0,2.7389
oxmen,0.0,2.7206
oxter,0.0,2.6287
oyama,0.0,2.7243
oyers,0.0,2.5708
ozeki,0.0,2.8164
ozena,0.0,2.6969
ozone,0.0683064504109589,2.7719
ozzie,0.0,2.8727
paaho,0.0,2.6698
paals,0.0,2.5957
paans,0.0,2.6015
pacai,0.0,2.6622
pacas,0.0,2.6366
pacay,0.0,2.6428
paced,0.003896,2.5232
pacer,0.926242,2.4903
paces,0.0,2.5181
pacey,0.0,2.5466
pacha,0.0,2.6845
packs,0.0,2.6058
packy,0.0,2.6165
pacos,0.0,2.5543
pacta,0.0,2.6274
pacts,0.0,2.5166
padam,0.0,2.7012
padas,0.0,2.6675
paddo,0.0,2.7202
paddy,0.999261,2.7151
padis,0.0,2.5699
padle,0.0,2.5012
padma,0.0,2.7106
padou,0.0,2.6326
padre,0.908252,2.4762
padri,0.0,2.5712
paean,1.0,2.6346
paedo,0.0,2.5729
paeon,0.0,2.5203
pagan,1.0,2.6593
paged,0.003896,2.5489
pager,1.0,2.5139
pages,0.0,2.5405
pagle,0.0,2.5148
pagne,0.0,2.5247
pagod,0.0,2.6041
pagri,0.0,2.5762
pahit,0.0,2.5444
pahos,0.0,2.5831
pahus,0.0,2.6099
paiks,0.0,2.5761
pails,0.0,2.4978
pains,0.0,2.5249
paint,0.3475407561643835,2.4696
paipe,0.0,2.6162
paips,0.0,2.6555
paire,0.0,2.4563
pairs,0.0,2.4979
paisa,0.0,2.5927
paise,0.0,2.4642
pakay,0.0,2.6947
pakka,0.0,2.8489
pakki,0.0,2.78
pakua,0.0,2.7258
pakul,0.0,2.609
palak,0.0,2.6497
palar,0.0,2.5679
palas,0.0,2.5962
palay,0.0,2.607
palea,0.0,2.5809
paled,0.003896,2.4943
paler,0.996886,2.4757
pales,0.0,2.4803
palet,0.0,2.464
palis,0.0,2.5157
palki,0.0,2.6007
palla,0.0,2.7221
palls,0.0,2.6416
pallu,0.0,2.6801
pally,0.0,2.6296
palms,0.0,2.5484
palmy,0.0,2.5521
palpi,0.0,2.6878
palps,0.0,2.657
palsa,0.0,2.593
palsy,1.0,2.5167
palus,0.0,2.5473
pamby,0.0,2.6463
pampa,0.0,2.8136
panax,0.0,2.7485
pance,0.0,2.493
panch,0.0,2.5577
panda,1.0,2.6536
pands,0.0,2.584
pandy,0.0,2.5762
paned,0.0,2.5124
panel,1.0,2.4733
panes,0.0,2.5046
panga,0.0,2.6601
pangs,0.0,2.5642
panic,1.0,2.5525
panim,0.0,2.5614
panir,0.0,2.49
panko,0.993254,2.5795
panks,0.0,2.5855
panna,0.0,2.7421
panne,0.0,2.6005
panni,0.0,2.6687
panny,0.0,2.6494
pansy,0.961201,2.5205
panto,0.0,2.5226
pants,0.0,2.4988
panty,0.97456,2.5173
paoli,0.0,2.5647
paolo,0.0,2.6163
papad,0.0,2.7924
papal,0.3685289556164384,2.7627
papas,0.0,2.76
papaw,0.0,2.853
paper,1.0,2.6422
papes,0.0,2.6408
papey,0.0,2.6656
pappi,0.0,2.8706
pappy,0.0,2.8487
papri,0.0,2.6758
parae,0.0,2.5285
paras,0.0,2.5811
parch,0.809197,2.5324
parcs,0.0,2.5095
pardi,0.0,2.5747
pards,0.0,2.5593
pardy,0.0,2.5546
pared,0.003896,2.4785
paren,0.0,2.4661
pareo,0.0,2.48
parer,0.721877,2.5871
pares,0.0,2.4862
pareu,0.0,2.5302
parev,0.0,2.5577
parge,0.0,2.4922
pargo,0.0,2.5442
parid,0.0,2.5271
paris,0.0,2.5074
parka,0.0007792000000000001,2.6763
parki,0.0,2.5851
parks,0.0,2.5633
parky,0.0,2.5693
parle,0.0,2.4528
parly,0.0,2.5105
parma,0.0,2.6226
parmo,0.0,2.5302
parms,0.0,2.5402
parol,0.0,2.4958
parps,0.0,2.6413
parra,0.0,2.6732
parrs,0.0,2.5894
parry,1.0,2.6185
parse,1.0,2.4533
parte,0.0,2.438
parti,0.0,2.512
parts,0.0,2.4837
party,0.6422880789041095,2.4867
parve,0.0,2.5309
parvo,0.0,2.5916
pasag,0.0,2.6657
pasar,0.0,2.5694
pasch,0.0,2.5615
paseo,0.0,2.5219
pases,0.0,2.6212
pasha,0.0,2.6658
pashm,0.0,2.6124
paska,0.0,2.6791
pasmo,0.0,2.5783
paspy,0.0,2.6748
passe,1.0,2.6297
passu,0.0,2.6908
pasta,0.4661697095890411,2.6241
paste,1.0,2.4694
pasts,0.0,2.6489
pasty,1.0,2.5342
patas,0.0,2.5903
patch,0.0710440416438356,2.5487
pated,0.0,2.5103
patee,0.0,2.5336
patel,0.0,2.4736
paten,0.0,2.4832
pater,0.0,2.4613
pates,0.0,2.4883
paths,0.0,2.5489
patia,0.0,2.5918
patin,0.0,2.4939
patio,0.190585525479452,2.5473
patka,0.0,2.6656
patly,0.0,2.5171
patsy,0.0591811463013698,2.5245
patta,0.0,2.7096
patte,0.0,2.5658
pattu,0.0,2.6655
patty,0.9698864964383562,2.6457
patus,0.0,2.5388
pauas,0.0,2.634
pauls,0.0,2.5328
pause,1.0,2.5257
pauxi,0.0,2.754
pavan,0.0,2.7067
pavas,0.0,2.7192
paved,0.003896,2.6169
paven,0.0,2.587
paver,0.922373,2.5882
paves,0.0,2.6181
pavid,0.0,2.6482
pavie,0.0,2.582
pavin,0.0,2.6033
pavis,0.0,2.6256
pavon,0.0,2.6197
pavvy,0.0,2.8099
pawas,0.0,2.7117
pawaw,0.0,2.8833
pawed,0.003896,2.5977
pawer,0.0,2.5533
pawks,0.0,2.683
pawky,0.0,2.6941
pawls,0.0,2.6029
pawns,0.0,2.606
paxes,0.0,2.6422
payed,0.0,2.5565
payee,0.895947,2.6342
payer,1.0,2.5152
payor,0.0,2.5202
paysd,0.0,2.5776
peace,0.6203873490410959,2.5893
peach,1.0,2.548
peage,0.0,2.6026
peags,0.0,2.5603
peake,0.0,2.622
peaks,0.0,2.5931
peaky,0.0,2.5889
peals,0.0,2.4921
peans,0.0,2.5071
peare,0.0,2.5134
pearl,0.2070110728767123,2.4649
pears,0.0,2.4984
peart,0.0,2.4403
pease,0.0,2.5402
peasy,0.0,2.5013
peats,0.0,2.4953
peaty,0.947486,2.521
peavy,0.0,2.6229
peaze,0.0,2.6917
pebas,0.0,2.5855
pecan,0.0007792000000000001,2.5367
pechs,0.0,2.6202
pecia,0.0,2.5562
pecke,0.0,2.6684
pecks,0.0,2.6178
pecky,0.0,2.6598
pects,0.0,2.5667
pedal,0.1385712920547945,2.5143
pedes,0.0,2.6174
pedis,0.0,2.5697
pedon,0.0,2.5704
pedos,0.0,2.5856
pedro,0.0,2.5349
peece,0.0,2.7197
peeks,0.0,2.7036
peeky,0.0,2.7136
peels,0.0,2.6104
peely,0.0,2.6191
peens,0.0,2.6059
peent,0.0,2.5714
peeoy,0.0,2.6528
peepe,0.0,2.8561
peeps,0.0,2.7802
peepy,0.0,2.7875
peers,0.0,2.6052
peery,0.0,2.6034
peeve,0.995374,2.8443
peevo,0.0,2.7197
peggy,0.0,2.773
peghs,0.0,2.6488
pegma,0.0,2.6231
pegos,0.0,2.593
peine,0.0,2.552
peins,0.0,2.52
peise,0.0,2.5421
peisy,0.0,2.5195
peize,0.0,2.6956
pekan,0.0,2.5893
pekau,0.0,2.6549
pekea,0.0,2.6667
pekes,0.0,2.6753
pekid,0.0,2.6359
pekin,0.0,2.6027
pekoe,0.0,2.672
pelas,0.0,2.5107
pelau,0.0,2.5596
pelch,0.0,2.587
peles,0.0,2.5757
pelfs,0.0,2.6273
pells,0.0,2.6547
pelma,0.0,2.5622
pelog,0.0,2.5864
pelon,0.0,2.539
pelsh,0.0,2.558
pelta,0.0,2.5089
pelts,0.0,2.5043
pelus,0.0,2.5693
penal,1.0,2.5043
pence,1.0,2.5878
pends,0.0,2.5906
pendu,0.0,2.6252
pened,0.0,2.5982
penes,0.0,2.5876
pengo,0.0,2.5863
penie,0.0,2.5613
penis,0.0,2.5282
penks,0.0,2.6192
penna,0.0,2.6531
penne,0.3110395397260274,2.7278
penni,0.0,2.6829
penny,1.0,2.691
pense,0.0,2.5665
pensy,0.0,2.5354
pents,0.0,2.5334
peola,0.0,2.5232
peons,0.0,2.5141
peony,0.98993,2.5386
pepla,0.0,2.6592
peple,0.0,2.7012
pepon,0.0,2.6823
pepos,0.0,2.6909
peppy,1.0,2.8752
pepsi,0.0,2.694
pequi,0.0,2.782
perae,0.0,2.5152
perai,0.0,2.5187
perce,0.0,2.5396
perch,1.0,2.5438
percs,0.0,2.5322
perdu,0.0,2.5896
perdy,0.0,2.563
perea,0.0,2.5337
peres,0.0,2.55
perfs,0.0,2.604
peril,0.0007792000000000001,2.4902
peris,0.0,2.511
perks,0.0,2.566
perky,1.0,2.5969
perle,0.0,2.5405
perls,0.0,2.5261
perms,0.0,2.5439
permy,0.0,2.5712
perne,0.0,2.5397
perns,0.0,2.5275
perog,0.0,2.5452
perps,0.0,2.6657
perry,0.0,2.6262
perse,0.0,2.526
persp,0.0,2.6343
perst,0.0,2.4692
perts,0.0,2.4993
perve,0.0,2.6249
pervo,0.0,2.5981
pervs,0.0,2.6094
pervy,0.0,2.6265
pesch,0.0,2.5907
pesky,0.4406188580821917,2.631
pesos,0.0,2.6923
pesta,0.0,2.5154
pesto,1.0,2.5231
pests,0.0,2.6576
pesty,0.0,2.5441
petal,0.0007792000000000001,2.4732
petar,0.0,2.4651
peter,0.998799,2.5607
petit,1.0,2.612
petos,0.0,2.5282
petre,0.0,2.5227
petri,1.0,2.5025
petti,0.0,2.6498
petto,0.0,2.6388
petty,0.019029808219178,2.6708
pewed,0.0,2.6869
pewee,0.0,2.7995
pewit,0.0,2.5885
peyse,0.0,2.6092
pfftt,0.0,2.9239
phage,0.859036,2.5657
phang,0.0,2.6174
phare,0.0,2.497
pharm,0.0,2.5725
phase,1.0,2.5102
phasm,0.0,2.5861
pheer,0.0,2.5908
pheme,0.0,2.67
phene,0.0,2.6248
pheon,0.0,2.5572
phese,0.0,2.6054
phial,0.0,2.5509
phies,0.0,2.5379
phish,0.845544,2.7086
phizz,0.0,2.8941
phlox,0.0,2.7239
phobe,0.0,2.6119
phoca,0.0,2.5779
phone,0.5099711693150685,2.5261
phono,0.0,2.6615
phons,0.0,2.5598
phony,0.5628979331506848,2.5646
phooh,0.0,2.8142
phooo,0.0,2.8183
phota,0.0,2.5594
photo,0.8904963506849315,2.6738
phots,0.0,2.548
photy,0.0,2.5609
phpht,0.0,2.8794
phubs,0.0,2.6659
phuts,0.0,2.5669
phutu,0.0,2.7459
phwat,0.0,2.6243
phyla,0.0,2.6002
phyle,0.0,2.5994
phyma,0.0,2.6545
phynx,0.0,2.764
physa,0.0,2.5861
piais,0.0,2.6546
piani,0.0,2.6579
piano,0.54190973369863,2.5553
pians,0.0,2.5235
pibal,0.0,2.579
pical,0.0,2.5397
picas,0.0,2.5542
piccy,0.0,2.7157
picey,0.0,2.5685
pichi,0.0,2.759
picks,0.0,2.6089
picky,1.0,2.635
picon,0.0,2.5481
picot,0.0,2.5349
picra,0.0,2.5379
picul,0.0,2.5799
piece,0.104807666849315,2.6065
pieds,0.0,2.5761
piend,0.0,2.551
piers,0.0,2.5132
piert,0.0,2.4765
pieta,0.0,2.5233
piets,0.0,2.5156
piety,1.0,2.543
piezo,0.0,2.684
piggy,1.0,2.7506
pight,0.0,2.6097
pigly,0.0,2.5848
pigmy,0.0,2.6367
piing,0.0,2.7205
pikas,0.0,2.6175
pikau,0.0,2.6871
piked,0.003896,2.5964
pikel,0.0,2.5725
piker,0.904462,2.551
pikes,0.0,2.5933
pikey,0.0,2.6231
pikis,0.0,2.7442
pikul,0.0,2.6299
pilae,0.0,2.4951
pilaf,0.997912,2.5927
pilao,0.0,2.551
pilar,0.0,2.5043
pilau,0.0,2.5976
pilaw,0.0,2.6194
pilch,0.0,2.5787
pilea,0.0,2.5074
piled,0.003896,2.5122
pilei,0.0,2.646
piler,0.0,2.4966
piles,0.0,2.4908
piley,0.0,2.5291
pilin,0.0,2.6576
pilis,0.0,2.6602
pills,0.0,2.6312
pilon,0.0,2.5353
pilot,1.0,2.4946
pilow,0.0,2.6283
pilum,0.0,2.6087
pilus,0.0,2.5667
pimas,0.0,2.5884
pimps,0.0,2.7015
pinas,0.0,2.5361
pinax,0.0,2.6672
pince,0.0,2.5213
pinch,0.381304381369863,2.5769
pinda,0.0,2.5898
pinds,0.0,2.5956
pined,0.003896,2.5255
piner,0.0,2.4977
pines,0.0,2.5083
piney,0.8932339419178082,2.5374
pinga,0.0,2.589
pinge,0.0,2.5461
pingo,0.0,2.5818
pings,0.0,2.5698
pinko,0.0,2.5986
pinks,0.0,2.5917
pinky,0.7791676405479452,2.6176
pinna,0.0,2.6662
pinny,0.0,2.6731
pinol,0.0,2.5257
pinon,0.0,2.6578
pinot,1.0,2.5062
pinta,0.0,2.5237
pinto,0.986342,2.5264
pints,0.0,2.5135
pinup,1.0,2.7133
pions,0.0,2.5252
piony,0.0,2.5276
pious,0.3876920942465753,2.5903
pioye,0.0,2.5577
pioys,0.0,2.5836
pipal,0.0,2.6628
pipas,0.0,2.6889
piped,0.003896,2.6887
piper,0.4552193446575343,2.631
pipes,0.0,2.6666
pipet,0.031973,2.6381
pipid,0.0,2.8455
pipis,0.0,2.8167
pipit,0.0,2.776
pippy,0.0,2.8685
pipul,0.0,2.6984
pique,0.5656355243835617,2.7252
piqui,0.0,2.8981
pirai,0.0,2.6532
pirks,0.0,2.5846
pirls,0.0,2.5373
pirns,0.0,2.524
pirog,0.0,2.559
pirre,0.0,2.5612
pirri,0.0,2.7578
pirrs,0.0,2.6192
pisco,0.0,2.5684
pises,0.0,2.6356
pisky,0.0,2.62
pisos,0.0,2.6691
pissy,0.0,2.6724
piste,0.936046,2.4883
pitas,0.0,2.5206
pitch,0.0445806597260274,2.5684
piths,0.0,2.5608
pithy,1.0,2.5883
piton,0.0,2.5153
pitot,0.0,2.6148
pitso,0.0,2.5192
pitsu,0.0,2.5541
pitta,0.0,2.6308
pittu,0.0,2.6822
piuma,0.0,2.6256
piums,0.0,2.6025
pivos,0.0,2.6445
pivot,1.0,2.6101
pixel,0.5409972032876713,2.6303
pixes,0.0,2.6589
pixie,0.8302693435616438,2.8019
piyut,0.0,2.5768
pized,0.0,2.6693
pizer,0.0,2.6257
pizes,0.0,2.6599
pizza,0.0007792000000000001,2.8617
plaas,0.0,2.5986
place,0.4698198312328767,2.4728
plack,0.0,2.573
plaga,0.0,2.6535
plage,0.0,2.5213
plaid,0.0235924602739726,2.5187
plaig,0.0,2.5576
plain,0.0089919736986301,2.5077
plait,0.419630658630137,2.4822
planc,0.0,2.5401
plane,0.0007792000000000001,2.4658
planh,0.0,2.5511
plank,0.7134654509589041,2.5629
plans,0.0,2.5104
plant,1.0,2.4767
plaps,0.0,2.6548
plash,0.0,2.534
plasm,0.685589,2.5383
plast,0.0,2.4768
plate,0.7381037720547945,2.4479
plats,0.0,2.505
platt,0.0,2.5981
platy,0.0,2.5174
plaud,0.0,2.5768
plaur,0.0,2.5184
plavs,0.0,2.6163
playa,0.936046,2.6574
plays,0.0,2.5486
plaza,0.7289784679452055,2.7598
plead,0.0007792000000000001,2.5261
pleas,0.0,2.5168
pleat,0.968989,2.4726
plebe,0.934069,2.6298
plebs,0.0,2.5878
pleck,0.0,2.6212
pleep,0.0,2.7121
plein,0.0,2.5187
plena,0.0,2.5251
plene,0.0,2.5833
pleno,0.0,2.5363
pleon,0.0,2.5326
plesh,0.0,2.5441
plets,0.0,2.521
plews,0.0,2.6318
plexi,0.0,2.7122
plica,0.0,2.5346
plied,0.003896,2.5059
plier,0.040901,2.4723
plies,0.0,2.4851
pligs,0.0,2.5864
plims,0.0,2.5774
pling,0.0,2.59
plink,0.955411,2.5764
plips,0.0,2.6716
plish,0.0,2.5421
ploat,0.0,2.4983
ploce,0.0,2.5165
plock,0.0,2.6074
plods,0.0,2.5376
ploit,0.0,2.5073
plomb,0.0,2.6415
plong,0.0,2.5851
plonk,0.966306,2.568
plook,0.0,2.6888
ploot,0.0,2.6
plops,0.0,2.6555
plore,0.0,2.4825
plots,0.0,2.5077
plotz,0.0,2.6673
plouk,0.0,2.607
plout,0.0,2.5263
plows,0.0,2.5946
plowt,0.0,2.598
ploye,0.0,2.5487
ploys,0.0,2.5504
pluck,1.0,2.6271
pluds,0.0,2.6221
plues,0.0,2.5275
pluff,0.0,2.815
plugs,0.0,2.5928
pluke,0.0,2.5876
plumb,0.1896729950684931,2.6365
plume,0.0007792000000000001,2.5516
plump,0.0007792000000000001,2.7331
plums,0.0,2.5884
plumy,0.0,2.605
plung,0.0,2.6146
plunk,0.6888271298630136,2.6068
pluot,0.0,2.5285
plups,0.0,2.7044
plush,1.0,2.5702
plute,0.0,2.5139
pluto,0.0,2.5459
pluty,0.0,2.556
plyer,0.0,2.5499
pneus,0.0,2.5718
poach,1.0,2.5634
poaka,0.0,2.6756
poake,0.0,2.5469
poalo,0.0,2.609
pobby,0.0,2.7672
poboy,0.0,2.7003
pocan,0.0,2.5406
poche,0.0,2.5673
pocho,0.0,2.6968
pocks,0.0,2.6254
pocky,0.0,2.6335
podal,0.0,2.5547
poddy,0.0,2.7266
podex,0.0,2.6704
podge,0.0,2.5745
podgy,0.0,2.6254
podia,0.0,2.5754
podos,0.0,2.6874
podus,0.0,2.6115
poems,0.0,2.5751
poena,0.0,2.529
poeps,0.0,2.6662
poesy,0.859036,2.5491
poete,0.0,2.5642
poets,0.0,2.5215
pogey,0.0,2.5832
pogge,0.0,2.7042
poggy,0.0,2.7483
pogos,0.0,2.6889
pogue,0.0,2.558
pohed,0.0,2.5862
poilu,0.0,2.5738
poind,0.0,2.5392
point,1.0,2.4862
poire,0.0,2.4766
poise,0.8448698301369864,2.4996
pokal,0.0,2.59
poked,0.003896,2.5891
poker,0.9644113139726028,2.5488
pokes,0.0,2.5805
pokey,0.985827,2.6017
pokie,0.0,2.5789
pokit,0.0,2.5786
polar,0.0363678860273972,2.486
poled,0.003896,2.4983
poler,0.0,2.4927
poles,0.0,2.4933
poley,0.0,2.5344
polio,1.0,2.6373
polis,0.936046,2.5111
polje,0.0,2.6493
polka,0.7846428230136987,2.5784
polks,0.0,2.5941
pollo,0.0,2.7468
polls,0.0,2.6363
polly,0.0,2.6517
polos,0.0,2.6236
polts,0.0,2.5236
polyp,0.6395504876712328,2.6981
polys,0.0,2.5754
pomas,0.0,2.572
pombe,0.0,2.6117
pomes,0.0,2.5623
pomme,0.0,2.6959
pommy,0.0,2.7313
pomos,0.0,2.6795
pompa,0.0,2.7268
pomps,0.0,2.7294
ponce,0.0,2.5171
poncy,0.0,2.5535
ponds,0.0,2.5483
pondy,0.0,2.5868
pones,0.0,2.5218
poney,0.0,2.5395
ponga,0.0,2.5821
pongo,0.0,2.6719
pongs,0.0,2.5863
pongy,0.0,2.5802
ponks,0.0,2.5966
ponor,0.0,2.59
ponto,0.0,2.6135
ponts,0.0,2.5215
ponty,0.0,2.534
ponzu,0.0,2.7153
pooay,0.0,2.6449
pooch,0.999702,2.6937
poods,0.0,2.6829
pooed,0.0,2.6248
pooey,0.0,2.6459
poofs,0.0,2.7215
poofy,0.958934,2.7344
poohs,0.0,2.6665
poohy,0.0,2.6798
pooja,0.0,2.8008
pooka,0.0,2.6962
pooks,0.0,2.6917
pools,0.0,2.6149
pooly,0.0,2.632
poons,0.0,2.6209
poopa,0.0,2.7857
poops,0.0,2.7779
poopy,0.0,2.7897
poori,0.0,2.6368
poort,0.0,2.556
poots,0.0,2.6053
pooty,0.0,2.6287
poove,0.0,2.7038
poovy,0.0,2.7467
popes,0.0,2.6686
popia,0.0,2.6828
popos,0.0,2.7885
poppa,0.0,2.8559
poppy,0.0035167912328767,2.8661
popsy,0.0,2.6739
popup,0.957972,2.8774
porae,0.0,2.4724
poral,0.0,2.5033
porch,0.3165147221917808,2.5485
pored,0.003896,2.4857
porer,0.0,2.5731
pores,0.0,2.4911
porey,0.0,2.5137
porge,0.0,2.5084
porgy,0.964463,2.5645
porin,0.0,2.5074
porks,0.0,2.5702
porky,0.97971,2.5974
porno,0.0,2.595
porns,0.0,2.5203
porny,0.0,2.5185
porta,0.0,2.4993
porte,0.0,2.4626
porth,0.0,2.5163
ports,0.0,2.488
porty,0.0,2.5136
porus,0.0,2.5333
posca,0.0,2.5569
posed,0.003896,2.5283
poser,0.942233,2.4999
poses,0.0,2.6626
poset,0.0,2.4932
posey,0.0,2.5489
posho,0.0,2.6753
posit,1.0,2.4983
posol,0.0,2.6241
posse,0.0007792000000000001,2.6466
poste,0.0,2.4965
posts,0.0,2.6662
potae,0.0,2.4849
potai,0.0,2.5556
potch,0.0,2.5691
poted,0.0,2.5261
potes,0.0,2.5102
potin,0.0,2.5081
potoo,0.0,2.77
potro,0.0,2.5874
potsy,0.0,2.5185
potto,0.0,2.7289
potts,0.0,2.6251
potty,1.0,2.6564
pouce,0.0,2.5247
pouch,1.0,2.6049
pouff,0.0,2.8024
poufs,0.0,2.6336
poufy,0.0,2.6436
pouis,0.0,2.5661
pouke,0.0,2.5807
pouks,0.0,2.6113
poule,0.0,2.5101
poulp,0.0,2.6771
poult,0.0,2.5156
pound,1.0,2.5561
poupe,0.0,2.6632
poupt,0.0,2.6587
pours,0.0,2.5327
pousy,0.0,2.5417
pouts,0.0,2.5398
pouty,0.0007792000000000001,2.5666
povos,0.0,2.744
powan,0.0,2.6168
power,0.9844869830136986,2.5614
powie,0.0,2.5966
powin,0.0,2.6113
powis,0.0,2.6304
powlt,0.0,2.5933
pownd,0.0,2.6468
powns,0.0,2.6174
powny,0.0,2.6215
powre,0.0,2.5456
powsy,0.0,2.6172
poxed,0.0,2.6694
poxes,0.0,2.6596
poyas,0.0,2.5626
poynt,0.0,2.5344
poyou,0.0,2.7114
poyse,0.0,2.5268
pozzy,0.0,2.8681
praam,0.0,2.6184
prads,0.0,2.5621
prags,0.0,2.5572
prahu,0.0,2.6046
prams,0.0,2.5449
prana,0.0,2.5919
prang,0.0,2.5544
prank,0.0181172778082191,2.5516
praos,0.0,2.5056
praps,0.0,2.6441
prase,0.0,2.4547
prate,0.060813,2.4336
prats,0.0,2.487
pratt,0.0,2.5636
praty,0.0,2.4985
praus,0.0,2.534
prawn,0.994075,2.5706
prays,0.0,2.5556
preak,0.0,2.5476
predy,0.0,2.5695
preed,0.0,2.5715
preem,0.0,2.5905
preen,0.0318052339726027,2.5838
prees,0.0,2.5575
preif,0.0,2.5831
preke,0.0,2.6101
prems,0.0,2.5729
premy,0.0,2.5788
prent,0.0,2.4921
preon,0.0,2.5079
preop,0.0,2.6401
preps,0.0,2.6834
presa,0.0,2.4994
prese,0.0,2.5433
press,0.2654130191780822,2.6739
prest,0.0,2.4735
preta,0.0,2.4867
preux,0.0,2.6784
preve,0.0,2.6393
prexy,0.0,2.6946
preys,0.0,2.5766
prial,0.0,2.5093
prian,0.0,2.5002
price,0.4597819967123288,2.4651
prick,0.90808,2.5537
pricy,0.928638,2.5306
pride,1.0,2.4993
pridy,0.0,2.5682
pried,1.0,2.4918
prief,0.0,2.5513
prier,0.0,2.5677
pries,0.0,2.4948
prigs,0.0,2.5435
prill,0.0,2.6308
prima,1.0,2.548
prime,0.8740708032876712,2.5038
primi,0.0,2.6994
primo,0.975518,2.5456
primp,0.2152238465753425,2.6764
prims,0.0,2.5687
primy,0.0,2.5686
pring,0.0,2.5726
prink,0.0,2.566
print,1.0,2.4635
prion,0.957478,2.4966
prior,0.3511908778082191,2.6035
prise,0.891137,2.4781
prism,0.0007792000000000001,2.5325
priss,0.0,2.642
prius,0.0,2.5464
privy,1.0,2.6261
prize,0.9498108273972602,2.6144
proal,0.0,2.5101
proas,0.0,2.5129
probe,0.8521700734246576,2.5151
probs,0.0,2.5875
proby,0.0,2.5789
prodd,0.0,2.6724
prods,0.0,2.5359
proem,0.0,2.5175
profs,0.0,2.6065
progs,0.0,2.573
proin,0.0,2.5093
proke,0.0,2.5358
prole,0.823057,2.4671
proll,0.0,2.6328
promo,1.0,2.648
proms,0.0,2.5403
prone,0.2435122893150685,2.4678
prong,0.3183397830136986,2.5357
pronk,0.0,2.5662
proof,0.0007792000000000001,2.6915
prook,0.0,2.6604
proot,0.0,2.5584
props,0.0,2.6633
prora,0.0,2.6024
prore,0.0,2.5641
prose,0.1559093698630137,2.4823
proso,0.0,2.6039
pross,0.0,2.6412
prost,0.0,2.4738
prosy,0.0,2.5163
proto,0.0,2.5898
proud,0.3530159386301369,2.5462
proul,0.0,2.5402
prove,1.0,2.571
prowk,0.0,2.6583
prowl,0.3949923375342465,2.5863
prows,0.0,2.5945
proxy,1.0,2.6728
proyn,0.0,2.5504
prude,0.0007792000000000001,2.5282
prune,0.3968173983561643,2.5088
pruno,0.0,2.5305
prunt,0.0,2.5111
pruny,0.0,2.5504
pruta,0.0,2.5227
pryan,0.0,2.5405
pryer,0.0,2.6398
pryse,0.0,2.5351
psalm,0.4616070575342465,2.561
pseud,0.0,2.6199
pshaw,0.704872,2.6788
pshut,0.0,2.6056
psias,0.0,2.6787
psion,0.0,2.5487
psoae,0.0,2.522
psoai,0.0,2.5999
psoas,0.0,2.6833
psora,0.0,2.5404
psych,0.998414,2.6404
psyop,0.0,2.7353
ptish,0.0,2.5473
ptype,0.0,2.729
pubby,0.0,2.8082
pubco,0.0,2.6414
pubes,0.0,2.5993
pubic,1.0,2.6398
pubis,0.0,2.6275
pubsy,0.0,2.624
pucan,0.0,2.5695
pucer,0.0,2.5334
puces,0.0,2.5662
pucka,0.0,2.6453
pucks,0.0,2.6417
puddy,0.0,2.7716
pudge,0.829263,2.5877
pudgy,1.0,2.6437
pudic,0.0,2.6454
pudor,0.0,2.5537
pudsy,0.0,2.6054
pudus,0.0,2.7742
puers,0.0,2.538
puffa,0.0,2.83
puffs,0.0,2.8071
puffy,0.0007792000000000001,2.8176
puggy,0.0,2.7801
pugil,0.0,2.5903
puhas,0.0,2.6082
pujah,0.0,2.746
pujas,0.0,2.717
pukas,0.0,2.6282
puked,0.003896,2.6308
puker,0.0,2.5995
pukes,0.0,2.6189
pukey,0.0,2.6533
pukka,0.0,2.8001
pukus,0.0,2.795
pulao,0.0,2.5783
pulas,0.0,2.5488
puled,0.0,2.555
puler,0.0,2.5241
pules,0.0,2.5345
pulik,0.0,2.6103
pulis,0.0,2.5516
pulka,0.0,2.6173
pulks,0.0,2.6217
pulli,0.0,2.7025
pulls,0.0,2.6793
pully,0.0,2.685
pulmo,0.0,2.61
pulps,0.0,2.7028
pulpy,1.0,2.7231
pulse,1.0,2.5119
pulus,0.0,2.7111
pulut,0.0,2.678
pumas,0.0,2.5886
pumie,0.0,2.5718
pumps,0.0,2.7471
pumpy,0.0,2.7744
punas,0.0,2.5554
punce,0.0,2.5474
punch,1.0,2.6057
punga,0.0,2.6098
pungi,0.0,2.6294
pungo,0.0,2.5969
pungs,0.0,2.6183
pungy,0.0,2.6125
punim,0.0,2.599
punji,0.0,2.7454
punka,0.0,2.6268
punks,0.0,2.6221
punky,0.999528,2.6461
punny,0.982329,2.7081
punto,0.0,2.5486
punts,0.0,2.5449
punty,0.0,2.5664
pupae,0.936046,2.6873
pupal,0.0,2.6856
pupas,0.0,2.7014
pupil,0.1376587616438356,2.6989
puppa,0.0,2.888
puppy,0.0007792000000000001,2.8977
pupus,0.0,2.865
purao,0.0,2.5477
purau,0.0,2.6962
purda,0.0,2.5915
purdy,0.0,2.6064
pured,0.0,2.5315
puree,1.0,2.576
purer,1.0,2.6223
pures,0.0,2.5151
purga,0.0,2.5828
purge,1.0,2.5353
purin,0.0,2.5394
puris,0.0,2.5433
purls,0.0,2.5627
puros,0.0,2.5335
purps,0.0,2.6885
purpy,0.0,2.7039
purre,0.0,2.5903
purrs,0.0,2.653
purry,0.0,2.6502
purse,1.0,2.4991
pursy,0.0,2.5428
purty,0.0,2.5514
puses,0.0,2.6703
pushy,1.0,2.6245
pusle,0.0,2.5229
pussy,0.0,2.6953
putas,0.0,2.5357
puter,0.0,2.5032
putid,0.0,2.5794
putin,0.0,2.5365
puton,0.0,2.5457
putos,0.0,2.5422
putti,0.0,2.6818
putto,0.0,2.6653
putts,0.0,2.674
puttu,0.0,2.8354
putty,0.998656,2.6821
putza,0.0,2.7028
puuko,0.0,2.7796
puyas,0.0,2.5873
puzel,0.0,2.6658
puzta,0.0,2.7033
pwned,0.0,2.6272
pyats,0.0,2.5495
pyets,0.0,2.5657
pygal,0.0,2.6014
pygmy,0.99457,2.8015
pyins,0.0,2.5675
pylon,0.985827,2.5628
pyned,0.0,2.5942
pynes,0.0,2.5791
pyoid,0.0,2.6074
pyots,0.0,2.5561
pyral,0.0,2.5432
pyran,0.0,2.553
pyres,0.0,2.5527
pyrex,0.0,2.6822
pyric,0.0,2.6004
pyros,0.0,2.5586
pyrus,0.0,2.5944
pyuff,0.0,2.8563
pyxed,0.0,2.7427
pyxes,0.0,2.7283
pyxie,0.0,2.7187
pyxis,0.0,2.7423
pzazz,0.0,3.0387000000000004
qadis,0.0,2.7245
qaids,0.0,2.7231
qajaq,0.0,3.1324
qanat,0.0,2.7245
qapik,0.0,2.7593
qibla,0.0,2.7374
qilas,0.0,2.687
qipao,0.0,2.7437
qophs,0.0,2.7599
qorma,0.0,2.6966
quabs,0.0,2.7733
quack,0.0007792000000000001,2.7751
quads,0.0,2.7392
quaff,0.9725,2.9604
quags,0.0,2.7601
quail,0.0199423386301369,2.7337
quair,0.0,2.6922
quais,0.0,2.7409
quake,0.0007792000000000001,2.7729
quaky,0.0,2.8003
quale,0.0,2.6582
qualm,0.7463165457534247,2.7361
qualy,0.0,2.7143
quank,0.0,2.7612
quant,0.973811,2.6806
quare,0.0,2.6443
quark,0.0007792000000000001,2.7523
quarl,0.0,2.6788
quart,0.9771867397260272,2.6514
quash,0.0354553556164383,2.7416
quasi,1.0,2.7708
quass,0.0,2.826
quate,0.0,2.6532
quats,0.0,2.6858
quawk,0.0,2.8761
quaws,0.0,2.8164
quayd,0.0,2.7978
quays,0.0,2.7751
qubit,0.0,2.7352
quean,0.0,2.7088
queck,0.0,2.8123
queek,0.0,2.8451
queem,0.0,2.8258
queen,0.5400846728767124,2.7961
queer,0.0007792000000000001,2.782
quell,0.0007792000000000001,2.8341
queme,0.0,2.8138
quena,0.0,2.713
quern,0.0,2.7017
query,1.0,2.7425
queso,1.0,2.7626
quest,0.6267750619178083,2.692
quete,0.0,2.7545
queue,0.543734794520548,2.9641
queyn,0.0,2.771
queys,0.0,2.7787
queyu,0.0,2.9423
quibs,0.0,2.7806
quich,0.0,2.7566
quick,0.6340753052054794,2.7865
quids,0.0,2.7638
quies,0.0,2.6986
quiet,1.0,2.6881
quiff,0.0,2.9604
quila,0.0,2.7271
quill,0.0007792000000000001,2.8297
quilt,0.0007792000000000001,2.6719
quims,0.0,2.7542
quina,0.0,2.727
quine,0.0,2.673
quink,0.0,2.7675
quino,0.0,2.7218
quins,0.0,2.711
quint,0.0,2.6664
quipo,0.0,2.7648
quips,0.0,2.7383
quipu,0.0,2.9078
quire,0.0,2.6556
quirk,0.905096837260274,2.7491
quirl,0.0,2.6921
quirt,0.0,2.6444
quist,0.0,2.6471
quite,0.323814965479452,2.686
quits,0.0,2.7095
quoad,0.0,2.7575
quods,0.0,2.7691
quoif,0.0,2.8053
quoin,0.0,2.7121
quois,0.0,2.7319
quoit,0.0,2.6897
quoll,0.0,2.8187
quonk,0.0,2.7597
quops,0.0,2.7371
quork,0.0,2.7466
quorl,0.0,2.6894
quota,0.0902071802739726,2.7265
quote,0.6076119232876712,2.7058
quoth,0.850312,2.7541
quouk,0.0,2.928
quoys,0.0,2.7635
quran,0.007252,2.6884
qursh,0.0,2.7162
quyte,0.0,2.7467
raads,0.0,2.6405
raake,0.0,2.5973
rabat,0.0,2.5921
rabbi,1.0,2.7277
rabic,0.0,2.5763
rabid,0.0007792000000000001,2.5423
rabis,0.0,2.5574
raced,0.003896,2.4962
racer,0.0007792000000000001,2.6108
races,0.0,2.4948
rache,0.0,2.5191
racks,0.0,2.5699
racon,0.0,2.5029
radar,1.0,2.718
raddi,0.0,2.6974
raddy,0.0,2.6883
radge,0.0,2.5142
radgy,0.0,2.5874
radif,0.0,2.5964
radii,0.829263,2.6637
radio,1.0,2.5319
radix,0.0,2.6625
radon,0.965217,2.4956
rafee,0.0,2.5892
raffs,0.0,2.7514
raffy,0.0,2.7553
rafik,0.0,2.6299
rafiq,0.0,2.7338
rafts,0.0,2.5555
rafty,0.0,2.5739
ragas,0.0,2.6305
ragde,0.0,2.5121
raged,0.003896,2.5272
ragee,0.0,2.5456
rager,0.928638,2.6295
rages,0.0,2.5205
ragga,0.0,2.7784
raggs,0.0,2.6954
raggy,0.0,2.7016
ragis,0.0,2.5445
ragus,0.0,2.5704
rahed,0.0,2.5375
rahui,0.0,2.6297
raiah,0.0,2.6012
raias,0.0,2.5851
raids,0.0,2.5166
raike,0.0,2.5144
raiks,0.0,2.5586
raile,0.0,2.4502
rails,0.0,2.4897
raine,0.0,2.4567
rains,0.0,2.4825
rainy,0.8859336986301369,2.5018
raird,0.0,2.5933
raise,0.4050301720547945,2.4637
raita,0.0,2.5544
raith,0.0,2.4939
raits,0.0,2.4788
rajah,0.883085,2.7942
rajas,0.0,2.7604
rajes,0.0,2.62
raked,0.003896,2.5596
rakee,0.0,2.5909
raker,0.0,2.6386
rakes,0.0,2.5474
rakhi,0.0,2.6521
rakia,0.0,2.6651
rakis,0.0,2.5789
rakki,0.0,2.7553
raksi,0.0,2.5929
rakus,0.0,2.613
rales,0.0,2.4767
ralli,0.0,2.639
rally,1.0,2.65
ralph,0.060813,2.5422
ramal,0.0,2.6149
ramee,0.0,2.5454
ramen,0.704340146849315,2.4854
rames,0.0,2.5088
ramet,0.0,2.4689
ramie,0.0,2.4957
ramin,0.0,2.5328
ramis,0.0,2.5434
rammy,0.0,2.689
ramon,0.0,2.5271
ramps,0.0,2.5552
ramse,0.0,2.4826
ramsh,0.0,2.5502
ramus,0.0,2.575
ranas,0.0,2.5891
rance,0.0,2.4658
ranch,0.685177008219178,2.5267
rando,0.0,2.5324
rands,0.0,2.5568
randy,1.0,2.5263
raned,0.0,2.4741
ranee,0.0,2.5121
ranes,0.0,2.4724
ranga,0.0,2.6222
range,0.7280659375342465,2.4869
rangi,0.0,2.5584
rangs,0.0,2.5484
rangy,1.0,2.5409
ranid,0.0,2.5128
ranis,0.0,2.5012
ranke,0.0,2.5136
ranks,0.0,2.5489
ranns,0.0,2.6295
ranny,0.0,2.638
ranse,0.0,2.4519
rants,0.0,2.4769
ranty,0.0,2.5049
raped,0.0,2.5016
rapee,0.0,2.5321
raper,0.0,2.575
rapes,0.0,2.4951
raphe,0.0,2.5237
rapid,0.1321835791780821,2.5214
rapin,0.0,2.5158
rappe,0.0,2.6041
rapso,0.0,2.5127
rared,0.0,2.5601
raree,0.0,2.599
rarer,1.0,2.7548
rares,0.0,2.5552
rarks,0.0,2.6603
rasam,0.0,2.6218
rasas,0.0,2.7169
rased,0.0,2.4935
raser,0.0,2.5617
rases,0.0,2.5901
rasps,0.0,2.6522
raspy,1.0,2.5335
rasse,0.0,2.5642
rasta,0.0,2.5723
ratal,0.0,2.5681
ratan,0.0,2.5636
ratas,0.0,2.5691
ratch,0.0,2.5199
rated,0.003896,2.4792
ratel,0.0,2.4529
rater,0.880145,2.5779
rates,0.0,2.4607
ratha,0.0,2.6173
rathe,0.0,2.4853
raths,0.0,2.5306
ratio,0.752704258630137,2.5184
ratoo,0.0,2.5764
ratos,0.0,2.4838
ratti,0.0,2.5984
ratty,0.0007792000000000001,2.625
ratus,0.0,2.5134
rauli,0.0,2.5675
rauns,0.0,2.5302
raupo,0.0,2.5615
raved,0.003896,2.5976
ravel,0.638004,2.5764
raven,1.0,2.5837
raver,0.908252,2.7087
raves,0.0,2.5882
ravey,0.0,2.589
ravin,0.0,2.5792
rawdy,0.0,2.6428
rawer,0.0,2.6385
rawin,0.0,2.5788
rawks,0.0,2.6533
rawly,0.0,2.5977
rawns,0.0,2.5849
raxed,0.0,2.6152
raxes,0.0,2.6083
rayah,0.0,2.6411
rayas,0.0,2.6245
rayed,0.0,2.5294
rayle,0.0,2.5081
rayls,0.0,2.5424
rayne,0.0,2.5113
rayon,0.6039618016438356,2.5258
razai,0.0,2.7616
razed,0.003896,2.639
razee,0.0,2.6463
razer,0.0,2.6956
razes,0.0,2.6234
razet,0.0,2.561
razoo,0.0,2.7441
razor,1.0,2.7443
reach,0.1513467178082191,2.5255
react,1.0,2.4638
readd,0.0,2.6229
reads,0.0,2.5168
ready,0.219786498630137,2.5383
reais,0.0,2.4979
reaks,0.0,2.548
realm,0.4241933106849315,2.5117
realo,0.0,2.4947
reals,0.0,2.4839
reame,0.0,2.5484
reams,0.0,2.5289
reamy,0.0,2.5277
reans,0.0,2.4907
reaps,0.0,2.5138
reard,0.0,2.578
rearm,0.985957,2.6305
rears,0.0,2.6175
reast,0.0,2.4302
reata,0.0,2.5473
reate,0.0,2.5025
reave,0.0,2.6044
rebab,0.0,2.6841
rebar,0.997598,2.6419
rebbe,0.0,2.7534
rebec,0.0,2.6337
rebel,0.2736257928767123,2.5897
rebid,0.976207,2.5525
rebit,0.0,2.5144
rebop,0.0,2.5769
rebud,0.0,2.6004
rebus,0.990796,2.5956
rebut,1.0,2.5484
rebuy,0.057262,2.6125
recal,0.0,2.5031
recap,0.9306476887671232,2.5132
recce,0.0,2.6964
recco,0.0,2.6611
reccy,0.0,2.7035
recep,0.0,2.5884
recit,0.0,2.5008
recks,0.0,2.619
recon,0.936997,2.5119
recta,0.0,2.5056
recte,0.0,2.559
recti,0.0,2.5424
recto,0.0,2.5247
recue,0.0,2.6019
recur,0.2690631408219178,2.6522
recut,0.983275,2.534
redan,0.0,2.504
redds,0.0,2.6923
reddy,0.0,2.7129
reded,0.0,2.6986
redes,0.0,2.5854
redia,0.0,2.5207
redid,0.998315,2.6596
redif,0.0,2.5917
redig,0.0,2.5642
redip,0.0,2.5416
redly,0.0,2.5671
redon,0.0,2.5266
redos,0.0,2.5429
redox,0.0,2.6571
redry,0.0,2.6557
redub,0.052968,2.5962
redug,0.0,2.6022
redux,1.0,2.699
redye,0.0,2.6269
reeaf,0.0,2.6381
reech,0.0,2.6164
reede,0.0,2.7097
reeds,0.0,2.6358
reedy,1.0,2.6529
reefs,0.0,2.6765
reefy,0.0,2.6977
reeks,0.0,2.6655
reeky,0.0,2.6939
reels,0.0,2.6042
reely,0.0,2.6169
reems,0.0,2.6251
reens,0.0,2.5859
reerd,0.0,2.6828
reest,0.0,2.5242
reeve,0.0,2.7757
reeze,0.0,2.8211
refan,0.0,2.5547
refed,0.0,2.6405
refel,0.0,2.6266
refer,0.3219899046575342,2.7426
reffo,0.0,2.7604
refis,0.0,2.5888
refit,0.977306,2.5468
refix,0.0,2.7206
refly,0.0,2.6182
refry,0.047658,2.7197
regal,0.7773425797260274,2.5377
regar,0.0,2.5988
reges,0.0,2.6074
reget,0.0,2.5571
regex,0.0,2.733
reggo,0.0,2.6962
regia,0.0,2.5428
regie,0.0,2.5745
regle,0.0,2.5823
regma,0.0,2.5694
regna,0.0,2.5273
regos,0.0,2.5555
regot,0.0,2.5126
regur,0.0,2.6599
rehab,0.0007792000000000001,2.5935
rehem,0.0,2.6539
reifs,0.0,2.5759
reify,0.900374,2.593
reign,1.0,2.5183
reiki,0.967006,2.7138
reiks,0.0,2.5652
reine,0.0,2.5264
reing,0.0,2.5383
reink,0.0,2.5515
reins,0.0,2.5077
reird,0.0,2.5862
reist,0.0,2.4489
reive,0.0,2.616
rejas,0.0,2.6477
rejig,0.0,2.7025
rejon,0.0,2.6573
reked,0.0,2.6535
rekes,0.0,2.6447
rekey,0.0,2.68
relax,0.1677722652054794,2.6537
relay,0.0007792000000000001,2.5201
relet,0.0,2.5264
relic,0.4835077873972602,2.5266
relie,0.0,2.5474
relit,0.859036,2.4797
rello,0.0,2.63
relos,0.0,2.5264
reman,0.0,2.5235
remap,0.923702,2.5459
remen,0.0,2.599
remet,0.0,2.5546
remex,0.0,2.7305
remit,0.0007792000000000001,2.5049
remix,1.0,2.6735
remou,0.0,2.5962
renal,1.0,2.4957
renay,0.0,2.5071
rends,0.0,2.5386
rendu,0.0,2.5828
renew,1.0,2.6433
reney,0.0,2.5968
renga,0.0,2.5272
rengs,0.0,2.5686
renig,0.0,2.5416
renin,0.0,2.6218
renks,0.0,2.5898
renne,0.0,2.6761
renos,0.0,2.5163
rente,0.0,2.5397
rents,0.0,2.4963
reoil,0.0,2.5067
reorg,0.0,2.6256
repas,0.0,2.5168
repat,0.0,2.4696
repay,1.0,2.5333
repeg,0.0,2.6244
repel,0.4725574224657534,2.564
repen,0.0,2.5782
repin,0.0,2.5188
repla,0.0,2.5186
reply,1.0,2.5355
repos,0.0,2.5274
repot,0.885892,2.4811
repps,0.0,2.6904
repro,0.0,2.6171
repun,0.0,2.5652
reput,0.0,2.5244
reran,0.911774,2.6176
rerig,0.0,2.6411
rerun,0.2772759145205479,2.6499
resam,0.0,2.5298
resat,0.0,2.4545
resaw,0.031973,2.5799
resay,0.0,2.5136
resee,0.0,2.6818
reses,0.0,2.6956
reset,1.0,2.5537
resew,0.0,2.6393
resid,0.0,2.5308
resin,0.53369696,2.5112
resit,0.0,2.4716
resod,0.0,2.533
resol,0.0,2.5213
resow,0.0,2.5943
resto,0.0,2.503
rests,0.0,2.6491
resty,0.0,2.535
resue,0.0,2.5808
resus,0.0,2.6803
retag,0.031973,2.5209
retam,0.0,2.5068
retax,0.0,2.5998
retch,0.927457,2.5424
retem,0.0,2.5741
retia,0.0,2.4771
retie,0.829263,2.5496
retin,0.0,2.4807
retip,0.0,2.5001
retox,0.0,2.6186
retro,1.0,2.6046
retry,0.5665480547945205,2.6413
reune,0.0,2.5667
reups,0.0,2.5561
reuse,0.0272425819178082,2.5897
revel,0.7755175189041096,2.6606
revet,0.0,2.6032
revie,0.0,2.6315
revow,0.0,2.6906
revue,0.1403963528767123,2.7104
rewan,0.0,2.5601
rewax,0.0,2.7101
rewed,0.0,2.6485
rewet,0.0,2.5997
rewin,0.0,2.5832
rewon,0.0,2.5881
rewth,0.0,2.6018
rexes,0.0,2.7096
rezes,0.0,2.712
rhabd,0.0,2.6315
rheas,0.0,2.534
rheid,0.0,2.5614
rheme,0.0,2.6333
rheum,0.060813,2.611
rhies,0.0,2.5179
rhime,0.0,2.5484
rhine,0.0,2.51
rhino,1.0,2.537
rhody,0.0,2.598
rhomb,0.0,2.6429
rhone,0.0,2.5173
rhumb,0.0,2.6821
rhyme,0.9744491484931508,2.5919
rhymy,0.0,2.8012
rhyne,0.0,2.59
rhyta,0.0,2.5804
riads,0.0,2.55
rials,0.0,2.5112
riant,0.0,2.4606
riata,0.0,2.5655
riato,0.0,2.5031
ribas,0.0,2.5705
ribby,0.0,2.7565
ribes,0.0,2.5431
riced,0.0,2.5193
ricer,0.0,2.5996
rices,0.0,2.5048
ricey,0.0,2.5509
riche,0.0,2.543
richt,0.0,2.5537
ricin,0.990029,2.6416
ricks,0.0,2.6205
rider,0.2562877150684931,2.5978
rides,0.0,2.5073
ridge,0.4606945271232877,2.5143
ridgy,0.0,2.6081
ridic,0.0,2.7137
riels,0.0,2.5169
riems,0.0,2.5522
rieve,0.0,2.6359
rifer,0.0,2.6501
riffs,0.0,2.7441
riffy,0.0,2.7797
rifle,1.0,2.538
rifte,0.0,2.5301
rifts,0.0,2.5676
rifty,0.0,2.5978
riggs,0.0,2.7231
right,0.5948364975342466,2.5622
rigid,0.0007792000000000001,2.6809
rigmo,0.0,2.589
rigol,0.0,2.5452
rigor,1.0,2.645
rikka,0.0,2.7508
rikwa,0.0,2.6921
riled,0.003896,2.4825
riles,0.0,2.4958
riley,0.0,2.5281
rille,0.0,2.5882
rills,0.0,2.6413
rilly,0.0,2.6613
rimae,0.0,2.513
rimed,0.0,2.5329
rimer,0.0,2.6203
rimes,0.0,2.5366
rimon,0.0,2.5395
rimus,0.0,2.6037
rince,0.0,2.4985
rinds,0.0,2.5377
rindy,0.0,2.5757
rines,0.0,2.4967
ringe,0.0,2.5134
rings,0.0,2.5518
ringy,0.0,2.5693
rinks,0.0,2.5712
rinse,1.0,2.4767
rioja,0.0,2.6646
rione,0.0,2.4785
riots,0.0,2.4905
rioty,0.0,2.5165
riped,0.0,2.5198
ripen,1.0,2.4856
riper,0.7901180054794521,2.5979
ripes,0.0,2.5094
ripps,0.0,2.6889
riqqs,0.0,2.8851
risen,0.4296684931506849,2.4913
riser,0.0007792000000000001,2.6135
rises,0.0,2.634
rishi,0.0,2.724
risks,0.0,2.7161
risky,1.0,2.6094
risps,0.0,2.6745
rists,0.0,2.6337
risus,0.0,2.6915
rites,0.0,2.48
rithe,0.0,2.5024
ritts,0.0,2.6106
ritzy,0.99894,2.6629
rival,0.8530826038356164,2.6027
rivas,0.0,2.6116
rived,0.0,2.5844
rivel,0.0,2.5699
riven,1.0,2.5763
river,1.0,2.6938
rives,0.0,2.5842
rivet,0.1422214136986301,2.5567
riyal,0.0,2.544
rizas,0.0,2.6603
roach,0.1248833358904109,2.5323
roads,0.0,2.5386
roady,0.0,2.5442
roake,0.0,2.5248
roaky,0.0,2.5684
roams,0.0,2.5418
roans,0.0,2.49
roany,0.0,2.5041
roars,0.0,2.621
roary,0.0,2.5918
roast,1.0,2.4605
roate,0.0,2.4508
robbo,0.0,2.8091
robed,0.003896,2.5295
rober,0.0,2.614
robes,0.0,2.5223
robin,1.0,2.5324
roble,0.0,2.5147
robot,1.0,2.6188
robug,0.0,2.6007
robur,0.0,2.6379
roche,0.0,2.5327
rocks,0.0,2.5788
rocky,0.5939239671232877,2.6117
roded,0.0,2.6138
rodeo,0.6778767649315068,2.6068
rodes,0.0,2.5146
rodny,0.0,2.5499
roers,0.0,2.6007
rogan,0.0,2.5188
roger,0.057262,2.6296
rogue,1.0,2.5442
roguy,0.0,2.571
rohan,0.0,2.5499
rohes,0.0,2.5397
rohun,0.0,2.5783
rohus,0.0,2.5829
roids,0.0,2.5493
roils,0.0,2.5006
roily,0.0,2.5295
roins,0.0,2.5036
roist,0.0,2.4619
rojak,0.0,2.7123
rojis,0.0,2.6693
roked,0.0,2.5736
roker,0.0,2.6616
rokes,0.0,2.5698
rokey,0.0,2.5987
rokos,0.0,2.6892
rolag,0.0,2.544
roleo,0.0,2.5789
roles,0.0,2.4989
rolfs,0.0,2.6103
rolls,0.0,2.6379
rolly,0.0,2.6472
romal,0.0,2.5329
roman,0.993857,2.5181
romeo,0.0,2.6113
romer,0.0,2.6083
romps,0.0,2.5584
rompu,0.0,2.6091
rompy,0.0,2.5739
ronde,0.0,2.4939
rondo,0.0,2.6403
roneo,0.0,2.5741
rones,0.0,2.4912
ronin,0.0,2.6208
ronne,0.0,2.587
ronte,0.0,2.465
ronts,0.0,2.5064
ronuk,0.0,2.5755
roods,0.0,2.6574
roofs,0.0,2.6802
roofy,0.0,2.6989
rooks,0.0,2.6695
rooky,0.0,2.6906
rooms,0.0,2.6456
roomy,0.99178722630137,2.67
roons,0.0,2.6043
roops,0.0,2.6287
roopy,0.0,2.6338
roosa,0.0,2.5978
roose,0.0,2.5614
roost,0.0007792000000000001,2.5677
roots,0.0,2.5915
rooty,0.0,2.6057
roped,0.003896,2.4955
roper,0.859036,2.5967
ropes,0.0,2.5038
ropey,0.0,2.5328
roque,0.0,2.6674
roral,0.0,2.5877
rores,0.0,2.5765
roric,0.0,2.6308
rorid,0.0,2.6154
rorie,0.0,2.5692
rorts,0.0,2.5896
rorty,0.0,2.6034
rosal,0.0,2.5126
rosco,0.0,2.6291
rosed,0.0,2.5083
roses,0.0,2.6289
roset,0.0,2.4648
rosha,0.0,2.5667
roshi,0.0,2.5928
rosin,0.964077,2.5062
rosit,0.0,2.4794
rosps,0.0,2.662
rossa,0.0,2.6269
rosso,0.0,2.7292
rosti,0.0,2.527
rosts,0.0,2.6222
rotal,0.0,2.4868
rotan,0.0,2.4786
rotas,0.0,2.4859
rotch,0.0,2.5299
roted,0.0,2.4788
rotes,0.0,2.4749
rotis,0.0,2.4951
rotls,0.0,2.5203
roton,0.0,2.5803
rotor,0.994708,2.6983
rotos,0.0,2.5908
rotta,0.0,2.5849
rotte,0.0,2.5465
rotto,0.0,2.6891
rotty,0.0,2.6119
rouen,0.0,2.5095
roues,0.0,2.5193
rouet,0.0,2.4771
roufs,0.0,2.6074
rouge,0.997598,2.5431
rough,0.0327177643835616,2.5907
rougy,0.0,2.5723
rouks,0.0,2.5973
rouky,0.0,2.6062
roule,0.0,2.5047
rouls,0.0,2.5483
roums,0.0,2.5682
round,1.0,2.5258
roups,0.0,2.552
roupy,0.0,2.5554
rouse,0.609436984109589,2.5103
roust,0.959403,2.4845
route,0.4944581523287671,2.4965
routh,0.0,2.5228
routs,0.0,2.5131
roved,0.003896,2.5943
roven,0.0,2.5699
rover,0.4013800504109588,2.6998
roves,0.0,2.5813
rowan,0.0,2.5742
rowdy,0.0007792000000000001,2.6364
rowed,0.003896,2.5723
rowel,0.0,2.5612
rowen,0.0,2.556
rower,0.1540843090410959,2.6785
rowet,0.0,2.5234
rowie,0.0,2.5618
rowme,0.0,2.5898
rownd,0.0,2.6034
rowns,0.0,2.5929
rowth,0.0,2.5958
rowts,0.0,2.5811
royal,1.0,2.5296
royet,0.0,2.5124
royne,0.0,2.5286
royst,0.0,2.5082
rozes,0.0,2.6286
rozet,0.0,2.5785
rozit,0.0,2.6052
ruach,0.0,2.5576
ruana,0.0,2.6138
rubai,0.0,2.6201
ruban,0.0,2.5735
rubby,0.0,2.7753
rubel,0.0,2.5553
rubes,0.0,2.5575
rubin,0.0,2.5829
rubio,0.0,2.5963
ruble,1.0,2.543
rubli,0.0,2.6232
rubor,0.0,2.6481
rubus,0.0,2.7516
ruche,0.0,2.5728
ruchy,0.0,2.6319
rucks,0.0,2.6418
rudas,0.0,2.5787
rudds,0.0,2.7436
ruddy,0.791030535890411,2.7327
ruder,0.951399,2.6325
rudes,0.0,2.5431
rudie,0.0,2.5227
rudis,0.0,2.5853
rueda,0.0,2.5644
ruers,0.0,2.6357
ruffe,0.0,2.7508
ruffs,0.0,2.7987
ruffy,0.0,2.8075
rufus,0.0,2.7772
rugae,0.0,2.5259
rugal,0.0,2.5605
rugas,0.0,2.5705
rugby,0.0007792000000000001,2.6515
ruggy,0.0,2.7529
ruice,0.0,2.5053
ruing,0.967685,2.5642
ruins,0.0,2.5232
rukhs,0.0,2.6718
ruled,0.003896,2.5183
ruler,1.0,2.627
rules,0.0,2.5277
rully,0.0,2.6924
rumal,0.0,2.5672
rumba,0.1312710487671233,2.6205
rumbo,0.0,2.6347
rumen,0.0,2.5599
rumes,0.0,2.5587
rumly,0.0,2.6111
rummy,0.983121,2.7479
rumor,1.0,2.6682
rumpo,0.0,2.6079
rumps,0.0,2.5936
rumpy,0.0,2.621
runce,0.0,2.5191
runch,0.0,2.5806
runds,0.0,2.6074
runed,0.0,2.5294
runer,0.0,2.6145
runes,0.0,2.518
rungs,0.0,2.5855
runic,0.0,2.5664
runny,1.0,2.6965
runos,0.0,2.5346
runts,0.0,2.5267
runty,0.0,2.5546
runup,0.97971,2.6971
ruote,0.0,2.4919
rupee,1.0,2.5854
rupia,0.0,2.5726
rural,0.0007792000000000001,2.6448
rurps,0.0,2.6624
rurus,0.0,2.7939
rusas,0.0,2.6616
ruses,0.0,2.6685
rushy,0.0,2.6199
rusks,0.0,2.7488
rusky,0.0,2.6411
rusma,0.0,2.585
russe,0.0,2.6201
rusts,0.0,2.6813
rusty,1.0,2.5679
ruths,0.0,2.5712
rutin,0.0,2.514
rutty,0.0,2.6567
ruvid,0.0,2.6659
ryals,0.0,2.5559
rybat,0.0,2.5815
ryiji,0.0,2.8546
ryijy,0.0,2.859
ryked,0.0,2.6522
rykes,0.0,2.6399
rymer,0.0,2.6915
rymme,0.0,2.7385
rynds,0.0,2.6564
ryoti,0.0,2.5683
ryots,0.0,2.5472
ryper,0.0,2.6708
rypin,0.0,2.5872
rythe,0.0,2.582
ryugi,0.0,2.6567
saags,0.0,2.7523
sabal,0.0,2.6152
sabed,0.0,2.5468
saber,0.974285,2.5053
sabes,0.0,2.6477
sabha,0.0,2.6863
sabin,0.0,2.5415
sabir,0.0,2.5174
sabji,0.0,2.7485
sable,1.0,2.4861
sabos,0.0,2.684
sabot,0.0,2.5181
sabra,0.0,2.6176
sabre,0.727101,2.4904
sabzi,0.0,2.728
sacks,0.0,2.7178
sacra,0.0,2.585
sacre,0.0,2.454
saddo,0.0,2.6885
saddy,0.0,2.6925
sades,0.0,2.6225
sadhe,0.0,2.5334
sadhu,0.0,2.6385
sadic,0.0,2.568
sadis,0.0,2.6628
sadly,1.0,2.5232
sados,0.0,2.6697
sadza,0.0,2.7831
saeta,0.0,2.5505
safed,0.0,2.5707
safer,1.0,2.5343
safes,0.0,2.6973
sagar,0.0,2.581
sagas,0.0,2.7904
sager,0.0,2.4888
sages,0.0,2.6581
saggy,0.989218,2.7107
sagos,0.0,2.6699
sagum,0.0,2.5984
sahab,0.0,2.6952
saheb,0.0,2.587
sahib,0.0,2.6186
saice,0.0,2.464
saick,0.0,2.5523
saics,0.0,2.6194
saids,0.0,2.6591
saiga,0.0,2.6184
sails,0.0,2.6183
saims,0.0,2.6468
saine,0.0,2.4452
sains,0.0,2.6043
saint,0.9297351583561644,2.4492
sairs,0.0,2.5899
saist,0.0,2.5667
saith,0.0,2.4824
sajou,0.0,2.7157
sakai,0.0,2.6934
saker,0.0,2.5257
sakes,0.0,2.7079
sakia,0.0,2.6683
sakis,0.0,2.7001
sakti,0.0,2.5762
salad,1.0,2.6046
salal,0.0,2.6815
salas,0.0,2.6971
salat,0.0,2.5304
salep,0.0,2.4764
sales,0.0,2.5965
salet,0.0,2.4306
salic,0.0,2.5179
salis,0.0,2.6086
salix,0.0,2.6219
salle,0.0,2.5513
sally,0.4278434323287671,2.6295
salmi,0.0,2.5578
salol,0.0,2.5973
salon,1.0,2.4862
salop,0.0,2.5068
salpa,0.0,2.5913
salps,0.0,2.6246
salsa,0.7965057183561643,2.7474
salse,0.0,2.5614
salto,0.0,2.4884
salts,0.0,2.6085
salty,0.5054085172602739,2.4862
salud,0.0,2.5491
salue,0.0,2.4688
salut,0.0,2.477
salve,1.0,2.5424
salvo,1.0,2.6015
saman,0.0,2.6112
samas,0.0,2.7514
samba,1.0,2.6923
sambo,0.0,2.6159
samek,0.0,2.5706
samel,0.0,2.5042
samen,0.0,2.5126
sames,0.0,2.6349
samey,0.773749,2.5387
samfi,0.0,2.6562
samfu,0.0,2.6721
sammy,0.0,2.6885
sampi,0.0,2.5883
samps,0.0,2.6881
sanad,0.0,2.6087
sands,0.0,2.6611
sandy,0.0007792000000000001,2.5385
saned,0.0,2.4936
saner,0.996773,2.4654
sanes,0.0,2.5906
sanga,0.0,2.6214
sangh,0.0,2.5568
sango,0.0,2.5391
sangs,0.0,2.6596
sanko,0.0,2.5567
sansa,0.0,2.708
santo,0.0,2.4853
sants,0.0,2.5936
saola,0.0,2.5797
sapan,0.0,2.5834
sapid,0.0,2.5504
sapor,0.0,2.4831
sappy,1.0,2.6781
saran,0.0,2.5442
sards,0.0,2.6507
sared,0.0,2.4662
saree,0.0,2.4907
sarge,0.0,2.4719
sargo,0.0,2.522
sarin,0.0,2.4755
sarir,0.0,2.5567
saris,0.0,2.5951
sarks,0.0,2.6555
sarky,0.0,2.5498
sarod,0.0,2.5084
saros,0.0,2.5908
sarus,0.0,2.6296
sarvo,0.0,2.5668
saser,0.0,2.5621
sasin,0.0,2.6026
sasse,0.0,2.7503
sassy,0.5482974465753424,2.8347
satai,0.0,2.5852
satay,0.991073,2.6333
sated,0.003896,2.4786
satem,0.0,2.4919
sater,0.0,2.4429
sates,0.0,2.6114
satin,0.0007792000000000001,2.4763
satis,0.0,2.5949
satyr,0.980804,2.5015
sauba,0.0,2.6675
sauce,1.0,2.5129
sauch,0.0,2.5384
saucy,0.3037392964383561,2.5651
saugh,0.0,2.5755
sauls,0.0,2.6241
sault,0.0,2.4641
sauna,0.1787226301369863,2.6319
saunf,0.0,2.5835
saunt,0.0,2.4692
saury,0.0,2.5157
saute,1.0,2.481
sauts,0.0,2.6123
sauve,0.0,2.5727
saved,0.003896,2.6031
saver,1.0,2.568
saves,0.0,2.7313
savey,0.0,2.5925
savin,0.0,2.5682
savor,0.3438906345205479,2.5788
savoy,0.955942,2.6404
savvy,0.0007792000000000001,2.7915
sawah,0.0,2.6825
sawed,0.003896,2.5764
sawer,0.0,2.5222
saxes,0.0,2.7787
sayas,0.0,2.7421
sayed,0.0,2.54
sayee,0.0,2.583
sayer,0.0,2.4979
sayid,0.0,2.5747
sayne,0.0,2.493
sayon,0.0,2.5248
sayst,0.0,2.6158
sazes,0.0,2.7433
scabs,0.0,2.721
scads,0.0,2.6868
scaff,0.0,2.7813
scags,0.0,2.7244
scail,0.0,2.5238
scala,0.0,2.6207
scald,0.923347445479452,2.5296
scale,0.3083019484931507,2.4793
scall,0.0,2.637
scalp,1.0,2.5177
scaly,1.0,2.5309
scamp,0.97575,2.5635
scams,0.0,2.6943
scand,0.0,2.5811
scans,0.0,2.6624
scant,0.5017583956164384,2.4761
scapa,0.0,2.6509
scape,0.933041,2.5091
scapi,0.0,2.5872
scare,1.0,2.4714
scarf,0.7162030421917808,2.5774
scarp,0.816387,2.5141
scars,0.0,2.6482
scart,0.0,2.4825
scary,1.0,2.5358
scath,0.0,2.5303
scats,0.0,2.6533
scatt,0.0,2.61
scaud,0.0,2.6069
scaup,0.0,2.5721
scaur,0.0,2.5254
scaws,0.0,2.7617
sceat,0.0,2.4974
scena,0.0,2.5304
scend,0.0,2.6076
scene,0.0007792000000000001,2.6103
scent,0.3484532865753424,2.5244
schav,0.0,2.7171
schif,0.0,2.6865
schmo,0.0,2.6565
schul,0.0,2.624
schwa,0.750523,2.6825
scifi,0.0,2.7801
scind,0.0,2.592
scion,1.0,2.5294
scire,0.0,2.4935
sclim,0.0,2.603
scobe,0.0,2.5782
scody,0.0,2.6235
scoff,0.3338527999999999,2.7705
scogs,0.0,2.7438
scold,0.8092811441095891,2.5392
scone,0.3010017052054794,2.5032
scoog,0.0,2.7082
scoop,0.0007792000000000001,2.6507
scoot,0.999351,2.6122
scopa,0.0,2.5744
scope,0.5355220208219178,2.5178
scops,0.0,2.7044
score,0.1330961095890411,2.4727
scorn,0.9224349150684932,2.5009
scorp,0.0,2.5427
scote,0.0,2.5019
scots,0.0,2.6617
scoug,0.0,2.621
scoup,0.0,2.5794
scour,1.0,2.527
scout,0.695214842739726,2.5409
scowl,0.1841978126027397,2.6043
scowp,0.0,2.6547
scows,0.0,2.7729
scrab,0.0,2.5849
scrae,0.0,2.4804
scrag,0.0,2.5859
scram,0.4652571791780822,2.549
scran,0.0,2.5244
scrap,1.0,2.518
scrat,0.0,2.491
scraw,0.0,2.6053
scray,0.0,2.542
scree,0.951399,2.5669
screw,1.0,2.5849
scrim,1.0,2.5502
scrip,0.962056,2.5238
scrob,0.0,2.5962
scrod,0.918127,2.5461
scrog,0.0,2.5953
scroo,0.0,2.6266
scrow,0.0,2.6165
scrub,0.6304251835616438,2.6001
scrum,0.1130204405479452,2.5849
scuba,1.0,2.6108
scudi,0.0,2.6611
scudo,0.0,2.6356
scuds,0.0,2.7755
scuff,0.982001,2.8039
scuft,0.0,2.6139
scugs,0.0,2.7709
sculk,0.0,2.6246
scull,0.9309,2.6819
sculp,0.0,2.5831
sculs,0.0,2.7044
scums,0.0,2.7538
scups,0.0,2.7335
scurf,0.0,2.6367
scurs,0.0,2.6971
scuse,0.0,2.6764
scuta,0.0,2.5473
scute,0.0,2.5247
scuts,0.0,2.6927
scuzz,0.0,2.9017
scyes,0.0,2.7308
sdayn,0.0,2.6093
sdein,0.0,2.5608
seals,0.0,2.6127
seame,0.0,2.5628
seams,0.0,2.6693
seamy,1.0,2.5462
seans,0.0,2.6053
seare,0.0,2.5029
sears,0.0,2.6277
sease,0.0,2.6563
seats,0.0,2.6262
seaze,0.0,2.6704
sebum,0.0,2.6449
secco,0.0,2.6799
sechs,0.0,2.7285
sects,0.0,2.6574
sedan,0.828444282739726,2.5105
seder,0.972228,2.5866
sedes,0.0,2.7142
sedge,0.948172,2.6341
sedgy,0.0,2.6248
sedum,0.0,2.6152
seeds,0.0,2.7703
seedy,1.0,2.657
seeks,0.0,2.8121
seeld,0.0,2.5955
seels,0.0,2.7086
seely,0.0,2.6059
seems,0.0,2.784
seeps,0.0,2.7586
seepy,0.0,2.6263
seers,0.0,2.7374
sefer,0.0,2.6046
segar,0.0,2.497
segas,0.0,2.6691
segni,0.0,2.5698
segno,0.0,2.5551
segol,0.0,2.5457
segos,0.0,2.6967
segue,0.0007792000000000001,2.6557
sehri,0.0,2.5579
seifs,0.0,2.7013
seils,0.0,2.6129
seine,0.0,2.5245
seirs,0.0,2.5962
seise,0.0,2.6574
seism,0.0,2.6598
seity,0.0,2.4846
seiza,0.0,2.6354
seize,1.0,2.724
sekos,0.0,2.7328
sekts,0.0,2.715
selah,0.0,2.5072
seles,0.0,2.6786
selfs,0.0,2.7167
selfy,0.0,2.6024
selky,0.0,2.5968
sella,0.0,2.6061
selle,0.0,2.6557
sells,0.0,2.7748
selva,0.0,2.5855
semas,0.0,2.661
semee,0.0,2.7274
semen,0.0,2.6036
semes,0.0,2.7358
semie,0.0,2.5907
semis,0.0,2.6832
senas,0.0,2.6145
sends,0.0,2.6654
senes,0.0,2.6897
senex,0.0,2.6944
sengi,0.0,2.5673
senna,0.0,2.618
senor,0.0,2.4842
sensa,0.0,2.6204
sense,0.4524817534246575,2.7201
sensi,0.0,2.6499
sensu,0.0,2.6857
sente,0.0,2.5328
senti,0.0,2.4991
sents,0.0,2.6297
senvy,0.0,2.6285
senza,0.0,2.6348
sepad,0.0,2.5346
sepal,0.0,2.4938
sepia,0.0007792000000000001,2.5411
sepic,0.0,2.5577
sepoy,0.0,2.5321
seppo,0.0,2.6809
septa,0.0,2.4967
septs,0.0,2.6406
serac,0.0,2.4884
serai,0.0,2.5209
seral,0.0,2.4677
sered,0.0,2.5424
serer,0.0,2.6248
seres,0.0,2.6527
serfs,0.0,2.7073
serge,0.0,2.559
seria,0.0,2.4836
seric,0.0,2.5164
serif,0.0007792000000000001,2.552
serin,0.0,2.4814
serir,0.0,2.5675
serks,0.0,2.6786
seron,0.0,2.4893
serow,0.0,2.5561
serra,0.0,2.5641
serre,0.0,2.609
serrs,0.0,2.7169
serry,0.0,2.613
serum,0.4205431890410958,2.5543
serve,1.0,2.6584
servo,0.0,2.578
sesey,0.0,2.7196
sessa,0.0,2.8036
setae,0.0,2.518
setal,0.0,2.4633
seter,0.0,2.5139
seths,0.0,2.6726
seton,0.0,2.4875
setts,0.0,2.7308
setup,1.0,2.5378
sevak,0.0,2.6509
seven,0.2635879583561643,2.6859
sever,1.0,2.6774
sevir,0.0,2.5526
sewan,0.0,2.5581
sewar,0.0,2.5307
sewed,0.003896,2.6884
sewel,0.0,2.6282
sewen,0.0,2.6349
sewer,1.0,2.6665
sewin,0.0,2.5783
sexed,0.0,2.7245
sexer,0.0,2.6727
sexes,0.0,2.8901
sexor,0.0,2.6166
sexto,0.0,2.6416
sexts,0.0,2.791
seyen,0.0,2.6024
sezes,0.0,2.8405
shack,1.0,2.6036
shade,0.4314935539726027,2.5414
shads,0.0,2.7156
shady,1.0,2.5866
shaft,0.3210773742465753,2.5727
shags,0.0,2.7045
shahs,0.0,2.8456
shaka,0.0,2.6771
shake,1.0,2.5743
shako,0.0,2.5954
shakt,0.0,2.542
shaky,0.1969732383561643,2.6313
shale,1.0,2.4933
shall,1.0,2.6473
shalm,0.0,2.5649
shalt,0.998608,2.4898
shaly,0.0,2.5305
shama,0.0,2.6649
shame,1.0,2.541
shams,0.0,2.707
shand,0.0,2.5719
shank,0.4077677632876712,2.5932
shans,0.0,2.6581
shape,0.3320277391780822,2.509
shaps,0.0,2.6764
shard,1.0,2.5505
share,0.1768975693150685,2.4913
shark,1.0,2.5752
sharn,0.0,2.5176
sharp,0.5263967167123287,2.5359
shart,0.0,2.4897
shash,0.0,2.8065
shaul,0.0,2.5462
shave,0.3895171550684931,2.6232
shawl,1.0,2.6024
shawm,0.0,2.6566
shawn,0.0,2.5968
shaws,0.0,2.7452
shaya,0.0,2.6701
shays,0.0,2.7026
shchi,0.0,2.7647
sheaf,1.0,2.614
sheal,0.0,2.5112
shear,0.0865570586301369,2.517
sheas,0.0,2.6538
sheds,0.0,2.7154
sheel,0.0,2.5858
sheen,1.0,2.6201
sheep,0.0007792000000000001,2.6333
sheer,1.0,2.6157
sheet,0.0929447715068493,2.5972
sheik,1.0,2.6138
shelf,0.0947698323287671,2.6066
shell,0.2535501238356164,2.6657
shend,0.0,2.5948
sheng,0.0,2.6042
shent,0.0,2.4993
sheol,0.0,2.5226
sherd,0.0,2.5586
shere,0.0,2.5661
shero,0.0,2.5222
shets,0.0,2.6593
sheva,0.0,2.633
shewn,0.0,2.624
shews,0.0,2.7818
shiai,0.0,2.6824
shied,1.0,2.5464
shiel,0.0,2.5039
shier,0.0,2.4967
shies,0.0,2.6764
shift,0.5254841863013698,2.5908
shill,0.996541,2.6612
shily,0.0,2.5466
shims,0.0,2.7112
shine,1.0,2.5304
shins,0.0,2.6805
shiny,1.0,2.5672
shiok,0.0,2.5879
ships,0.0,2.6961
shire,0.906392,2.4932
shirk,0.8083686136986301,2.582
shirr,0.0,2.6157
shirs,0.0,2.657
shirt,1.0,2.4988
shish,0.0,2.8152
shiso,0.0,2.6721
shist,0.0,2.6198
shite,0.0,2.499
shits,0.0,2.6351
shiur,0.0,2.5297
shiva,0.9966,2.6553
shive,0.0,2.607
shivs,0.0,2.7908
shlep,0.721877,2.5366
shlub,0.0,2.6372
shmek,0.0,2.6385
shmoe,0.0,2.5548
shoal,0.0007792000000000001,2.5301
shoat,0.0,2.5021
shock,1.0,2.6254
shoed,0.003896,2.5445
shoer,0.0,2.4968
shoes,0.0,2.6816
shogi,0.0,2.6194
shogs,0.0,2.72
shoji,0.0,2.7304
shojo,0.0,2.798
shola,0.0,2.5428
shone,1.0,2.5188
shonk,0.0,2.5795
shook,1.0,2.7147
shool,0.0,2.6254
shoon,0.0,2.6166
shoos,0.0,2.8119
shoot,1.0,2.636
shope,0.0,2.528
shops,0.0,2.7048
shore,0.2982641139726027,2.4982
shorl,0.0,2.5404
shorn,0.7125529205479452,2.5166
short,0.0007792000000000001,2.4962
shote,0.0,2.4931
shots,0.0,2.6861
shott,0.0,2.6013
shoud,0.0,2.6008
shout,0.2352995156164383,2.5511
shove,0.1942356471232877,2.6295
showd,0.0,2.6583
shown,1.0,2.6162
shows,0.0,2.7727
showy,1.0,2.6677
shoyu,0.0,2.6176
shred,0.0007792000000000001,2.5265
shrew,0.98265,2.5963
shris,0.0,2.6599
shrow,0.0,2.5957
shrub,1.0,2.6044
shrug,0.9607611923287672,2.6207
shtar,0.0,2.4871
shtik,0.0,2.5759
shtum,0.0,2.5934
shtup,0.0,2.5667
shuba,0.0,2.6312
shuck,0.0409305380821917,2.645
shule,0.0,2.5277
shuln,0.0,2.5695
shuls,0.0,2.6953
shuns,0.0,2.7175
shunt,0.1467840657534246,2.5419
shura,0.0,2.5564
shush,0.057356085479452,2.886
shute,0.0,2.517
shuts,0.0,2.7139
shwas,0.0,2.7578
shyer,0.946784,2.5638
shyly,0.6842644778082192,2.7387
sials,0.0,2.6114
sibbs,0.0,2.8682
sibia,0.0,2.7068
sibyl,0.0,2.6053
sices,0.0,2.6446
sicht,0.0,2.5397
sicko,0.0,2.6144
sicks,0.0,2.7368
sicky,0.0,2.6262
sidas,0.0,2.6811
sided,0.003896,2.6557
sider,0.0,2.4916
sides,0.0,2.6531
sidey,0.0,2.5437
sidha,0.0,2.6085
sidhe,0.0,2.5432
sidle,0.991073,2.4895
siege,1.0,2.6223
sield,0.0,2.528
siens,0.0,2.6231
sient,0.0,2.4516
sieth,0.0,2.4954
sieur,0.0,2.5029
sieve,1.0,2.6872
sifts,0.0,2.697
sighs,0.0,2.7304
sight,0.5473849161643836,2.5664
sigil,0.0,2.6734
sigla,0.0,2.549
sigma,0.835053,2.5855
signa,0.0,2.5527
signs,0.0,2.6686
sigri,0.0,2.6905
sijos,0.0,2.8002
sikas,0.0,2.7143
siker,0.0,2.5483
sikes,0.0,2.6969
silds,0.0,2.6934
siled,0.0,2.507
silen,0.0,2.4843
siler,0.0,2.481
siles,0.0,2.6002
silex,0.0,2.6079
silks,0.0,2.69
silky,1.0,2.5825
sills,0.0,2.7604
silly,0.1549968394520548,2.6483
silos,0.0,2.643
silts,0.0,2.6152
silty,0.960762,2.5015
silva,0.0,2.6001
simar,0.0,2.5201
simas,0.0,2.683
simba,0.0,2.6335
simis,0.0,2.8139
simps,0.0,2.6786
simul,0.0,2.5701
since,0.437881266849315,2.5031
sinds,0.0,2.6912
sined,0.0,2.5046
sines,0.0,2.6387
sinew,0.991164,2.5772
singe,0.0007792000000000001,2.5345
sings,0.0,2.6719
sinhs,0.0,2.6813
sinks,0.0,2.6959
sinky,0.0,2.5883
sinsi,0.0,2.7878
sinus,1.0,2.6793
siped,0.0,2.5234
sipes,0.0,2.6215
sippy,0.0,2.684
sired,0.003896,2.4845
siree,0.0,2.5115
siren,0.0007792000000000001,2.4657
sires,0.0,2.6143
sirih,0.0,2.637
siris,0.0,2.7466
siroc,0.0,2.5251
sirra,0.0,2.5913
sirup,0.0,2.5331
sisal,0.0,2.6218
sises,0.0,2.7774
sissy,0.996541,2.8478
sista,0.0,2.6225
sists,0.0,2.7904
sitar,0.0007792000000000001,2.4618
sitch,0.0,2.5308
sited,0.003896,2.493
sites,0.0,2.6184
sithe,0.0,2.4972
sitka,0.0,2.5582
situp,0.773749,2.5371
situs,0.0,2.6533
siver,0.0,2.554
sixer,0.0,2.6032
sixes,0.0,2.7909
sixmo,0.0,2.7132
sixte,0.0,2.5913
sixth,0.2261742115068493,2.6696
sixty,1.0,2.6716
sizar,0.0,2.612
sized,0.003896,2.6537
sizel,0.0,2.6124
sizer,0.0,2.6037
sizes,0.0,2.7819
skags,0.0,2.763
skail,0.0,2.5676
skald,0.0,2.6085
skank,0.0,2.7174
skarn,0.0,2.5544
skart,0.0,2.5251
skate,0.2882262794520547,2.5323
skats,0.0,2.6923
skatt,0.0,2.6565
skaws,0.0,2.7987
skean,0.0,2.565
skear,0.0,2.5424
skeds,0.0,2.7543
skeed,0.0,2.6779
skeef,0.0,2.7266
skeen,0.0,2.6424
skeer,0.0,2.6192
skees,0.0,2.7836
skeet,0.984025,2.6339
skeev,0.0,2.7563
skeez,0.0,2.7924
skegg,0.0,2.8259
skegs,0.0,2.8021
skein,1.0,2.596
skelf,0.0,2.6742
skell,0.0,2.7104
skelm,0.0,2.6409
skelp,0.0,2.607
skene,0.0,2.6432
skens,0.0,2.7343
skeos,0.0,2.7297
skeps,0.0,2.7648
skerm,0.0,2.6272
skers,0.0,2.7192
skets,0.0,2.724
skews,0.0,2.8249
skids,0.0,2.7394
skied,0.003896,2.5946
skier,0.3703540164383561,2.5486
skies,0.0,2.7199
skiey,0.0,2.5907
skiff,0.3000891747945205,2.8073
skill,1.0,2.6803
skimo,0.0,2.6422
skimp,0.7034276164383562,2.6143
skims,0.0,2.7338
skink,0.0,2.7303
skins,0.0,2.706
skint,0.0,2.5412
skios,0.0,2.7244
skips,0.0,2.7271
skirl,0.0,2.5791
skirr,0.0,2.6675
skirt,0.8366570564383562,2.5399
skite,0.0,2.5316
skits,0.0,2.7041
skive,0.0,2.6544
skivy,0.0,2.7102
sklim,0.0,2.6423
skoal,0.0,2.5735
skobe,0.0,2.6297
skody,0.0,2.6586
skoff,0.0,2.8426
skofs,0.0,2.811
skogs,0.0,2.7864
skols,0.0,2.7209
skool,0.0,2.6763
skort,0.0,2.5449
skosh,0.0,2.7441
skran,0.0,2.5603
skrik,0.0,2.7297
skroo,0.0,2.674
skuas,0.0,2.7446
skugs,0.0,2.8076
skulk,0.978942,2.7491
skull,0.0007792000000000001,2.7233
skunk,0.5793234805479451,2.7537
skyed,0.0,2.6531
skyer,0.0,2.6026
skyey,0.0,2.7776
skyfs,0.0,2.8619
skyre,0.0,2.6055
skyrs,0.0,2.7695
skyte,0.0,2.6172
slabs,0.0,2.6715
slack,1.0,2.5538
slade,0.0,2.488
slaes,0.0,2.5787
slags,0.0,2.664
slaid,0.0,2.5263
slain,1.0,2.4967
slake,0.981668,2.5156
slams,0.0,2.6609
slane,0.0,2.4562
slang,0.2024484208219178,2.5258
slank,0.0,2.5354
slant,1.0,2.445
slaps,0.0,2.6387
slart,0.0,2.4581
slash,1.0,2.6629
slate,0.8494324821917808,2.4299
slats,0.0,2.6136
slaty,0.0,2.4873
slave,0.0,2.5532
slaws,0.0,2.7015
slays,0.0,2.6676
slebs,0.0,2.7128
sleds,0.0,2.6615
sleek,0.8339194652054795,2.6396
sleep,0.5273092471232876,2.5814
sleer,0.0,2.5414
sleet,1.0,2.54
slept,1.0,2.481
slews,0.0,2.7401
sleys,0.0,2.6854
slice,0.3931672767123287,2.4695
slick,0.0007792000000000001,2.5645
slide,1.0,2.5008
slier,0.0,2.4706
slily,0.0,2.6292
slime,0.0007792000000000001,2.5016
slims,0.0,2.6606
slimy,1.0,2.5393
sling,1.0,2.5379
slink,0.998315,2.5482
slipe,0.0,2.4808
slips,0.0,2.6387
slipt,0.0,2.4844
slish,0.0,2.6559
slits,0.0,2.6249
slive,0.0,2.5542
sloan,0.0,2.4989
slobs,0.0,2.6821
sloes,0.0,2.6173
slogs,0.0,2.6718
sloid,0.0,2.543
slojd,0.0,2.7125
sloka,0.0,2.5564
slomo,0.0,2.6508
sloom,0.0,2.6468
sloop,0.990608,2.609
sloot,0.0,2.5652
slope,0.5127087605479452,2.4714
slops,0.0,2.639
slopy,0.0,2.53
slorm,0.0,2.553
slosh,0.983121,2.666
sloth,0.9169597326027396,2.5178
slots,0.0,2.6322
slove,0.0,2.5748
slows,0.0,2.7214
sloyd,0.0,2.5983
slubb,0.0,2.7517
slubs,0.0,2.7179
slued,0.0,2.5303
slues,0.0,2.6266
sluff,0.0,2.7727
slugs,0.0,2.7077
sluit,0.0,2.4856
slump,1.0,2.5702
slums,0.0,2.699
slung,1.0,2.5737
slunk,0.993408,2.5841
slurb,0.0,2.5887
slurp,1.0,2.5419
slurs,0.0,2.6774
sluse,0.0,2.6199
slush,1.0,2.7012
sluts,0.0,2.6358
slyer,0.0,2.5334
slyly,1.0,2.8185
slype,0.0,2.5445
smaak,0.0,2.6957
smack,1.0,2.6072
smaik,0.0,2.6083
small,0.5154463517808219,2.6504
smalm,0.0,2.6871
smalt,0.0,2.508
smarm,0.940571,2.6832
smart,1.0,2.4863
smash,0.7517917282191781,2.7089
smaze,0.0,2.6501
smear,0.971711557260274,2.5257
smeek,0.0,2.681
smees,0.0,2.754
smeik,0.0,2.6143
smeke,0.0,2.6832
smell,0.0007792000000000001,2.6771
smelt,0.986718,2.5169
smerk,0.0,2.6117
smews,0.0,2.8155
smick,0.0,2.6374
smile,0.0007792000000000001,2.5127
smily,0.0,2.5659
smirk,0.5701981764383561,2.5877
smirr,0.0,2.6373
smirs,0.0,2.6759
smite,0.959403,2.5032
smith,0.4543068142465753,2.5592
smits,0.0,2.6699
smize,0.0,2.6692
smock,0.3137771309589041,2.626
smogs,0.0,2.7475
smoke,0.2645004887671233,2.5932
smoko,0.0,2.727
smoky,1.0,2.6459
smolt,0.0,2.5337
smoor,0.0,2.6128
smoot,0.0,2.6159
smore,0.0,2.5061
smorg,0.0,2.5945
smote,0.891137,2.4985
smout,0.0,2.5374
smowt,0.0,2.6187
smugs,0.0,2.775
smurs,0.0,2.7101
smush,0.900374,2.7582
smuts,0.0,2.7017
snabs,0.0,2.7139
snack,0.7180281030136987,2.5735
snafu,0.7481416065753425,2.6218
snags,0.0,2.6809
snail,0.5802360109589041,2.5018
snake,0.4807701961643835,2.555
snaky,0.6322502443835617,2.5947
snaps,0.0,2.6606
snare,0.5984866191780822,2.4677
snarf,0.721877,2.5556
snark,1.0,2.5437
snarl,0.8804585161643835,2.5054
snars,0.0,2.6269
snary,0.0,2.5164
snash,0.0,2.6616
snath,0.0,2.5101
snaws,0.0,2.724
snead,0.0,2.5404
sneak,0.8968840635616439,2.5915
sneap,0.0,2.5147
snebs,0.0,2.7474
sneck,0.0,2.6081
sneds,0.0,2.7181
sneed,0.0,2.5995
sneer,1.0,2.5873
snees,0.0,2.7131
snell,0.0,2.6462
snibs,0.0,2.7167
snick,0.0,2.582
snide,0.0007792000000000001,2.5162
snied,0.0,2.5056
snies,0.0,2.6093
sniff,1.0,2.7422
snift,0.0,2.5444
snigs,0.0,2.6903
snipe,0.990889,2.4958
snips,0.0,2.654
snipy,0.0,2.5395
snirt,0.0,2.4688
snits,0.0,2.6338
snive,0.0,2.5705
snobs,0.0,2.6947
snods,0.0,2.7088
snoek,0.0,2.5575
snoep,0.0,2.5251
snogs,0.0,2.6975
snoke,0.0,2.5466
snood,0.0,2.6439
snook,0.0,2.6625
snool,0.0,2.6045
snoop,0.2252616810958904,2.6346
snoot,0.854802,2.5973
snore,0.0007792000000000001,2.4751
snort,0.4351436756164383,2.4621
snots,0.0,2.6318
snout,1.0,2.5146
snowk,0.0,2.6505
snows,0.0,2.7223
snowy,1.0,2.6139
snubs,0.0,2.7283
snuck,1.0,2.6123
snuff,1.0,2.7755
snugs,0.0,2.7234
snush,0.0,2.7005
snyes,0.0,2.6924
soaks,0.0,2.7053
soaps,0.0,2.6643
soapy,1.0,2.5471
soare,0.0,2.4687
soars,0.0,2.6331
soave,0.0,2.5557
sobas,0.0,2.6856
sober,0.0007792000000000001,2.509
socas,0.0,2.652
soces,0.0,2.6462
socia,0.0,2.5443
socko,0.0,2.693
socks,0.0,2.7243
socle,0.0,2.491
sodas,0.0,2.6671
soddy,0.0,2.7095
sodic,0.0,2.5928
sodom,0.0,2.695
sofar,0.0,2.5387
sofas,0.0,2.7181
softa,0.0,2.5733
softs,0.0,2.6958
softy,0.977936,2.5944
soger,0.0,2.5078
soggy,0.92517250630137,2.7341
sohur,0.0,2.5332
soils,0.0,2.6182
soily,0.0,2.5179
sojas,0.0,2.7917
sojus,0.0,2.8163
sokah,0.0,2.5978
soken,0.0,2.5682
sokes,0.0,2.7083
sokol,0.0,2.6705
solah,0.0,2.5225
solan,0.0,2.5014
solar,1.0,2.488
solas,0.0,2.6174
solde,0.0,2.5096
soldi,0.0,2.5831
soldo,0.0,2.6511
solds,0.0,2.6873
soled,0.003896,2.4855
solei,0.0,2.5171
soler,0.0,2.4777
soles,0.0,2.6198
solid,0.5373470816438356,2.5132
solon,0.0,2.5984
solos,0.0,2.7525
solum,0.0,2.5572
solus,0.0,2.6521
solve,1.0,2.5701
soman,0.0,2.5394
somas,0.0,2.6671
sonar,1.0,2.4762
sonce,0.0,2.4837
sonde,0.0,2.5171
sones,0.0,2.6168
songo,0.0,2.6417
songs,0.0,2.6729
songy,0.0,2.5608
sonic,1.0,2.5249
sonly,0.0,2.527
sonne,0.0,2.5891
sonny,0.0,2.6402
sonse,0.0,2.5883
sonsy,0.0,2.6349
sooey,0.0,2.6291
sooks,0.0,2.797
sooky,0.0,2.6873
soole,0.0,2.5662
sools,0.0,2.7282
sooms,0.0,2.7722
soops,0.0,2.7537
soote,0.0,2.5599
sooth,0.915058,2.6428
soots,0.0,2.7093
sooty,1.0,2.6496
sophs,0.0,2.6909
sophy,0.0,2.571
sopor,0.0,2.5801
soppy,0.962056,2.6906
sopra,0.0,2.508
soral,0.0,2.4866
soras,0.0,2.5974
sorbi,0.0,2.5763
sorbo,0.0,2.6326
sorbs,0.0,2.6723
sorda,0.0,2.5341
sordo,0.0,2.6278
sords,0.0,2.6653
sored,0.0,2.4844
soree,0.0,2.5146
sorel,0.0,2.468
sorer,0.0,2.5562
sores,0.0,2.6055
sorex,0.0,2.5878
sorgo,0.0,2.6268
sorns,0.0,2.6098
sorra,0.0,2.5791
sorry,0.0911197106849315,2.6299
sorta,0.0,2.4755
sorts,0.0,2.6012
sorus,0.0,2.6313
soths,0.0,2.6523
sotol,0.0,2.5815
sotto,0.0,2.6944
souce,0.0,2.4959
souct,0.0,2.4931
sough,0.0,2.5788
souks,0.0,2.7187
souls,0.0,2.6587
souly,0.0,2.5337
soums,0.0,2.6905
sound,0.7974182487671232,2.5416
soups,0.0,2.692
soupy,1.0,2.5742
sours,0.0,2.6676
souse,0.0,2.6139
south,0.0007792000000000001,2.5572
souts,0.0,2.6238
sowar,0.0,2.5441
sowce,0.0,2.572
sowed,0.003896,2.5953
sower,0.816387,2.555
sowff,0.0,2.8415
sowfs,0.0,2.8094
sowle,0.0,2.5503
sowls,0.0,2.7225
sowms,0.0,2.7689
sownd,0.0,2.6207
sowne,0.0,2.545
sowps,0.0,2.7451
sowse,0.0,2.6927
sowth,0.0,2.5796
soxes,0.0,2.7646
soyas,0.0,2.6672
soyle,0.0,2.5129
soyuz,0.0,2.6993
sozin,0.0,2.6423
space,0.6158246969863014,2.4972
spack,0.0,2.595
spacy,0.0,2.5473
spade,0.9078344284931508,2.5169
spado,0.0,2.5985
spads,0.0,2.7212
spaed,0.0,2.5287
spaer,0.0,2.4794
spaes,0.0,2.6267
spags,0.0,2.7123
spahi,0.0,2.6083
spail,0.0,2.5193
spain,0.0,2.5307
spait,0.0,2.4888
spake,0.0,2.5525
spald,0.0,2.5687
spale,0.0,2.4797
spall,0.0,2.6343
spalt,0.0,2.4879
spams,0.0,2.6947
spane,0.0,2.489
spang,0.0,2.5898
spank,1.0,2.5725
spans,0.0,2.6571
spard,0.0,2.552
spare,0.0819944065753424,2.4761
spark,0.1002450147945205,2.5627
spars,0.0,2.6486
spart,0.0,2.4747
spasm,0.0007792000000000001,2.7027
spate,0.0701315112328767,2.4702
spats,0.0,2.6515
spaul,0.0,2.5408
spawl,0.0,2.6076
spawn,1.0,2.5965
spaws,0.0,2.7525
spayd,0.0,2.6134
spays,0.0,2.7054
spaza,0.0,2.7735
spazz,0.0,2.8509
speak,0.4251058410958904,2.6019
speal,0.0,2.5102
spean,0.0,2.5143
spear,0.114845501369863,2.5186
speat,0.0,2.4827
speck,0.3201648438356164,2.6095
specs,0.0,2.6855
spect,0.0,2.5317
speed,0.0007792000000000001,2.6273
speel,0.0,2.574
speer,0.0,2.5632
speil,0.0,2.524
speir,0.0,2.5089
speks,0.0,2.7588
speld,0.0,2.5769
spelk,0.0,2.5957
spell,0.8868462290410959,2.6636
spelt,0.4342311452054794,2.4912
spend,1.0,2.5481
spent,0.5218340646575342,2.4975
speos,0.0,2.673
sperm,1.0,2.5658
spesh,0.0,2.7064
spets,0.0,2.6712
speug,0.0,2.6133
spews,0.0,2.7709
spewy,0.0,2.6466
spial,0.0,2.5218
spica,0.0,2.5527
spice,0.6249500010958904,2.5044
spick,0.0,2.6062
spics,0.0,2.6793
spicy,1.0,2.5553
spide,0.0,2.5389
spied,1.0,2.5262
spiel,0.9023592460273973,2.4856
spier,0.0,2.4864
spies,0.0,2.6597
spiff,0.943035,2.7566
spifs,0.0,2.7587
spike,1.0,2.5785
spiks,0.0,2.7303
spiky,1.0,2.6113
spile,0.0,2.4954
spill,1.0,2.6288
spilt,0.950148,2.484
spims,0.0,2.7114
spina,0.0,2.5346
spine,0.2079236032876712,2.4937
spink,0.0,2.5791
spins,0.0,2.6508
spiny,0.0007792000000000001,2.5393
spire,0.8247941610958904,2.4846
spirt,0.0,2.4851
spiry,0.0,2.5394
spite,0.1084577884931506,2.4735
spits,0.0,2.6533
spitz,0.0,2.6562
spivs,0.0,2.7778
splat,0.5720232372602739,2.4871
splay,0.971391,2.5367
split,0.0007792000000000001,2.4906
splog,0.0,2.6029
spode,0.0,2.555
spods,0.0,2.7342
spoil,0.0007792000000000001,2.5086
spoke,0.8549076646575343,2.567
spoof,0.0007792000000000001,2.7114
spook,1.0,2.7002
spool,0.0007792000000000001,2.6169
spoom,0.0,2.6836
spoon,0.2362120460273973,2.64
spoor,0.0,2.5914
spoot,0.0,2.5945
spore,0.0007792000000000001,2.4859
spork,0.916618,2.5604
sport,0.0372804164383561,2.4847
sposa,0.0,2.6776
sposh,0.0,2.6911
sposo,0.0,2.7761
spots,0.0,2.6677
spout,0.2827510969863013,2.5314
sprad,0.0,2.5606
sprag,0.0,2.5725
sprat,0.0,2.4788
spray,1.0,2.5397
spred,0.0,2.527
spree,1.0,2.5668
sprew,0.0,2.5733
sprig,0.1659472043835616,2.5686
sprit,0.0,2.4881
sprod,0.0,2.5661
sprog,0.0,2.579
sprue,0.0,2.5042
sprug,0.0,2.5993
spuds,0.0,2.7277
spued,0.0,2.5661
spuer,0.0,2.5147
spues,0.0,2.6692
spugs,0.0,2.7533
spule,0.0,2.5227
spume,0.891137,2.5737
spumy,0.0,2.6094
spunk,1.0,2.605
spurn,1.0,2.5391
spurs,0.0,2.6968
spurt,0.5857111934246575,2.521
sputa,0.0,2.5418
spyal,0.0,2.5519
spyre,0.0,2.5447
squab,0.996658,2.7532
squad,0.0007792000000000001,2.725
squat,0.7819052317808219,2.6758
squaw,0.0,2.7971
squee,0.0,2.735
squeg,0.0,2.7412
squib,0.96992,2.7632
squid,0.153171778630137,2.7256
squit,0.0,2.6548
squiz,0.0,2.8542
srsly,0.0,2.684
stabs,0.0,2.6908
stack,0.0007792000000000001,2.5749
stade,0.0,2.5113
staff,1.0,2.7364
stage,0.8019809008219178,2.5166
stags,0.0,2.6792
stagy,0.999528,2.5626
staid,0.7636546235616439,2.5291
staig,0.0,2.5544
stain,0.2444248197260274,2.5038
stair,1.0,2.4796
stake,0.2873137490410958,2.5415
stale,0.8886712898630138,2.4533
stalk,1.0,2.5451
stall,0.3803918509589041,2.6152
stamp,0.1029826060273972,2.5462
stand,0.0007792000000000001,2.5161
stane,0.0,2.4653
stang,0.0,2.5629
stank,0.0007792000000000001,2.5568
stans,0.0,2.636
staph,0.99254,2.5559
staps,0.0,2.6555
stare,0.172334917260274,2.4504
stark,0.3639663035616438,2.5505
starn,0.0,2.4946
starr,0.0,2.5934
stars,0.0,2.6305
start,1.0,2.5883
stary,0.0,2.5068
stash,0.4625195879452055,2.6773
state,0.4488316317808219,2.5981
stats,0.0,2.7655
statu,0.0,2.6572
staun,0.0,2.5252
stave,1.0,2.5807
staws,0.0,2.7249
stays,0.0,2.712
stead,0.9981749391780822,2.5326
steak,1.0,2.5776
steal,1.0,2.4969
steam,0.2617628975342466,2.543
stean,0.0,2.5011
stear,0.0,2.4911
stedd,0.0,2.7137
stede,0.0,2.6031
steds,0.0,2.7128
steed,0.989629,2.6132
steek,0.0,2.6349
steel,0.4105053545205479,2.5839
steem,0.0,2.6209
steen,0.0,2.5692
steep,0.1358337008219178,2.5956
steer,1.0,2.5961
steez,0.0,2.718
steik,0.0,2.5724
steil,0.0,2.5035
stein,0.9069218980821918,2.513
stela,0.0,2.4969
stele,0.963686,2.5668
stell,0.0,2.6369
steme,0.0,2.614
stems,0.0,2.6955
stend,0.0,2.5699
steno,0.916618,2.5374
stens,0.0,2.662
stent,1.0,2.6207
steps,0.0,2.6761
stept,0.0,2.6392
stere,0.0,2.5378
stern,0.2791009753424657,2.5044
stets,0.0,2.7765
stews,0.0,2.7597
stewy,0.0,2.6264
steys,0.0,2.7075
stich,0.0,2.5521
stick,0.93338528,2.5816
stied,0.0,2.5072
sties,0.0,2.6339
stiff,0.4689073008219178,2.7425
stilb,0.0,2.5792
stile,0.829263,2.4588
still,0.4844203178082191,2.6267
stilt,0.0007792000000000001,2.6017
stime,0.0,2.5242
stims,0.0,2.6922
stimy,0.0,2.5702
sting,0.9196973238356164,2.5563
stink,1.0,2.5732
stint,0.238949637260274,2.6114
stipa,0.0,2.532
stipe,0.0,2.4954
stire,0.0,2.4613
stirk,0.0,2.5572
stirp,0.0,2.515
stirs,0.0,2.6458
stive,0.0,2.5726
stivy,0.0,2.6349
stoae,0.0,2.4927
stoai,0.0,2.5591
stoas,0.0,2.6451
stoat,0.0,2.6017
stobs,0.0,2.7241
stock,0.7545293194520548,2.5947
stoep,0.0,2.5176
stogs,0.0,2.705
stogy,0.0,2.582
stoic,0.2170489073972603,2.5388
stoit,0.0,2.6014
stoke,1.0,2.5497
stole,0.4889829698630137,2.4707
stoln,0.0,2.5289
stoma,0.721877,2.5471
stomp,0.980836861369863,2.5686
stond,0.0,2.5672
stone,0.5975740887671233,2.4873
stong,0.0,2.5692
stonk,0.0,2.5752
stonn,0.0,2.6407
stony,0.4990208043835616,2.54
stood,0.0737816328767123,2.6582
stook,0.0,2.6844
stool,1.0,2.6259
stoop,1.0,2.6443
stoor,0.0,2.5721
stope,0.0,2.514
stops,0.0,2.6771
stopt,0.0,2.6244
store,1.0,2.4688
stork,0.0007792000000000001,2.5656
storm,0.2955265227397259,2.5282
story,1.0,2.5306
stoss,0.0,2.8153
stots,0.0,2.7584
stott,0.0,2.7591
stoun,0.0,2.53
stoup,0.0,2.5515
stour,0.0,2.5019
stout,1.0,2.6562
stove,1.0,2.5931
stown,0.0,2.5975
stowp,0.0,2.6236
stows,0.0,2.7487
strad,0.0,2.5411
strae,0.0,2.4546
strag,0.0,2.548
strak,0.0,2.5466
strap,0.686089538630137,2.5016
straw,0.6733141128767123,2.5794
stray,0.1823727517808219,2.5136
strep,1.0,2.4985
strew,0.940571,2.5698
stria,0.0,2.5019
strig,0.0,2.5567
strim,0.0,2.5521
strip,1.0,2.5071
strop,0.0,2.519
strow,0.0,2.5847
stroy,0.0,2.5251
strum,0.995693,2.5708
strut,0.0007792000000000001,2.647
stubs,0.0,2.739
stuck,1.0,2.6183
stucs,0.0,2.6958
stude,0.0,2.5547
studs,0.0,2.7187
study,0.8667705600000001,2.596
stuff,0.0007792000000000001,2.7898
stull,0.0,2.6556
stulm,0.0,2.5892
stumm,0.0,2.7457
stump,0.0080794432876712,2.594
stums,0.0,2.7235
stung,0.4260183715068493,2.5889
stunk,0.99711,2.5957
stuns,0.0,2.681
stunt,0.0007792000000000001,2.6454
stupa,0.0,2.5621
stupe,0.0,2.5307
sture,0.0,2.4923
sturt,0.0,2.6084
stush,0.0,2.6946
styed,0.0,2.5831
styes,0.0,2.687
style,0.6450256701369863,2.5233
styli,0.0,2.5871
stylo,0.0,2.5686
styme,0.0,2.5963
stymy,0.0,2.7711
styre,0.0,2.5408
styte,0.0,2.6659
suave,0.1285334575342465,2.6331
subah,0.0,2.5999
subak,0.0,2.6293
subas,0.0,2.7075
subby,0.0,2.7706
suber,0.0,2.5394
subha,0.0,2.6367
succi,0.0,2.7196
sucks,0.0,2.7586
sucky,0.0,2.6435
sucre,0.0,2.5063
sudan,0.0,2.5663
sudds,0.0,2.8657
sudor,0.0,2.5368
sudsy,0.986963,2.7177
suede,0.0400180076712328,2.627
suent,0.0,2.4768
suers,0.0,2.6455
suete,0.0,2.5555
suets,0.0,2.6364
suety,0.0,2.5161
sugan,0.0,2.5519
sugar,1.0,2.551
sughs,0.0,2.7564
sugos,0.0,2.7016
suhur,0.0,2.6897
suids,0.0,2.6983
suing,1.0,2.5727
suint,0.0,2.4728
suite,0.0564435550684931,2.4985
suits,0.0,2.6677
sujee,0.0,2.7142
sukhs,0.0,2.7825
sukis,0.0,2.7341
sukuk,0.0,2.9093
sulci,0.0,2.5713
sulfa,0.0,2.5996
sulfo,0.0,2.6115
sulks,0.0,2.729
sulky,0.7271534071232877,2.6198
sulls,0.0,2.7804
sully,0.0007792000000000001,2.6759
sulph,0.0,2.5654
sulus,0.0,2.8135
sumac,0.0007792000000000001,2.5834
sumis,0.0,2.7034
summa,0.0,2.7275
sumos,0.0,2.7293
sumph,0.0,2.6153
sumps,0.0,2.7265
sunis,0.0,2.6487
sunks,0.0,2.7314
sunna,0.0,2.6519
sunns,0.0,2.7998
sunny,0.1476965961643835,2.7024
sunts,0.0,2.6446
sunup,0.980266,2.6963
suona,0.0,2.5241
suped,0.0,2.5498
super,0.3128646005479452,2.5217
supes,0.0,2.6561
supra,0.0,2.5352
surah,0.0,2.5241
sural,0.0,2.5082
suras,0.0,2.6285
surat,0.0,2.463
surds,0.0,2.7052
sured,0.0,2.5095
surer,1.0,2.6211
sures,0.0,2.6111
surfs,0.0,2.7408
surfy,0.0,2.6086
surge,0.0007792000000000001,2.5355
surgy,0.0,2.5791
surly,0.771867397260274,2.5362
surra,0.0,2.6119
sused,0.0,2.6684
suses,0.0,2.8117
sushi,0.534609490410959,2.755
susus,0.0,2.9838
sutor,0.0,2.4789
sutra,0.0,2.4984
sutta,0.0,2.6106
swabs,0.0,2.7777
swack,0.0,2.6563
swads,0.0,2.7695
swage,0.0,2.5931
swags,0.0,2.7644
swail,0.0,2.5751
swain,0.949503,2.5906
swale,0.927457,2.5367
swaly,0.0,2.579
swami,0.0007792000000000001,2.6424
swamp,0.0007792000000000001,2.6283
swamy,0.0,2.636
swang,0.057262,2.6247
swank,1.0,2.6371
swans,0.0,2.7127
swaps,0.0,2.7384
swapt,0.0,2.5631
sward,0.0,2.5998
sware,0.0,2.5128
swarf,0.0,2.64
swarm,1.0,2.6114
swart,0.0,2.5247
swash,0.809197,2.762
swath,0.1367462312328767,2.601
swats,0.0,2.7172
swayl,0.0,2.6146
sways,0.0,2.7719
sweal,0.0,2.5669
swear,1.0,2.5782
sweat,0.7919430663013698,2.5709
swede,0.0,2.6759
sweed,0.0,2.6714
sweel,0.0,2.6351
sweep,0.770954866849315,2.6845
sweer,0.0,2.6135
swees,0.0,2.7882
sweet,1.0,2.6573
sweir,0.0,2.5569
swell,0.2188739682191781,2.7205
swelt,0.0,2.5593
swept,1.0,2.5911
swerf,0.0,2.6564
sweys,0.0,2.7929
swies,0.0,2.6949
swift,1.0,2.6336
swigs,0.0,2.7596
swile,0.0,2.5425
swill,0.984882,2.6951
swims,0.0,2.7391
swine,0.705252677260274,2.5765
swing,0.0007792000000000001,2.6296
swink,0.0,2.6336
swipe,1.0,2.5878
swire,0.0,2.5248
swirl,1.0,2.5829
swish,0.3740041380821918,2.7633
swiss,0.0,2.893
swith,0.0,2.5832
swits,0.0,2.7034
swive,0.0,2.658
swizz,0.0,2.9175
swobs,0.0,2.8005
swole,0.0,2.5536
swoll,0.0,2.7036
swoln,0.0,2.5869
swoon,0.3256400263013698,2.6962
swoop,0.0007792000000000001,2.711
swops,0.0,2.7512
swopt,0.0,2.5775
sword,0.0007792000000000001,2.5946
swore,1.0,2.5461
sworn,0.0007792000000000001,2.5637
swots,0.0,2.7089
swoun,0.0,2.6047
swung,0.3566660602739726,2.6625
sybbe,0.0,2.7748
sybil,0.0,2.6047
syboe,0.0,2.5892
sybow,0.0,2.7029
sycee,0.0,2.6409
syces,0.0,2.7241
sycon,0.0,2.5766
syeds,0.0,2.7507
syens,0.0,2.6824
syker,0.0,2.614
sykes,0.0,2.7687
sylis,0.0,2.6817
sylph,0.0,2.6023
sylva,0.0,2.6458
symar,0.0,2.5488
synch,0.984171,2.6096
syncs,0.0,2.7168
synds,0.0,2.7603
syned,0.0,2.5785
synes,0.0,2.6887
synod,0.985428,2.5694
synth,0.995942,2.5936
syped,0.0,2.5902
sypes,0.0,2.6958
syphs,0.0,2.758
syrah,0.0,2.5499
syren,0.0,2.5382
syrup,0.7864678838356164,2.572
sysop,0.0,2.6971
sythe,0.0,2.5735
syver,0.0,2.6312
taals,0.0,2.5713
taata,0.0,2.833
tabac,0.0,2.6577
tabby,0.0007792000000000001,2.7263
taber,0.0,2.4824
tabes,0.0,2.5228
tabid,0.0,2.5729
tabis,0.0,2.5529
tabla,0.0,2.6253
table,0.5163588821917808,2.4711
tabls,0.0,2.5445
taboo,0.4223682498630137,2.6602
tabor,0.0,2.5
tabos,0.0,2.552
tabun,0.0,2.5666
tabus,0.0,2.5808
tacan,0.0,2.5891
taces,0.0,2.5017
tacet,0.0,2.5712
tache,0.0,2.5218
tachi,0.0,2.5838
tacho,0.0,2.5654
tachs,0.0,2.5616
tacit,1.0,2.6308
tacks,0.0,2.5774
tacky,0.2133987857534246,2.6042
tacos,0.0,2.516
tacts,0.0,2.6312
tadah,0.0,2.6551
taels,0.0,2.4691
taffy,0.0245049906849315,2.7595
tafia,0.0,2.6678
taggy,0.0,2.7074
tagma,0.0,2.6746
tagua,0.0,2.6485
tahas,0.0,2.626
tahrs,0.0,2.5249
taiga,0.0,2.6091
taigs,0.0,2.531
taiko,0.0,2.5733
tails,0.0,2.472
tains,0.0,2.4823
taint,1.0,2.5873
taira,0.0,2.541
taish,0.0,2.4912
taits,0.0,2.5828
tajes,0.0,2.6185
takas,0.0,2.6603
taken,0.532784429589041,2.5537
taker,1.0,2.5324
takes,0.0,2.5663
takhi,0.0,2.6409
takht,0.0,2.7069
takin,0.0,2.5494
takis,0.0,2.5753
takky,0.0,2.7516
talak,0.0,2.6257
talaq,0.0,2.7349
talar,0.0,2.5464
talas,0.0,2.5736
talcs,0.0,2.5152
talcy,0.0,2.5248
talea,0.0,2.5556
taler,0.0,2.4495
tales,0.0,2.4685
talik,0.0,2.5382
talks,0.0,2.5498
talky,1.0,2.5757
talls,0.0,2.6039
tally,0.2115737249315069,2.6282
talma,0.0,2.6229
talon,0.4643446487671233,2.4872
talpa,0.0,2.6039
taluk,0.0,2.5708
talus,0.850312,2.5142
tamal,0.0,2.6144
tamas,0.0,2.625
tamed,0.003896,2.5202
tamer,1.0,2.478
tames,0.0,2.5175
tamin,0.0,2.5251
tamis,0.0,2.5374
tammy,0.0,2.6922
tamps,0.0,2.5464
tanas,0.0,2.574
tanga,0.0,2.6202
tangi,0.0,2.5558
tango,1.0,2.532
tangs,0.0,2.5448
tangy,1.0,2.5456
tanhs,0.0,2.5348
tania,0.0,2.5635
tanka,0.0,2.6424
tanks,0.0,2.5551
tanky,0.0,2.5717
tanna,0.0,2.7047
tansu,0.0,2.5225
tansy,0.0,2.4939
tante,0.0,2.5484
tanti,0.0,2.6087
tanto,0.0,2.5978
tanty,0.0,2.6067
tapas,0.0,2.614
taped,0.003896,2.5129
tapen,0.0,2.4903
taper,0.8503450126027398,2.4643
tapes,0.0,2.4897
tapet,0.0,2.5655
tapir,0.898205,2.4749
tapis,0.0,2.5155
tappa,0.0,2.7581
tapus,0.0,2.5443
taras,0.0,2.5485
tardo,0.0,2.5149
tards,0.0,2.5262
tardy,0.5455598553424658,2.511
tared,0.0,2.457
tares,0.0,2.4517
targa,0.0,2.598
targe,0.0,2.4625
tarka,0.0,2.6175
tarns,0.0,2.4808
taroc,0.0,2.4907
tarok,0.0,2.523
taros,0.0,2.4712
tarot,1.0,2.5794
tarps,0.0,2.4871
tarre,0.0,2.5053
tarry,0.983579,2.5868
tarse,0.0,2.4142
tarsi,0.0,2.4847
tarte,0.0,2.511
tarts,0.0,2.5979
tarty,0.0,2.5856
tarzy,0.0,2.6164
tasar,0.0,2.5356
tasca,0.0,2.6033
tased,0.003896,2.4933
taser,0.885892,2.4593
tases,0.0,2.6287
tasks,0.0,2.7047
tassa,0.0,2.7036
tasse,0.0,2.5664
tasso,0.0,2.6222
taste,0.6806143561643836,2.5891
tasto,0.0,2.6085
tasty,0.8074560832876712,2.6629
tatar,0.0,2.6431
tater,0.968346,2.5864
tates,0.0,2.5699
taths,0.0,2.6468
tatie,0.0,2.5529
tatou,0.0,2.6691
tatts,0.0,2.7549
tatty,0.984315,2.8004
tatus,0.0,2.6323
taube,0.0,2.5293
tauld,0.0,2.5369
taunt,0.9443356449315068,2.6281
tauon,0.0,2.5248
taupe,0.0153796865753424,2.5023
tauts,0.0,2.6135
tauty,0.0,2.632
tavah,0.0,2.703
tavas,0.0,2.6827
taver,0.0,2.5262
tawaf,0.0,2.7541
tawai,0.0,2.7082
tawas,0.0,2.675
tawed,0.0,2.5678
tawer,0.0,2.5153
tawie,0.0,2.5495
tawny,0.5364345512328766,2.5928
tawse,0.0,2.5248
tawts,0.0,2.695
taxed,0.003896,2.6523
taxer,0.0,2.574
taxes,0.0,2.6416
taxis,0.0,2.6557
taxol,0.0,2.6247
taxon,0.0,2.6297
taxor,0.0,2.5886
taxus,0.0,2.6714
tayra,0.0,2.596
tazza,0.0,2.9143
tazze,0.0,2.7709
teach,0.2626754279452055,2.5209
teade,0.0,2.5551
teads,0.0,2.5169
teaed,0.0,2.5449
teaks,0.0,2.5417
teals,0.0,2.4712
teams,0.0,2.5192
tears,0.0,2.4651
teary,0.4460940405479452,2.4859
tease,1.0,2.556
teats,0.0,2.6275
teaze,0.0,2.659
techs,0.0,2.5909
techy,0.937924,2.6095
tecta,0.0,2.6213
tecum,0.0,2.6102
teddy,0.0007792000000000001,2.7036
teels,0.0,2.5786
teems,0.0,2.6417
teend,0.0,2.6027
teene,0.0,2.6792
teens,0.0,2.5929
teeny,1.0,2.6257
teers,0.0,2.548
teeth,0.0007792000000000001,2.7558
teets,0.0,2.6865
teffs,0.0,2.7683
teggs,0.0,2.7234
tegua,0.0,2.5662
tegus,0.0,2.5873
tehee,0.0,2.7353
tehrs,0.0,2.5399
teiid,0.0,2.6321
teils,0.0,2.4932
teind,0.0,2.5106
teins,0.0,2.4912
tekke,0.0,2.7997
telae,0.0,2.5277
telco,0.0,2.5293
teles,0.0,2.5568
telex,0.0,2.6907
telia,0.0,2.4967
telic,0.0,2.539
tells,0.0,2.6381
telly,0.0,2.6391
teloi,0.0,2.5395
telos,0.816387,2.5068
temed,0.0,2.6142
temes,0.0,2.6039
tempi,0.0,2.6007
tempo,0.5683731156164383,2.5613
temps,0.0,2.5695
tempt,1.0,2.659
temse,0.0,2.5772
tench,0.0,2.5618
tends,0.0,2.5343
tendu,0.0,2.5981
tenes,0.0,2.559
tenet,1.0,2.672
tenge,0.0,2.5895
tenia,0.0,2.4889
tenne,0.0,2.6777
tenno,0.0,2.6304
tenny,0.0,2.6488
tenon,0.0,2.6261
tenor,0.0007792000000000001,2.4706
tense,1.0,2.5541
tenth,0.6441131397260275,2.6601
tents,0.0,2.6272
tenty,0.0,2.6323
tenue,0.0,2.5798
tepal,0.0,2.4978
tepas,0.0,2.508
tepee,0.985428,2.7206
tepid,0.8685956208219178,2.5334
tepoy,0.0,2.5401
terai,0.0,2.4867
teras,0.0,2.4561
terce,0.0,2.5295
terek,0.0,2.5792
teres,0.0,2.5187
terfe,0.0,2.5842
terfs,0.0,2.5601
terga,0.0,2.5028
terms,0.0,2.5242
terne,0.0,2.5156
terns,0.0,2.4935
terra,1.0,2.5895
terre,0.0,2.5967
terry,0.990608,2.6191
terse,0.3493658169863013,2.5454
terts,0.0,2.5772
terza,0.0,2.5892
tesla,0.0,2.4964
testa,0.0,2.5996
teste,0.0,2.6544
tests,0.0,2.7746
testy,0.0007792000000000001,2.6772
tetes,0.0,2.6673
teths,0.0,2.6707
tetra,0.685589,2.6149
tetri,0.0,2.5937
teuch,0.0,2.5649
teugh,0.0,2.5976
tewed,0.0,2.6578
tewel,0.0,2.6322
tewit,0.0,2.683
texas,0.0,2.6361
texes,0.0,2.7016
texta,0.0,2.7524
texts,0.0,2.7867
thack,0.0,2.5977
thagi,0.0,2.6042
thaim,0.0,2.5601
thale,0.0,2.4908
thali,0.0,2.5526
thana,0.0,2.6179
thane,0.0,2.4961
thang,0.0,2.5754
thank,0.2590253063013698,2.5865
thans,0.0,2.5235
thanx,0.0,2.662
tharm,0.0,2.5437
thars,0.0,2.5092
thaws,0.0,2.6236
thawt,0.0,2.7087
thawy,0.0,2.6246
thebe,0.0,2.6595
theca,0.0,2.5336
theed,0.0,2.6167
theek,0.0,2.6624
thees,0.0,2.5915
theft,0.0007792000000000001,2.7349
thegn,0.0,2.5963
theic,0.0,2.5693
thein,0.0,2.5195
their,1.0,2.5231
thelf,0.0,2.6257
thema,0.0,2.5687
theme,0.94159805369863,2.6449
thens,0.0,2.5345
theor,0.0,2.5031
theow,0.0,2.62
there,0.8786334553424657,2.6012
therm,0.0,2.5635
these,0.5227465950684932,2.6036
thesp,0.0,2.5459
theta,0.835053,2.6727
thete,0.0,2.7004
thews,0.0,2.6366
thewy,0.0,2.6493
thick,0.0007792000000000001,2.6189
thief,0.7435789545205479,2.5779
thigh,0.3365903912328767,2.7312
thigs,0.0,2.587
thilk,0.0,2.5947
thill,0.0,2.6488
thine,0.970814,2.4984
thing,0.4880704394520548,2.5817
think,0.5446473249315068,2.5941
thins,0.0,2.5397
thiol,0.0,2.538
third,0.848519951780822,2.5346
thirl,0.0,2.5342
thoft,0.0,2.7114
thole,0.0,2.5171
tholi,0.0,2.5686
thong,1.0,2.5835
thorn,1.0,2.5126
thoro,0.0,2.6093
thorp,0.0,2.535
those,1.0,2.5085
thots,0.0,2.6416
thous,0.0,2.5585
thowl,0.0,2.6177
thrae,0.0,2.4704
thraw,0.0,2.589
three,0.5063210476712329,2.5725
threw,0.4962832131506849,2.5933
thrid,0.0,2.5585
thrip,0.0,2.5392
throb,0.0007792000000000001,2.5695
throe,0.0,2.4816
throw,0.5391721424657534,2.6143
thrum,0.0135546257534246,2.5891
thuds,0.0,2.6259
thugs,0.0,2.634
thuja,0.0,2.7269
thumb,0.0007792000000000001,2.6631
thump,0.7390163024657534,2.6271
thunk,0.0,2.6242
thurl,0.0,2.5598
thuya,0.0,2.6165
thyme,0.9370354016438356,2.599
thymi,0.0,2.656
thymy,0.0,2.7985
tians,0.0,2.49
tiara,1.0,2.5963
tiare,0.0,2.4334
tiars,0.0,2.4793
tibia,0.9397729928767125,2.7102
tical,0.0,2.5183
ticca,0.0,2.6686
ticed,0.0,2.5311
tices,0.0,2.5184
tichy,0.0,2.6059
ticks,0.0,2.5922
ticky,0.0,2.6386
tidal,0.3849545030136986,2.5117
tiddy,0.0,2.7187
tided,0.003896,2.651
tides,0.0,2.5075
tiefs,0.0,2.5731
tiers,0.0,2.493
tiffs,0.0,2.7419
tifos,0.0,2.5929
tifts,0.0,2.7026
tiger,1.0,2.4963
tiges,0.0,2.5352
tight,1.0,2.708
tigon,0.0,2.5366
tikas,0.0,2.586
tikes,0.0,2.5688
tikia,0.0,2.7167
tikis,0.0,2.7236
tikka,0.0,2.7469
tilak,0.0,2.5503
tilde,0.904462,2.4892
tiled,0.003896,2.4921
tiler,0.0,2.4713
tiles,0.0,2.4662
tills,0.0,2.6203
tilly,0.0,2.6335
tilth,0.0,2.6483
tilts,0.0,2.6189
timbo,0.0,2.6238
timed,0.003896,2.5372
timer,0.1011575452054794,2.4933
times,0.0,2.5256
timid,1.0,2.688
timon,0.0,2.5379
timps,0.0,2.5857
tinas,0.0,2.505
tinct,0.0,2.614
tinds,0.0,2.5703
tinea,0.0,2.4823
tined,0.0,2.498
tines,0.0,2.4822
tinge,0.0007792000000000001,2.5085
tings,0.0,2.5462
tinks,0.0,2.5743
tinny,1.0,2.6728
tinto,0.0,2.6036
tints,0.0,2.6157
tinty,0.0,2.6264
tipis,0.0,2.6613
tippy,0.0,2.6997
tipsy,1.0,2.5448
tipup,0.0,2.7049
tired,1.0,2.4701
tires,0.0,2.4713
tirls,0.0,2.5132
tiros,0.0,2.4942
tirrs,0.0,2.5857
tirth,0.0,2.6115
titan,0.3721790772602739,2.6249
titar,0.0,2.5583
titas,0.0,2.6173
titch,0.0,2.6688
titer,0.704872,2.5974
tithe,0.4068552328767122,2.6389
tithi,0.0,2.8157
titin,0.0,2.7343
titir,0.0,2.6956
titis,0.0,2.7567
title,0.2517250630136986,2.583
titre,0.0,2.535
titty,0.0,2.7911
titup,0.0,2.6669
tiyin,0.0,2.6676
tiyns,0.0,2.5497
tizes,0.0,2.6259
tizzy,0.0007792000000000001,2.8491
toads,0.0,2.5287
toady,0.0007792000000000001,2.554
toast,0.143133944109589,2.6017
toaze,0.0,2.599
tocks,0.0,2.6113
tocky,0.0,2.6297
tocos,0.0,2.6375
today,1.0,2.5503
todde,0.0,2.6447
toddy,0.965948,2.7026
todea,0.0,2.5172
todos,0.0,2.661
toeas,0.0,2.5012
toffs,0.0,2.7563
toffy,0.0,2.7692
tofts,0.0,2.6956
tofus,0.0,2.5998
togae,0.0,2.5103
togas,0.0,2.5477
toged,0.0,2.5502
toges,0.0,2.5405
togue,0.0,2.5306
tohos,0.0,2.6491
toidy,0.0,2.5611
toile,0.0,2.4519
toils,0.0,2.477
toing,0.0,2.5342
toise,0.0,2.4637
toits,0.0,2.5955
toity,0.0,2.6245
tokay,0.0,2.6059
toked,0.0,2.6047
token,0.0007792000000000001,2.5673
toker,0.0,2.5453
tokes,0.0,2.5775
tokos,0.0,2.6953
tolan,0.0,2.5064
tolar,0.0,2.4694
tolas,0.0,2.5047
toled,0.0,2.5091
toles,0.0,2.4953
tolls,0.0,2.6291
tolly,0.0,2.6293
tolts,0.0,2.6133
tolus,0.0,2.5318
tolyl,0.0,2.6634
toman,0.0,2.5353
tombo,0.0,2.7067
tombs,0.0,2.5966
tomen,0.0,2.5295
tomes,0.0,2.5254
tomia,0.0,2.5482
tomin,0.0,2.5355
tomme,0.0,2.6658
tommy,0.0,2.7132
tomos,0.0,2.6465
tomoz,0.0,2.7871
tonal,1.0,2.4819
tondi,0.0,2.5657
tondo,0.0,2.6456
toned,0.003896,2.5042
toner,1.0,2.4606
tones,0.0,2.4875
toney,0.783797,2.5065
tonga,0.031973,2.5443
tongs,0.0,2.5514
tonic,0.6559760350684931,2.5167
tonka,0.0,2.5688
tonks,0.0,2.5743
tonne,0.0,2.5911
tonus,0.0,2.5207
tools,0.0,2.6056
tooms,0.0,2.6403
toons,0.0,2.5878
tooth,0.1394838224657534,2.7671
toots,0.0,2.7393
topaz,0.6587136263013699,2.6504
toped,0.0,2.5351
topee,0.0,2.5622
topek,0.0,2.5749
toper,0.0,2.483
topes,0.0,2.5159
tophe,0.0,2.5372
tophi,0.0,2.5942
tophs,0.0,2.5663
topic,0.5200090038356164,2.5471
topis,0.0,2.532
topoi,0.0,2.6559
topos,0.0,2.6305
toppy,0.0,2.6885
toque,0.0,2.6685
torah,0.276178,2.5066
toran,0.0,2.477
toras,0.0,2.4793
torch,0.2599378367123288,2.527
torcs,0.0,2.5061
tores,0.0,2.4664
toric,0.0,2.5197
torii,0.0,2.6204
toros,0.0,2.5797
torot,0.0,2.6584
torrs,0.0,2.5777
torse,0.0,2.4457
torsi,0.0,2.5001
torsk,0.0,2.533
torso,0.8640329687671233,2.5825
torta,0.980266,2.608
torte,1.0,2.5778
torts,0.0,2.5961
torus,0.835053,2.5173
tosas,0.0,2.6265
tosed,0.0,2.5232
toses,0.0,2.6171
toshy,0.0,2.5604
tossy,0.0,2.6369
tosyl,0.0,2.5594
total,0.1604720219178082,2.6103
toted,0.003896,2.6364
totem,1.0,2.643
toter,0.0,2.5579
totes,0.0,2.6265
totty,0.0,2.7818
touch,0.5136212909589042,2.5825
tough,0.7654796843835616,2.6053
touks,0.0,2.594
touns,0.0,2.5181
tours,0.0,2.5176
touse,0.0,2.4784
tousy,0.0,2.5186
touts,0.0,2.6532
touze,0.0,2.6309
touzy,0.0,2.6775
towai,0.0,2.6398
towed,0.003896,2.5975
towel,0.428755962739726,2.5624
tower,0.0007792000000000001,2.5527
towie,0.0,2.572
towno,0.0,2.6826
towns,0.0,2.5932
towny,0.0,2.5974
towse,0.0,2.5537
towsy,0.0,2.5929
towts,0.0,2.7059
towze,0.0,2.7046
towzy,0.0,2.7575
toxic,0.780080170958904,2.68
toxin,0.4360562060273972,2.6586
toyed,0.003896,2.5563
toyer,0.0,2.5164
toyon,0.0,2.6312
toyos,0.0,2.6441
tozed,0.0,2.6502
tozes,0.0,2.6383
tozie,0.0,2.6223
trabs,0.0,2.5356
trace,1.0,2.442
track,0.1075452580821918,2.5441
tract,0.6751391736986302,2.5937
trade,0.5555976898630137,2.4648
trads,0.0,2.5283
trady,0.0,2.5389
traga,0.0,2.6
tragi,0.0,2.5319
trags,0.0,2.5238
tragu,0.0,2.5623
traik,0.0,2.5209
trail,0.1276209271232876,2.4688
train,1.0,2.4652
trait,1.0,2.5869
tramp,1.0,2.5132
trams,0.0,2.5086
trank,0.0,2.5261
tranq,0.0,2.6266
trans,1.0,2.4742
trant,0.0,2.5535
trape,0.0,2.4523
trapo,0.0,2.5015
traps,0.0,2.4906
trapt,0.0,2.573
trash,1.0,2.5035
trass,0.0,2.5902
trats,0.0,2.5734
tratt,0.0,2.705
trave,0.0,2.513
trawl,0.996246,2.5515
trayf,0.0,2.5849
trays,0.0,2.5171
tread,1.0,2.4944
treat,0.9598486619178082,2.6065
treck,0.0,2.5683
treed,0.003896,2.5771
treen,0.0,2.5222
trees,0.0,2.5745
trefa,0.0,2.5415
treif,0.0,2.5402
treks,0.0,2.5716
trema,0.0,2.5071
trems,0.0,2.5404
trend,0.780992701369863,2.5028
tress,0.829263,2.6479
trest,0.0,2.5648
trets,0.0,2.5896
trews,0.0,2.5733
treyf,0.0,2.6133
treys,0.0,2.5538
triac,0.0,2.4988
triad,0.998893,2.4947
trial,0.0007792000000000001,2.4836
tribe,1.0,2.4852
trice,0.873821,2.4539
trick,0.0007792000000000001,2.5471
tride,0.0,2.4743
tried,1.0,2.4734
trier,0.900374,2.5761
tries,0.0,2.4678
trifa,0.0,2.5477
triff,0.0,2.7132
trigo,0.0,2.5231
trigs,0.0,2.5399
trike,0.904462,2.511
trild,0.0,2.5325
trill,0.999079,2.6195
trims,0.0,2.5257
trine,0.0,2.4461
trins,0.0,2.4993
triol,0.0,2.4918
trior,0.0,2.553
trios,0.0,2.4858
tripe,0.0537059638356164,2.4632
trips,0.0,2.5018
tripy,0.0,2.5282
trist,0.0,2.5573
trite,0.9881371046575342,2.5671
troad,0.0,2.5023
troak,0.0,2.5343
troat,0.0,2.5516
trock,0.0,2.5593
trode,0.0,2.4797
trods,0.0,2.544
trogs,0.0,2.5404
trois,0.0,2.4888
troke,0.0,2.5233
troll,1.0,2.6142
tromp,0.953185,2.5259
trona,0.0,2.4829
tronc,0.0,2.5105
trone,0.0,2.4623
tronk,0.0,2.5424
trons,0.0,2.4984
troop,0.1111953797260274,2.6168
trooz,0.0,2.7071
trope,1.0,2.4591
tropo,0.0,2.5979
troth,0.0,2.6061
trots,0.0,2.6077
trout,0.0582686158904109,2.6274
trove,1.0,2.5547
trows,0.0,2.5722
troys,0.0,2.5392
truce,1.0,2.4939
truck,0.0007792000000000001,2.5864
trued,0.0,2.4971
truer,1.0,2.6141
trues,0.0,2.4847
trugo,0.0,2.5448
trugs,0.0,2.5644
trull,0.0,2.6456
truly,0.2216115594520548,2.5302
trump,1.0,2.5696
trunk,1.0,2.5823
truss,0.999306,2.6634
trust,0.5464723857534247,2.6267
truth,0.5811485413698629,2.6717
tryer,0.0,2.6173
tryke,0.0,2.599
tryma,0.0,2.5727
tryps,0.0,2.5745
tryst,0.9863120438356164,2.6632
tsade,0.0,2.5245
tsadi,0.0,2.5984
tsars,0.0,2.6323
tsked,0.0,2.6486
tsuba,0.0,2.6228
tsubo,0.0,2.6217
tuans,0.0,2.5097
tuart,0.0,2.5742
tuath,0.0,2.6381
tubae,0.0,2.5393
tubal,0.95487,2.5618
tubar,0.0,2.5291
tubas,0.0,2.5766
tubby,0.976207,2.7743
tubed,0.003896,2.5824
tuber,0.0007792000000000001,2.5328
tubes,0.0,2.5664
tucks,0.0,2.6183
tufas,0.0,2.5999
tuffe,0.0,2.7481
tuffs,0.0,2.7841
tufts,0.0,2.7439
tufty,0.638004,2.7555
tugra,0.0,2.5491
tuile,0.0,2.4871
tuina,0.0,2.526
tuism,0.0,2.5421
tuktu,0.0,2.8961
tules,0.0,2.5136
tulip,0.0007792000000000001,2.5364
tulle,1.0,2.6186
tulpa,0.0,2.5585
tulps,0.0,2.5577
tulsi,0.0,2.5496
tumid,0.0,2.6098
tummy,1.0,2.7439
tumor,1.0,2.5288
tumps,0.0,2.607
tumpy,0.0,2.6212
tunas,0.0,2.523
tunds,0.0,2.6068
tuned,0.003896,2.524
tuner,1.0,2.4974
tunes,0.0,2.5127
tungs,0.0,2.5859
tunic,0.228911802739726,2.5516
tunny,0.0,2.6755
tupek,0.0,2.5966
tupik,0.0,2.6113
tuple,0.0,2.5209
tuque,0.0,2.824
turbo,0.0801693457534246,2.5667
turds,0.0,2.541
turfs,0.0,2.5833
turfy,0.0,2.6053
turks,0.0,2.5831
turme,0.0,2.5133
turms,0.0,2.5563
turns,0.0,2.5162
turnt,0.0,2.5962
turon,0.0,2.5096
turps,0.0,2.532
turrs,0.0,2.607
tushy,0.0,2.5891
tusks,0.0,2.7592
tusky,0.0,2.6196
tutee,0.0,2.6616
tutes,0.0,2.617
tutor,0.3794793205479452,2.634
tutti,0.0,2.8167
tutty,0.0,2.8151
tutus,0.0,2.8358
tuxes,0.0,2.6777
tuyer,0.0,2.5436
twaes,0.0,2.5501
twain,0.978142,2.5851
twals,0.0,2.5785
twang,0.961673722739726,2.6256
twank,0.0,2.6354
twats,0.0,2.6964
tways,0.0,2.6377
tweak,0.4853328482191781,2.6621
tweed,1.0,2.7057
tweel,0.0,2.639
tween,1.0,2.6655
tweep,0.0,2.6714
tweer,0.0,2.611
tweet,0.0007792000000000001,2.7861
twerk,0.929785,2.6489
twerp,0.941412,2.5965
twice,0.9625862531506848,2.5692
twier,0.0,2.526
twigs,0.0,2.6377
twill,0.993559,2.6944
twilt,0.0,2.6781
twine,0.9206098542465754,2.5562
twink,0.0,2.6428
twins,0.0,2.5904
twiny,0.0,2.6028
twire,0.0,2.517
twirk,0.0,2.6292
twirl,0.5026709260273973,2.576
twirp,0.0,2.5871
twist,0.2051860120547945,2.7003
twite,0.0,2.6577
twits,0.0,2.7196
twixt,0.816387,2.849
twocs,0.0,2.6237
twoer,0.0,2.5349
twonk,0.0,2.6456
twyer,0.0,2.6097
tyees,0.0,2.6261
tyers,0.0,2.5363
tying,1.0,2.5859
tyiyn,0.0,2.7162
tykes,0.0,2.6206
tyler,0.0,2.5467
tymps,0.0,2.6531
tynde,0.0,2.5924
tyned,0.0,2.5774
tynes,0.0,2.563
typal,0.0,2.5559
typed,0.003896,2.5876
types,0.0,2.5544
typey,0.0,2.7203
typic,0.0,2.6265
typos,0.0,2.5764
typps,0.0,2.7481
typto,0.0,2.6961
tyran,0.0,2.5322
tyred,0.0,2.5453
tyres,0.0,2.5307
tyros,0.0,2.5363
tythe,0.0,2.708
tzars,0.0,2.6285
ubacs,0.0,2.6436
ubity,0.0,2.6276
udals,0.0,2.6185
udder,0.1449590049315068,2.7061
udons,0.0,2.6267
udyog,0.0,2.7059
ugali,0.0,2.6499
ugged,0.0,2.7872
uhlan,0.0,2.604
uhuru,0.0,2.9018
ukase,0.0,2.5907
ulama,0.0,2.678
ulans,0.0,2.5503
ulcer,1.0,2.5394
ulema,0.0,2.5886
ulmin,0.0,2.6007
ulmos,0.0,2.6059
ulnad,0.0,2.5908
ulnae,0.0,2.5222
ulnar,0.991254,2.539
ulnas,0.0,2.5662
ulpan,0.0,2.5766
ultra,1.0,2.5351
ulvas,0.0,2.6642
ulyie,0.0,2.5729
ulzie,0.0,2.6722
umami,1.0,2.803
umbel,0.0,2.6452
umber,0.975518,2.6091
umble,0.0,2.6406
umbos,0.0,2.6872
umbra,0.0007792000000000001,2.6341
umbre,0.0,2.6145
umiac,0.0,2.6577
umiak,0.0,2.6916
umiaq,0.0,2.8069
ummah,0.0,2.7977
ummas,0.0,2.7733
ummed,0.0,2.7763
umped,0.0,2.6454
umphs,0.0,2.7055
umpie,0.0,2.6125
umpty,0.0,2.6497
umrah,0.0,2.6143
umras,0.0,2.5872
unagi,0.0,2.6555
unais,0.0,2.5876
unapt,0.0,2.5626
unarm,0.052968,2.5776
unary,0.0,2.5675
unaus,0.0,2.7166
unbag,0.0,2.6818
unban,0.0,2.7554
unbar,0.0,2.5914
unbed,0.0,2.6416
unbid,0.0,2.6668
unbox,0.823057,2.7773
uncap,0.823057,2.5988
unces,0.0,2.6095
uncia,0.0,2.6122
uncle,0.5774984197260274,2.5462
uncos,0.0,2.6103
uncoy,0.0,2.616
uncus,0.0,2.7727
uncut,1.0,2.7135
undam,0.0,2.6691
undee,0.0,2.6406
under,0.7472290761643836,2.5498
undid,0.0007792000000000001,2.7517
undos,0.0,2.6341
undue,0.8676830904109588,2.7203
undug,0.0,2.8313
uneth,0.0,2.5882
unfed,0.941412,2.6402
unfit,0.9707990268493152,2.6232
unfix,0.0,2.806
ungag,0.0,2.7777
unget,0.0,2.5727
ungod,0.0,2.6468
ungot,0.0,2.5841
ungum,0.0,2.8276
unhat,0.0,2.6032
unhip,0.981327,2.6457
unica,0.0,2.5954
unify,1.0,2.6669
union,0.0007792000000000001,2.748
unios,0.0,2.5763
unite,0.8850211682191781,2.5346
units,0.0,2.5566
unity,0.0007792000000000001,2.5947
unjam,0.663523,2.7702
unked,0.0,2.6815
unket,0.0,2.6216
unkey,0.0,2.6859
unkid,0.0,2.6901
unkut,0.0,2.7866
unlap,0.0,2.5978
unlaw,0.0,2.6738
unlay,0.0,2.5898
unled,0.0,2.586
unleg,0.0,2.6126
unlet,0.0,2.5392
unlid,0.0,2.6141
unlit,0.8065435528767124,2.5425
unmad,0.0,2.6544
unman,0.0,2.7474
unmet,1.0,2.5604
unmew,0.0,2.7183
unmix,0.0,2.7673
unode,0.0,2.5903
unold,0.0,2.5988
unown,0.0,2.7936
unpay,0.0,2.6097
unpeg,0.0,2.6439
unpen,0.0,2.7142
unpin,0.750523,2.7301
unply,0.0,2.6178
unpot,0.0,2.5749
unput,0.0,2.7325
unred,0.0,2.5635
unrid,0.0,2.5927
unrig,0.0,2.6101
unrip,0.0,2.5855
unsaw,0.0,2.6698
unsay,0.060813,2.6028
unsee,0.955411,2.6465
unset,0.801422,2.529
unsew,0.0,2.6648
unsex,0.0,2.715
unsod,0.0,2.6194
unsub,0.0,2.8049
untag,0.750523,2.6054
untax,0.0,2.706
untie,0.7609170323287671,2.5426
until,0.5592478115068493,2.5512
untin,0.0,2.6835
unwed,1.0,2.6682
unwet,0.0,2.63
unwit,0.0,2.6455
unwon,0.0,2.8064
unzip,0.7353661808219178,2.7449
upbow,0.0,2.7679
upbye,0.0,2.7014
updos,0.0,2.6577
updry,0.0,2.6415
upend,1.0,2.602
upful,0.0,2.8281
upjet,0.0,2.7078
uplay,0.0,2.5982
upled,0.0,2.5952
uplit,0.0,2.5591
upped,0.003896,2.7442
upper,0.1504341873972602,2.698
upran,0.0,2.5705
uprun,0.0,2.7283
upsee,0.0,2.629
upset,0.9799243309589042,2.5351
upsey,0.0,2.6069
uptak,0.0,2.6414
upter,0.0,2.5372
uptie,0.0,2.5486
uraei,0.0,2.5762
urali,0.0,2.5753
uraos,0.0,2.5439
urare,0.0,2.5985
urari,0.0,2.675
urase,0.0,2.4887
urate,0.0,2.478
urban,0.4497441621917808,2.5656
urbex,0.0,2.7085
urbia,0.0,2.6017
urdee,0.0,2.586
ureal,0.0,2.5234
ureas,0.0,2.5261
uredo,0.0,2.575
ureic,0.0,2.574
ureid,0.0,2.5587
urena,0.0,2.5364
urent,0.0,2.5076
urged,0.003896,2.5729
urger,0.0,2.6556
urges,0.0,2.5795
urial,0.0,2.5468
urine,1.0,2.5112
urite,0.0,2.4913
urman,0.0,2.5747
urnal,0.0,2.5536
urned,0.0,2.5429
urped,0.0,2.5516
ursae,0.0,2.5031
ursid,0.0,2.582
urson,0.0,2.5444
urubu,0.0,2.92
urupa,0.0,2.7046
urvas,0.0,2.6404
usage,0.7983307791780822,2.6171
usens,0.0,2.7258
users,0.0,2.7273
useta,0.0,2.5604
usher,1.0,2.6166
using,1.0,2.635
usnea,0.0,2.5815
usnic,0.0,2.6251
usque,0.0,2.8926
ustad,0.0,2.6116
uster,0.0,2.5385
usual,0.8539951342465754,2.7294
usure,0.0,2.6745
usurp,0.924259975890411,2.7203
usury,0.986086,2.7444
uteri,0.0,2.566
utero,0.0,2.544
utile,0.736992,2.5289
utter,0.7070777380821918,2.6672
uveal,0.0,2.6536
uveas,0.0,2.677
uvula,0.2143113161643836,2.8066
vacas,0.0,2.7326
vacay,0.0,2.7397
vacua,0.0,2.763
vacui,0.0,2.7119
vacuo,0.0,2.682
vadas,0.0,2.752
vaded,0.0,2.7277
vades,0.0,2.6073
vadge,0.0,2.634
vagal,0.0,2.7169
vague,0.7892054750684931,2.6656
vagus,0.0,2.695
vaids,0.0,2.6496
vails,0.0,2.5803
vaire,0.0,2.5213
vairs,0.0,2.5768
vairy,0.0,2.5913
vajra,0.0,2.8351
vakas,0.0,2.7849
vakil,0.0,2.6595
vales,0.0,2.5756
valet,0.8831961073972603,2.5575
valid,0.9123970805479452,2.6224
valis,0.0,2.598
valli,0.0,2.7369
valor,0.99315,2.5752
valse,0.0,2.5423
value,0.3913422158904109,2.6125
valve,1.0,2.7566
vamps,0.0,2.6733
vampy,0.971953,2.6744
vanda,0.0,2.7451
vaned,0.0,2.5819
vanes,0.0,2.5979
vanga,0.0,2.7381
vangs,0.0,2.6604
vants,0.0,2.5984
vaped,0.003896,2.6224
vaper,0.0,2.5622
vapes,0.0,2.6253
vapid,0.3986424591780821,2.6581
vapor,1.0,2.5896
varan,0.0,2.6542
varas,0.0,2.6659
varda,0.0,2.7135
vardo,0.0,2.6135
vardy,0.0,2.6375
varec,0.0,2.5592
vares,0.0,2.545
varia,0.0,2.6675
varix,0.0,2.717
varna,0.0,2.6645
varus,0.0,2.6202
varve,0.0,2.6873
vasal,0.0,2.6855
vases,0.0,2.7477
vasts,0.0,2.7304
vasty,0.0,2.6206
vatas,0.0,2.6852
vatha,0.0,2.7356
vatic,0.0,2.6189
vatje,0.0,2.7033
vatos,0.0,2.5981
vatus,0.0,2.6312
vauch,0.0,2.6737
vault,0.3539284690410958,2.5984
vaunt,0.816387,2.6116
vaute,0.0,2.5801
vauts,0.0,2.6197
vawte,0.0,2.6377
vaxes,0.0,2.7344
veale,0.0,2.6141
veals,0.0,2.5822
vealy,0.0,2.5907
veena,0.0,2.6859
veeps,0.0,2.7364
veers,0.0,2.7165
veery,0.0,2.7031
vegan,0.0007792000000000001,2.6548
vegas,0.0,2.6672
veges,0.0,2.7309
veggo,0.0,2.836
vegie,0.0,2.697
vegos,0.0,2.6862
vehme,0.0,2.7711
veils,0.0,2.6123
veily,0.0,2.6109
veins,0.0,2.6296
veiny,0.911774,2.643
velar,0.0,2.5453
velds,0.0,2.6684
veldt,0.904462,2.6091
veles,0.0,2.6659
vells,0.0,2.7472
velum,0.0,2.7014
venae,0.0,2.6429
venal,1.0,2.6023
venas,0.0,2.6115
vends,0.0,2.646
vendu,0.0,2.7137
veney,0.0,2.7097
venge,0.0,2.7054
venin,0.0,2.7445
venom,0.6687514608219178,2.6581
venti,0.967348,2.6238
vents,0.0,2.6083
venue,0.0007792000000000001,2.7331
venus,0.0,2.6726
verba,0.0,2.6284
verbs,0.0,2.6551
verde,0.0,2.6462
verge,0.4734699528767123,2.6931
verra,0.0,2.6585
verre,0.0,2.715
verry,0.0,2.7225
versa,0.0,2.565
verse,0.0920322410958904,2.6604
verso,0.902458,2.5968
verst,0.0,2.5443
verte,0.0,2.6052
verts,0.0,2.5975
vertu,0.0,2.6264
verve,0.6240374706849314,2.8285
vespa,0.0,2.6448
vesta,0.0,2.5976
vests,0.0,2.7536
vetch,0.0,2.6764
veuve,0.0,2.8653
veves,0.0,2.8549
vexed,0.003896,2.8552
vexer,0.0,2.784
vexes,0.0,2.8691
vexil,0.0,2.7398
vezir,0.0,2.7138
vials,0.0,2.6055
viand,0.0,2.6232
vibed,0.0,2.6587
vibes,0.0,2.6522
vibex,0.0,2.7868
vibey,0.0,2.6883
vicar,1.0,2.614
viced,0.0,2.633
vices,0.0,2.6396
vichy,0.0,2.7232
vicus,0.0,2.7061
video,0.3265525567123287,2.646
viers,0.0,2.6009
vieux,0.0,2.8137
views,0.0,2.7283
viewy,0.0,2.7505
vifda,0.0,2.7679
viffs,0.0,2.8926
vigas,0.0,2.6792
vigia,0.0,2.7984
vigil,1.0,2.7736
vigor,0.915134671780822,2.6298
vilde,0.0,2.5983
viler,0.0,2.5633
villa,0.0838194673972602,2.7443
ville,0.0,2.6841
villi,0.0,2.8844
vills,0.0,2.7458
vimen,0.0,2.6339
vinal,0.0,2.5957
vinas,0.0,2.6212
vinca,0.0,2.633
vined,0.003896,2.6236
viner,0.0,2.5662
vines,0.0,2.6197
vinew,0.0,2.6762
vinho,0.0,2.6777
vinic,0.0,2.7831
vinny,0.0,2.7751
vinos,0.0,2.6208
vints,0.0,2.6127
vinyl,0.2234366202739726,2.6515
viola,0.5829736021917808,2.6296
viold,0.0,2.6209
viols,0.0,2.6091
viper,1.0,2.5851
viral,1.0,2.5973
vired,0.0,2.5711
vireo,0.0,2.5735
vires,0.0,2.5732
virga,0.0,2.6312
virge,0.0,2.5879
virgo,0.0,2.6373
virid,0.0,2.7478
virls,0.0,2.6202
virtu,0.0,2.6431
virus,1.0,2.6598
visas,0.0,2.7826
vised,0.0,2.618
vises,0.0,2.757
visie,0.0,2.7192
visit,0.0007792000000000001,2.7383
visna,0.0,2.6241
visne,0.0,2.5838
vison,0.0,2.6156
visor,0.2124862553424657,2.6092
vista,1.0,2.6285
visto,0.0,2.6216
vitae,0.0,2.5592
vital,1.0,2.5981
vitas,0.0,2.6074
vitex,0.0,2.7093
vitro,1.0,2.6044
vitta,0.0,2.7192
vivas,0.0,2.8072
vivat,0.0,2.7552
vivda,0.0,2.8501
viver,0.0,2.7435
vives,0.0,2.7851
vivid,1.0,2.9472
vivos,0.0,2.8094
vivre,0.0,2.7258
vixen,0.0226799298630137,2.7602
vizir,0.0,2.8598
vizor,0.0,2.7213
vlast,0.0,2.5564
vleis,0.0,2.6173
vlies,0.0,2.5755
vlogs,0.0,2.6469
voars,0.0,2.5786
vobla,0.0,2.6574
vocab,0.0,2.7008
vocal,0.0007792000000000001,2.6238
voces,0.0,2.6338
voddy,0.0,2.818
vodka,1.0,2.7174
vodou,0.0,2.8108
vodun,0.0,2.6715
voema,0.0,2.6653
vogie,0.0,2.6259
vogue,0.0007792000000000001,2.6835
voice,0.999087469589041,2.5941
voici,0.0,2.766
voids,0.0,2.6411
voila,0.4159805369863014,2.6222
voile,0.968989,2.5819
voips,0.0,2.632
volae,0.0,2.5653
volar,0.0,2.5575
voled,0.0,2.594
voles,0.0,2.5878
volet,0.0,2.5543
volke,0.0,2.6502
volks,0.0,2.6882
volta,0.0,2.5954
volte,0.0,2.5678
volti,0.0,2.6251
volts,0.0,2.6028
volva,0.0,2.7822
volve,0.0,2.7518
vomer,0.0,2.6032
vomit,1.0,2.6221
voted,0.003896,2.6158
voter,0.761829562739726,2.5724
votes,0.0,2.6015
vouch,1.0,2.6936
vouge,0.0,2.6517
voulu,0.0,2.7961
vowed,0.003896,2.6901
vowel,0.0007792000000000001,2.658
vower,0.0,2.6467
voxel,0.0,2.7196
voxes,0.0,2.7529
vozhd,0.0,2.8509
vraic,0.0,2.605
vrils,0.0,2.6189
vroom,0.926242,2.739
vrous,0.0,2.6335
vrouw,0.0,2.7145
vrows,0.0,2.696
vuggs,0.0,2.8726
vuggy,0.0,2.8833
vughs,0.0,2.7707
vughy,0.0,2.7817
vulgo,0.0,2.6966
vulns,0.0,2.6683
vulva,0.0,2.8244
vutty,0.0,2.7855
vygie,0.0,2.7099
vying,0.1887604646575343,2.6947
waacs,0.0,2.7078
wacke,0.0,2.6405
wacko,0.994431,2.6956
wacks,0.0,2.6936
wacky,0.990874695890411,2.7169
wadas,0.0,2.7376
wadds,0.0,2.7953
waddy,0.0,2.794
waded,0.003896,2.7405
wader,0.721877,2.5783
wades,0.0,2.5985
wadge,0.0,2.6236
wadis,0.0,2.6469
wadts,0.0,2.6369
wafer,0.1632096131506849,2.6259
waffs,0.0,2.8584
wafts,0.0,2.6567
waged,0.003896,2.6273
wager,1.0,2.593
wages,0.0,2.6204
wagga,0.0,2.8919
wagon,0.2526375934246575,2.628
wagyu,0.0,2.739
wahay,0.0,2.7537
wahey,0.0,2.6513
wahoo,0.0,2.7625
waide,0.0,2.578
waifs,0.0,2.6726
waift,0.0,2.622
wails,0.0,2.5787
wains,0.0,2.5804
wairs,0.0,2.5653
waist,0.0007792000000000001,2.5591
waite,0.0,2.5303
waits,0.0,2.5866
waive,1.0,2.6806
wakas,0.0,2.7622
waked,0.003896,2.6703
waken,0.870413,2.638
waker,0.0,2.6096
wakes,0.0,2.6553
wakfs,0.0,2.7603
waldo,0.0,2.6362
walds,0.0,2.6423
waled,0.0,2.5645
waler,0.0,2.5302
wales,0.0,2.5611
walie,0.0,2.5478
walis,0.0,2.595
walks,0.0,2.6497
walla,0.0,2.7978
walls,0.0,2.7191
wally,0.0,2.7048
walty,0.0,2.5858
waltz,0.8950590027397259,2.6995
wamed,0.0,2.6215
wames,0.0,2.6206
wamus,0.0,2.692
wands,0.0,2.6223
waned,0.003896,2.5751
wanes,0.0,2.5693
waney,0.0,2.5855
wangs,0.0,2.6379
wanks,0.0,2.6553
wanky,0.0,2.6646
wanle,0.0,2.5403
wanly,0.990889,2.5957
wanna,0.0,2.8109
wanta,0.0,2.6664
wants,0.0,2.572
wanty,0.0,2.5876
wanze,0.0,2.6827
waqfs,0.0,2.8606
warbs,0.0,2.6324
warby,0.0,2.6414
wards,0.0,2.6038
wared,0.0,2.5376
wares,0.0,2.5614
warez,0.0,2.6545
warks,0.0,2.6299
warms,0.0,2.603
warns,0.0,2.5631
warps,0.0,2.5917
warre,0.0,2.5953
warst,0.0,2.5137
warts,0.0,2.5613
warty,0.948172,2.5638
wases,0.0,2.7017
washi,0.0,2.6831
washy,0.0,2.6594
wasms,0.0,2.7747
wasps,0.0,2.7533
waspy,0.0,2.6343
waste,0.9589361315068492,2.5505
wasts,0.0,2.7115
watap,0.0,2.6912
watch,1.0,2.6193
water,0.0007792000000000001,2.5399
watts,0.0,2.7077
wauff,0.0,2.8769
waugh,0.0,2.691
wauks,0.0,2.6936
waulk,0.0,2.6629
wauls,0.0,2.6176
waurs,0.0,2.6127
waved,0.003896,2.6899
waver,0.0007792000000000001,2.6659
waves,0.0,2.6909
wavey,0.0,2.6988
wawas,0.0,2.8724
wawes,0.0,2.752
wawls,0.0,2.7652
waxed,0.003896,2.7386
waxen,0.0007792000000000001,2.7181
waxer,0.0,2.6766
waxes,0.0,2.7363
wayed,0.0,2.6235
wazir,0.0,2.7028
wazoo,0.0,2.855
weald,0.0,2.5732
weals,0.0,2.5689
weamb,0.0,2.6856
weans,0.0,2.5839
wears,0.0,2.5795
weary,1.0,2.5833
weave,0.0007792000000000001,2.7801
webby,0.0,2.8626
weber,0.0,2.6723
wecht,0.0,2.6561
wedel,0.0,2.6542
wedge,0.9926997567123288,2.729
wedgy,0.0,2.7117
weeds,0.0,2.7261
weedy,0.0646563287671232,2.7669
weeis,0.0,2.6861
weeke,0.0,2.857
weeks,0.0,2.7754
weels,0.0,2.6753
weems,0.0,2.7359
weens,0.0,2.6783
weeny,0.0,2.7073
weeps,0.0,2.7152
weepy,1.0,2.7509
weest,0.0,2.6184
weete,0.0,2.7721
weets,0.0,2.6626
wefte,0.0,2.7179
wefts,0.0,2.6843
weids,0.0,2.6261
weigh,0.0007792000000000001,2.6687
weils,0.0,2.58
weird,0.2270867419178082,2.5828
weirs,0.0,2.572
weise,0.0,2.6122
weize,0.0,2.7705
wekas,0.0,2.6756
welch,0.0,2.6569
welds,0.0,2.6268
welke,0.0,2.712
welks,0.0,2.6811
welkt,0.0,2.6515
wells,0.0,2.7278
welly,0.0,2.741
welsh,0.0,2.6273
welts,0.0,2.5878
wembs,0.0,2.7498
wench,0.0,2.66
wends,0.0,2.6281
wenge,0.0,2.684
wenny,0.0,2.7526
wents,0.0,2.6009
werfs,0.0,2.661
weros,0.0,2.5706
wersh,0.0,2.5843
wests,0.0,2.7351
wetas,0.0,2.5698
wetly,0.0,2.6041
wexed,0.0,2.8112
wexes,0.0,2.8123
whack,1.0,2.71
whale,0.6523259134246575,2.5946
whamo,0.0,2.6784
whams,0.0,2.6762
whang,0.0,2.6752
whaps,0.0,2.6547
whare,0.0,2.5543
wharf,0.0007792000000000001,2.6867
whata,0.0,2.7067
whats,0.0,2.6056
whaup,0.0,2.7012
whaur,0.0,2.6297
wheal,0.0,2.6137
whear,0.0,2.5814
wheat,0.0810818761643835,2.6181
wheek,0.0,2.7575
wheel,0.6505008526027397,2.7061
wheen,0.0,2.6918
wheep,0.0,2.7169
wheft,0.0,2.7003
whelk,0.908252,2.6832
whelm,0.0,2.699
whelp,0.721877,2.6457
whens,0.0,2.6367
where,0.7764300493150684,2.6801
whets,0.0,2.6485
whews,0.0,2.8388
wheys,0.0,2.6887
which,0.4716448920547945,2.8232
whids,0.0,2.7008
whies,0.0,2.6104
whiff,0.7408413632876713,2.875
whift,0.0,2.6792
whigs,0.0,2.6946
while,0.5866237238356165,2.602
whilk,0.0,2.6933
whims,0.0,2.6772
whine,0.837569586849315,2.614
whins,0.0,2.6346
whiny,0.4114178849315068,2.6632
whios,0.0,2.6361
whips,0.0,2.6615
whipt,0.0,2.6298
whirl,0.6623637479452055,2.6248
whirr,0.927457,2.7213
whirs,0.0,2.6216
whish,0.0,2.7741
whisk,0.6057868624657534,2.684
whiss,0.0,2.7623
whist,0.9309,2.6078
white,0.0007792000000000001,2.6007
whits,0.0,2.6163
whity,0.0,2.6412
whizz,0.840468,2.9635
whole,0.0007792000000000001,2.5956
whomp,0.913444,2.7027
whoof,0.0,2.8119
whoop,0.9452481753424656,2.7822
whoot,0.0,2.6916
whops,0.0,2.6571
whore,0.0,2.566
whorl,0.962056,2.6035
whort,0.0,2.5627
whose,0.0600936767123287,2.6173
whoso,0.0,2.7186
whows,0.0,2.8161
whump,0.0,2.7537
whups,0.0,2.7016
whyda,0.0,2.7347
wicca,0.0,2.7833
wicks,0.0,2.6893
wicky,0.0,2.7341
widdy,0.0,2.8195
widen,0.2781884449315068,2.6039
wider,1.0,2.5659
wides,0.0,2.6121
widow,1.0,2.8011
width,0.0007792000000000001,2.6444
wield,0.0007792000000000001,2.6129
wiels,0.0,2.5873
wifed,0.0,2.6682
wifes,0.0,2.6693
wifey,0.0,2.6975
wifie,0.0,2.7875
wifts,0.0,2.6796
wifty,0.0,2.7001
wigan,0.0,2.6315
wigga,0.0,2.8193
wiggy,0.0,2.8337
wight,0.829263,2.662
wikis,0.0,2.8003
wilco,0.0,2.6318
wilds,0.0,2.6112
wiled,0.003896,2.585
wiles,0.0,2.5845
wilga,0.0,2.6471
wilis,0.0,2.7435
wilja,0.0,2.7719
wills,0.0,2.7088
willy,0.883085,2.7405
wilts,0.0,2.58
wimps,0.0,2.653
wimpy,1.0,2.6792
wince,1.0,2.5765
winch,0.987084,2.6444
winds,0.0,2.6147
windy,0.6678389304109589,2.6476
wined,0.003896,2.6061
wines,0.0,2.5935
winey,0.936046,2.6157
winge,0.0,2.6126
wings,0.0,2.627
wingy,0.0,2.6629
winks,0.0,2.6587
winky,0.0,2.6906
winna,0.0,2.7391
winns,0.0,2.7428
winos,0.0,2.6035
winze,0.0,2.712
wiped,0.003896,2.61
wiper,1.0,2.5723
wipes,0.0,2.5983
wired,0.003896,2.5661
wirer,0.0,2.6519
wires,0.0,2.5746
wirra,0.0,2.681
wirri,0.0,2.831
wised,0.0,2.6035
wiser,0.0007792000000000001,2.577
wises,0.0,2.7205
wisha,0.0,2.6763
wisht,0.0,2.6196
wisps,0.0,2.7555
wispy,1.0,2.6431
wists,0.0,2.7332
witan,0.0,2.5731
witch,0.2033609512328767,2.6442
wited,0.0,2.5738
wites,0.0,2.5645
withe,0.0,2.596
withs,0.0,2.6393
withy,0.0,2.66
witty,0.0071669128767123,2.7527
wived,0.0,2.6922
wiver,0.0,2.6504
wives,0.0,2.7035
wizen,0.0,2.7177
wizes,0.0,2.743
wizzo,0.0,2.9465
woads,0.0,2.6407
woady,0.0,2.6442
woald,0.0,2.5886
wocks,0.0,2.6996
wodge,0.0,2.6376
wodgy,0.0,2.6921
woful,0.0,2.7
wojus,0.0,2.7955
woken,0.8622079079452054,2.6524
woker,0.0,2.6252
wokka,0.0,2.842
wolds,0.0,2.6567
wolfs,0.0,2.6569
wolly,0.0,2.7253
wolve,0.0,2.6574
woman,0.5282217775342466,2.6301
womas,0.0,2.648
wombs,0.0,2.6856
womby,0.0,2.7289
women,0.0007792000000000001,2.6164
womyn,0.0,2.6789
wonga,0.0,2.6386
wongi,0.0,2.6568
wonks,0.0,2.6483
wonky,1.0,2.6796
wonts,0.0,2.5829
woods,0.0,2.7282
woody,1.0,2.757
wooed,0.003896,2.7062
wooer,0.76271,2.6711
woofs,0.0,2.7783
woofy,0.0,2.7998
woold,0.0,2.7087
wools,0.0,2.692
wooly,0.967006,2.7263
woons,0.0,2.6885
woops,0.0,2.7253
woopy,0.0,2.7415
woose,0.0,2.6592
woosh,0.0,2.6973
wootz,0.0,2.8186
woozy,1.0,2.8993
words,0.0,2.6118
wordy,0.6231249402739726,2.6215
works,0.0,2.6392
worky,0.0,2.655
world,1.0,2.5877
worms,0.0,2.6173
wormy,0.963288,2.6267
worry,0.8138437961643835,2.7042
worse,0.7855553534246574,2.5351
worst,0.5300468383561644,2.5345
worth,1.0,2.6012
worts,0.0,2.5617
would,0.5209215342465753,2.6293
wound,0.0007792000000000001,2.6398
woven,0.9571110706849316,2.676
wowed,0.003896,2.7653
wowee,0.0,2.8168
wowse,0.0,2.7441
woxen,0.0,2.7082
wrack,0.919587,2.645
wrang,0.0,2.6089
wraps,0.0,2.5974
wrapt,0.0,2.5456
wrast,0.0,2.5154
wrate,0.0,2.499
wrath,0.6331627747945205,2.5894
wrawl,0.0,2.7366
wreak,0.2316493939726027,2.6335
wreck,0.0007792000000000001,2.6605
wrens,0.0,2.5936
wrest,1.0,2.5627
wrick,0.0,2.6521
wried,0.0,2.5461
wrier,0.0,2.6413
wries,0.0,2.5476
wring,1.0,2.6141
wrist,0.4178055978082191,2.5387
write,0.619474818630137,2.5337
writs,0.0,2.5691
wroke,0.0,2.5972
wrong,0.6897396602739726,2.6036
wroot,0.0,2.6201
wrote,1.0,2.5389
wroth,0.0,2.5725
wrung,1.0,2.6525
wryer,0.0,2.7146
wryly,1.0,2.7871
wuddy,0.0,2.8554
wudus,0.0,2.8585
wuffs,0.0,2.9072
wulls,0.0,2.7659
wunga,0.0,2.6811
wurst,0.955411,2.5773
wuses,0.0,2.7612
wushu,0.0,2.8643
wussy,0.0,2.7846
wuxia,0.0,2.8207
wyled,0.0,2.6523
wyles,0.0,2.6437
wynds,0.0,2.7301
wynns,0.0,2.8033
wyted,0.0,2.657
wytes,0.0,2.6396
wythe,0.0,2.6777
xebec,0.0,2.8064
xenia,0.0,2.6632
xenic,0.0,2.7063
xenon,0.968018,2.8223
xeric,0.0,2.6757
xerox,0.0,2.8193
xerus,0.0,2.6858
xoana,0.0,2.7517
xolos,0.0,2.7778
xrays,0.0,2.7033
xviii,0.0,3.0933
xylan,0.0,2.7148
xylem,0.0,2.7612
xylic,0.0,2.767
xylol,0.0,2.8348
xylyl,0.0,3.0205
xysti,0.0,2.7554
xysts,0.0,2.8745
yaars,0.0,2.631
yaass,0.0,2.7573
yabas,0.0,2.7011
yabba,0.0,2.862
yabby,0.0,2.9074
yacca,0.0,2.805
yacht,0.7682172756164384,2.5945
yacka,0.0,2.7376
yacks,0.0,2.6508
yadda,0.0,2.8339
yaffs,0.0,2.8049
yager,0.0,2.5525
yages,0.0,2.5911
yagis,0.0,2.6152
yagna,0.0,2.6742
yahoo,0.97575,2.7536
yaird,0.0,2.5582
yajna,0.0,2.7931
yakka,0.0,2.8842
yakow,0.0,2.7238
yales,0.0,2.5351
yamen,0.0,2.5748
yampa,0.0,2.7158
yampy,0.0,2.7599
yamun,0.0,2.6153
yandy,0.0,2.733
yangs,0.0,2.597
yanks,0.0,2.6187
yapok,0.0,2.6387
yapon,0.0,2.5725
yapps,0.0,2.7175
yappy,0.935071,2.8807
yarak,0.0,2.6749
yarco,0.0,2.5446
yards,0.0,2.5698
yarer,0.0,2.6097
yarfa,0.0,2.7022
yarks,0.0,2.6052
yarns,0.0,2.5255
yarra,0.0,2.7182
yarrs,0.0,2.6332
yarta,0.0,2.6079
yarto,0.0,2.5227
yates,0.0,2.5301
yatra,0.0,2.6071
yauds,0.0,2.6289
yauld,0.0,2.5879
yaups,0.0,2.5968
yawed,0.0,2.6461
yawey,0.0,2.7804
yawls,0.0,2.6225
yawns,0.0,2.6282
yawny,0.0,2.7731
yawps,0.0,2.6641
yayas,0.0,2.808
ybore,0.0,2.5874
yclad,0.0,2.623
ycled,0.0,2.6344
ycond,0.0,2.6197
ydrad,0.0,2.7382
ydred,0.0,2.7204
yeads,0.0,2.6013
yeahs,0.0,2.613
yealm,0.0,2.556
yeans,0.0,2.5413
yeard,0.0,2.5409
yearn,1.0,2.518
years,0.0,2.5475
yeast,0.0527934334246575,2.531
yecch,0.0,2.7648
yechs,0.0,2.653
yechy,0.0,2.7939
yedes,0.0,2.6689
yeeds,0.0,2.7081
yeeek,0.0,2.8406
yeesh,0.0,2.6756
yeggs,0.0,2.7927
yelks,0.0,2.6519
yells,0.0,2.6847
yelms,0.0,2.6148
yelps,0.0,2.573
yelts,0.0,2.5562
yenta,0.0,2.5333
yente,0.0,2.625
yerba,0.0,2.5882
yerds,0.0,2.6054
yerks,0.0,2.6384
yeses,0.0,2.804
yesks,0.0,2.7922
yests,0.0,2.6943
yesty,0.0,2.7117
yetis,0.0,2.5509
yetts,0.0,2.6709
yeuch,0.0,2.6236
yeuks,0.0,2.6663
yeuky,0.0,2.8139
yeven,0.0,2.7337
yeves,0.0,2.744
yewen,0.0,2.7215
yexed,0.0,2.7949
yexes,0.0,2.792
yfere,0.0,2.7034
yield,1.0,2.5731
yiked,0.0,2.6658
yikes,0.0,2.6357
yills,0.0,2.6859
yince,0.0,2.5671
yipes,0.0,2.5797
yippy,0.0,2.8863
yirds,0.0,2.6175
yirks,0.0,2.6359
yirrs,0.0,2.6667
yirth,0.0,2.5658
yites,0.0,2.5542
yitie,0.0,2.6765
ylems,0.0,2.6129
ylide,0.0,2.5771
ylids,0.0,2.6189
ylike,0.0,2.6093
ylkes,0.0,2.6432
ymolt,0.0,2.5876
ympes,0.0,2.6484
yobbo,0.0,2.8757
yobby,0.0,2.9186
yocks,0.0,2.6715
yodel,0.968346,2.5374
yodhs,0.0,2.6557
yodle,0.0,2.5697
yogas,0.0,2.6087
yogee,0.0,2.6696
yoghs,0.0,2.6579
yogic,0.0,2.6612
yogin,0.0,2.5935
yogis,0.0,2.6269
yohah,0.0,2.7642
yohay,0.0,2.7611
yoick,0.0,2.6407
yojan,0.0,2.709
yokan,0.0,2.6269
yoked,0.003896,2.6393
yokeg,0.0,2.7019
yokel,0.946784,2.6005
yoker,0.0,2.6223
yokes,0.0,2.6253
yokul,0.0,2.6479
yolks,0.0,2.612
yolky,0.0,2.7706
yolps,0.0,2.5819
yomim,0.0,2.7584
yomps,0.0,2.6298
yonic,0.0,2.5975
yonis,0.0,2.5654
yonks,0.0,2.6317
yonny,0.0,2.8253
yoofs,0.0,2.751
yoops,0.0,2.6848
yopos,0.0,2.6909
yoppo,0.0,2.8318
yores,0.0,2.545
yorga,0.0,2.5813
yorks,0.0,2.619
yorps,0.0,2.5698
youks,0.0,2.6591
young,0.5291343079452056,2.6351
yourn,0.0,2.5585
yours,0.0,2.5787
yourt,0.0,2.5304
youse,0.0,2.5457
youth,0.9753616789041096,2.6314
yowed,0.0,2.6687
yowes,0.0,2.6611
yowie,0.0,2.6493
yowls,0.0,2.629
yowsa,0.0,2.6518
yowza,0.0,2.8077
yoyos,0.0,2.8341
yrapt,0.0,2.5295
yrent,0.0,2.531
yrivd,0.0,2.6763
yrneh,0.0,2.5874
ysame,0.0,2.5877
ytost,0.0,2.6539
yuans,0.0,2.5798
yucas,0.0,2.6194
yucca,0.99856,2.7867
yucch,0.0,2.7746
yucko,0.0,2.6931
yucks,0.0,2.685
yucky,0.984742,2.8552
yufts,0.0,2.6603
yugas,0.0,2.632
yuked,0.0,2.6966
yukes,0.0,2.6777
yukky,0.0,2.9797
yukos,0.0,2.6744
yulan,0.0,2.5833
yules,0.0,2.5847
yummo,0.0,2.7861
yummy,1.0,2.9325
yumps,0.0,2.6635
yupon,0.0,2.5999
yuppy,0.0,2.9098
yurta,0.0,2.5675
yurts,0.0,2.5647
yuzus,0.0,2.8997
zabra,0.0,2.7739
zacks,0.0,2.7591
zaida,0.0,2.7893
zaide,0.0,2.6423
zaidy,0.0,2.71
zaire,0.0,2.5721
zakat,0.0,2.7907
zamac,0.0,2.8149
zamak,0.0,2.8485
zaman,0.0,2.7839
zambo,0.0,2.7685
zamia,0.0,2.8014
zamis,0.0,2.7138
zanja,0.0,2.906
zante,0.0,2.5946
zanza,0.0,2.9301
zanze,0.0,2.7916
zappy,0.0,2.8373
zarda,0.0,2.7694
zarfs,0.0,2.719
zaris,0.0,2.6399
zatis,0.0,2.64
zawns,0.0,2.7467
zaxes,0.0,2.7899
zayde,0.0,2.7036
zayin,0.0,2.691
zazen,0.0,2.8027
zeals,0.0,2.633
zebec,0.0,2.8054
zebra,0.3402405128767123,2.6846
zebub,0.0,2.9182
zebus,0.0,2.779
zedas,0.0,2.6974
zeera,0.0,2.7037
zeins,0.0,2.6646
zendo,0.0,2.7097
zerda,0.0,2.6492
zerks,0.0,2.7265
zeros,0.0,2.6566
zests,0.0,2.803
zesty,1.0,2.6966
zetas,0.0,2.6369
zexes,0.0,2.8832
zezes,0.0,2.918
zhomo,0.0,2.8481
zhush,0.0,2.8745
zhuzh,0.0,3.0611
zibet,0.0,2.6543
ziffs,0.0,2.9353
zigan,0.0,2.7006
zikrs,0.0,2.7469
zilas,0.0,2.6705
zilch,0.9725,2.706
zilla,0.0,2.7873
zills,0.0,2.7966
zimbi,0.0,2.9416
zimbs,0.0,2.8051
zinco,0.0,2.6941
zincs,0.0,2.7036
zincy,0.0,2.7115
zineb,0.0,2.7043
zines,0.0,2.6571
zings,0.0,2.6909
zingy,0.0,2.7276
zinke,0.0,2.7111
zinky,0.0,2.7601
zinos,0.0,2.6775
zippo,0.0,2.8535
zippy,1.0,2.8511
ziram,0.0,2.6829
zitis,0.0,2.7974
zitty,0.0,2.7926
zizel,0.0,2.8134
zizit,0.0,2.9498
zlote,0.0,2.6288
zloty,0.0,2.6725
zoaea,0.0,2.7501
zobos,0.0,2.8308
zobus,0.0,2.7553
zocco,0.0,2.921
zoeae,0.0,2.7351
zoeal,0.0,2.6464
zoeas,0.0,2.6655
zoism,0.0,2.6988
zoist,0.0,2.613
zokor,0.0,2.8053
zolle,0.0,2.7445
zombi,0.0,2.8041
zonae,0.0,2.6214
zonal,0.859036,2.6453
zonda,0.0,2.7139
zoned,0.003896,2.6488
zoner,0.0,2.6203
zones,0.0,2.6458
zonks,0.0,2.7401
zooea,0.0,2.7676
zooey,0.0,2.7906
zooid,0.0,2.7873
zooks,0.0,2.84
zooms,0.0,2.8073
zoomy,0.0,2.8174
zoons,0.0,2.7637
zooty,0.0,2.7685
zoppa,0.0,2.8474
zoppo,0.0,2.9393
zoril,0.0,2.6394
zoris,0.0,2.6542
zorro,0.0,2.8317
zorse,0.0,2.5881
zouks,0.0,2.7653
zowee,0.0,2.7903
zowie,0.0,2.7378
zulus,0.0,2.858
zupan,0.0,2.7155
zupas,0.0,2.7216
zuppa,0.0,2.8807
zurfs,0.0,2.7722
zuzim,0.0,2.9302
zygal,0.0,2.7337
zygon,0.0,2.7523
zymes,0.0,2.7747
zymic,0.0,2.8129
