word,prior,expected_guesses
aahed,0.0,2.7766
aalii,0.0,2.8563
aapas,0.0,2.8923
aargh,0.0,2.7546
aarti,0.0,2.6975
abaca,0.0,2.9501
abaci,0.0,2.8386
aback,1.0,2.8541
abacs,0.0,2.8112
abaft,0.0,2.8316
abaht,0.0,2.7952
abaka,0.0,2.9986
abamp,0.0,2.8648
aband,0.0,2.8019
abase,0.911774,2.764
abash,0.031973,2.8111
abask,0.0,2.8321
abate,1.0,2.7444
abaya,0.0,2.9891
abbas,0.0,2.9566
abbed,0.0,2.8408
abbes,0.0,2.8395
abbey,0.999124,2.8523
abbot,0.992376,2.8202
abcee,0.0,2.7479
abeam,0.0,2.845
abear,0.0,2.7448
abeat,0.0,2.7591
abeer,0.0,2.7112
abele,0.0,2.7129
abeng,0.0,2.7504
abers,0.0,2.6789
abets,0.0,2.6735
abeys,0.0,2.7539
abhor,1.0,2.7032
abide,1.0,2.678
abies,0.0,2.6873
abius,0.0,2.7526
abjad,0.0,2.9866
abjud,0.0,2.9267
abled,0.003896,2.6553
abler,0.0,2.639
ables,0.0,2.6672
ablet,0.0,2.6295
ablow,0.0,2.785
abmho,0.0,2.8109
abnet,0.0,2.648
abode,1.0,2.6857
abohm,0.0,2.7861
aboil,0.663523,2.6853
aboma,0.0,2.845
aboon,0.0,2.7909
abord,0.0,2.6893
abore,0.0,2.6351
aborn,0.0,2.6626
abort,1.0,2.6253
about,1.0,2.7179
above,1.0,2.7701
abram,0.0,2.7968
abray,0.0,2.7909
abrim,0.0,2.7246
abrin,0.0,2.6718
abris,0.0,2.6917
absey,0.0,2.7186
absit,0.0,2.6733
abuna,0.0,2.8242
abune,0.0,2.6828
abura,0.0,2.8054
aburn,0.0,2.6959
abuse,1.0,2.6963
abuts,0.0,2.6951
abuzz,1.0,3.0476
abyes,0.0,2.7457
abysm,0.0,2.7796
abyss,1.0,2.8605
acais,0.0,2.7569
acara,0.0,2.8617
acari,0.0,2.7455
accas,0.0,2.916
accha,0.0,2.9575
accoy,0.0,2.8376
accra,0.0,2.8764
acedy,0.0,2.7272
acene,0.0,2.6892
acerb,0.0,2.6749
acers,0.0,2.6362
aceta,0.0,2.7338
achar,0.0,2.7593
ached,0.003896,2.704
acher,0.0,2.6619
aches,0.0,2.7046
achey,0.0,2.7367
achoo,0.052968,2.8479
acids,0.0,2.6926
acidy,0.0,2.7398
acies,0.0,2.6514
acing,0.964463,2.6913
acini,0.0,2.796
ackee,0.0,2.7744
acker,0.0,2.6907
acmes,0.0,2.7002
acmic,0.0,2.8664
acned,0.0,2.6505
acnes,0.0,2.655
acock,0.0,2.8641
acoel,0.0,2.6345
acold,0.0,2.6734
acone,0.0,2.6161
acorn,1.0,2.607
acral,0.0,2.7106
acred,0.0,2.6169
acres,0.0,2.6232
acrid,1.0,2.6515
acron,0.0,2.6279
acros,0.0,2.6543
acryl,0.0,2.695
actas,0.0,2.7447
acted,0.003896,2.6451
actin,0.0,2.6343
acton,0.0,2.6492
actor,1.0,2.6186
actus,0.0,2.6855
acute,1.0,2.6505
acyls,0.0,2.7135
adage,1.0,2.7808
adapt,1.0,2.75
adats,0.0,2.7676
adawn,0.0,2.8484
adaws,0.0,2.8788
adays,0.0,2.8482
adbot,0.0,2.7114
addas,0.0,2.9403
addax,0.0,3.0702
added,0.003896,2.9514
adder,0.873821,2.7847
addin,0.0,2.8093
addio,0.0,2.8433
addle,0.870413,2.7698
addra,0.0,2.9117
adead,0.0,2.9055
adeem,0.0,2.7567
adept,1.0,2.6492
adhan,0.0,2.845
adhoc,0.0,2.789
adieu,1.0,2.7367
adios,0.935071,2.7022
adits,0.0,2.6786
adlib,0.0,2.7329
adman,0.0,2.8165
admen,0.0,2.6848
admin,0.966306,2.7006
admit,1.0,2.6686
admix,0.0,2.8809
adnex,0.0,2.7838
adobe,1.0,2.6909
adobo,0.995374,2.8273
adoon,0.0,2.783
adopt,1.0,2.6509
adorb,0.0,2.7084
adore,1.0,2.6238
adorn,1.0,2.6268
adown,0.0,2.7656
adoze,0.0,2.7987
adrad,0.0,2.8744
adraw,0.0,2.8372
adred,0.0,2.7294
adret,0.0,2.5875
adrip,0.0,2.6987
adsum,0.0,2.7753
aduki,0.0,2.842
adult,1.0,2.645
adunc,0.0,2.7386
adust,0.0,2.6683
advew,0.0,2.826
advts,0.0,2.8027
adyta,0.0,2.8393
adyts,0.0,2.7536
adzed,0.0,2.9221
adzes,0.0,2.8212
aecia,0.0,2.767
aedes,0.0,2.697
aeger,0.0,2.6739
aegis,1.0,2.6898
aeons,0.0,2.6349
aerie,1.0,2.6962
aeros,0.0,2.6302
aesir,0.0,2.5992
aevum,0.0,2.7936
afald,0.0,2.8113
afanc,0.0,2.8215
afara,0.0,2.927
afars,0.0,2.7961
afear,0.0,2.7683
affix,1.0,3.0333
affly,0.0,2.8891
afion,0.0,2.7123
afire,1.0,2.6605
afizz,0.0,3.0402
aflaj,0.0,2.9634
aflap,0.0,2.8401
aflow,0.0,2.8145
afoam,0.0,2.86
afoot,1.0,2.7907
afore,0.638004,2.6752
afoul,1.0,2.7328
afret,0.0,2.6245
afrit,0.0,2.652
afros,0.0,2.6897
after,1.0,2.6608
aftos,0.0,2.7234
again,1.0,2.7868
agals,0.0,2.7671
agama,0.0,2.9684
agami,0.0,2.8455
agamy,0.0,2.8261
agape,1.0,2.7674
agars,0.0,2.7711
agasp,0.0,2.7926
agast,0.0,2.7206
agate,0.98098,2.7459
agaty,0.0,2.7766
agave,1.0,2.8596
agaze,0.0,2.8889
agbas,0.0,2.8543
agene,0.0,2.7192
agent,1.0,2.6523
agers,0.0,2.6757
aggag,0.0,3.1061
agger,0.0,2.7849
aggie,0.0,2.8162
aggri,0.0,2.8627
aggro,0.0,2.8377
aggry,0.0,2.8624
aghas,0.0,2.8535
agidi,0.0,2.8885
agila,0.0,2.7683
agile,1.0,2.6226
aging,1.0,2.8464
agios,0.0,2.7193
agism,0.0,2.7281
agist,0.0,2.6441
agita,0.994003,2.7973
aglee,0.0,2.6981
aglet,0.0,2.6291
agley,0.0,2.6882
agloo,0.0,2.8044
aglow,1.0,2.7576
aglus,0.0,2.7264
agmas,0.0,2.8444
agoge,0.0,2.819
agogo,0.0,2.9593
agone,0.0,2.6512
agons,0.0,2.6899
agony,1.0,2.697
agood,0.0,2.8212
agora,0.956463,2.7764
agree,1.0,2.7162
agria,0.0,2.7739
agrin,0.0,2.6591
agros,0.0,2.6821
agrum,0.0,2.7322
agued,0.0,2.7167
agues,0.0,2.7142
aguey,0.0,2.7445
aguna,0.0,2.8136
agush,0.0,2.7332
aguti,0.0,2.7499
ahead,1.0,2.8058
aheap,0.0,2.7807
ahent,0.0,2.613
ahigh,0.0,2.8575
ahind,0.0,2.6887
ahing,0.0,2.7069
ahint,0.0,2.6177
ahold,0.993709,2.6571
ahole,0.0,2.6244
ahull,0.0,2.7813
ahuru,0.0,2.8421
aidas,0.0,2.7706
aided,0.003896,2.7793
aider,0.859036,2.6118
aides,0.0,2.6577
aidoi,0.0,2.8321
aidos,0.0,2.6884
aiery,0.0,2.6393
aigas,0.0,2.7749
aight,0.0,2.6967
ailed,0.003896,2.6047
aimag,0.0,2.8135
aimak,0.0,2.8287
aimed,0.003896,2.656
aimer,0.0,2.627
ainee,0.0,2.6641
ainga,0.0,2.7612
aioli,1.0,2.7922
aired,0.003896,2.6042
airer,0.0,2.6809
airns,0.0,2.6194
airth,0.0,2.6142
airts,0.0,2.5997
aisle,1.0,2.5859
aitch,0.0,2.6591
aitus,0.0,2.6712
aiver,0.0,2.6705
aixes,0.0,2.7709
aiyah,0.0,2.8052
aiyee,0.0,2.7533
aiyoh,0.0,2.7213
aiyoo,0.0,2.8125
aizle,0.0,2.7197
ajies,0.0,2.7744
ajiva,0.0,2.9892
ajuga,0.0,2.9654
ajupa,0.0,2.9627
ajwan,0.0,2.9652
akara,0.0,2.9205
akees,0.0,2.7744
akela,0.0,2.7984
akene,0.0,2.742
aking,0.0,2.7591
akita,0.0,2.8
akkas,0.0,2.9848
akker,0.0,2.8439
akoia,0.0,2.8564
akoja,0.0,2.9886
akoya,0.0,2.886
aksed,0.0,2.7168
akses,0.0,2.8315
alaap,0.0,2.86
alack,0.0,2.7582
alala,0.0,2.9564
alamo,0.0,2.7501
aland,0.0,2.7135
alane,0.0,2.6569
alang,0.0,2.7283
alans,0.0,2.6984
alant,0.0,2.659
alapa,0.0,2.8703
alaps,0.0,2.7227
alarm,1.0,2.7429
alary,0.0,2.7056
alata,0.0,2.8214
alate,0.0,2.6502
alays,0.0,2.7534
albas,0.0,2.75
albee,0.0,2.6696
albid,0.0,2.6811
album,1.0,2.7195
alcea,0.0,2.7153
alces,0.0,2.6302
alcid,0.0,2.6604
alcos,0.0,2.6538
aldea,0.0,2.7103
alder,0.97456,2.6012
aldol,0.0,2.7576
aleak,0.0,2.7624
aleck,0.0,2.6736
alecs,0.0,2.6133
aleem,0.0,2.691
alefs,0.0,2.6769
aleft,0.0,2.6394
aleph,0.0,2.6552
alert,1.0,2.5753
alews,0.0,2.6897
aleye,0.0,2.7209
alfas,0.0,2.785
algae,1.0,2.7308
algal,0.0,2.8456
algas,0.0,2.752
algid,0.0,2.6733
algin,0.0,2.6415
algor,0.0,2.6316
algos,0.0,2.6703
algum,0.0,2.7199
alias,1.0,2.7339
alibi,1.0,2.8115
alick,0.0,2.682
alien,1.0,2.5818
alifs,0.0,2.6893
align,1.0,2.6367
alike,1.0,2.6465
alims,0.0,2.6601
aline,0.0,2.5778
alios,0.0,2.634
alist,0.0,2.5745
alive,1.0,2.6774
aliya,0.0,2.7686
alkie,0.0,2.6637
alkin,0.0,2.6791
alkos,0.0,2.7062
alkyd,0.0,2.7799
alkyl,0.0,2.8551
allan,0.0,2.8058
allay,1.0,2.8826
allee,0.0,2.7368
allel,0.0,2.853
allen,0.0,2.6928
aller,0.0,2.6823
alley,1.0,2.7656
allin,0.0,2.7193
allis,0.0,2.7329
allod,0.0,2.7596
allot,0.994003,2.7167
allow,1.0,2.8208
alloy,1.0,2.7748
allus,0.0,2.7679
allyl,0.0,2.9311
almah,0.0,2.7749
almas,0.0,2.7506
almeh,0.0,2.6704
almes,0.0,2.6464
almud,0.0,2.7082
almug,0.0,2.7198
alods,0.0,2.675
aloed,0.0,2.6215
aloes,0.0,2.6193
aloft,1.0,2.6533
aloha,0.968989,2.7796
aloin,0.0,2.6181
alone,1.0,2.588
along,1.0,2.6367
aloof,1.0,2.7968
aloos,0.0,2.7263
alose,0.0,2.5833
aloud,1.0,2.6707
alowe,0.0,2.6833
alpha,1.0,2.784
altar,1.0,2.6962
alter,1.0,2.5778
altho,0.0,2.6688
altos,0.0,2.6103
alula,0.0,2.8587
alums,0.0,2.671
alumy,0.0,2.6912
alure,0.0,2.6204
alurk,0.0,2.6909
alvar,0.0,2.7569
alway,0.0,2.8129
amahs,0.0,2.8118
amain,0.0,2.7469
amari,0.0,2.7636
amaro,0.972228,2.7695
amass,1.0,2.8972
amate,0.0,2.706
amaut,0.0,2.7467
amaze,1.0,2.8916
amban,0.0,2.8192
amber,1.0,2.6772
ambit,0.973035,2.6856
amble,1.0,2.6595
ambos,0.0,2.7514
ambry,0.0,2.7321
ameba,0.0,2.8451
ameer,0.0,2.6822
amend,1.0,2.6617
amene,0.0,2.716
amens,0.0,2.6659
ament,0.0,2.6397
amias,0.0,2.7752
amice,0.0,2.6493
amici,0.0,2.8343
amide,0.0,2.6777
amido,0.0,2.7325
amids,0.0,2.7378
amies,0.0,2.6638
amiga,0.0,2.8177
amigo,0.942233,2.7399
amine,0.0,2.6356
amino,1.0,2.6981
amins,0.0,2.6872
amirs,0.0,2.6662
amiss,1.0,2.8064
amity,0.989425,2.6901
amlas,0.0,2.7647
amman,0.0,2.9124
ammas,0.0,2.9326
ammon,0.0,2.8272
ammos,0.0,2.8478
amnia,0.0,2.774
amnic,0.0,2.7138
amnio,0.0,2.6924
amoks,0.0,2.7579
amole,0.0,2.6314
among,1.0,2.7004
amore,0.0,2.6372
amort,0.0,2.6188
amour,0.989007,2.6873
amove,0.0,2.7481
amowt,0.0,2.743
amped,0.003896,2.6783
ample,1.0,2.6375
amply,1.0,2.6897
ampul,0.0,2.7198
amrit,0.0,2.6275
amuck,0.801422,2.7625
amuse,1.0,2.6701
amyls,0.0,2.7167
anana,0.0,2.9866
anata,0.0,2.8441
ancho,0.989113,2.7172
ancle,0.0,2.6183
ancon,0.0,2.779
andic,0.0,2.7049
andro,0.0,2.6679
anear,0.0,2.6843
anele,0.0,2.6585
anent,0.0,2.7151
angas,0.0,2.7705
angel,1.0,2.6269
anger,1.0,2.6441
angle,1.0,2.6117
anglo,0.0,2.6783
angry,1.0,2.6846
angst,1.0,2.6315
anigh,0.0,2.6958
anile,0.0,2.5868
anils,0.0,2.6298
anima,0.942233,2.7923
anime,1.0,2.6406
animi,0.0,2.8216
anion,0.0,2.7587
anise,1.0,2.622
anker,0.0,2.672
ankhs,0.0,2.7781
ankle,1.0,2.6615
ankus,0.0,2.7574
anlas,0.0,2.7251
annal,0.019518,2.8789
annan,0.0,2.9973
annas,0.0,2.8566
annat,0.0,2.8203
annex,1.0,2.9134
annoy,1.0,2.8084
annul,1.0,2.7873
annum,0.0,2.84
annus,0.0,2.8093
anoas,0.0,2.7286
anode,0.850312,2.6396
anole,0.850312,2.5934
anomy,0.0,2.6933
ansae,0.0,2.6943
ansas,0.0,2.854
antae,0.0,2.6792
antar,0.0,2.6784
antas,0.0,2.7096
anted,0.0,2.6198
antes,0.0,2.6156
antic,1.0,2.6416
antis,0.0,2.6246
antra,0.0,2.7065
antre,0.0,2.5677
antsy,1.0,2.6375
anura,0.0,2.7485
anvil,1.0,2.7197
anyon,0.0,2.8071
aorta,1.0,2.714
apace,1.0,2.7312
apage,0.0,2.7561
apaid,0.0,2.7704
apart,1.0,2.6908
apayd,0.0,2.8291
apays,0.0,2.8046
apeak,0.0,2.8207
apeek,0.0,2.7753
apers,0.0,2.6436
apert,0.0,2.5997
apery,0.0,2.6506
apgar,0.0,2.7618
aphid,0.948844,2.7242
aphis,0.0,2.7402
apian,0.0,2.7298
aping,0.99393,2.6898
apiol,0.0,2.6555
apish,0.0,2.6793
apism,0.0,2.6951
apnea,1.0,2.7559
apode,0.0,2.6787
apods,0.0,2.7384
apols,0.0,2.6711
apoop,0.0,2.9287
aport,0.0,2.6193
appal,0.0,2.8833
appam,0.0,2.9496
appay,0.0,2.9243
appel,0.0,2.7583
apple,1.0,2.7561
apply,1.0,2.8025
appro,0.0,2.8098
appts,0.0,2.8114
appui,0.0,2.9065
appuy,0.0,2.8701
apres,0.0,2.6217
apron,1.0,2.6273
apses,0.0,2.7847
apsis,0.0,2.8065
apsos,0.0,2.8144
apted,0.0,2.6479
apter,0.0,2.6004
aptly,1.0,2.6507
aquae,0.0,2.9059
aquas,0.0,2.9449
araba,0.0,2.88
araks,0.0,2.7499
arame,0.0,2.6693
arars,0.0,2.8007
arbah,0.0,2.7598
arbas,0.0,2.7397
arbor,0.939414,2.7473
arced,0.003896,2.6039
archi,0.0,2.7075
arcos,0.0,2.6395
arcus,0.0,2.6664
ardeb,0.0,2.634
ardor,0.994098,2.7321
ardri,0.0,2.7747
aread,0.0,2.6819
areae,0.0,2.725
areal,0.0,2.6737
arear,0.0,2.7695
areas,0.0,2.7515
areca,0.0,2.6972
aredd,0.0,2.7256
arede,0.0,2.6492
arefy,0.0,2.691
areic,0.0,2.6381
arena,1.0,2.7249
arene,0.0,2.6287
arepa,0.0,2.7169
arere,0.0,2.7342
arete,0.0,2.6096
arets,0.0,2.5834
arett,0.0,2.6543
argal,0.0,2.7145
argan,0.0,2.7094
argil,0.0,2.6353
argle,0.0,2.5939
argol,0.0,2.6359
argon,0.961201,2.6335
argot,1.0,2.6121
argue,1.0,2.656
argus,0.0,2.6804
arhat,0.0,2.6998
arias,0.0,2.7345
ariel,0.0,2.5986
ariki,0.0,2.8161
arils,0.0,2.6231
ariot,0.0,2.5813
arise,1.0,2.5851
arish,0.0,2.632
arith,0.0,2.6111
arked,0.0,2.6618
arled,0.0,2.5834
arles,0.0,2.5924
armed,1.0,2.6191
armer,0.0,2.7005
armet,0.0,2.5766
armil,0.0,2.6441
armor,1.0,2.7391
arnas,0.0,2.6994
arnis,0.0,2.6201
arnut,0.0,2.6076
aroba,0.0,2.7447
aroha,0.0,2.7552
aroid,0.0,2.6238
aroma,1.0,2.7592
arose,1.0,2.5927
arpas,0.0,2.7246
arpen,0.0,2.6045
arrah,0.0,2.8092
arras,0.0,2.7926
array,1.0,2.8645
arret,0.0,2.6251
arris,0.0,2.7161
arrow,1.0,2.7977
arroz,0.0,2.8351
arsed,0.0,2.597
arses,0.0,2.703
arsey,0.0,2.6274
arsis,0.0,2.742
arson,1.0,2.5954
artal,0.0,2.6713
artel,0.0,2.5621
arter,0.0,2.6537
artic,0.0,2.6216
artis,0.0,2.5969
artly,0.0,2.6351
artsy,1.0,2.6195
aruhe,0.0,2.6544
arums,0.0,2.6747
arval,0.0,2.7671
arvee,0.0,2.6939
arvos,0.0,2.6981
aryls,0.0,2.6694
asada,0.0,2.9445
asana,0.0,2.8814
ascon,0.0,2.6813
ascot,0.977306,2.6437
ascus,0.0,2.8526
asdic,0.0,2.7484
ashed,0.003896,2.6957
ashen,1.0,2.6751
ashes,0.0,2.8247
ashet,0.0,2.6505
aside,1.0,2.6658
asity,0.0,2.6675
askar,0.0,2.7922
asked,0.003896,2.7293
asker,0.829263,2.7015
askew,1.0,2.7907
askoi,0.0,2.7982
askos,0.0,2.887
aspen,0.987907,2.6418
asper,0.0,2.6407
aspic,0.982001,2.6983
aspie,0.0,2.6526
aspis,0.0,2.8236
aspro,0.0,2.6873
assai,0.0,2.9106
assam,0.0,2.9059
assay,0.967006,2.9445
assed,0.0,2.7817
asses,0.0,2.9386
asset,1.0,2.7486
assez,0.0,2.9081
assot,0.0,2.7556
aster,0.943819,2.6029
astir,0.902458,2.6145
astun,0.0,2.6596
asura,0.0,2.7681
asway,0.0,2.86
aswim,0.0,2.8056
asyla,0.0,2.7884
ataps,0.0,2.7432
ataxy,0.0,2.8926
atigi,0.0,2.8177
atilt,0.0,2.6886
atimy,0.0,2.6976
atlas,1.0,2.7215
atman,0.0,2.7519
atmas,0.0,2.7731
atmos,0.0,2.6942
atocs,0.0,2.6638
atoke,0.0,2.6821
atoks,0.0,2.7215
atoll,0.994075,2.7384
atoms,0.0,2.6677
atomy,0.0,2.6911
atone,1.0,2.601
atony,0.0,2.6483
atopy,0.0,2.6915
atria,0.895947,2.7413
atrip,0.0,2.6384
attap,0.0,2.8566
attar,0.0,2.7807
attas,0.0,2.836
atter,0.0,2.6704
attic,1.0,2.7863
atuas,0.0,2.7449
aucht,0.0,2.6823
audad,0.0,2.9148
audax,0.0,2.9308
audio,1.0,2.7362
audit,1.0,2.6676
augen,0.0,2.6668
auger,0.950148,2.6749
auges,0.0,2.6911
aught,0.840468,2.7257
augur,1.0,2.8246
aulas,0.0,2.7292
aulic,0.0,2.6956
auloi,0.0,2.6922
aulos,0.0,2.6678
aumil,0.0,2.6875
aunes,0.0,2.646
aunts,0.0,2.635
aunty,0.685589,2.6769
aurae,0.0,2.693
aural,1.0,2.7492
aurar,0.0,2.7996
auras,0.0,2.7558
aurei,0.0,2.6932
aures,0.0,2.6161
auric,0.0,2.6845
auris,0.0,2.6576
aurum,0.0,2.8092
autos,0.0,2.6699
auxin,0.0,2.8046
avail,1.0,2.8336
avale,0.0,2.7518
avant,0.0,2.7623
avast,0.773749,2.7793
avels,0.0,2.7168
avens,0.0,2.7261
avers,0.0,2.7212
avert,1.0,2.6903
avgas,0.0,2.8821
avian,1.0,2.836
avine,0.0,2.6848
avion,0.0,2.7187
avise,0.0,2.6798
aviso,0.0,2.7359
avize,0.0,2.8379
avoid,1.0,2.7625
avows,0.0,2.8147
avyze,0.0,2.9079
await,1.0,2.801
awake,1.0,2.8653
award,1.0,2.8118
aware,1.0,2.7695
awari,0.0,2.8099
awarn,0.0,2.7591
awash,1.0,2.8355
awato,0.0,2.7983
awave,0.0,2.8551
aways,0.0,2.8762
awdls,0.0,2.7531
aweel,0.0,2.7309
aweto,0.0,2.7057
awful,1.0,2.7995
awing,0.0,2.7559
awkin,0.0,2.7837
awmry,0.0,2.7596
awned,0.0,2.6807
awner,0.0,2.6529
awoke,1.0,2.7701
awols,0.0,2.7102
awork,0.0,2.7487
axels,0.0,2.7776
axial,0.928638,2.8816
axile,0.0,2.719
axils,0.0,2.7674
axing,0.956975,2.8175
axiom,1.0,2.8555
axion,0.060813,2.8072
axite,0.0,2.7265
axled,0.0,2.7433
axles,0.0,2.754
axman,0.0,2.902
axmen,0.0,2.7807
axoid,0.0,2.8058
axone,0.0,2.7371
axons,0.0,2.7747
ayahs,0.0,2.8079
ayaya,0.0,3.0814000000000004
ayelp,0.0,2.6694
aygre,0.0,2.6684
ayins,0.0,2.6797
aymag,0.0,2.8486
ayont,0.0,2.6429
ayres,0.0,2.6513
ayrie,0.0,2.643
azans,0.0,2.8671
azide,0.0,2.7754
azido,0.0,2.8406
azine,0.0,2.7358
azlon,0.0,2.7846
azoic,0.0,2.8426
azole,0.0,2.7372
azons,0.0,2.7916
azote,0.0,2.7448
azoth,0.0,2.792
azuki,0.0,2.9456
azure,1.0,2.7841
azurn,0.0,2.7868
azury,0.0,2.8198
azygy,0.0,3.0271
azyme,0.0,2.8452
azyms,0.0,2.8795
baaed,0.0,2.7353
baals,0.0,2.731
baaps,0.0,2.7964
babas,0.0,2.916
babby,0.0,3.0209
babel,0.845544,2.7934
babes,0.0,2.8152
babka,0.97575,3.021
baboo,0.0,2.9324
babul,0.0,2.8166
babus,0.0,2.855
bacca,0.0,2.9168
bacco,0.0,2.8205
baccy,0.0,2.8328
bacha,0.0,2.8298
bachs,0.0,2.7409
backs,0.0,2.7443
backy,0.0,2.7712
bacne,0.0,2.6412
bacon,1.0,2.6616
badam,0.0,2.828
baddy,0.0,2.8563
badge,1.0,2.6738
badly,1.0,2.673
baels,0.0,2.6333
baffs,0.0,2.9201
baffy,0.0,2.9269
bafta,0.0,2.8321
bafts,0.0,2.7357
bagel,1.0,2.6517
baggy,1.0,2.8825
baghs,0.0,2.7648
bagie,0.0,2.6626
bagsy,0.0,2.714
bagua,0.0,2.8281
bahts,0.0,2.6979
bahus,0.0,2.7479
bahut,0.0,2.704
baiks,0.0,2.7295
baile,0.0,2.6006
bails,0.0,2.6349
bairn,0.0,2.6247
baisa,0.0,2.7412
baith,0.0,2.6584
baits,0.0,2.6499
baiza,0.0,2.8966
baize,0.0,2.7555
bajan,0.0,2.8943
bajra,0.0,2.8922
bajri,0.0,2.8343
bajus,0.0,2.8535
baked,1.0,2.7278
baken,0.0,2.7086
baker,1.0,2.6916
bakes,0.0,2.7256
bakra,0.0,2.8035
balas,0.0,2.731
balds,0.0,2.7024
baldy,0.704872,2.6819
baled,0.003896,2.6299
baler,0.835053,2.6184
bales,0.0,2.6282
balks,0.0,2.7095
balky,1.0,2.7364
ballo,0.0,2.7608
balls,0.0,2.7674
bally,0.0,2.7662
balms,0.0,2.6713
balmy,1.0,2.7023
baloi,0.0,2.7098
balon,0.0,2.6484
baloo,0.0,2.7558
balot,0.0,2.6199
balsa,0.976432,2.7456
balti,0.0,2.6614
balun,0.0,2.6663
balus,0.0,2.6788
balut,0.0,2.6444
bamas,0.0,2.7939
bambi,0.0,2.9078
bamma,0.0,2.951
bammy,0.0,2.8655
banak,0.0,2.7934
banal,1.0,2.7368
banco,0.0,2.6749
bancs,0.0,2.6833
banda,0.0,2.7973
bandh,0.0,2.7352
bands,0.0,2.6756
bandy,0.954319,2.6901
baned,0.0,2.6446
banes,0.0,2.6335
bangs,0.0,2.6946
bania,0.0,2.7433
banjo,1.0,2.8113
banks,0.0,2.7093
banky,0.0,2.7441
banns,0.0,2.7948
bants,0.0,2.6559
bantu,0.0,2.6992
banty,0.0,2.6657
bantz,0.0,2.7914
banya,0.0,2.8056
baons,0.0,2.6608
baozi,0.0,2.8652
bappu,0.0,2.9148
bapus,0.0,2.7348
barbe,0.0,2.7271
barbs,0.0,2.7954
barby,0.0,2.8175
barca,0.0,2.7313
barde,0.0,2.6034
bardo,0.0,2.6675
bards,0.0,2.6639
bardy,0.0,2.696
bared,0.003896,2.6225
barer,0.829263,2.7325
bares,0.0,2.6247
barfi,0.0,2.7517
barfs,0.0,2.7014
barfy,0.0,2.7322
barge,1.0,2.6392
baric,0.0,2.6636
barks,0.0,2.6989
barky,0.0,2.7254
barms,0.0,2.6831
barmy,0.0,2.6896
barns,0.0,2.6205
barny,0.0,2.6571
baron,1.0,2.6154
barps,0.0,2.6847
barra,0.0,2.8178
barre,0.997756,2.7114
barro,0.0,2.72
barry,0.0,2.7462
barye,0.0,2.655
basal,0.987324,2.75
basan,0.0,2.7369
basas,0.0,2.8823
based,0.003896,2.6499
basen,0.0,2.6381
baser,0.0,2.6164
bases,0.0,2.7883
basha,0.0,2.8095
basho,0.0,2.7273
basic,1.0,2.6923
basij,0.0,2.8376
basil,1.0,2.6424
basin,1.0,2.6661
basis,1.0,2.8262
basks,0.0,2.8632
bason,0.0,2.6657
basse,0.0,2.736
bassi,0.0,2.8213
basso,0.0,2.7984
bassy,0.0,2.8031
basta,0.0,2.7423
baste,1.0,2.6162
basti,0.0,2.6793
basto,0.0,2.6632
basts,0.0,2.7799
batch,1.0,2.6838
bated,0.003896,2.6378
bates,0.0,2.6346
bathe,1.0,2.641
baths,0.0,2.6849
batik,0.990889,2.713
baton,1.0,2.6373
batos,0.0,2.6568
batta,0.0,2.8532
batts,0.0,2.7615
battu,0.0,2.8065
batty,0.997384,2.7893
bauds,0.0,2.7299
bauks,0.0,2.7459
baulk,0.0,2.7068
baurs,0.0,2.6668
bavin,0.0,2.7387
bawds,0.0,2.8113
bawdy,1.0,2.7834
bawks,0.0,2.8273
bawls,0.0,2.7146
bawns,0.0,2.749
bawrs,0.0,2.7374
bawty,0.0,2.7643
bayas,0.0,2.7949
bayed,0.003896,2.6944
bayer,0.0,2.6643
bayes,0.0,2.7007
bayle,0.0,2.6507
bayou,1.0,2.7751
bayts,0.0,2.699
bazar,0.0,2.8484
bazas,0.0,2.9001
bazoo,0.0,2.9201
bball,0.0,2.915
bdays,0.0,2.8048
beach,1.0,2.6895
beads,0.0,2.6732
beady,0.976432,2.6922
beaks,0.0,2.7282
beaky,0.0,2.7363
beals,0.0,2.6354
beams,0.0,2.6879
beamy,0.0,2.697
beano,0.0,2.6618
beans,0.0,2.6439
beany,0.0,2.6543
beard,1.0,2.6381
beare,0.0,2.6433
bears,0.0,2.6386
beast,1.0,2.5976
beath,0.0,2.653
beats,0.0,2.6362
beaty,0.0,2.6441
beaus,0.0,2.7084
beaut,0.936997,2.6611
beaux,0.0,2.8263
bebop,1.0,2.8455
becap,0.0,2.721
becke,0.0,2.8142
becks,0.0,2.7656
bedad,0.0,2.8058
bedel,0.0,2.7099
bedes,0.0,2.755
bedew,0.0,2.8169
bedim,0.0,2.7383
bedye,0.0,2.7977
beech,1.0,2.802
beedi,0.0,2.7948
beefs,0.0,2.8318
beefy,1.0,2.8537
beeps,0.0,2.7991
beers,0.0,2.7368
beery,0.0,2.7516
beets,0.0,2.7414
befit,0.983428,2.6912
befog,0.736992,2.7693
begad,0.0,2.7096
began,1.0,2.689
begar,0.0,2.6521
begat,0.999916,2.6871
begem,0.0,2.8101
beget,0.999351,2.7367
begin,1.0,2.7081
begob,0.0,2.8903
begot,0.97971,2.693
begum,0.0,2.7965
begun,1.0,2.7368
beige,1.0,2.7808
beigy,0.0,2.7242
being,1.0,2.7046
beins,0.0,2.6688
beira,0.0,2.6354
beisa,0.0,2.6568
bekah,0.0,2.7833
belah,0.0,2.6772
belar,0.0,2.6103
belay,0.906392,2.6806
belch,1.0,2.6914
belee,0.0,2.8283
belga,0.0,2.7033
belie,1.0,2.7206
belit,0.0,2.6302
belle,1.0,2.8319
belli,0.0,2.8043
bello,0.0,2.7932
bells,0.0,2.7811
belly,1.0,2.7995
belon,0.0,2.6677
below,1.0,2.7327
belts,0.0,2.6459
belve,0.0,2.7898
bemad,0.0,2.7099
bemas,0.0,2.7096
bemix,0.0,2.8592
bemud,0.0,2.76
bench,1.0,2.6989
bends,0.0,2.6935
bendy,0.952006,2.7204
benes,0.0,2.7384
benet,0.0,2.691
benga,0.0,2.7158
benis,0.0,2.6747
benji,0.0,2.8649
benne,0.0,2.8422
benni,0.0,2.8322
benny,0.0,2.8334
bento,0.989113,2.6689
bents,0.0,2.6883
benty,0.0,2.6862
bepat,0.0,2.6621
beray,0.0,2.6494
beres,0.0,2.6937
beret,1.0,2.6717
bergs,0.0,2.6882
berko,0.0,2.7145
berks,0.0,2.7317
berme,0.0,2.7087
berms,0.0,2.6858
berob,0.0,2.7942
berry,1.0,2.7859
berth,1.0,2.6536
beryl,0.816387,2.6729
besat,0.0,2.6268
besaw,0.0,2.7496
besee,0.0,2.8502
beses,0.0,2.8604
beset,1.0,2.7024
besit,0.0,2.6421
besom,0.0,2.7298
besot,0.040901,2.6438
besti,0.0,2.6886
bests,0.0,2.798
betas,0.0,2.6588
beted,0.0,2.7187
betel,0.975045,2.6828
betes,0.0,2.7132
beths,0.0,2.7261
betid,0.0,2.6683
beton,0.0,2.664
betta,0.0,2.7592
betty,0.0,2.8067
bevan,0.0,2.744
bevel,0.866823,2.7986
bever,0.0,2.7863
bevor,0.0,2.7271
bevue,0.0,2.8427
bevvy,0.0,2.9971
bewdy,0.0,2.8395
bewet,0.0,2.7745
bewig,0.0,2.822
bezel,0.970222,2.8411
bezes,0.0,2.8843
bezil,0.0,2.7908
bezzy,0.0,3.0484
bhais,0.0,2.7111
bhaji,0.0,2.9086
bhang,0.0,2.751
bhats,0.0,2.6791
bhava,0.0,2.9034
bhels,0.0,2.7166
bhoot,0.0,2.7571
bhuna,0.0,2.7369
bhuts,0.0,2.7073
biach,0.0,2.7068
biali,0.0,2.7935
bialy,0.0,2.6658
bibbs,0.0,3.0359
bibes,0.0,2.8308
bibis,0.0,2.9823
bible,0.954557,2.794
biccy,0.0,2.8679
bicep,0.994639,2.6734
bices,0.0,2.701
bicky,0.0,2.8164
biddy,0.54929,2.8532
bided,0.003896,2.8065
bider,0.0,2.6402
bides,0.0,2.6727
bidet,0.98249,2.6355
bidis,0.0,2.8649
bidon,0.0,2.6916
bidri,0.0,2.8469
bield,0.0,2.6697
biers,0.0,2.6679
biffo,0.0,2.9438
biffs,0.0,2.9407
biffy,0.0,2.9504
bifid,0.0,2.9141
bigae,0.0,2.6788
biggs,0.0,2.9001
biggy,0.0,2.9099
bigha,0.0,2.7961
bight,0.0,2.7488
bigly,0.0,2.7189
bigos,0.0,2.7357
bigot,1.0,2.6784
bihon,0.0,2.7229
bijou,0.0,2.9019
biked,0.003896,2.7331
biker,1.0,2.6962
bikes,0.0,2.7392
bikie,0.0,2.8584
bikky,0.0,2.9578
bilal,0.0,2.762
bilat,0.0,2.6256
bilbo,0.0,2.8431
bilby,0.0,2.8553
biled,0.0,2.6449
biles,0.0,2.6398
bilge,0.96992,2.6599
bilgy,0.0,2.7268
bilks,0.0,2.7416
bills,0.0,2.7584
billy,0.991344,2.79
bimah,0.0,2.7507
bimas,0.0,2.7315
bimbo,0.0,2.9025
binal,0.0,2.6477
bindi,0.0,2.8667
binds,0.0,2.6791
biner,0.0,2.6368
bines,0.0,2.6692
binge,1.0,2.6891
bingo,1.0,2.7196
bings,0.0,2.7394
bingy,0.0,2.7416
binit,0.0,2.7645
binks,0.0,2.7607
binky,0.0,2.7809
bints,0.0,2.6756
biogs,0.0,2.7278
biome,0.943035,2.6674
bions,0.0,2.6696
biont,0.0,2.6214
biose,0.0,2.6325
biota,0.0,2.6625
biped,0.919587,2.6896
bipod,0.921002,2.702
bippy,0.0,2.896
birch,1.0,2.6779
birdo,0.0,2.6869
birds,0.0,2.6697
biris,0.0,2.7936
birks,0.0,2.7404
birle,0.0,2.6086
birls,0.0,2.6758
biros,0.0,2.6637
birrs,0.0,2.7721
birse,0.0,2.6111
birsy,0.0,2.6846
birth,1.0,2.6568
birze,0.0,2.7415
birzz,0.0,2.9761
bises,0.0,2.7898
bisks,0.0,2.8912
bisom,0.0,2.7368
bison,1.0,2.6641
bitch,0.0,2.7208
biter,0.952601,2.6229
bites,0.0,2.655
bitey,0.0,2.6818
bitos,0.0,2.6741
bitou,0.0,2.7244
bitsy,0.816387,2.6777
bitte,0.0,2.7226
bitts,0.0,2.7843
bitty,0.973297,2.796
bivia,0.0,2.9225
bivvy,0.0,2.9869
bizes,0.0,2.8129
bizzo,0.0,3.0177
bizzy,0.0,3.0318
blabs,0.0,2.807
black,1.0,2.7123
blade,1.0,2.619
blads,0.0,2.7047
blady,0.0,2.7
blaer,0.0,2.6028
blaes,0.0,2.6291
blaff,0.0,2.8855
blags,0.0,2.6954
blahs,0.0,2.6932
blain,0.0,2.6361
blame,1.0,2.6409
blams,0.0,2.6929
blanc,0.0,2.6668
bland,1.0,2.6422
blank,1.0,2.6942
blare,1.0,2.5909
blart,0.0,2.6152
blase,1.0,2.6015
blash,0.0,2.667
blast,1.0,2.5913
blate,0.0,2.6029
blats,0.0,2.6417
blatt,0.0,2.7281
blaud,0.0,2.6913
blawn,0.0,2.7291
blaws,0.0,2.7407
blays,0.0,2.7072
blaze,1.0,2.7501
bleah,0.0,2.6783
bleak,1.0,2.7202
blear,0.0,2.6216
bleat,0.978345,2.6169
blebs,0.0,2.8551
blech,0.0,2.7318
bleed,1.0,2.7296
bleep,0.97598,2.7332
blees,0.0,2.715
blend,1.0,2.6681
blent,0.0,2.659
blert,0.0,2.638
bless,1.0,2.7883
blest,0.0,2.6408
blets,0.0,2.6716
bleys,0.0,2.7333
blimp,0.999261,2.695
blimy,0.0,2.7195
blind,1.0,2.6518
bling,1.0,2.6863
blini,0.0,2.8129
blink,1.0,2.708
blins,0.0,2.6758
bliny,0.0,2.6854
blips,0.0,2.6645
bliss,1.0,2.7669
blist,0.0,2.6279
blite,0.0,2.6184
blits,0.0,2.6545
blitz,1.0,2.7709
blive,0.0,2.7177
bloat,1.0,2.6132
blobs,0.0,2.809
block,1.0,2.7327
blocs,0.0,2.6583
blogs,0.0,2.6899
bloke,0.993099,2.6787
blond,1.0,2.6392
blonx,0.0,2.7997
blood,1.0,2.7675
blook,0.0,2.8187
bloom,1.0,2.7939
bloop,1.0,2.7687
blore,0.0,2.6086
blots,0.0,2.6453
blown,1.0,2.7097
blows,0.0,2.7227
blowy,0.0,2.7667
blubs,0.0,2.8583
blude,0.0,2.6744
bluds,0.0,2.7479
bludy,0.0,2.7484
blued,0.0,2.6679
bluer,0.991344,2.6423
blues,0.0,2.6648
bluet,0.0,2.6324
bluey,0.0,2.6951
bluff,1.0,2.9023
bluid,0.0,2.7003
blume,0.0,2.6975
blunk,0.0,2.7511
blunt,1.0,2.6458
blurb,1.0,2.8324
blurs,0.0,2.6818
blurt,1.0,2.6472
blush,1.0,2.7008
blype,0.0,2.7362
boabs,0.0,2.8256
boaks,0.0,2.7289
board,1.0,2.6404
boars,0.0,2.6557
boart,0.0,2.5989
boast,1.0,2.6097
boats,0.0,2.6397
boaty,0.0,2.6647
bobac,0.0,2.849
bobak,0.0,2.8961
bobas,0.0,2.838
bobby,0.986468,3.0250000000000004
bobol,0.0,2.9065
bobos,0.0,2.9451
bocca,0.0,2.8334
bocce,0.994147,2.777
bocci,0.0,2.8632
boche,0.0,2.7165
bocks,0.0,2.7812
boded,0.003896,2.7956
bodes,0.0,2.6695
bodge,0.0,2.6976
bodgy,0.0,2.7601
bodhi,0.0,2.793
bodle,0.0,2.6376
bodoh,0.0,2.8341
boeps,0.0,2.7108
boers,0.0,2.6589
boeti,0.0,2.687
boets,0.0,2.6583
boeuf,0.0,2.7699
boffo,0.978745,3.0277000000000003
boffs,0.0,2.9342
bogan,0.0,2.6935
bogey,1.0,2.7207
boggy,0.981835,2.8818
bogie,0.736992,2.6848
bogle,0.0,2.6628
bogue,0.0,2.6921
bogus,1.0,2.7428
bohea,0.0,2.7269
bohos,0.0,2.8299
boils,0.0,2.6349
boing,0.902458,2.7125
boink,0.0,2.7116
boite,0.0,2.6263
boked,0.0,2.7592
bokeh,0.0,2.7832
bokes,0.0,2.7586
bokos,0.0,2.8694
bolar,0.0,2.6233
bolas,0.0,2.6622
boldo,0.0,2.7916
bolds,0.0,2.7228
boles,0.0,2.6532
bolet,0.0,2.6188
bolix,0.0,2.7915
bolks,0.0,2.7416
bolls,0.0,2.7853
bolos,0.0,2.7701
bolts,0.0,2.6451
bolus,0.877061,2.6824
bomas,0.0,2.7187
bombe,0.0,2.8474
bombo,0.0,2.9778
bombs,0.0,2.8607
bomoh,0.0,2.8337
bomor,0.0,2.7575
bonce,0.0,2.6496
bonds,0.0,2.6707
boned,0.003896,2.6402
boner,0.276178,2.617
bones,0.0,2.6442
boney,0.638004,2.6754
bongo,0.984025,2.8083
bongs,0.0,2.6915
bonie,0.0,2.6253
bonks,0.0,2.7156
bonne,0.0,2.7655
bonny,0.823057,2.82
bonum,0.0,2.7129
bonus,1.0,2.6888
bonza,0.0,2.8237
bonze,0.0,2.7787
booai,0.0,2.8255
booay,0.0,2.795
boobs,0.0,2.9342
booby,0.915879,2.9647
boody,0.0,2.8262
booed,0.003896,2.7656
boofy,0.0,2.874
boogy,0.0,2.8296
boohs,0.0,2.8173
books,0.0,2.8335
booky,0.0,2.866
bools,0.0,2.7631
booms,0.0,2.8083
boomy,0.0,2.8251
boong,0.0,2.7988
boons,0.0,2.7624
boord,0.0,2.7464
boors,0.0,2.7542
boose,0.0,2.7366
boost,1.0,2.7252
booth,1.0,2.7973
boots,0.0,2.7637
booty,0.932166,2.8037
booze,1.0,2.8955
boozy,1.0,2.9402
boppy,0.0,2.8831
borak,0.0,2.6925
boral,0.0,2.6295
boras,0.0,2.6481
borax,0.906392,2.7874
borde,0.0,2.62
bords,0.0,2.7044
bored,1.0,2.6209
boree,0.0,2.6607
borek,0.0,2.6792
borel,0.0,2.6102
borer,0.0,2.709
bores,0.0,2.6291
borgo,0.0,2.7745
boric,0.885892,2.661
borks,0.0,2.7253
borms,0.0,2.6983
borna,0.0,2.643
borne,1.0,2.5968
boron,0.952006,2.7482
borts,0.0,2.6396
borty,0.0,2.6562
bortz,0.0,2.7645
bosey,0.0,2.7108
bosie,0.0,2.6432
bosks,0.0,2.8847
bosky,0.0,2.7802
bosom,1.0,2.8094
boson,0.990608,2.7746
bossa,0.0,2.8099
bossy,1.0,2.8295
bosun,0.0,2.6746
botas,0.0,2.6607
botch,1.0,2.6891
boteh,0.0,2.672
botel,0.0,2.629
botes,0.0,2.6568
botew,0.0,2.7251
bothy,0.0,2.7219
botos,0.0,2.7658
botte,0.0,2.7293
botts,0.0,2.7759
botty,0.0,2.79
bouge,0.0,2.6855
bough,0.963288,2.7601
bouks,0.0,2.7671
boule,0.922373,2.6421
boult,0.0,2.6372
bound,1.0,2.6868
bouns,0.0,2.6809
bourd,0.0,2.6733
bourg,0.0,2.6881
bourn,0.0,2.6475
bouse,0.0,2.6364
bousy,0.0,2.695
bouts,0.0,2.6856
boutu,0.0,2.839
bovid,0.0,2.7766
bowat,0.0,2.7252
bowed,0.003896,2.7243
bowel,1.0,2.6994
bower,0.955942,2.7043
bowes,0.0,2.7553
bowet,0.0,2.7064
bowie,0.0,2.7393
bowls,0.0,2.7196
bowne,0.0,2.7236
bowrs,0.0,2.7449
bowse,0.0,2.7229
boxed,0.003896,2.7967
boxen,0.0,2.7945
boxer,1.0,2.7793
boxes,0.0,2.8061
boxla,0.0,2.8121
boxty,0.0,2.8356
boyar,0.0,2.6667
boyau,0.0,2.7805
boyed,0.0,2.7221
boyey,0.0,2.874
boyfs,0.0,2.8033
boygs,0.0,2.7696
boyla,0.0,2.7007
boyly,0.0,2.846
boyos,0.0,2.8241
boysy,0.0,2.8521
bozos,0.0,2.926
braai,0.0,2.7571
brace,1.0,2.5964
brach,0.0,2.6743
brack,0.0,2.6954
bract,0.0,2.6104
brads,0.0,2.6942
braes,0.0,2.614
brags,0.0,2.6769
brahs,0.0,2.6998
braid,1.0,2.6459
brail,0.0,2.6294
brain,1.0,2.6239
brake,1.0,2.6628
braks,0.0,2.7058
braky,0.0,2.7235
brame,0.0,2.6221
brand,1.0,2.6258
brane,0.0,2.5903
brank,0.0,2.6862
brans,0.0,2.631
brant,0.0,2.6088
brash,1.0,2.6671
brass,1.0,2.7768
brast,0.0,2.5983
brats,0.0,2.6279
brava,0.888573,2.8577
brave,1.0,2.7002
bravi,0.0,2.7685
bravo,1.0,2.7366
brawl,1.0,2.7061
brawn,1.0,2.6922
braws,0.0,2.7344
braxy,0.0,2.8137
brays,0.0,2.702
braza,0.0,2.8707
braze,0.0,2.7115
bread,1.0,2.6549
break,1.0,2.7081
bream,0.990513,2.6752
brede,0.0,2.7
breds,0.0,2.7026
breed,1.0,2.7123
breem,0.0,2.7233
breer,0.0,2.7875
brees,0.0,2.7029
breid,0.0,2.6523
breis,0.0,2.6631
breme,0.0,2.7203
brens,0.0,2.6813
brent,0.0,2.6299
brere,0.0,2.7804
brers,0.0,2.7726
breve,0.0,2.7772
brews,0.0,2.7432
breys,0.0,2.7376
briar,0.953185,2.7553
bribe,1.0,2.7623
brick,1.0,2.6964
bride,1.0,2.6159
brief,1.0,2.674
brier,0.873821,2.7255
bries,0.0,2.6338
brigs,0.0,2.6778
briki,0.0,2.8666
briks,0.0,2.7344
brill,0.0,2.7571
brims,0.0,2.671
brine,1.0,2.5922
bring,1.0,2.687
brink,1.0,2.6995
brins,0.0,2.6741
briny,1.0,2.6689
brios,0.0,2.6602
brise,0.0,2.6146
brisk,1.0,2.6924
briss,0.0,2.79
brith,0.0,2.6634
brits,0.0,2.6481
britt,0.0,2.7219
brize,0.0,2.7377
broad,1.0,2.6466
broch,0.0,2.6784
brock,0.0,2.7158
brods,0.0,2.7079
brogh,0.0,2.7196
brogs,0.0,2.7121
broil,1.0,2.6346
broke,1.0,2.6742
brome,0.0,2.6437
bromo,0.0,2.778
bronc,0.880145,2.6388
brond,0.0,2.6656
brood,1.0,2.754
brook,1.0,2.806
brool,0.0,2.7251
broom,1.0,2.7779
broos,0.0,2.7508
brose,0.0,2.616
brosy,0.0,2.6706
broth,1.0,2.6528
brown,1.0,2.7099
brows,0.0,2.724
bruck,0.0,2.7468
brugh,0.0,2.7444
bruhs,0.0,2.7345
bruin,0.663523,2.6672
bruit,0.0,2.6279
bruja,0.0,2.8349
brujo,0.0,2.8258
brule,0.0,2.6365
brume,0.0,2.6757
brung,0.0,2.7192
brunt,1.0,2.6376
brush,1.0,2.7032
brusk,0.019518,2.7205
brust,0.0,2.6231
brute,1.0,2.637
bruts,0.0,2.6612
bruvs,0.0,2.7982
buats,0.0,2.663
buaze,0.0,2.7891
bubal,0.0,2.8256
bubas,0.0,2.8601
bubba,0.0,3.0564
bubbe,0.0,3.0135
bubby,0.0,3.0643
bubus,0.0,3.0257
buchu,0.0,2.9472
bucko,0.0,2.7966
bucks,0.0,2.7807
bucku,0.0,2.9705
budas,0.0,2.7444
buddy,1.0,2.8826
buded,0.0,2.8205
budes,0.0,2.707
budge,1.0,2.7269
budis,0.0,2.7452
budos,0.0,2.7487
buena,0.0,2.6888
buffa,0.0,2.9587
buffe,0.0,2.9193
buffi,0.0,2.9765
buffo,0.0,2.9555
buffs,0.0,2.9292
buffy,0.0,2.9695
bufos,0.0,2.7849
bufty,0.0,2.7878
bugan,0.0,2.7154
buggy,1.0,2.9083
bugle,1.0,2.6925
buhls,0.0,2.7479
buhrs,0.0,2.7424
buiks,0.0,2.7661
build,1.0,2.6758
built,1.0,2.644
buist,0.0,2.6286
bukes,0.0,2.7719
bukos,0.0,2.7866
bulbs,0.0,2.8493
bulge,1.0,2.701
bulgy,0.840468,2.7351
bulks,0.0,2.7442
bulky,1.0,2.7789
bulla,0.0,2.8003
bulls,0.0,2.8025
bully,1.0,2.8265
bulse,0.0,2.6437
bumbo,0.0,2.9157
bumfs,0.0,2.8475
bumph,0.0,2.8211
bumps,0.0,2.766
bumpy,1.0,2.7772
bunas,0.0,2.6935
bunce,0.0,2.6819
bunch,1.0,2.7351
bunco,0.0,2.7049
bunde,0.0,2.6877
bundh,0.0,2.7807
bunds,0.0,2.7669
bundt,0.0,2.7227
bundu,0.0,2.9178
bundy,0.0,2.762
bungs,0.0,2.7548
bungy,0.0,2.7511
bunia,0.0,2.71
bunje,0.0,2.8211
bunjy,0.0,2.8732
bunko,0.0,2.7647
bunks,0.0,2.7561
bunns,0.0,2.8417
bunny,1.0,2.8502
bunts,0.0,2.6844
bunty,0.0,2.7064
bunya,0.0,2.7542
buoys,0.0,2.7473
buppy,0.0,2.9136
buran,0.0,2.6591
buras,0.0,2.6706
burbs,0.0,2.8523
burds,0.0,2.7409
buret,0.0,2.6097
burfi,0.0,2.785
burgh,0.0,2.7424
burgs,0.0,2.7204
burin,0.0,2.6651
burka,0.789685,2.7457
burke,0.0,2.7051
burks,0.0,2.7605
burls,0.0,2.6961
burly,1.0,2.7034
burns,0.0,2.6618
burnt,1.0,2.6323
buroo,0.0,2.7679
burps,0.0,2.704
burqa,0.0,2.8516
burra,0.0,2.7696
burro,0.955411,2.7871
burrs,0.0,2.7869
burry,0.0,2.7951
bursa,0.840468,2.6714
burse,0.0,2.629
burst,1.0,2.635
busby,0.0,2.8966
bused,0.003896,2.6927
buses,0.0,2.8447
bushy,1.0,2.7691
busks,0.0,2.8989
busky,0.0,2.8043
bussu,0.0,2.9901
busti,0.0,2.708
busts,0.0,2.8242
busty,0.981835,2.7263
butch,0.99856,2.7275
buteo,0.0,2.6805
butes,0.0,2.6639
butle,0.0,2.6418
butoh,0.0,2.6968
butte,0.935071,2.7878
butts,0.0,2.8113
butty,0.0,2.8223
butut,0.0,2.9287
butyl,0.0,2.7277
buxom,1.0,2.894
buyer,1.0,2.6978
buyin,0.0,2.7334
buzzy,1.0,3.0478
bwana,0.0,2.8476
bwazi,0.0,2.946
byded,0.0,2.8791
bydes,0.0,2.7648
byked,0.0,2.8336
bykes,0.0,2.8329
bylaw,0.989425,2.7672
byres,0.0,2.713
byrls,0.0,2.7498
byssi,0.0,2.8968
bytes,0.0,2.7076
byway,0.975045,2.9505
caaed,0.0,2.7027
cabal,1.0,2.754
cabas,0.0,2.7697
cabby,1.0,2.8633
caber,0.0,2.6144
cabin,1.0,2.6489
cable,1.0,2.6003
cabob,0.0,2.8338
caboc,0.0,2.8212
cabre,0.0,2.5944
cacao,1.0,2.9332
cacas,0.0,2.869
cache,1.0,2.7894
cacks,0.0,2.8481
cacky,0.0,2.8617
cacti,0.980266,2.7914
caddy,0.992041,2.8266
cadee,0.0,2.6654
cades,0.0,2.6463
cadet,1.0,2.6025
cadge,0.948172,2.6553
cadgy,0.0,2.7362
cadie,0.0,2.6163
cadis,0.0,2.6727
cadre,1.0,2.5749
caeca,0.0,2.8603
caese,0.0,2.6578
cafes,0.0,2.6812
caffe,0.0,2.8239
caffs,0.0,2.8769
caged,0.003896,2.6628
cager,0.0,2.6219
cages,0.0,2.6557
cagey,1.0,2.6839
cagot,0.0,2.6464
cahow,0.0,2.7517
caids,0.0,2.6701
cains,0.0,2.6138
caird,0.0,2.6104
cairn,0.957972,2.5699
cajon,0.0,2.7594
cajun,0.0,2.7901
caked,0.003896,2.6948
cakes,0.0,2.6842
cakey,0.0,2.7232
calfs,0.0,2.693
calid,0.0,2.6275
calif,0.0,2.6678
calix,0.0,2.7371
calks,0.0,2.6754
calla,0.0,2.8086
calle,0.0,2.6684
calls,0.0,2.7269
calms,0.0,2.6346
calmy,0.0,2.6602
calos,0.0,2.625
calpa,0.0,2.7319
calps,0.0,2.6442
calve,0.928638,2.6686
calyx,0.0,2.8055
caman,0.0,2.7283
camas,0.0,2.7574
camel,1.0,2.6058
cameo,1.0,2.6581
cames,0.0,2.6576
camis,0.0,2.6697
camos,0.0,2.6681
campi,0.0,2.724
campo,0.0,2.6965
camps,0.0,2.6683
campy,1.0,2.6959
camus,0.0,2.6891
canal,1.0,2.7104
cando,0.0,2.6681
candy,1.0,2.6642
caned,0.003896,2.5989
caneh,0.0,2.6235
caner,0.0,2.5761
canes,0.0,2.598
cangs,0.0,2.6822
canid,0.0,2.6282
canna,0.0,2.8349
canns,0.0,2.7483
canny,1.0,2.7751
canoe,1.0,2.5948
canon,1.0,2.7644
canso,0.0,2.627
canst,0.0,2.5865
canti,0.0,2.6323
canto,0.0,2.6211
cants,0.0,2.6194
canty,0.0,2.6378
capas,0.0,2.7372
capax,0.0,2.8793
caped,0.992458,2.6286
caper,1.0,2.5972
capes,0.0,2.6301
capex,0.0,2.7591
caphs,0.0,2.6904
capiz,0.0,2.7942
caple,0.0,2.5918
capon,0.951399,2.6313
capos,0.0,2.6494
capot,0.0,2.6279
capri,0.980266,2.6339
capul,0.0,2.6512
caput,0.052968,2.6417
carap,0.0,2.6881
carat,0.962056,2.6701
carbo,0.0,2.6435
carbs,0.0,2.6446
carby,0.0,2.6755
cardi,0.0,2.6651
cards,0.0,2.6257
cardy,0.0,2.6676
cared,0.003896,2.5851
carer,0.877061,2.7041
cares,0.0,2.5837
caret,0.052968,2.5495
carex,0.0,2.6911
cargo,1.0,2.6364
carks,0.0,2.665
carle,0.0,2.5459
carls,0.0,2.6119
carne,0.0,2.5507
carns,0.0,2.6088
carny,0.967348,2.6074
carob,0.951399,2.6353
carol,0.989629,2.5805
carom,0.986468,2.6229
caron,0.0,2.5834
carpe,0.0,2.5715
carpi,0.0,2.6486
carps,0.0,2.6144
carrs,0.0,2.6928
carry,1.0,2.7406
carse,0.0,2.5545
carta,0.0,2.671
carte,1.0,2.5443
carts,0.0,2.5853
carve,1.0,2.6566
carvy,0.0,2.7044
casas,0.0,2.845
casco,0.0,2.7806
cased,0.003896,2.632
caser,0.0,2.5886
cases,0.0,2.7651
casks,0.0,2.8249
casky,0.0,2.7223
caste,1.0,2.5807
casts,0.0,2.7462
casus,0.0,2.7835
catch,1.0,2.7774
cater,1.0,2.5728
cates,0.0,2.6014
catty,1.0,2.7688
cauda,0.0,2.7867
cauks,0.0,2.7034
cauld,0.0,2.6448
caulk,1.0,2.6852
cauls,0.0,2.6286
caums,0.0,2.6798
caups,0.0,2.6682
cauri,0.0,2.6691
causa,0.0,2.7264
cause,1.0,2.6331
cavas,0.0,2.8128
caved,0.003896,2.7153
cavel,0.0,2.66
caver,0.0,2.6524
caves,0.0,2.7222
cavie,0.0,2.6805
cavil,0.953185,2.6958
cavus,0.0,2.7567
cawed,0.003896,2.6932
cawks,0.0,2.7832
caxon,0.0,2.7459
cease,1.0,2.7026
ceaze,0.0,2.7921
cebid,0.0,2.7065
cecal,0.0,2.7417
cecum,0.0,2.868
cedar,1.0,2.6046
ceded,0.003896,2.8468
ceder,0.0,2.6691
cedes,0.0,2.7214
cedis,0.0,2.6858
ceiba,0.0,2.6885
ceili,0.0,2.7547
ceils,0.0,2.6266
celeb,0.977091,2.7117
cella,0.0,2.7285
celli,0.0,2.7649
cello,1.0,2.7413
cells,0.0,2.7534
celly,0.0,2.775
celom,0.0,2.6755
celts,0.0,2.6442
cense,0.0,2.6766
cento,0.0,2.6288
cents,0.0,2.6316
centu,0.0,2.6712
ceorl,0.0,2.5959
cepes,0.0,2.7253
cerci,0.0,2.7668
cered,0.0,2.6562
ceres,0.0,2.6655
cerge,0.0,2.6861
ceria,0.0,2.6127
ceric,0.0,2.761
cerne,0.0,2.6382
ceroc,0.0,2.7446
ceros,0.0,2.6241
certs,0.0,2.6163
certy,0.0,2.6388
cesse,0.0,2.8061
cesta,0.0,2.6257
cesti,0.0,2.6627
cetes,0.0,2.687
cetyl,0.0,2.6758
cezve,0.0,2.9232
chaap,0.0,2.7647
chaat,0.0,2.6946
chace,0.0,2.7629
chack,0.0,2.8598
chaco,0.0,2.7995
chado,0.0,2.7036
chads,0.0,2.6911
chafe,1.0,2.691
chaff,0.997221,2.8839
chaft,0.0,2.6807
chain,1.0,2.6608
chair,1.0,2.6394
chais,0.0,2.6629
chalk,1.0,2.7045
chals,0.0,2.642
champ,1.0,2.7004
chams,0.0,2.6908
chana,0.0,2.7392
chang,0.0,2.7026
chank,0.0,2.6982
chant,1.0,2.6188
chaos,1.0,2.6889
chape,0.0,2.6507
chaps,0.0,2.6727
chapt,0.0,2.6428
chara,0.0,2.7185
chard,1.0,2.6591
chare,0.0,2.5922
chark,0.0,2.6799
charm,1.0,2.6607
charr,0.0,2.7089
chars,0.0,2.6577
chart,1.0,2.6057
chary,0.943819,2.667
chase,1.0,2.6298
chasm,1.0,2.676
chats,0.0,2.6466
chava,0.0,2.8435
chave,0.0,2.7154
chavs,0.0,2.7491
chawk,0.0,2.7914
chawl,0.0,2.7068
chaws,0.0,2.7383
chaya,0.0,2.8044
chays,0.0,2.7097
cheap,1.0,2.6896
cheat,1.0,2.6467
cheba,0.0,2.7266
check,1.0,2.9076
chedi,0.0,2.7424
cheeb,0.0,2.7911
cheek,1.0,2.8208
cheep,0.773749,2.7471
cheer,1.0,2.7234
cheet,0.0,2.6921
chefs,0.0,2.7481
cheka,0.0,2.7272
chela,0.0,2.6382
chelp,0.0,2.702
chemo,1.0,2.708
chems,0.0,2.7287
chere,0.0,2.6813
chert,0.0,2.6268
chess,1.0,2.8165
chest,1.0,2.6438
cheth,0.0,2.8205
chevy,0.0,2.812
chews,0.0,2.7717
chewy,1.0,2.796
chiao,0.0,2.6856
chias,0.0,2.6672
chiba,0.0,2.7395
chibs,0.0,2.7476
chica,0.0,2.8165
chich,0.0,2.9628
chick,1.0,2.8835
chico,0.0,2.809
chics,0.0,2.8175
chide,0.99944,2.663
chief,1.0,2.7085
chiel,0.0,2.63
chiko,0.0,2.7357
chiks,0.0,2.7353
child,1.0,2.6574
chile,1.0,2.6171
chili,1.0,2.8093
chill,1.0,2.778
chimb,0.0,2.7826
chime,1.0,2.6656
chimo,0.0,2.7114
chimp,1.0,2.7118
china,1.0,2.676
chine,0.0,2.6359
ching,0.0,2.7231
chink,0.0,2.7138
chino,0.929785,2.669
chins,0.0,2.6651
chips,0.0,2.6943
chirk,0.0,2.7033
chirl,0.0,2.6538
chirm,0.0,2.6836
chiro,0.0,2.6495
chirp,1.0,2.6463
chirr,0.0,2.7319
chirt,0.0,2.6137
chiru,0.0,2.6927
chiti,0.0,2.7965
chits,0.0,2.6617
chiva,0.0,2.7699
chive,1.0,2.7453
chivs,0.0,2.7789
chivy,0.0,2.7878
chizz,0.0,2.9937
chock,0.997438,2.9085
choco,0.0,2.9025
chocs,0.0,2.8084
chode,0.0,2.6724
chogs,0.0,2.73
choil,0.0,2.6477
choir,1.0,2.6371
choke,1.0,2.7019
choko,0.0,2.8288
choky,0.0,2.7531
chola,0.0,2.6545
choli,0.0,2.6857
cholo,0.0,2.7554
chomp,0.983275,2.7247
chons,0.0,2.6575
choof,0.0,2.833
chook,0.0,2.8227
choom,0.0,2.7902
choon,0.0,2.7377
chops,0.0,2.6874
chord,1.0,2.6453
chore,1.0,2.6124
chose,1.0,2.6494
choss,0.0,2.7875
chota,0.0,2.6572
chott,0.0,2.7369
chout,0.0,2.6404
choux,0.962056,2.8495
chowk,0.0,2.811
chows,0.0,2.7557
chubs,0.0,2.7605
chuck,1.0,2.9298
chufa,0.0,2.7752
chuff,0.0,2.9336
chugs,0.0,2.757
chump,1.0,2.7657
chums,0.0,2.7497
chunk,1.0,2.7545
churl,0.845544,2.6673
churn,1.0,2.6643
churr,0.0,2.7527
chuse,0.0,2.6509
chute,1.0,2.6603
chuts,0.0,2.667
chyle,0.0,2.7061
chyme,0.0,2.7643
chynd,0.0,2.7696
cibol,0.0,2.668
cided,0.0,2.7687
cider,1.0,2.5956
cides,0.0,2.6617
ciels,0.0,2.6265
cigar,1.0,2.6448
ciggy,0.0,2.8832
cilia,0.919587,2.7756
cills,0.0,2.7515
cimar,0.0,2.6315
cimex,0.0,2.7933
cinch,1.0,2.8047
cinct,0.0,2.7428
cines,0.0,2.6345
cinqs,0.0,2.8138
cions,0.0,2.6299
cippi,0.0,2.9689
circa,1.0,2.7772
circs,0.0,2.7736
cires,0.0,2.6059
cirls,0.0,2.6452
cirri,0.0,2.8541
cisco,0.0,2.8107
cissy,0.0,2.8054
cists,0.0,2.7657
cital,0.0,2.6085
cited,0.003896,2.6122
citee,0.0,2.6521
citer,0.0,2.583
cites,0.0,2.6212
cives,0.0,2.7273
civet,0.961632,2.6966
civic,1.0,3.0095
civie,0.0,2.8176
civil,1.0,2.8377
civvy,0.0,2.941
clach,0.0,2.7678
clack,0.980627,2.8188
clade,0.704872,2.5863
clads,0.0,2.6755
claes,0.0,2.6015
clags,0.0,2.6698
claim,1.0,2.6406
clair,0.0,2.59
clame,0.0,2.6083
clamp,1.0,2.6481
clams,0.0,2.6432
clang,1.0,2.6491
clank,1.0,2.6629
clans,0.0,2.6022
claps,0.0,2.6264
clapt,0.0,2.6137
claro,0.0,2.6094
clart,0.0,2.5769
clary,0.0,2.6253
clash,1.0,2.6337
clasp,1.0,2.6051
class,1.0,2.7444
clast,0.0,2.579
clats,0.0,2.6093
claut,0.0,2.6071
clave,0.968989,2.6611
clavi,0.0,2.7187
claws,0.0,2.6967
clays,0.0,2.6642
clean,1.0,2.5923
clear,1.0,2.5929
cleat,0.982001,2.595
cleck,0.0,2.8554
cleek,0.0,2.7356
cleep,0.0,2.689
clefs,0.0,2.6989
cleft,1.0,2.6697
clegs,0.0,2.7036
cleik,0.0,2.6852
clems,0.0,2.6881
clepe,0.0,2.6872
clept,0.0,2.6474
clerk,1.0,2.6678
cleve,0.0,2.7546
clews,0.0,2.737
click,1.0,2.827
clied,0.0,2.6097
clies,0.0,2.6121
cliff,1.0,2.8352
clift,0.0,2.6662
climb,1.0,2.69
clime,0.959403,2.6118
cline,0.0,2.5993
cling,1.0,2.6577
clink,1.0,2.676
clint,0.0,2.6103
clipe,0.0,2.6183
clips,0.0,2.6333
clipt,0.0,2.6323
clits,0.0,2.6276
cloak,1.0,2.6768
cloam,0.0,2.6493
clock,1.0,2.8443
clods,0.0,2.6434
cloff,0.0,2.8611
clogs,0.0,2.6588
cloke,0.0,2.669
clomb,0.0,2.7235
clomp,0.919587,2.6685
clone,1.0,2.5673
clonk,0.0,2.684
clons,0.0,2.6437
cloop,0.0,2.7447
cloot,0.0,2.6927
clops,0.0,2.6323
close,1.0,2.5775
clote,0.0,2.6076
cloth,1.0,2.646
clots,0.0,2.6241
cloud,1.0,2.6571
clour,0.0,2.628
clous,0.0,2.6615
clout,1.0,2.6241
clove,1.0,2.6676
clown,1.0,2.6951
clows,0.0,2.7335
cloye,0.0,2.6588
cloys,0.0,2.6976
cloze,0.0,2.7452
clubs,0.0,2.6934
cluck,0.96992,2.8777
clued,0.003896,2.6298
clues,0.0,2.6357
cluey,0.0,2.6752
clump,1.0,2.686
clung,1.0,2.6914
clunk,0.96992,2.7017
clype,0.0,2.7013
cnida,0.0,2.684
coach,1.0,2.8134
coact,0.0,2.7142
coady,0.0,2.6871
coala,0.0,2.6946
coals,0.0,2.6114
coaly,0.0,2.6234
coapt,0.0,2.6157
coarb,0.0,2.6371
coast,1.0,2.5843
coate,0.0,2.5816
coati,0.801422,2.6565
coats,0.0,2.6144
cobbs,0.0,2.8655
cobby,0.0,2.8745
cobia,0.0,2.6973
coble,0.0,2.6397
cobot,0.0,2.749
cobra,1.0,2.6456
cobza,0.0,2.8412
cocas,0.0,2.7823
cocci,0.0,2.9812
cocco,0.0,3.0433000000000003
cocks,0.0,2.8527
cocky,1.0,2.8923
cocoa,1.0,2.9275
cocos,0.0,2.8927
cocus,0.0,2.8066
codas,0.0,2.6595
codec,0.0,2.7944
coded,0.003896,2.7574
coden,0.0,2.6368
coder,1.0,2.5935
codes,0.0,2.6372
codex,0.953185,2.757
codon,0.0,2.7547
coeds,0.0,2.6599
coffs,0.0,2.8899
cogie,0.0,2.6501
cogon,0.0,2.7621
cogue,0.0,2.6639
cohab,0.0,2.7336
cohen,0.0,2.6647
cohoe,0.0,2.7591
cohog,0.0,2.8303
cohos,0.0,2.7811
coifs,0.0,2.7049
coign,0.0,2.65
coils,0.0,2.602
coins,0.0,2.6205
coirs,0.0,2.6221
coits,0.0,2.6235
coked,0.0,2.7229
cokes,0.0,2.7202
cokey,0.0,2.7549
colas,0.0,2.6221
colby,0.0,2.7002
colds,0.0,2.644
coled,0.0,2.6245
coles,0.0,2.6305
coley,0.0,2.659
colic,0.976432,2.7842
colin,0.0,2.6136
colle,0.0,2.7069
colls,0.0,2.7432
colly,0.0,2.7552
colog,0.0,2.7762
colon,1.0,2.7363
color,1.0,2.7104
colts,0.0,2.6198
colza,0.0,2.769
comae,0.0,2.6323
comal,0.0,2.6408
comas,0.0,2.6712
combe,0.0,2.7072
combi,0.0,2.7671
combo,1.0,2.8123
combs,0.0,2.7218
comby,0.0,2.7594
comer,0.0,2.6293
comes,0.0,2.6548
comet,1.0,2.6159
comfy,1.0,2.7514
comic,1.0,2.8225
comix,0.0,2.8016
comma,1.0,2.8303
comme,0.0,2.7978
commo,0.0,2.9172
comms,0.0,2.8344
commy,0.0,2.8413
compo,0.0,2.7984
comps,0.0,2.6773
compt,0.0,2.6796
comte,0.0,2.6467
comus,0.0,2.693
conch,1.0,2.7997
condo,1.0,2.7481
coned,0.003896,2.6058
cones,0.0,2.6049
conex,0.0,2.7473
coney,0.0,2.6536
confs,0.0,2.72
conga,1.0,2.6761
conge,0.0,2.6463
congo,0.0,2.7673
conia,0.0,2.6343
conic,0.721877,2.7801
conin,0.0,2.7328
conks,0.0,2.6802
conky,0.0,2.7172
conne,0.0,2.7206
conns,0.0,2.7583
conte,0.0,2.6
conto,0.0,2.7094
conus,0.0,2.6506
convo,0.0,2.819
cooch,0.0,2.8842
cooed,0.003896,2.7303
cooee,0.0,2.7764
cooer,0.0,2.6803
cooey,0.0,2.7769
coofs,0.0,2.8203
cooks,0.0,2.8133
cooky,0.0,2.8329
cools,0.0,2.723
cooly,0.0,2.7392
coomb,0.0,2.8227
cooms,0.0,2.7727
coomy,0.0,2.7871
coons,0.0,2.72
coops,0.0,2.7605
coopt,0.0,2.7198
coost,0.0,2.6846
coots,0.0,2.7359
cooty,0.0,2.7496
cooze,0.0,2.8566
copal,0.0,2.6387
copay,0.792985,2.682
coped,0.003896,2.6242
copen,0.0,2.6508
coper,0.0,2.6147
copes,0.0,2.6385
copha,0.0,2.7077
coppy,0.0,2.8319
copra,0.0,2.6395
copse,0.963686,2.6122
copsy,0.0,2.6753
coqui,0.0,2.8743
coral,1.0,2.5923
coram,0.0,2.6259
corbe,0.0,2.6199
corby,0.0,2.6866
corda,0.0,2.6475
cords,0.0,2.6245
cored,0.003896,2.5775
corer,0.721877,2.6958
cores,0.0,2.5877
corey,0.0,2.6371
corgi,0.971674,2.6689
coria,0.0,2.6199
corks,0.0,2.6704
corky,0.736992,2.703
corms,0.0,2.6606
corni,0.0,2.6227
corno,0.0,2.6835
corns,0.0,2.5871
cornu,0.0,2.6385
corny,1.0,2.623
corps,1.0,2.6233
corse,0.0,2.5812
corso,0.0,2.7045
cosec,0.0,2.7824
cosed,0.0,2.6607
coses,0.0,2.7609
coset,0.0,2.6113
cosey,0.0,2.6794
cosie,0.0,2.6064
costa,0.0,2.6422
coste,0.0,2.6065
costs,0.0,2.7658
cotan,0.0,2.6081
cotch,0.0,2.7848
coted,0.0,2.6327
cotes,0.0,2.633
coths,0.0,2.661
cotta,0.0,2.7271
cotts,0.0,2.7343
couch,1.0,2.837
coude,0.0,2.6663
cough,1.0,2.73
could,1.0,2.6443
count,1.0,2.6169
coupe,1.0,2.6421
coups,0.0,2.6884
courb,0.0,2.6684
courd,0.0,2.6374
coure,0.0,2.5993
cours,0.0,2.6352
court,1.0,2.6044
couta,0.0,2.6568
couth,0.773749,2.6934
coved,0.0,2.7229
coven,0.981327,2.6989
cover,1.0,2.6798
coves,0.0,2.7139
covet,1.0,2.686
covey,0.942233,2.7466
covin,0.0,2.6978
cowal,0.0,2.6948
cowan,0.0,2.6975
cowed,0.003896,2.6923
cower,1.0,2.6722
cowks,0.0,2.7973
cowls,0.0,2.6945
cowps,0.0,2.7641
cowry,0.0,2.7186
coxae,0.0,2.7394
coxal,0.0,2.7483
coxed,0.003896,2.7589
coxes,0.0,2.7809
coxib,0.0,2.8372
coyau,0.0,2.7388
coyed,0.0,2.6999
coyer,0.0,2.6558
coyly,1.0,2.8285
coypu,0.0,2.7421
cozed,0.0,2.781
cozen,0.0,2.7604
cozes,0.0,2.7877
cozey,0.0,2.8202
cozie,0.0,2.7462
craal,0.0,2.6691
crabs,0.0,2.6474
crack,1.0,2.8278
craft,1.0,2.631
crags,0.0,2.6444
craic,0.0,2.737
craig,0.0,2.6397
crake,0.0,2.6128
crame,0.0,2.5886
cramp,1.0,2.6431
crams,0.0,2.6349
crane,1.0,2.5371
crank,1.0,2.6386
crans,0.0,2.6118
crape,0.0,2.5767
craps,0.0,2.6153
crapy,0.0,2.6433
crare,0.0,2.6445
crash,1.0,2.6405
crass,1.0,2.7378
crate,1.0,2.5447
crave,1.0,2.6538
crawl,1.0,2.6785
craws,0.0,2.6893
crays,0.0,2.6678
craze,1.0,2.7097
crazy,1.0,2.7716
creak,0.998608,2.6627
cream,1.0,2.631
credo,1.0,2.6187
creds,0.0,2.672
creed,1.0,2.6778
creek,1.0,2.7441
creel,0.0,2.6558
creep,1.0,2.6714
crees,0.0,2.6706
crein,0.0,2.6052
crema,0.991073,2.6403
creme,1.0,2.6863
crems,0.0,2.6782
crena,0.0,2.6057
crepe,1.0,2.6714
creps,0.0,2.6607
crept,1.0,2.6044
crepy,0.0,2.6785
cress,0.955942,2.758
crest,1.0,2.5851
crewe,0.0,2.7323
crews,0.0,2.7055
crias,0.0,2.6174
cribo,0.0,2.6685
cribs,0.0,2.6447
crick,0.898205,2.8013
cried,1.0,2.577
crier,0.984025,2.6951
cries,0.0,2.5933
crime,1.0,2.5907
crimp,1.0,2.6388
crims,0.0,2.6751
crine,0.0,2.5814
crink,0.0,2.6641
crins,0.0,2.6386
crios,0.0,2.6282
cripe,0.0,2.6006
crips,0.0,2.6586
crise,0.0,2.5881
crisp,1.0,2.602
criss,0.0,2.7544
crith,0.0,2.6215
crits,0.0,2.6165
croak,1.0,2.6543
croci,0.0,2.7671
crock,1.0,2.8105
crocs,0.0,2.7599
croft,0.0,2.6417
crogs,0.0,2.6844
cromb,0.0,2.6931
crome,0.0,2.6129
crone,0.979137,2.5549
cronk,0.0,2.6598
crons,0.0,2.6286
crony,1.0,2.6187
crook,1.0,2.7706
crool,0.0,2.7006
croon,1.0,2.7036
crops,0.0,2.6278
crore,0.0,2.6667
cross,1.0,2.7472
crost,0.0,2.584
croup,0.895947,2.635
crout,0.0,2.5937
crowd,1.0,2.6768
crowl,0.0,2.6959
crown,1.0,2.6621
crows,0.0,2.6908
croze,0.0,2.7084
cruck,0.0,2.8405
crude,1.0,2.619
crudo,0.0,2.671
cruds,0.0,2.7086
crudy,0.0,2.7093
cruel,1.0,2.6046
crues,0.0,2.6277
cruet,0.888573,2.5869
cruft,0.0,2.6674
crumb,1.0,2.6962
crump,0.750523,2.6629
crunk,0.0,2.6919
cruor,0.0,2.6966
crura,0.0,2.7302
cruse,0.0,2.6086
crush,1.0,2.6702
crust,1.0,2.5985
crusy,0.0,2.6663
cruve,0.0,2.6905
crwth,0.0,2.7274
cryer,0.0,2.7682
cryne,0.0,2.6699
crypt,1.0,2.6636
ctene,0.0,2.6909
cubby,0.975283,2.919
cubeb,0.0,2.8507
cubed,0.003896,2.6825
cuber,0.0,2.66
cubes,0.0,2.6906
cubic,1.0,2.8572
cubit,0.76271,2.6767
cucks,0.0,2.8903
cudda,0.0,2.8552
cuddy,0.0,2.8815
cueca,0.0,2.7938
cuffo,0.0,2.9132
cuffs,0.0,2.904
cuifs,0.0,2.7315
cuing,0.967348,2.6899
cuish,0.0,2.6516
cuits,0.0,2.6336
cukes,0.0,2.735
culch,0.0,2.8201
culet,0.0,2.6116
culex,0.0,2.7728
culls,0.0,2.7705
cully,0.0,2.786
culms,0.0,2.707
culpa,0.0,2.6815
culti,0.0,2.6737
cults,0.0,2.6487
culty,0.0,2.6805
cumec,0.0,2.8408
cumin,1.0,2.6842
cundy,0.0,2.7351
cunei,0.0,2.6754
cunit,0.0,2.6152
cunny,0.0,2.8101
cunts,0.0,2.655
cupel,0.0,2.6496
cupid,0.947486,2.6836
cuppa,0.0,2.8449
cuppy,0.0,2.8613
cupro,0.0,2.6621
curat,0.0,2.5927
curbs,0.0,2.6787
curch,0.0,2.7973
curds,0.0,2.6655
curdy,0.0,2.7217
cured,0.003896,2.6118
curer,0.052968,2.723
cures,0.0,2.6225
curet,0.0,2.5825
curfs,0.0,2.7252
curia,0.911774,2.6758
curie,0.0,2.6086
curio,1.0,2.6718
curli,0.0,2.6736
curls,0.0,2.6529
curly,1.0,2.6609
curns,0.0,2.6526
curny,0.0,2.6659
currs,0.0,2.7448
curry,1.0,2.7736
curse,1.0,2.5928
cursi,0.0,2.667
curst,0.0,2.5984
curve,1.0,2.6938
curvy,1.0,2.7539
cusec,0.0,2.8056
cushy,1.0,2.7693
cusks,0.0,2.8629
cusps,0.0,2.8213
cuspy,0.0,2.7184
cusso,0.0,2.7912
cusum,0.0,2.8565
cutch,0.0,2.8079
cuter,0.993177,2.6095
cutes,0.0,2.6366
cutey,0.0,2.6828
cutie,0.97933,2.6361
cutin,0.0,2.6301
cutis,0.0,2.6432
cutto,0.0,2.7568
cutty,0.0,2.7906
cutup,0.985562,2.818
cuvee,0.0,2.7856
cuzes,0.0,2.8058
cwtch,0.0,2.9158
cyano,0.0,2.6708
cyans,0.0,2.6739
cyber,1.0,2.6939
cycad,0.0,2.8676
cycas,0.0,2.848
cycle,1.0,2.7959
cyclo,0.0,2.8366
cyder,0.0,2.6936
cylix,0.0,2.8309
cymae,0.0,2.6907
cymar,0.0,2.6794
cymas,0.0,2.7323
cymes,0.0,2.7583
cymol,0.0,2.7133
cynic,1.0,2.8416
cysts,0.0,2.8409
cytes,0.0,2.7043
cyton,0.0,2.679
czars,0.0,2.759
daals,0.0,2.7361
dabba,0.0,2.9681
daces,0.0,2.6602
dacha,0.988901,2.8187
dacks,0.0,2.7636
dadah,0.0,2.9175
dadas,0.0,2.8985
daddy,1.0,2.9778
dadis,0.0,2.7999
dadla,0.0,2.8747
dados,0.0,2.8142
daffs,0.0,2.9154
daffy,1.0,2.8888
dagga,0.0,2.9477
daggy,0.0,2.8683
dagos,0.0,2.715
dahis,0.0,2.7196
dahls,0.0,2.715
daiko,0.0,2.7473
daily,1.0,2.6452
daine,0.0,2.596
daint,0.0,2.6055
dairy,1.0,2.6544
daisy,1.0,2.6553
daker,0.0,2.665
daled,0.0,2.7115
dalek,0.0,2.6578
dales,0.0,2.6039
dalis,0.0,2.6487
dalle,0.0,2.6852
dally,0.959403,2.7656
dalts,0.0,2.6511
daman,0.0,2.7669
damar,0.0,2.7295
dames,0.0,2.649
damme,0.0,2.7827
damna,0.0,2.7812
damns,0.0,2.66
damps,0.0,2.751
dampy,0.0,2.7459
dance,1.0,2.5846
dancy,0.0,2.6849
danda,0.0,2.8886
dandy,1.0,2.8036
dangs,0.0,2.7063
danio,0.0,2.6702
danks,0.0,2.733
danny,0.0,2.7879
danse,0.0,2.6026
dants,0.0,2.6576
dappy,0.0,2.855
daraf,0.0,2.7814
darbs,0.0,2.7049
darcy,0.0,2.6635
dared,0.003896,2.7431
darer,0.0,2.6708
dares,0.0,2.6018
darga,0.0,2.7656
dargs,0.0,2.6955
daric,0.0,2.654
daris,0.0,2.645
darks,0.0,2.6911
darky,0.0,2.7218
darls,0.0,2.6559
darns,0.0,2.6097
darre,0.0,2.6492
darts,0.0,2.6117
darzi,0.0,2.7947
dashi,0.0,2.7501
dashy,0.0,2.7377
datal,0.0,2.7142
dated,0.003896,2.7507
dater,0.954319,2.5875
dates,0.0,2.6184
datil,0.0,2.6218
datos,0.0,2.6584
datto,0.0,2.7589
datum,0.916618,2.6843
daube,0.0,2.6854
daubs,0.0,2.7164
dauby,0.0,2.7499
dauds,0.0,2.8232
dault,0.0,2.6302
daunt,0.965585,2.6228
daurs,0.0,2.6726
dauts,0.0,2.669
daven,0.0,2.6878
davit,0.0,2.7038
dawah,0.0,2.8589
dawds,0.0,2.893
dawed,0.0,2.8183
dawen,0.0,2.6796
dawgs,0.0,2.8029
dawks,0.0,2.819
dawns,0.0,2.705
dawts,0.0,2.7372
dayal,0.0,2.7554
dayan,0.0,2.7665
daych,0.0,2.7362
daynt,0.0,2.6721
dazed,0.003896,2.9031
dazer,0.0,2.7138
dazes,0.0,2.7688
dbags,0.0,2.7914
deads,0.0,2.7739
deair,0.0,2.597
deals,0.0,2.6091
dealt,1.0,2.5722
deans,0.0,2.6168
deare,0.0,2.6247
dearn,0.0,2.5873
dears,0.0,2.6047
deary,0.0,2.6344
deash,0.0,2.6574
death,1.0,2.6387
deave,0.0,2.7453
deaws,0.0,2.7172
deawy,0.0,2.7447
debag,0.0,2.7337
debar,0.685589,2.6423
debby,0.0,2.9091
debel,0.0,2.7127
debes,0.0,2.7623
debit,1.0,2.6521
debts,0.0,2.6874
debud,0.0,2.8615
debug,0.943035,2.7546
debur,0.0,2.6841
debus,0.0,2.7488
debut,1.0,2.6905
debye,0.0,2.8053
decad,0.0,2.7877
decaf,0.992041,2.7167
decal,0.995942,2.629
decan,0.0,2.653
decay,1.0,2.718
decim,0.0,2.7226
decko,0.0,2.7699
decks,0.0,2.7491
decor,1.0,2.6215
decos,0.0,2.7121
decoy,1.0,2.7085
decry,1.0,2.6745
decyl,0.0,2.7384
dedal,0.0,2.7478
deeds,0.0,2.8985
deedy,0.0,2.9076
deely,0.0,2.7393
deems,0.0,2.7783
deens,0.0,2.7292
deeps,0.0,2.7596
deere,0.0,2.7816
deers,0.0,2.7011
deets,0.0,2.7142
deeve,0.0,2.9131
deevs,0.0,2.8232
defat,0.0,2.6794
defer,1.0,2.7383
deffo,0.0,2.9157
defis,0.0,2.7388
defog,0.057262,2.747
degas,0.0,2.7001
degum,0.0,2.7652
degus,0.0,2.7447
deice,0.0,2.6767
deids,0.0,2.7883
deify,0.93971,2.7414
deign,0.993408,2.6556
deils,0.0,2.6385
deink,0.0,2.6941
deism,0.0,2.6749
deist,0.835053,2.5941
deity,1.0,2.6653
deked,0.0,2.9162
dekes,0.0,2.7969
dekko,0.0,2.9231
delay,1.0,2.6566
deled,0.0,2.8049
deles,0.0,2.6948
delfs,0.0,2.741
delft,0.0,2.6949
delis,0.0,2.6438
della,0.0,2.7411
dells,0.0,2.7706
delly,0.0,2.7923
delos,0.0,2.67
delph,0.0,2.7197
delta,1.0,2.6153
delts,0.0,2.6387
delve,1.0,2.773
deman,0.0,2.6668
demes,0.0,2.7534
demic,0.0,2.7369
demit,0.0,2.6551
demob,0.0,2.7629
demoi,0.0,2.7365
demon,1.0,2.6748
demos,0.0,2.7037
demot,0.0,2.6675
dempt,0.0,2.7152
demur,0.986718,2.6602
denar,0.0,2.5904
denay,0.0,2.6659
dench,0.0,2.7171
denes,0.0,2.7055
denet,0.0,2.6595
denim,1.0,2.6669
denis,0.0,2.6547
dense,1.0,2.6928
dente,0.0,2.6767
dents,0.0,2.6347
deoch,0.0,2.6989
deoxy,0.0,2.8427
depot,1.0,2.6434
depth,1.0,2.6775
derat,0.0,2.5695
deray,0.0,2.6374
derby,1.0,2.692
dered,0.0,2.7817
deres,0.0,2.6707
derig,0.0,2.6599
derma,0.0,2.6478
derms,0.0,2.6865
derns,0.0,2.6527
derny,0.0,2.6644
deros,0.0,2.6414
derpy,0.0,2.6896
derro,0.0,2.7092
derry,0.0,2.7594
derth,0.0,2.6455
dervs,0.0,2.728
desex,0.0,2.8434
deshi,0.0,2.7399
desis,0.0,2.7941
desks,0.0,2.8658
desse,0.0,2.8087
detag,0.0,2.6776
deter,1.0,2.6717
detox,1.0,2.7901
deuce,1.0,2.7279
devas,0.0,2.7388
devel,0.0,2.7579
devil,1.0,2.7168
devis,0.0,2.7478
devon,0.0,2.7338
devos,0.0,2.7648
devot,0.0,2.715
dewan,0.0,2.7024
dewar,0.0,2.6634
dewax,0.0,2.86
dewed,0.0,2.9019
dexes,0.0,2.8552
dexie,0.0,2.82
dexys,0.0,2.8964
dhaba,0.0,2.8603
dhaks,0.0,2.7691
dhals,0.0,2.6945
dhikr,0.0,2.7351
dhobi,0.0,2.7953
dhole,0.0,2.6553
dholl,0.0,2.7981
dhols,0.0,2.7153
dhoni,0.0,2.7124
dhoti,0.0,2.7122
dhows,0.0,2.7896
dhuti,0.0,2.7397
diact,0.0,2.6305
dials,0.0,2.6198
diana,0.0,2.735
diane,0.0,2.6003
diary,1.0,2.6583
diazo,0.0,2.8299
dibbs,0.0,2.908
diced,0.003896,2.778
dicer,0.638004,2.6108
dices,0.0,2.6606
dicey,1.0,2.6828
dicht,0.0,2.7122
dicks,0.0,2.784
dicky,0.0,2.7979
dicot,0.0,2.6613
dicta,0.0,2.6877
dicto,0.0,2.6925
dicts,0.0,2.7033
dictu,0.0,2.7337
dicty,0.0,2.7199
diddy,0.0,3.0048000000000004
didie,0.0,2.8755
didis,0.0,2.9518
didos,0.0,2.8179
didst,0.0,2.7695
diebs,0.0,2.7316
diels,0.0,2.6547
diene,0.0,2.6707
diets,0.0,2.6471
diffs,0.0,2.9261
dight,0.0,2.7412
digit,1.0,2.7917
dikas,0.0,2.7588
diked,0.003896,2.8481
diker,0.0,2.6857
dikes,0.0,2.7238
dikey,0.0,2.753
dildo,0.0,2.8023
dilli,0.0,2.9169
dills,0.0,2.7463
dilly,0.829263,2.7837
dimbo,0.0,2.7786
dimer,0.0,2.6394
dimes,0.0,2.669
dimly,1.0,2.6856
dimps,0.0,2.7635
dinar,0.0,2.6201
dined,0.003896,2.7774
diner,1.0,2.5864
dines,0.0,2.6342
dinge,0.0,2.6488
dingo,0.924991,2.6858
dings,0.0,2.6698
dingy,1.0,2.7006
dinic,0.0,2.8217
dinks,0.0,2.7456
dinky,0.986963,2.7391
dinlo,0.0,2.6605
dinna,0.0,2.7923
dinos,0.0,2.6657
dints,0.0,2.6642
dioch,0.0,2.6948
diode,0.990322,2.7712
diols,0.0,2.6641
diota,0.0,2.6546
dippy,0.964463,2.8348
dipso,0.0,2.7032
diram,0.0,2.672
direr,0.0,2.6928
dirge,1.0,2.6119
dirke,0.0,2.6571
dirks,0.0,2.7371
dirls,0.0,2.6809
dirts,0.0,2.6521
dirty,1.0,2.6568
disas,0.0,2.8084
disci,0.0,2.8538
disco,1.0,2.6789
discs,0.0,2.7967
dishy,0.987907,2.7467
disks,0.0,2.839
disme,0.0,2.6699
dital,0.0,2.6406
ditas,0.0,2.6613
ditch,1.0,2.667
dited,0.0,2.7281
dites,0.0,2.622
ditsy,0.989831,2.6637
ditto,1.0,2.7551
ditts,0.0,2.7724
ditty,1.0,2.7831
ditzy,0.987084,2.8038
divan,0.981668,2.7426
divas,0.0,2.755
dived,0.003896,2.8676
diver,1.0,2.6855
dives,0.0,2.7327
divey,0.0,2.7594
divis,0.0,2.9032
divna,0.0,2.7454
divos,0.0,2.7686
divot,0.978345,2.7097
divvy,0.999702,2.9262
diwan,0.0,2.7331
dixie,0.0,2.8822
dixit,0.0,2.9036
diyas,0.0,2.7314
dizen,0.0,2.7547
dizzy,1.0,2.9763
djinn,0.0,2.944
djins,0.0,2.8365
doabs,0.0,2.7268
doats,0.0,2.6498
dobby,0.0,2.8929
dobes,0.0,2.699
dobie,0.0,2.6634
dobla,0.0,2.6944
doble,0.0,2.6424
dobra,0.0,2.6819
dobro,0.0,2.7661
docht,0.0,2.7123
docks,0.0,2.7333
docos,0.0,2.8097
docus,0.0,2.7268
doddy,0.0,2.9902
dodge,1.0,2.7946
dodgy,1.0,2.8557
dodos,0.0,2.8988
doeks,0.0,2.7456
doers,0.0,2.6283
doest,0.0,2.626
doeth,0.0,2.6783
doffs,0.0,2.8636
dogal,0.0,2.6799
dogan,0.0,2.6835
doges,0.0,2.6931
dogey,0.0,2.704
doggo,0.0,2.9547
doggy,1.0,2.8616
dogie,0.0,2.6621
dogly,0.0,2.7047
dogma,1.0,2.7255
dohyo,0.0,2.8733
doilt,0.0,2.6198
doily,0.957478,2.6516
doing,1.0,2.6772
doits,0.0,2.6509
dojos,0.0,2.9429
dolce,0.0,2.6242
dolci,0.0,2.6969
doled,0.003896,2.7468
dolee,0.0,2.6637
doles,0.0,2.6227
doley,0.0,2.6552
dolia,0.0,2.6588
dolie,0.0,2.6136
dolls,0.0,2.747
dolly,0.993783,2.782
dolma,0.0,2.6946
dolor,0.0,2.7267
dolos,0.0,2.7729
dolts,0.0,2.6249
domal,0.0,2.6755
domed,1.0,2.799
domes,0.0,2.6699
domic,0.0,2.7319
donah,0.0,2.6793
donas,0.0,2.6655
donee,0.0,2.6667
doner,0.0,2.6015
donga,0.0,2.7021
dongs,0.0,2.7155
donko,0.0,2.8243
donna,0.0,2.7872
donne,0.0,2.7325
donny,0.0,2.7937
donor,1.0,2.7167
donsy,0.0,2.6754
donut,1.0,2.6351
doobs,0.0,2.8316
dooce,0.0,2.7325
doody,0.0,2.9252
doofs,0.0,2.8508
dooks,0.0,2.845
dooky,0.0,2.8558
doole,0.0,2.698
dools,0.0,2.7638
dooly,0.0,2.7624
dooms,0.0,2.7759
doomy,0.0,2.8133
doona,0.0,2.7569
doorn,0.0,2.7165
doors,0.0,2.7404
doozy,1.0,2.9322
dopas,0.0,2.7067
doped,0.003896,2.7771
doper,0.924991,2.6081
dopes,0.0,2.6457
dopey,1.0,2.682
doppe,0.0,2.7915
dorad,0.0,2.7476
dorba,0.0,2.6909
dorbs,0.0,2.7173
doree,0.0,2.6369
dores,0.0,2.6149
doric,0.0,2.6608
doris,0.0,2.6556
dorje,0.0,2.7203
dorks,0.0,2.6951
dorky,0.999033,2.7181
dorms,0.0,2.6644
dormy,0.0,2.6883
dorps,0.0,2.6837
dorrs,0.0,2.7532
dorsa,0.0,2.6467
dorse,0.0,2.5894
dorts,0.0,2.6493
dorty,0.0,2.656
dosai,0.0,2.7129
dosas,0.0,2.8027
dosed,0.003896,2.7784
doseh,0.0,2.6792
doser,0.0,2.6171
doses,0.0,2.7749
dosha,0.0,2.7337
dotal,0.0,2.6362
doted,0.003896,2.7735
doter,0.0,2.5926
dotes,0.0,2.6213
dotty,0.992125,2.7886
douar,0.0,2.65
doubt,1.0,2.679
douce,0.0,2.6607
doucs,0.0,2.7068
dough,1.0,2.7264
douks,0.0,2.7662
doula,0.985695,2.6641
douma,0.0,2.7404
doums,0.0,2.7323
doups,0.0,2.7188
doura,0.0,2.6677
douse,1.0,2.6528
douts,0.0,2.6779
doved,0.0,2.8452
doven,0.0,2.7049
dover,0.0,2.6773
doves,0.0,2.7318
dovie,0.0,2.7065
dowak,0.0,2.8143
dowar,0.0,2.6935
dowds,0.0,2.9013
dowdy,1.0,2.9116
dowed,0.0,2.8284
dowel,0.944585,2.6776
dower,0.0,2.6655
dowfs,0.0,2.842
dowie,0.0,2.7083
dowle,0.0,2.6818
dowls,0.0,2.7516
dowly,0.0,2.7496
downa,0.0,2.7429
downs,0.0,2.6969
downy,0.992783,2.7347
dowps,0.0,2.7948
dowry,0.999528,2.733
dowse,0.663523,2.6978
dowts,0.0,2.7469
doxed,0.0,2.8991
doxes,0.0,2.7846
doxie,0.0,2.7626
doyen,0.0,2.6775
doyly,0.0,2.8336
dozed,0.003896,2.9041
dozen,1.0,2.7502
dozer,0.76271,2.7467
dozes,0.0,2.7803
drabs,0.0,2.6633
drack,0.0,2.6984
draco,0.0,2.6401
draff,0.0,2.8538
draft,1.0,2.6375
drags,0.0,2.6506
drail,0.0,2.6218
drain,1.0,2.601
drake,0.877061,2.6408
drama,1.0,2.7564
drams,0.0,2.6522
drank,1.0,2.6606
drant,0.0,2.606
drape,1.0,2.5915
draps,0.0,2.6828
drapy,0.0,2.6768
drats,0.0,2.6041
drave,0.0,2.6469
drawl,1.0,2.6942
drawn,1.0,2.6794
draws,0.0,2.6965
drays,0.0,2.7045
dread,1.0,2.7712
dream,1.0,2.6496
drear,0.0,2.6931
dreck,0.969303,2.696
dreed,0.0,2.7901
dreer,0.0,2.7633
drees,0.0,2.6803
dregs,0.0,2.6721
dreks,0.0,2.7225
drent,0.0,2.6137
drere,0.0,2.7566
dress,1.0,2.7761
drest,0.0,2.6102
dreys,0.0,2.721
dribs,0.0,2.6644
drice,0.0,2.5921
dried,1.0,2.7274
drier,1.0,2.6925
dries,0.0,2.605
drift,1.0,2.6576
drill,1.0,2.7514
drily,0.0,2.6783
drink,1.0,2.6763
drips,0.0,2.6394
dript,0.0,2.644
drive,1.0,2.6666
drock,0.0,2.716
droid,0.952006,2.7642
droil,0.0,2.6377
droit,0.952006,2.5924
droke,0.0,2.6585
drole,0.0,2.5958
droll,1.0,2.7362
drome,0.0,2.6228
drone,1.0,2.58
drony,0.0,2.6538
droob,0.0,2.7751
droog,0.0,2.7686
drook,0.0,2.799
drool,1.0,2.7248
droop,1.0,2.7282
drops,0.0,2.6438
dropt,0.0,2.6501
dross,0.986841,2.7638
drouk,0.0,2.7251
drove,1.0,2.683
drown,1.0,2.6813
drows,0.0,2.7435
drubs,0.0,2.6919
drugs,0.0,2.6886
druid,0.933041,2.7937
drums,0.0,2.6822
drunk,1.0,2.7
drupe,0.0,2.643
druse,0.0,2.6219
drusy,0.0,2.6972
druxy,0.0,2.8508
dryad,0.0,2.8065
dryas,0.0,2.7038
dryer,1.0,2.7675
dryly,1.0,2.8357
dsobo,0.0,2.877
dsomo,0.0,2.8529
duads,0.0,2.8232
duals,0.0,2.6673
duans,0.0,2.6762
duars,0.0,2.6758
dubbo,0.0,2.9082
dubby,0.0,2.9282
ducal,0.0,2.689
ducat,0.663523,2.6542
duces,0.0,2.6964
duchy,0.953185,2.7791
ducks,0.0,2.7629
ducky,0.946784,2.7905
ducti,0.0,2.7363
ducts,0.0,2.6907
duddy,0.0,3.0333
duded,0.0,2.9536
dudes,0.0,2.8061
duels,0.0,2.6725
duets,0.0,2.6687
duett,0.0,2.7612
duffs,0.0,2.9528
dufus,0.0,2.9397
duing,0.0,2.7099
duits,0.0,2.6657
dukas,0.0,2.7787
duked,0.003896,2.8729
dukes,0.0,2.7383
dukka,0.0,2.9425
dukun,0.0,2.9197
dulce,0.0,2.6496
dules,0.0,2.6558
dulia,0.0,2.6948
dulls,0.0,2.7805
dully,0.986468,2.8257
dulse,0.0,2.6381
dumas,0.0,2.7369
dumbo,0.0,2.7989
dumbs,0.0,2.8191
dumka,0.0,2.8111
dumky,0.0,2.8382
dummy,1.0,2.8902
dumps,0.0,2.7348
dumpy,0.992863,2.7498
dunam,0.0,2.7199
dunce,0.984025,2.6277
dunch,0.0,2.7357
dunes,0.0,2.652
dungs,0.0,2.7473
dungy,0.0,2.7441
dunks,0.0,2.7372
dunno,0.0,2.8123
dunny,0.0,2.8422
dunsh,0.0,2.7171
dunts,0.0,2.6991
duomi,0.0,2.7551
duomo,0.0,2.8238
duped,0.003896,2.8248
duper,0.0,2.6536
dupes,0.0,2.6831
duple,0.0,2.6559
duply,0.0,2.7317
duppy,0.0,2.8936
dural,0.0,2.6621
duras,0.0,2.6797
dured,0.0,2.7482
dures,0.0,2.6357
durgy,0.0,2.7377
durns,0.0,2.6949
duroc,0.0,2.6842
duros,0.0,2.6823
duroy,0.0,2.6835
durra,0.0,2.7715
durrs,0.0,2.7936
durry,0.0,2.7967
durst,0.0,2.6404
durum,0.0,2.8668
durzi,0.0,2.8462
dusks,0.0,2.8805
dusky,1.0,2.7762
dusts,0.0,2.8132
dusty,1.0,2.7011
dutch,0.891137,2.7059
duvet,1.0,2.7361
duxes,0.0,2.8145
dwaal,0.0,2.8053
dwale,0.0,2.6583
dwalm,0.0,2.7598
dwams,0.0,2.8039
dwamy,0.0,2.8008
dwang,0.0,2.7724
dwarf,1.0,2.763
dwaum,0.0,2.8241
dweeb,0.943035,2.8356
dwell,1.0,2.8313
dwelt,0.995244,2.7013
dwile,0.0,2.6726
dwine,0.0,2.6788
dyads,0.0,2.8279
dyers,0.0,2.6808
dying,1.0,2.7148
dyked,0.0,2.9275
dykes,0.0,2.801
dykey,0.0,2.9421
dykon,0.0,2.7866
dynel,0.0,2.6819
dynes,0.0,2.7142
dynos,0.0,2.7316
dzhos,0.0,2.9048
eager,1.0,2.7298
eagle,1.0,2.7119
eagly,0.0,2.653
eagre,0.0,2.668
ealed,0.0,2.6723
eales,0.0,2.6748
eaned,0.0,2.6839
eards,0.0,2.6407
eared,0.003896,2.6933
earls,0.0,2.6133
early,1.0,2.6404
earns,0.0,2.614
earnt,0.0,2.5736
earst,0.0,2.5556
earth,1.0,2.6237
eased,0.003896,2.7297
easel,1.0,2.6903
easer,0.0,2.6591
eases,0.0,2.865
easle,0.0,2.657
easts,0.0,2.7284
eaten,1.0,2.7003
eater,1.0,2.6785
eathe,0.0,2.6936
eatin,0.0,2.5945
eaved,0.0,2.7825
eaver,0.0,2.7327
eaves,0.0,2.8169
ebank,0.0,2.7504
ebbed,0.003896,2.9298
ebbet,0.0,2.8937
ebena,0.0,2.8052
ebene,0.0,2.8899
ebike,0.0,2.8257
ebons,0.0,2.7025
ebony,1.0,2.7245
ebook,0.911774,2.8961
ecads,0.0,2.7172
ecard,0.0,2.6452
ecash,0.0,2.6578
eched,0.0,2.8145
eches,0.0,2.8099
echos,0.0,2.7375
ecigs,0.0,2.7391
eclat,0.927457,2.6401
ecole,0.0,2.717
ecrus,0.0,2.6948
edema,0.982966,2.8159
edged,0.003896,2.9296
edger,0.773749,2.7563
edges,0.0,2.7869
edict,1.0,2.6561
edify,0.947486,2.7919
edile,0.0,2.7038
edits,0.0,2.6741
educe,0.031973,2.7627
educt,0.0,2.7214
eejit,0.0,2.842
eensy,0.0,2.7447
eerie,1.0,2.8284
eeven,0.0,2.9115
eever,0.0,2.8913
eevns,0.0,2.8271
effed,0.0,2.9794
effer,0.0,2.9359
efits,0.0,2.705
egads,0.0,2.7478
egers,0.0,2.7837
egest,0.0,2.7514
eggar,0.0,2.812
egged,0.003896,2.937
egger,0.0,2.8963
egmas,0.0,2.7548
egret,0.97575,2.7166
ehing,0.0,2.7188
eider,0.840468,2.6978
eidos,0.0,2.6861
eight,1.0,2.7032
eigne,0.0,2.7145
eiked,0.0,2.806
eikon,0.0,2.7042
eilds,0.0,2.6849
eiron,0.0,2.6124
eisel,0.0,2.6813
eject,1.0,2.881
ejido,0.0,2.855
ekdam,0.0,2.8143
eking,1.0,2.7697
ekkas,0.0,2.9111
elain,0.0,2.6017
eland,0.0,2.6351
elans,0.0,2.6146
elate,0.809197,2.657
elbow,1.0,2.7479
elchi,0.0,2.7284
elder,1.0,2.7014
eldin,0.0,2.6631
elect,1.0,2.7116
eleet,0.0,2.7843
elegy,1.0,2.7899
elemi,0.0,2.791
elfed,0.0,2.7788
elfin,1.0,2.6998
eliad,0.0,2.6385
elide,0.975045,2.7209
elint,0.0,2.5931
elite,1.0,2.661
elmen,0.0,2.7473
eloge,0.0,2.7273
elogy,0.0,2.6783
eloin,0.0,2.6133
elope,0.97575,2.7046
elops,0.0,2.6617
elpee,0.0,2.8241
elsin,0.0,2.625
elude,1.0,2.7321
elute,0.0,2.689
elvan,0.0,2.7046
elven,0.0,2.7793
elver,0.0,2.7653
elves,0.0,2.8047
emacs,0.0,2.6836
email,1.0,2.6586
embar,0.0,2.6984
embay,0.0,2.7501
embed,1.0,2.8028
ember,1.0,2.7719
embog,0.0,2.8066
embow,0.0,2.8591
embox,0.0,2.903
embus,0.0,2.8018
emcee,0.983275,2.8921
emeer,0.0,2.8561
emend,0.0,2.8123
emerg,0.0,2.8051
emery,0.923702,2.7977
emeus,0.0,2.8248
emics,0.0,2.7079
emirs,0.0,2.6781
emits,0.0,2.6758
emmas,0.0,2.8474
emmer,0.0,2.8847
emmet,0.0,2.8809
emmew,0.0,3.0072
emmys,0.0,2.9321
emoji,1.0,2.8795
emong,0.0,2.731
emote,0.989831,2.7419
emove,0.0,2.8464
empts,0.0,2.7461
empty,1.0,2.734
emule,0.0,2.7505
emure,0.0,2.7299
emyde,0.0,2.8489
emyds,0.0,2.8385
enact,1.0,2.6185
enarm,0.0,2.6555
enate,0.0,2.6629
ended,0.003896,2.8821
ender,0.0,2.7105
endew,0.0,2.8203
endow,1.0,2.7516
endue,0.0,2.7501
enema,0.965585,2.7986
enemy,1.0,2.8257
enews,0.0,2.8478
enfix,0.0,2.8749
eniac,0.0,2.6558
enjoy,1.0,2.8614
enlit,0.0,2.6086
enmew,0.0,2.8558
ennog,0.0,2.8351
ennui,1.0,2.8824
enoki,0.0,2.7254
enols,0.0,2.6449
enorm,0.0,2.6681
enows,0.0,2.7337
enrol,0.0,2.6442
ensew,0.0,2.8047
ensky,0.0,2.7649
ensue,1.0,2.7696
enter,1.0,2.7009
entia,0.0,2.63
entre,0.0,2.6623
entry,1.0,2.6686
enure,0.0,2.6957
enurn,0.0,2.791
envoi,0.0,2.7732
envoy,1.0,2.803
enzym,0.0,2.9183
eolid,0.0,2.6531
eorls,0.0,2.6371
eosin,0.0,2.6142
epact,0.0,2.6311
epees,0.0,2.8968
epena,0.0,2.7624
epene,0.0,2.8511
ephah,0.0,2.884
ephas,0.0,2.7328
ephod,0.0,2.7892
ephor,0.0,2.7117
epics,0.0,2.6932
epoch,1.0,2.7043
epode,0.0,2.7598
epopt,0.0,2.7874
epoxy,1.0,2.855
eppie,0.0,2.8648
epris,0.0,2.6678
equal,1.0,2.8706
eques,0.0,2.9085
equid,0.0,2.8802
equip,1.0,2.892
erase,1.0,2.6776
erbia,0.0,2.6638
erect,1.0,2.6958
erevs,0.0,2.7989
ergon,0.0,2.6559
ergos,0.0,2.6767
ergot,0.0,2.6402
erhus,0.0,2.7143
erica,0.0,2.6216
erick,0.0,2.6903
erics,0.0,2.6395
ering,0.0,2.6694
erned,0.0,2.6793
ernes,0.0,2.6877
erode,1.0,2.6978
erose,0.0,2.6635
erred,0.003896,2.8004
error,1.0,2.8841
erses,0.0,2.8131
eruct,0.0,2.617
erugo,0.0,2.6773
erupt,1.0,2.6465
eruvs,0.0,2.761
erven,0.0,2.7558
ervil,0.0,2.7022
escar,0.0,2.6516
escot,0.0,2.6673
esile,0.0,2.692
eskar,0.0,2.7174
esker,0.0,2.8055
esnes,0.0,2.8709
esrog,0.0,2.7147
essay,1.0,2.8647
esses,0.0,3.0602
ester,0.835053,2.7237
estoc,0.0,2.6928
estop,0.0,2.6803
estro,0.0,2.6539
etage,0.0,2.7139
etape,0.0,2.6913
etats,0.0,2.7274
etens,0.0,2.7406
ethal,0.0,2.6657
ether,1.0,2.7548
ethic,1.0,2.7404
ethne,0.0,2.7545
ethos,1.0,2.725
ethyl,0.953757,2.7554
etics,0.0,2.6647
etnas,0.0,2.6439
etrog,0.0,2.6807
ettin,0.0,2.731
ettle,0.0,2.7868
etude,0.977306,2.7551
etuis,0.0,2.665
etwee,0.0,2.9011
etyma,0.0,2.7188
eughs,0.0,2.7701
euked,0.0,2.8311
eupad,0.0,2.7184
euros,0.0,2.6863
eusol,0.0,2.6486
evade,1.0,2.8275
evegs,0.0,2.9048
evens,0.0,2.8405
event,1.0,2.8127
evert,0.031973,2.8072
every,1.0,2.8682
evets,0.0,2.836
evhoe,0.0,2.8708
evict,1.0,2.7349
evils,0.0,2.7422
evite,0.0,2.7595
evohe,0.0,2.8499
evoke,1.0,2.8833
ewers,0.0,2.8323
ewest,0.0,2.762
ewhow,0.0,2.9711
ewked,0.0,2.8956
exact,1.0,2.7791
exalt,0.994361,2.75
exams,0.0,2.8402
excel,1.0,2.8528
exeat,0.0,2.8428
execs,0.0,2.9103
exeem,0.0,3.0317
exeme,0.0,3.0217
exert,1.0,2.8567
exfil,0.0,2.8609
exier,0.0,2.8191
exies,0.0,2.8569
exile,1.0,2.8627
exine,0.0,2.8252
exing,0.0,2.8501
exist,1.0,2.7659
exite,0.0,2.8128
exits,0.0,2.8041
exode,0.0,2.8758
exome,0.0,2.8924
exons,0.0,2.7842
expat,1.0,2.7928
expel,1.0,2.8692
expos,0.0,2.8432
extol,1.0,2.7926
extra,1.0,2.7944
exude,1.0,2.9306
exuls,0.0,2.8217
exult,0.991164,2.7973
exurb,0.967006,2.8631
eyass,0.0,2.7817
eyers,0.0,2.7808
eying,0.985827,2.7445
eyots,0.0,2.6623
eyras,0.0,2.667
eyres,0.0,2.7508
eyrie,0.0,2.7426
eyrir,0.0,2.7705
ezine,0.0,2.8324
fabbo,0.0,2.9208
fabby,0.0,2.9293
fable,1.0,2.6728
faced,0.003896,2.6848
facer,0.0,2.6454
faces,0.0,2.6913
facet,1.0,2.6593
facey,0.0,2.7273
facia,0.0,2.8058
facie,0.0,2.6623
facta,0.0,2.791
facto,0.0,2.7035
facts,0.0,2.6729
facty,0.0,2.7208
faddy,0.0,2.8941
faded,0.003896,2.8275
fader,0.773749,2.6611
fades,0.0,2.6908
fadge,0.0,2.7176
fados,0.0,2.7477
faena,0.0,2.7786
faery,0.0,2.6698
faffs,0.0,3.0428
faffy,0.0,3.0594
faggy,0.0,2.905
fagin,0.0,2.7054
fagot,0.0,2.6992
faiks,0.0,2.7459
fails,0.0,2.6612
faine,0.0,2.6364
fains,0.0,2.6692
faint,1.0,2.6379
faire,0.0,2.6118
fairs,0.0,2.674
fairy,1.0,2.7044
faith,1.0,2.687
faked,0.003896,2.7593
faker,0.953757,2.7277
fakes,0.0,2.7589
fakey,0.0,2.7908
fakie,0.0,2.7333
fakir,0.809197,2.7292
falaj,0.0,2.9193
fales,0.0,2.6552
falls,0.0,2.7945
false,1.0,2.6222
falsy,0.0,2.6777
famed,1.0,2.7039
fames,0.0,2.7188
fanal,0.0,2.745
fancy,1.0,2.7071
fands,0.0,2.7518
fanes,0.0,2.672
fanga,0.0,2.8183
fango,0.0,2.7324
fangs,0.0,2.7204
fanks,0.0,2.7578
fanny,0.0,2.8264
fanon,0.0,2.8115
fanos,0.0,2.6949
fanum,0.0,2.7541
faqir,0.0,2.7995
farad,0.0,2.771
farce,1.0,2.6238
farci,0.0,2.6914
farcy,0.0,2.689
fards,0.0,2.7236
fared,0.003896,2.651
farer,0.0,2.713
fares,0.0,2.6482
farle,0.0,2.6071
farls,0.0,2.6707
farms,0.0,2.696
faros,0.0,2.6675
farro,0.0,2.7543
farse,0.0,2.6052
farts,0.0,2.6474
fasci,0.0,2.7368
fasti,0.0,2.6902
fasts,0.0,2.7981
fatal,1.0,2.7481
fated,0.003896,2.6577
fates,0.0,2.6673
fatly,0.0,2.675
fatso,0.0,2.6733
fatty,1.0,2.8134
fatwa,1.0,2.8529
fauch,0.0,2.7375
faugh,0.0,2.7732
fauld,0.0,2.7144
fault,1.0,2.6555
fauna,1.0,2.8187
fauns,0.0,2.707
faurd,0.0,2.7095
faute,0.0,2.6494
fauts,0.0,2.6774
fauve,0.0,2.7812
favas,0.0,2.8855
favel,0.0,2.7293
faver,0.0,2.7201
faves,0.0,2.7727
favor,1.0,2.7396
favus,0.0,2.8316
fawns,0.0,2.7568
fawny,0.0,2.7813
faxed,0.003896,2.8276
faxes,0.0,2.8264
fayed,0.0,2.7313
fayer,0.0,2.6892
fayne,0.0,2.6951
fayre,0.0,2.6739
fazed,0.003896,2.8212
fazes,0.0,2.8187
feals,0.0,2.6626
feard,0.0,2.6433
feare,0.0,2.6661
fears,0.0,2.6641
feart,0.0,2.5937
fease,0.0,2.7088
feast,1.0,2.6308
feats,0.0,2.6669
feaze,0.0,2.8553
fecal,1.0,2.6763
feces,0.964314,2.7799
fecht,0.0,2.7479
fecit,0.0,2.6801
fecks,0.0,2.8225
fedai,0.0,2.7456
fedex,0.0,2.9034
feebs,0.0,2.856
feeds,0.0,2.8061
feels,0.0,2.7706
feely,0.0,2.7897
feens,0.0,2.7831
feers,0.0,2.746
feese,0.0,2.8641
feeze,0.0,3.0204000000000004
fehme,0.0,2.8452
feign,1.0,2.7101
feint,0.998315,2.6445
feist,0.0,2.628
felch,0.0,2.7421
felid,0.0,2.6933
felix,0.0,2.8214
fella,0.998656,2.8048
fells,0.0,2.8151
felly,0.0,2.8359
felon,1.0,2.6807
felts,0.0,2.6734
felty,0.0,2.7034
femal,0.0,2.7037
femes,0.0,2.8157
femic,0.0,2.7847
femme,0.945143,2.9375
femmy,0.0,2.9383
femur,1.0,2.7115
fence,1.0,2.7402
fends,0.0,2.7156
fendy,0.0,2.7818
fenis,0.0,2.6949
fenks,0.0,2.796
fenny,0.0,2.8579
fents,0.0,2.6986
feods,0.0,2.7426
feoff,0.0,3.0407
feral,1.0,2.6665
ferer,0.0,2.8083
feres,0.0,2.7179
feria,0.0,2.6632
ferly,0.0,2.7087
fermi,0.0,2.731
ferms,0.0,2.7321
ferns,0.0,2.6841
ferny,0.0,2.7041
ferox,0.0,2.8045
ferry,1.0,2.8078
fesse,0.0,2.8597
festa,0.0,2.6717
fests,0.0,2.8254
festy,0.0,2.7182
fetal,1.0,2.6563
fetas,0.0,2.6645
fetch,1.0,2.7246
feted,0.003896,2.7493
fetes,0.0,2.7455
fetid,1.0,2.6861
fetor,0.0,2.6466
fetta,0.0,2.7784
fetts,0.0,2.7982
fetus,1.0,2.7272
fetwa,0.0,2.779
feuar,0.0,2.6644
feuds,0.0,2.7475
feued,0.0,2.7732
fever,1.0,2.8149
fewer,1.0,2.7998
feyed,0.0,2.8157
feyer,0.0,2.7823
feyly,0.0,2.8984
fezes,0.0,2.9099
fezzy,0.0,3.0767
fiars,0.0,2.67
fiats,0.0,2.6683
fiber,1.0,2.6835
fibre,0.0,2.6851
fibro,0.0,2.7415
fices,0.0,2.7154
fiche,0.0,2.7377
fichu,0.0,2.8237
ficin,0.0,2.8318
ficos,0.0,2.7388
ficta,0.0,2.7118
ficus,0.986342,2.7505
fides,0.0,2.7083
fidge,0.0,2.726
fidos,0.0,2.7559
fidus,0.0,2.7894
fiefs,0.0,2.8811
field,1.0,2.6944
fiend,1.0,2.7079
fient,0.0,2.6443
fiere,0.0,2.7002
fieri,0.0,2.8213
fiers,0.0,2.6798
fiery,1.0,2.7156
fiest,0.0,2.6335
fifed,0.0,2.8488
fifer,0.0,2.8067
fifes,0.0,2.8604
fifis,0.0,3.0046
fifth,1.0,2.8707
fifty,1.0,2.8692
figgy,0.0,2.9283
fight,1.0,2.7342
figos,0.0,2.7616
fiked,0.0,2.7777
fikes,0.0,2.7733
filar,0.0,2.6535
filch,0.928638,2.7169
filed,0.003896,2.6751
filer,0.971674,2.6624
files,0.0,2.6744
filet,1.0,2.6279
filii,0.0,2.9903
filks,0.0,2.7625
fille,0.0,2.757
fillo,0.0,2.8153
fills,0.0,2.7898
filly,1.0,2.8253
filmi,0.0,2.8894
films,0.0,2.7083
filmy,0.996424,2.7395
filon,0.0,2.6855
filos,0.0,2.7003
filth,1.0,2.689
filum,0.0,2.7607
final,1.0,2.687
finca,0.0,2.7149
finch,0.975045,2.7225
finds,0.0,2.7056
fined,0.003896,2.689
finer,1.0,2.6471
fines,0.0,2.681
finis,0.0,2.8308
finks,0.0,2.7385
finny,0.0,2.8461
finos,0.0,2.7012
fiord,0.0,2.6835
fiqhs,0.0,2.9222
fique,0.0,2.8824
fired,0.003896,2.6476
firer,0.0,2.7389
fires,0.0,2.6617
firie,0.0,2.754
firks,0.0,2.7588
firma,0.0,2.7263
firms,0.0,2.702
firni,0.0,2.8205
firns,0.0,2.6896
firry,0.0,2.8034
first,1.0,2.622
firth,0.015594,2.6928
fiscs,0.0,2.8597
fisho,0.0,2.7661
fishy,1.0,2.7776
fisks,0.0,2.9093
fists,0.0,2.8168
fisty,0.0,2.7118
fitch,0.0,2.7269
fitly,0.0,2.6915
fitna,0.0,2.6803
fitte,0.0,2.7436
fitts,0.0,2.7906
fiver,0.0,2.7376
fives,0.0,2.7826
fixed,0.003896,2.8365
fixer,1.0,2.7971
fixes,0.0,2.8386
fixie,0.0,2.9431
fixit,0.0,2.9334
fizzy,1.0,3.0446
fjeld,0.0,2.8913
fjord,0.99187,2.8172
flabs,0.0,2.7464
flack,0.987907,2.7328
flaff,0.0,3.0090000000000003
flags,0.0,2.7015
flail,1.0,2.8003
flair,1.0,2.6582
flake,1.0,2.706
flaks,0.0,2.7264
flaky,1.0,2.7584
flame,1.0,2.6676
flamm,0.0,2.8623
flams,0.0,2.7227
flamy,0.0,2.722
flane,0.0,2.6342
flank,1.0,2.7142
flans,0.0,2.6582
flaps,0.0,2.6934
flare,1.0,2.6236
flary,0.0,2.68
flash,1.0,2.6893
flask,1.0,2.7096
flats,0.0,2.6572
flava,0.0,2.864
flawn,0.0,2.7488
flaws,0.0,2.75
flawy,0.0,2.7719
flaxy,0.0,2.8405
flays,0.0,2.7149
fleam,0.0,2.7135
fleas,0.0,2.6875
fleck,0.966658,2.7577
fleek,0.0,2.792
fleer,0.0,2.712
flees,0.0,2.7593
fleet,1.0,2.7123
flegs,0.0,2.7612
fleme,0.0,2.7744
flesh,1.0,2.7085
fleur,0.0,2.6889
flews,0.0,2.8013
flexi,0.0,2.8789
flexo,0.0,2.8678
fleys,0.0,2.7485
flick,1.0,2.7494
flics,0.0,2.7062
flied,0.003896,2.6707
flier,1.0,2.6534
flies,0.0,2.6711
flimp,0.0,2.7678
flims,0.0,2.7409
fling,1.0,2.7114
flint,0.991697,2.6383
flips,0.0,2.6935
flirs,0.0,2.6914
flirt,1.0,2.6465
flisk,0.0,2.7279
flite,0.0,2.6253
flits,0.0,2.6653
flitt,0.0,2.7507
float,1.0,2.6464
flobs,0.0,2.7679
flock,1.0,2.7567
flocs,0.0,2.7159
floes,0.0,2.6687
flogs,0.0,2.7101
flong,0.0,2.7322
flood,1.0,2.7926
floor,1.0,2.7695
flops,0.0,2.6925
flora,1.0,2.6647
flore,0.0,2.639
flors,0.0,2.701
flory,0.0,2.7019
flosh,0.0,2.7064
floss,1.0,2.8071
flota,0.0,2.6747
flote,0.0,2.6507
flour,1.0,2.6937
flout,1.0,2.6748
flown,1.0,2.7354
flows,0.0,2.7494
flowy,0.958457,2.7763
flubs,0.0,2.7508
flued,0.0,2.7025
flues,0.0,2.6976
fluey,0.0,2.7265
fluff,1.0,3.0374
fluid,1.0,2.7167
fluke,1.0,2.7423
fluky,0.987442,2.7898
flume,0.926242,2.7177
flump,0.0,2.7997
flung,1.0,2.7439
flunk,1.0,2.7574
fluor,0.0,2.6806
flurr,0.0,2.7939
flush,1.0,2.7237
flute,1.0,2.663
fluty,0.0,2.7142
fluyt,0.0,2.7293
flyby,0.990702,2.9215
flyer,1.0,2.6954
flyin,0.0,2.7222
flype,0.0,2.7621
flyte,0.0,2.723
fnarr,0.0,2.7649
foals,0.0,2.6672
foams,0.0,2.7234
foamy,1.0,2.7455
focal,1.0,2.6882
focus,1.0,2.7329
foehn,0.0,2.7213
fogey,0.902458,2.7456
foggy,1.0,2.9035
fogie,0.0,2.703
fogle,0.0,2.693
fogos,0.0,2.857
fogou,0.0,2.8885
fohns,0.0,2.7467
foids,0.0,2.7453
foils,0.0,2.658
foins,0.0,2.6807
foist,0.995942,2.6465
folds,0.0,2.6897
foley,0.0,2.7112
folia,0.0,2.6991
folic,0.987324,2.7049
folie,0.0,2.6521
folio,0.974064,2.802
folks,0.0,2.7362
folky,1.0,2.7758
folly,1.0,2.8253
fomes,0.0,2.741
fonda,0.0,2.7497
fonds,0.0,2.7595
fondu,0.0,2.7776
fones,0.0,2.6917
fonio,0.0,2.7883
fonly,0.0,2.6948
fonts,0.0,2.6762
foods,0.0,2.8129
foody,0.0,2.8627
fools,0.0,2.7788
foots,0.0,2.784
footy,0.0,2.7998
foram,0.0,2.7025
foray,1.0,2.7084
forbs,0.0,2.7472
forby,0.0,2.7512
force,1.0,2.6213
fordo,0.0,2.8076
fords,0.0,2.6923
forel,0.0,2.6392
fores,0.0,2.6579
forex,0.0,2.7792
forge,1.0,2.6738
forgo,1.0,2.8165
forks,0.0,2.7303
forky,0.0,2.7672
forma,0.0,2.7127
forme,0.0,2.6738
forms,0.0,2.6987
forte,1.0,2.6231
forth,1.0,2.6768
forts,0.0,2.6471
forty,1.0,2.6891
forum,1.0,2.7265
forza,0.0,2.8185
forze,0.0,2.7705
fossa,0.0,2.8378
fosse,0.0,2.7911
fouat,0.0,2.6841
fouds,0.0,2.7707
fouer,0.0,2.6753
fouet,0.0,2.6679
foule,0.0,2.6666
fouls,0.0,2.6942
found,1.0,2.7149
fount,0.995693,2.676
fours,0.0,2.6947
fouth,0.0,2.703
fovea,0.0,2.7986
fowls,0.0,2.7426
fowth,0.0,2.7894
foxed,0.0,2.8383
foxes,0.0,2.84
foxie,0.0,2.8172
foyer,1.0,2.7055
foyle,0.0,2.7019
foyne,0.0,2.7104
frabs,0.0,2.7357
frack,0.922373,2.7301
fract,0.0,2.6203
frags,0.0,2.7127
frail,1.0,2.6545
fraim,0.0,2.688
frais,0.0,2.6611
frame,1.0,2.6578
franc,1.0,2.6538
frank,1.0,2.7069
frape,0.0,2.6467
fraps,0.0,2.7061
frass,0.0,2.7852
frate,0.0,2.5951
frati,0.0,2.6528
frats,0.0,2.646
fraud,1.0,2.6973
fraus,0.0,2.6943
frays,0.0,2.7198
freak,1.0,2.7342
freed,1.0,2.7377
freer,1.0,2.8409
frees,0.0,2.7452
freet,0.0,2.6665
freit,0.0,2.6254
fremd,0.0,2.7391
frena,0.0,2.664
freon,0.0,2.672
frere,0.0,2.8087
fresh,1.0,2.7006
frets,0.0,2.6718
friar,0.994639,2.779
fribs,0.0,2.7532
fried,1.0,2.6421
frier,0.0,2.7264
fries,0.0,2.6553
frigs,0.0,2.7305
frill,0.979137,2.8033
frise,0.959403,2.6366
frisk,1.0,2.7117
frist,0.0,2.6219
frita,0.0,2.6437
frite,0.0,2.6034
frith,0.0,2.6648
frits,0.0,2.6485
fritt,0.0,2.7247
fritz,0.9725,2.7844
frize,0.0,2.7594
frizz,0.964843,2.9793
frock,1.0,2.7248
froes,0.0,2.6581
frogs,0.0,2.7085
fromm,0.0,2.8578
frond,0.961632,2.6619
frons,0.0,2.6887
front,1.0,2.631
froom,0.0,2.8042
frore,0.0,2.7334
frorn,0.0,2.7655
frory,0.0,2.7903
frosh,0.750523,2.6882
frost,1.0,2.6266
froth,1.0,2.6834
frown,1.0,2.7333
frows,0.0,2.7712
frowy,0.0,2.7778
froyo,0.0,2.8263
froze,1.0,2.7715
frugs,0.0,2.7598
fruit,1.0,2.6642
frump,0.902458,2.7395
frush,0.0,2.7152
frust,0.0,2.639
fryer,1.0,2.8077
fubar,0.0,2.7221
fubby,0.0,2.9683
fubsy,0.0,2.7922
fucks,0.0,2.8332
fucus,0.0,2.9119
fuddy,0.0,2.9419
fudge,1.0,2.7498
fudgy,0.980266,2.796
fuels,0.0,2.7141
fuero,0.0,2.7017
fuffs,0.0,3.0825
fuffy,0.0,3.0971
fugal,0.953185,2.7363
fuggy,0.0,2.9457
fugie,0.0,2.7243
fugio,0.0,2.7878
fugis,0.0,2.7678
fugle,0.0,2.7161
fugly,0.0,2.7653
fugue,1.0,2.8965
fugus,0.0,2.9319
fujis,0.0,2.8836
fulla,0.0,2.8308
fulls,0.0,2.8366
fully,1.0,2.8564
fulth,0.0,2.7232
fulwa,0.0,2.8301
fumed,0.003896,2.7395
fumer,0.0,2.7229
fumes,0.0,2.76
fumet,0.0,2.7144
funda,0.0,2.7813
fundi,0.0,2.7914
fundo,0.0,2.7697
funds,0.0,2.7341
fundy,0.0,2.795
fungi,1.0,2.7852
fungo,0.937924,2.7628
fungs,0.0,2.7769
funic,0.0,2.7485
funis,0.0,2.7128
funks,0.0,2.7812
funky,1.0,2.8182
funny,1.0,2.8772
funsy,0.0,2.7295
funts,0.0,2.7085
fural,0.0,2.6852
furan,0.0,2.6878
furca,0.0,2.707
furls,0.0,2.7214
furol,0.0,2.6904
furor,1.0,2.8012
furos,0.0,2.6991
furrs,0.0,2.8122
furry,1.0,2.8389
furth,0.0,2.6955
furze,0.0,2.8062
furzy,0.0,2.8737
fused,0.003896,2.7154
fusee,0.0,2.7542
fusel,0.0,2.6886
fuses,0.0,2.8712
fusil,0.0,2.6956
fusks,0.0,2.9299
fussy,1.0,2.8726
fusts,0.0,2.8342
fusty,1.0,2.7445
futon,1.0,2.7
fuzed,0.0,2.8708
fuzee,0.0,2.896
fuzes,0.0,2.8649
fuzil,0.0,2.837
fuzzy,1.0,3.0609
fyces,0.0,2.8066
fyked,0.0,2.8615
fykes,0.0,2.8545
fyles,0.0,2.7476
fyrds,0.0,2.8259
fytte,0.0,2.8566
gabba,0.0,2.9675
gabby,0.965948,2.8883
gable,0.983121,2.6355
gaddi,0.0,2.8676
gades,0.0,2.675
gadge,0.0,2.792
gadgy,0.0,2.8692
gadid,0.0,2.8114
gadis,0.0,2.7048
gadje,0.0,2.7972
gadjo,0.0,2.8582
gadso,0.0,2.7032
gaffe,1.0,2.8595
gaffs,0.0,2.9078
gaged,0.0,2.7983
gager,0.0,2.7487
gages,0.0,2.8132
gaids,0.0,2.7012
gaily,0.994147,2.6551
gains,0.0,2.6443
gairs,0.0,2.6407
gaita,0.0,2.7207
gaits,0.0,2.6411
gaitt,0.0,2.7131
gajos,0.0,2.8312
galah,0.0,2.7485
galas,0.0,2.7532
galax,0.0,2.8703
galea,0.0,2.7113
galed,0.0,2.6225
gales,0.0,2.6172
galia,0.0,2.73
galis,0.0,2.6485
galls,0.0,2.7561
gally,0.0,2.7601
galop,0.0,2.6736
galut,0.0,2.6318
galvo,0.0,2.7364
gamas,0.0,2.7949
gamay,0.0,2.7997
gamba,0.0,2.8558
gambe,0.0,2.7163
gambo,0.0,2.7639
gambs,0.0,2.7771
gamed,0.003896,2.6709
gamer,1.0,2.6569
games,0.0,2.6748
gamey,0.95078,2.6981
gamic,0.0,2.7358
gamin,0.0,2.6766
gamma,0.998799,2.9539
gamme,0.0,2.7986
gammy,0.0,2.8522
gamps,0.0,2.7458
gamut,1.0,2.7008
ganch,0.0,2.6911
gandy,0.0,2.7071
ganef,0.0,2.6941
ganev,0.0,2.7177
gangs,0.0,2.8103
ganja,0.0,2.8966
ganks,0.0,2.7314
ganof,0.0,2.7179
gants,0.0,2.6413
gaols,0.0,2.6486
gaped,0.003896,2.6633
gaper,0.0,2.6363
gapes,0.0,2.6624
gapos,0.0,2.7047
gappy,0.0,2.8578
garam,0.0,2.7459
garba,0.0,2.7776
garbe,0.0,2.6309
garbo,0.0,2.6836
garbs,0.0,2.6806
garda,0.0,2.7634
garde,0.0,2.6039
gares,0.0,2.6139
garis,0.0,2.643
garms,0.0,2.6761
garni,0.0,2.6553
garre,0.0,2.6705
garri,0.0,2.7599
garth,0.0,2.638
garum,0.0,2.6838
gases,0.0,2.7939
gashy,0.0,2.731
gasps,0.0,2.824
gaspy,0.0,2.7133
gassy,0.971104,2.8184
gasts,0.0,2.7771
gatch,0.0,2.6928
gated,1.0,2.6375
gater,0.0,2.593
gates,0.0,2.6375
gaths,0.0,2.6908
gator,1.0,2.6042
gauch,0.0,2.7113
gaucy,0.0,2.711
gauds,0.0,2.7259
gaudy,1.0,2.725
gauge,1.0,2.8477
gauje,0.0,2.7845
gault,0.0,2.6183
gaums,0.0,2.7115
gaumy,0.0,2.7197
gaunt,1.0,2.6423
gaups,0.0,2.7077
gaurs,0.0,2.6632
gauss,0.0,2.7938
gauze,1.0,2.8302
gauzy,1.0,2.8612
gavel,1.0,2.7116
gavot,0.0,2.7173
gawcy,0.0,2.789
gawds,0.0,2.8038
gawks,0.0,2.8095
gawky,1.0,2.837
gawps,0.0,2.7908
gawsy,0.0,2.7508
gayal,0.0,2.7502
gayer,0.924991,2.6729
gayly,0.047658,2.8167
gazal,0.0,2.8524
gazar,0.0,2.842
gazed,0.003896,2.7936
gazer,0.877061,2.7745
gazes,0.0,2.7979
gazon,0.0,2.7808
gazoo,0.0,2.9178
geals,0.0,2.6342
geans,0.0,2.6415
geare,0.0,2.6483
gears,0.0,2.6332
geasa,0.0,2.7429
geats,0.0,2.628
gebur,0.0,2.7
gecko,0.982809,2.7676
gecks,0.0,2.8191
geeks,0.0,2.8289
geeky,1.0,2.8636
geeps,0.0,2.7817
geese,1.0,2.8734
geest,0.0,2.6895
geist,0.0,2.6116
geits,0.0,2.6411
gelds,0.0,2.689
gelee,0.0,2.8233
gelid,0.0,2.661
gelly,0.0,2.805
gelts,0.0,2.6667
gemel,0.0,2.7413
gemma,0.0,2.8593
gemmy,0.0,2.8939
gemot,0.0,2.6857
genae,0.0,2.6854
genal,0.0,2.6286
genas,0.0,2.6546
genes,0.0,2.7339
genet,0.0,2.6772
genic,0.0,2.7043
genie,1.0,2.7231
genii,0.0,2.8058
genin,0.0,2.7798
genio,0.0,2.6637
genip,0.0,2.6856
genny,0.0,2.8251
genoa,0.0,2.6699
genom,0.0,2.706
genre,1.0,2.6886
genro,0.0,2.6453
gents,0.0,2.6537
genty,0.0,2.6797
genua,0.0,2.6794
genus,1.0,2.7031
geode,0.927457,2.7461
geoid,0.0,2.6834
gerah,0.0,2.6516
gerbe,0.0,2.7234
geres,0.0,2.6918
gerle,0.0,2.6664
germs,0.0,2.6807
germy,0.902458,2.7027
gerne,0.0,2.6597
gesse,0.0,2.8326
gesso,0.0,2.8092
geste,0.0,2.6986
gests,0.0,2.8009
getas,0.0,2.6438
getup,0.952006,2.6925
geums,0.0,2.7358
geyan,0.0,2.6731
geyer,0.0,2.7534
ghast,0.0,2.644
ghats,0.0,2.6687
ghaut,0.0,2.6757
ghazi,0.0,2.8743
ghees,0.0,2.7659
ghest,0.0,2.6717
ghost,1.0,2.6678
ghoul,0.976654,2.7177
ghusl,0.0,2.7049
ghyll,0.0,2.8594
giant,1.0,2.6139
gibed,0.003896,2.6932
gibel,0.0,2.6708
giber,0.0,2.6695
gibes,0.0,2.6987
gibli,0.0,2.8551
gibus,0.0,2.7678
giddy,1.0,2.8548
gifts,0.0,2.7144
gigas,0.0,2.8375
gighe,0.0,2.8546
gigot,0.0,2.798
gigue,0.0,2.8287
gilas,0.0,2.6634
gilds,0.0,2.6733
gilet,0.0,2.6073
gilia,0.0,2.7849
gills,0.0,2.7616
gilly,0.0,2.7893
gilpy,0.0,2.7147
gilts,0.0,2.6591
gimel,0.0,2.6698
gimme,0.99187,2.8287
gimps,0.0,2.7098
gimpy,0.0,2.7714
ginch,0.0,2.7149
ginga,0.0,2.8266
ginge,0.0,2.7862
gings,0.0,2.8337
ginks,0.0,2.7523
ginny,0.0,2.8085
ginzo,0.0,2.816
gipon,0.0,2.6799
gippo,0.0,2.8657
gippy,0.0,2.8765
gipsy,0.0,2.7186
girds,0.0,2.6724
girlf,0.0,2.7161
girls,0.0,2.6459
girly,1.0,2.6849
girns,0.0,2.6609
giron,0.0,2.6274
giros,0.0,2.6591
girrs,0.0,2.768
girsh,0.0,2.6709
girth,1.0,2.6599
girts,0.0,2.6442
gismo,0.0,2.7345
gisms,0.0,2.8577
gists,0.0,2.7972
gitch,0.0,2.7229
gites,0.0,2.6409
giust,0.0,2.6332
gived,0.0,2.748
given,1.0,2.7448
giver,1.0,2.7119
gives,0.0,2.758
gizmo,1.0,2.8613
glace,0.950148,2.6006
glade,0.983729,2.6169
glads,0.0,2.7025
glady,0.0,2.6924
glaik,0.0,2.7009
glair,0.0,2.6235
glamp,0.057262,2.673
glams,0.0,2.6883
gland,1.0,2.6223
glans,0.0,2.6442
glare,1.0,2.5931
glary,0.0,2.6576
glass,1.0,2.7646
glatt,0.0,2.7195
glaum,0.0,2.6977
glaur,0.0,2.6398
glaze,1.0,2.7439
glazy,0.0,2.7902
gleam,1.0,2.6775
glean,1.0,2.6347
gleba,0.0,2.7128
glebe,0.0,2.7545
gleby,0.0,2.7462
glede,0.0,2.72
gleds,0.0,2.7261
gleed,0.0,2.7114
gleek,0.0,2.78
glees,0.0,2.7172
gleet,0.0,2.6768
gleis,0.0,2.6604
glens,0.0,2.6507
glent,0.0,2.6283
gleys,0.0,2.7271
glial,0.0,2.742
glias,0.0,2.6534
glibs,0.0,2.7302
glide,1.0,2.6454
gliff,0.0,2.8838
glift,0.0,2.692
glike,0.0,2.6916
glime,0.0,2.656
glims,0.0,2.7118
glint,1.0,2.621
glisk,0.0,2.7191
glits,0.0,2.6503
glitz,1.0,2.7662
gloam,0.047658,2.6814
gloat,1.0,2.6208
globe,1.0,2.661
globi,0.0,2.7477
globs,0.0,2.6964
globy,0.0,2.7224
glode,0.0,2.6574
glogg,0.0,2.9829
gloms,0.0,2.6735
gloom,1.0,2.7872
gloop,0.823057,2.762
glops,0.0,2.6608
glory,1.0,2.6605
gloss,1.0,2.7806
glost,0.0,2.6357
glout,0.0,2.6493
glove,1.0,2.7082
glows,0.0,2.7251
glowy,0.935071,2.7451
gloze,0.0,2.7697
glued,0.003896,2.6621
gluer,0.0,2.653
glues,0.0,2.6645
gluey,0.982809,2.6812
glugg,0.0,3.0078
glugs,0.0,2.8484
glume,0.0,2.6912
glums,0.0,2.7372
gluon,0.0,2.6589
glute,0.840468,2.6358
gluts,0.0,2.6852
glyph,0.913444,2.7464
gnapi,0.0,2.7277
gnarl,0.801422,2.6374
gnarr,0.0,2.7389
gnars,0.0,2.6659
gnash,0.947486,2.6674
gnats,0.0,2.6319
gnawn,0.0,2.8673
gnaws,0.0,2.7323
gnome,1.0,2.6804
gnows,0.0,2.7696
goads,0.0,2.6784
goafs,0.0,2.7414
goaft,0.0,2.6909
goals,0.0,2.6329
goary,0.0,2.6521
goats,0.0,2.638
goaty,0.0,2.6623
goave,0.0,2.7102
goban,0.0,2.6908
gobar,0.0,2.6613
gobbe,0.0,2.8463
gobbi,0.0,2.9133
gobbo,0.0,2.9769
gobby,0.0,2.8999
gobis,0.0,2.7297
gobos,0.0,2.8347
godet,0.0,2.6413
godly,0.996999,2.6822
godso,0.0,2.8072
goels,0.0,2.656
goers,0.0,2.6538
goest,0.0,2.6248
goeth,0.0,2.6717
goety,0.0,2.6671
gofer,0.98265,2.6946
goffs,0.0,2.9244
gogga,0.0,3.0068
gogos,0.0,2.9388
goier,0.0,2.6201
going,1.0,2.8264
gojis,0.0,2.8392
gokes,0.0,2.7679
golds,0.0,2.6651
goldy,0.0,2.7136
golem,0.955942,2.6589
goles,0.0,2.657
golfs,0.0,2.7102
golly,0.991073,2.7876
golpe,0.0,2.6604
golps,0.0,2.6996
gombo,0.0,2.8635
gomer,0.0,2.655
gompa,0.0,2.7461
gonad,0.721877,2.6629
gonch,0.0,2.6956
gonef,0.0,2.7086
goner,0.985695,2.6261
gongs,0.0,2.8027
gonia,0.0,2.6604
gonif,0.0,2.7149
gonks,0.0,2.7439
gonna,1.0,2.8068
gonof,0.0,2.8249
gonys,0.0,2.7157
gonzo,1.0,2.9087
gooby,0.0,2.8359
goodo,0.0,2.9597
goods,0.0,2.7937
goody,1.0,2.8239
gooey,1.0,2.8112
goofs,0.0,2.8406
goofy,1.0,2.8607
googs,0.0,2.9287
gooks,0.0,2.8554
gooky,0.0,2.8711
goold,0.0,2.7657
gools,0.0,2.7613
gooly,0.0,2.7687
goomy,0.0,2.8138
goons,0.0,2.7556
goony,0.0,2.7672
goops,0.0,2.8039
goopy,0.974804,2.8036
goors,0.0,2.7532
goory,0.0,2.7603
goose,1.0,2.7553
goosy,0.0,2.7793
gopak,0.0,2.7735
gopik,0.0,2.7749
goral,0.0,2.6282
goras,0.0,2.6481
goray,0.0,2.6578
gorbs,0.0,2.7169
gordo,0.0,2.7706
gored,0.003896,2.6257
gores,0.0,2.6312
gorge,1.0,2.777
goris,0.0,2.6541
gorms,0.0,2.6919
gormy,0.0,2.6891
gorps,0.0,2.6826
gorse,0.943819,2.605
gorsy,0.0,2.6607
gosht,0.0,2.6846
gosse,0.0,2.7599
gotch,0.0,2.7114
goths,0.0,2.7078
gothy,0.0,2.7192
gotta,1.0,2.7739
gouch,0.0,2.7151
gouge,0.999079,2.845
gouks,0.0,2.7695
goura,0.0,2.6737
gourd,0.998315,2.6719
gouts,0.0,2.6665
gouty,0.0,2.6887
goved,0.0,2.7486
goves,0.0,2.7623
gowan,0.0,2.7333
gowds,0.0,2.8223
gowfs,0.0,2.8526
gowks,0.0,2.8502
gowls,0.0,2.7604
gowns,0.0,2.7172
goxes,0.0,2.8184
goyim,0.0,2.7531
goyle,0.0,2.669
graal,0.0,2.7029
grabs,0.0,2.6823
grace,1.0,2.5986
grade,1.0,2.6191
grads,0.0,2.6602
graff,0.0,2.8623
graft,1.0,2.664
grail,1.0,2.6194
grain,1.0,2.6236
graip,0.0,2.6542
grama,0.0,2.7591
grame,0.0,2.6225
gramp,0.0,2.6978
grams,0.0,2.668
grana,0.0,2.7119
grand,1.0,2.627
grano,0.0,2.6265
grans,0.0,2.6413
grant,1.0,2.583
grape,1.0,2.6106
graph,1.0,2.6741
grapy,0.0,2.6828
grasp,1.0,2.6372
grass,1.0,2.7667
grata,0.0,2.701
grate,1.0,2.5744
grats,0.0,2.623
grave,1.0,2.7021
gravs,0.0,2.731
gravy,1.0,2.7558
grays,0.0,2.6998
graze,1.0,2.7465
great,1.0,2.6177
grebe,0.0,2.7344
grebo,0.0,2.7102
grece,0.0,2.6954
greed,1.0,2.7195
greek,0.0,2.7613
green,1.0,2.7075
grees,0.0,2.6982
greet,1.0,2.6765
grege,0.0,2.8295
grego,0.0,2.8076
grein,0.0,2.6328
grens,0.0,2.6692
greps,0.0,2.7001
grese,0.0,2.6819
greve,0.0,2.7606
grews,0.0,2.7554
greys,0.0,2.704
grice,0.0,2.6245
gride,0.0,2.6276
grids,0.0,2.6649
grief,1.0,2.6796
griff,0.0,2.8754
grift,0.971391,2.6736
grigs,0.0,2.8136
grike,0.0,2.6811
grill,1.0,2.7713
grime,1.0,2.6338
grimy,1.0,2.7087
grind,1.0,2.6338
grins,0.0,2.6335
griot,0.0,2.6107
gripe,1.0,2.617
grips,0.0,2.664
gript,0.0,2.65
gripy,0.0,2.7049
grise,0.0,2.6129
grist,1.0,2.5985
grisy,0.0,2.6796
grith,0.0,2.6559
grits,0.0,2.6295
grize,0.0,2.7316
groan,1.0,2.6239
groat,0.0,2.6053
grody,0.0,2.6981
grogs,0.0,2.8117
groin,0.968475,2.6307
groks,0.0,2.7101
groma,0.0,2.6765
groms,0.0,2.6965
grone,0.0,2.6093
groof,0.0,2.8054
groom,1.0,2.7789
grope,1.0,2.6255
gross,1.0,2.7839
grosz,0.0,2.7927
grots,0.0,2.6454
grouf,0.0,2.7198
group,1.0,2.6739
grout,0.987324,2.6487
grove,1.0,2.7074
grovy,0.0,2.752
growl,1.0,2.7086
grown,1.0,2.7019
grows,0.0,2.7251
grrls,0.0,2.8079
grrrl,0.0,2.9143
grubs,0.0,2.7182
grued,0.0,2.65
gruel,0.994844,2.6554
grues,0.0,2.6582
grufe,0.0,2.7051
gruff,1.0,2.8907
grume,0.0,2.67
grump,0.967685,2.7155
grund,0.0,2.691
grunt,1.0,2.6362
gryce,0.0,2.7162
gryde,0.0,2.7119
gryke,0.0,2.7743
grype,0.0,2.7146
grypt,0.0,2.7284
guaco,0.0,2.7223
guana,0.0,2.757
guano,0.977936,2.6978
guans,0.0,2.6609
guard,1.0,2.6745
guars,0.0,2.6648
guava,1.0,2.9034
gubba,0.0,2.917
gucks,0.0,2.8198
gucky,0.0,2.8356
gudes,0.0,2.7102
guess,1.0,2.8391
guest,1.0,2.6604
guffs,0.0,2.9486
gugas,0.0,2.8457
guggl,0.0,3.0044000000000004
guide,1.0,2.701
guido,0.0,2.729
guids,0.0,2.7311
guild,1.0,2.6781
guile,1.0,2.6452
guilt,1.0,2.6426
guimp,0.0,2.748
guiro,0.0,2.6747
guise,1.0,2.6758
gulab,0.0,2.72
gulag,1.0,2.8455
gular,0.0,2.6488
gulas,0.0,2.6771
gulch,0.940571,2.731
gules,0.0,2.6703
gulet,0.0,2.6334
gulfs,0.0,2.7541
gulfy,0.0,2.7736
gulls,0.0,2.8086
gully,0.989322,2.8187
gulph,0.0,2.7453
gulps,0.0,2.7015
gulpy,0.0,2.7319
gumbo,1.0,2.7942
gumma,0.0,2.8906
gummi,0.0,2.9142
gummy,1.0,2.8922
gumps,0.0,2.7836
gunas,0.0,2.6762
gundi,0.0,2.7488
gundy,0.0,2.7511
gunge,0.0,2.8114
gungy,0.0,2.8673
gunks,0.0,2.7739
gunky,0.885892,2.7925
gunny,0.0,2.834
guppy,0.924991,2.8793
guqin,0.0,2.8474
gurdy,0.0,2.7378
gurge,0.0,2.7801
gurks,0.0,2.7629
gurls,0.0,2.6937
gurly,0.0,2.6984
gurns,0.0,2.6774
gurry,0.0,2.7926
gursh,0.0,2.6869
gurus,0.0,2.8332
gushy,0.982809,2.7702
gusla,0.0,2.6839
gusle,0.0,2.652
gusli,0.0,2.7112
gussy,0.963686,2.8491
gusto,1.0,2.6999
gusts,0.0,2.8349
gusty,1.0,2.7234
gutsy,1.0,2.7131
gutta,0.0,2.7839
gutty,0.926242,2.8229
guyed,0.0,2.7427
guyle,0.0,2.6935
guyot,0.0,2.7054
guyse,0.0,2.6994
gwine,0.0,2.7058
gyals,0.0,2.6903
gyans,0.0,2.6958
gybed,0.0,2.7888
gybes,0.0,2.7987
gyeld,0.0,2.7436
gymps,0.0,2.8339
gynae,0.0,2.6765
gynie,0.0,2.6976
gynny,0.0,3.0096
gynos,0.0,2.7245
gyoza,0.0,2.8698
gypes,0.0,2.7663
gypos,0.0,2.7611
gyppo,0.0,2.9122
gyppy,0.0,3.0705
gypsy,0.0,2.9123
gyral,0.0,2.6822
gyred,0.0,2.707
gyres,0.0,2.7097
gyron,0.0,2.6891
gyros,0.0,2.7009
gyrus,0.0,2.7427
gytes,0.0,2.7221
gyved,0.0,2.8337
gyver,0.0,2.7973
gyves,0.0,2.8427
haafs,0.0,2.8225
haars,0.0,2.7257
haats,0.0,2.7047
habit,1.0,2.6727
hable,0.0,2.6519
habus,0.0,2.7413
hacek,0.0,2.7156
hacks,0.0,2.7463
hacky,0.947486,2.7718
hadal,0.0,2.7708
haded,0.0,2.779
hades,0.0,2.6669
hadji,0.0,2.8947
hadst,0.0,2.6544
haems,0.0,2.673
haere,0.0,2.6595
haets,0.0,2.613
haffs,0.0,2.8977
hafiz,0.0,2.8765
hafta,0.0,2.8083
hafts,0.0,2.7056
haggs,0.0,2.857
haham,0.0,2.9474
hahas,0.0,2.9066
haick,0.0,2.7082
haika,0.0,2.8079
haiks,0.0,2.712
haiku,1.0,2.8052
hails,0.0,2.6341
haily,0.0,2.6593
hains,0.0,2.6395
haint,0.0,2.6029
hairs,0.0,2.6412
hairy,1.0,2.6852
haith,0.0,2.7604
hajes,0.0,2.806
hajis,0.0,2.8238
hajji,0.0,3.0409
hakam,0.0,2.8639
hakas,0.0,2.8224
hakea,0.0,2.8288
hakes,0.0,2.7288
hakim,0.0,2.7726
hakus,0.0,2.767
halal,1.0,2.8753
haldi,0.0,2.7196
haled,0.0,2.6352
haler,0.0,2.6127
hales,0.0,2.6255
halfa,0.0,2.8193
halfs,0.0,2.7244
halid,0.0,2.6696
hallo,0.0,2.7663
halls,0.0,2.7695
halma,0.0,2.7784
halms,0.0,2.6909
halon,0.0,2.6528
halos,0.0,2.651
halse,0.0,2.5871
halsh,0.0,2.7737
halts,0.0,2.6169
halva,0.0,2.8339
halve,1.0,2.7091
halwa,0.0,2.8308
hamal,0.0,2.7611
hamba,0.0,2.8514
hamed,0.0,2.687
hamel,0.0,2.6605
hames,0.0,2.6868
hammy,0.999528,2.8793
hamza,0.0,2.9351
hanap,0.0,2.7597
hance,0.0,2.6228
hanch,0.0,2.8
handi,0.0,2.7188
hands,0.0,2.6821
handy,1.0,2.6892
hangi,0.0,2.7203
hangs,0.0,2.6799
hanks,0.0,2.714
hanky,0.911774,2.7448
hansa,0.0,2.7226
hanse,0.0,2.5935
hants,0.0,2.6295
haole,0.0,2.6049
haoma,0.0,2.7826
hapas,0.0,2.7702
hapax,0.0,2.9169
haply,0.0,2.6851
happi,0.0,2.8662
happy,1.0,2.8522
hapus,0.0,2.7154
haram,0.0,2.7425
hards,0.0,2.6915
hardy,1.0,2.6888
hared,0.0,2.6126
harem,1.0,2.6394
hares,0.0,2.6191
harim,0.0,2.6643
harks,0.0,2.6966
harls,0.0,2.6513
harms,0.0,2.6737
harns,0.0,2.6401
haros,0.0,2.6374
harps,0.0,2.6669
harpy,0.961632,2.6792
harry,0.885892,2.7806
harsh,1.0,2.7881
harts,0.0,2.6109
hashy,0.0,2.8476
hasks,0.0,2.8495
hasps,0.0,2.8086
hasta,0.0,2.7213
haste,1.0,2.6134
hasty,1.0,2.6753
hatch,1.0,2.7944
hated,0.003896,2.6339
hater,1.0,2.6072
hates,0.0,2.6366
hatha,0.0,2.8908
hathi,0.0,2.8237
hatty,0.0,2.7607
hauds,0.0,2.7261
haufs,0.0,2.7508
haugh,0.0,2.8612
haugo,0.0,2.7464
hauld,0.0,2.692
haulm,0.0,2.696
hauls,0.0,2.6685
hault,0.0,2.6209
hauns,0.0,2.6701
haunt,1.0,2.645
hause,0.0,2.6126
haute,1.0,2.6447
havan,0.0,2.8222
havel,0.0,2.7018
haven,1.0,2.7325
haver,0.0,2.6912
haves,0.0,2.7407
havoc,1.0,2.7856
hawed,0.0,2.7269
hawks,0.0,2.8047
hawms,0.0,2.7872
hawse,0.0,2.6762
hayed,0.0,2.707
hayer,0.0,2.6712
hayey,0.0,2.8496
hayle,0.0,2.6467
hazan,0.0,2.8744
hazed,0.003896,2.788
hazel,1.0,2.7717
hazer,0.0,2.7421
hazes,0.0,2.7909
hazle,0.0,2.741
heads,0.0,2.682
heady,1.0,2.7007
heald,0.0,2.6419
heals,0.0,2.6397
heame,0.0,2.7175
heaps,0.0,2.676
heapy,0.0,2.6823
heard,1.0,2.6275
heare,0.0,2.6518
hears,0.0,2.6308
heart,1.0,2.5857
heast,0.0,2.5837
heath,1.0,2.7939
heats,0.0,2.6339
heaty,0.0,2.6327
heave,1.0,2.826
heavy,1.0,2.768
heben,0.0,2.7709
hebes,0.0,2.7823
hecht,0.0,2.838
hecks,0.0,2.778
heder,0.0,2.7041
hedge,1.0,2.7721
hedgy,0.0,2.7892
heeds,0.0,2.7878
heedy,0.0,2.8203
heels,0.0,2.7418
heeze,0.0,2.9874
hefte,0.0,2.766
hefts,0.0,2.7324
hefty,1.0,2.7529
heiau,0.0,2.7246
heids,0.0,2.6915
heigh,0.0,2.8572
heils,0.0,2.6442
heirs,0.0,2.6438
heist,1.0,2.61
hejab,0.0,2.8849
hejra,0.0,2.7923
heled,0.0,2.7184
heles,0.0,2.7178
helio,0.0,2.6712
helix,0.998608,2.8275
hella,0.0,2.7578
hello,1.0,2.7867
hells,0.0,2.7906
helly,0.0,2.7996
helms,0.0,2.6943
helos,0.0,2.6652
helot,0.0,2.634
helps,0.0,2.6796
helve,0.0,2.7843
hemal,0.0,2.6721
hemes,0.0,2.7716
hemic,0.0,2.7455
hemin,0.0,2.6854
hemps,0.0,2.7299
hempy,0.0,2.7759
hence,1.0,2.7274
hench,0.0,2.8492
hends,0.0,2.7175
henge,0.0,2.7464
henna,0.99187,2.8176
henny,0.0,2.8085
henry,0.0,2.6786
hents,0.0,2.6513
hepar,0.0,2.6432
herbs,0.0,2.6888
herby,0.0,2.7361
herds,0.0,2.6652
heres,0.0,2.682
herls,0.0,2.6646
herma,0.0,2.6622
herms,0.0,2.6879
herns,0.0,2.6579
heron,1.0,2.6329
heros,0.0,2.6465
herps,0.0,2.6795
herry,0.0,2.7829
herse,0.0,2.6489
hertz,0.962884,2.7671
herye,0.0,2.7495
hesps,0.0,2.8417
hests,0.0,2.7861
hetes,0.0,2.6929
heths,0.0,2.8206
heuch,0.0,2.856
heugh,0.0,2.896
hevea,0.0,2.8125
hevel,0.0,2.7876
hewed,0.003896,2.8129
hewer,0.0,2.7696
hewgh,0.0,2.9687
hexad,0.0,2.8143
hexed,0.003896,2.8852
hexer,0.0,2.8331
hexes,0.0,2.8911
hexyl,0.0,2.8619
heyed,0.0,2.7913
hiant,0.0,2.606
hibas,0.0,2.7395
hicks,0.0,2.7519
hided,0.0,2.7983
hider,0.783797,2.6363
hides,0.0,2.6732
hiems,0.0,2.6896
hifis,0.0,2.8804
highs,0.0,2.8649
hight,0.0,2.851
hijab,1.0,2.8871
hijra,0.0,2.8246
hiked,0.003896,2.728
hiker,1.0,2.6963
hikes,0.0,2.7345
hikoi,0.0,2.9055
hilar,0.0,2.6398
hilch,0.0,2.8264
hillo,0.0,2.7843
hills,0.0,2.7746
hilly,1.0,2.8072
hilsa,0.0,2.6601
hilts,0.0,2.6376
hilum,0.0,2.7317
hilus,0.0,2.7004
himbo,0.0,2.7865
hinau,0.0,2.7406
hinds,0.0,2.6886
hinge,1.0,2.6759
hings,0.0,2.7176
hinky,0.816387,2.7613
hinny,0.0,2.8068
hints,0.0,2.6466
hiois,0.0,2.7918
hiped,0.0,2.693
hiper,0.0,2.6555
hipes,0.0,2.6774
hiply,0.0,2.7046
hippo,1.0,2.8446
hippy,0.958457,2.8548
hired,0.003896,2.6302
hiree,0.0,2.6654
hirer,0.704872,2.7425
hires,0.0,2.6332
hissy,0.986841,2.8472
hists,0.0,2.7707
hitch,1.0,2.819
hithe,0.0,2.7747
hived,0.003896,2.7496
hiver,0.0,2.712
hives,0.0,2.7642
hizen,0.0,2.7912
hoach,0.0,2.8038
hoaed,0.0,2.6609
hoagy,0.0,2.7119
hoard,1.0,2.6456
hoars,0.0,2.6382
hoary,1.0,2.6922
hoast,0.0,2.6019
hobby,1.0,2.9178
hobos,0.0,2.8188
hocks,0.0,2.7521
hocus,0.76271,2.7243
hodad,0.0,2.828
hodja,0.0,2.8713
hoers,0.0,2.6392
hogan,0.0,2.6892
hogen,0.0,2.688
hoggs,0.0,2.8674
hoghs,0.0,2.8782
hogoh,0.0,2.9601
hogos,0.0,2.8147
hohed,0.0,2.8352
hoick,0.0,2.7237
hoied,0.0,2.661
hoiks,0.0,2.7191
hoing,0.0,2.6859
hoise,0.0,2.6097
hoist,1.0,2.6153
hokas,0.0,2.7481
hoked,0.0,2.7567
hokes,0.0,2.7472
hokey,1.0,2.7751
hokis,0.0,2.7463
hokku,0.0,2.943
hokum,0.996246,2.8019
holds,0.0,2.6787
holed,0.003896,2.6353
holes,0.0,2.6458
holey,0.936046,2.6801
holks,0.0,2.7277
holla,0.0,2.7688
hollo,0.0,2.8697
holly,0.998846,2.8402
holme,0.0,2.6674
holms,0.0,2.7054
holon,0.0,2.7601
holos,0.0,2.7631
holts,0.0,2.6525
homas,0.0,2.7032
homed,0.003896,2.6878
homer,1.0,2.657
homes,0.0,2.6957
homey,1.0,2.7222
homie,0.0,2.6706
homme,0.0,2.8345
homos,0.0,2.8057
honan,0.0,2.7748
honda,0.0,2.7059
honds,0.0,2.7146
honed,0.003896,2.6458
honer,0.0,2.6316
hones,0.0,2.6472
honey,1.0,2.6828
hongi,0.0,2.7228
hongs,0.0,2.7059
honks,0.0,2.7096
honky,0.0,2.7382
honor,1.0,2.732
hooch,0.976207,2.9602
hoods,0.0,2.8044
hoody,0.76271,2.8362
hooey,0.982966,2.8182
hoofs,0.0,2.8436
hoogo,0.0,2.9576
hooha,0.0,2.9421
hooka,0.0,2.8399
hooks,0.0,2.8408
hooky,1.0,2.8999
hooly,0.0,2.7745
hoons,0.0,2.7438
hoops,0.0,2.7975
hoord,0.0,2.7534
hoors,0.0,2.7427
hoosh,0.0,2.8883
hoots,0.0,2.7775
hooty,0.0,2.7706
hoove,0.0,2.8388
hopak,0.0,2.7585
hoped,0.003896,2.6705
hoper,0.0,2.6477
hopes,0.0,2.6785
hoppy,0.96992,2.8812
horah,0.0,2.7778
horal,0.0,2.6372
horas,0.0,2.6428
horde,1.0,2.6247
horis,0.0,2.6465
horks,0.0,2.7076
horme,0.0,2.6388
horns,0.0,2.6332
horny,0.998463,2.667
horse,1.0,2.6047
horst,0.0,2.5863
horsy,0.0,2.6513
hosed,0.003896,2.6698
hosel,0.0,2.6464
hosen,0.0,2.6582
hoser,0.0,2.6272
hoses,0.0,2.8083
hosey,0.0,2.7002
hosta,0.0,2.6555
hosts,0.0,2.8035
hotch,0.0,2.8116
hotel,1.0,2.6096
hoten,0.0,2.6361
hotis,0.0,2.6452
hotly,1.0,2.6813
hotte,0.0,2.721
hotty,0.0,2.7765
houff,0.0,2.9132
houfs,0.0,2.7514
hough,0.0,2.8637
hound,1.0,2.6853
houri,0.0,2.7041
hours,0.0,2.6722
house,1.0,2.6804
houts,0.0,2.6481
hovea,0.0,2.7592
hoved,0.0,2.7518
hovel,0.985293,2.7135
hoven,0.0,2.7428
hover,1.0,2.7228
hoves,0.0,2.7543
howay,0.0,2.7761
howbe,0.0,2.7929
howdy,0.931985,2.8016
howes,0.0,2.7417
howff,0.0,2.9866
howfs,0.0,2.8312
howks,0.0,2.8146
howls,0.0,2.7281
howre,0.0,2.6776
howso,0.0,2.833
howto,0.0,2.8351
hoxed,0.0,2.8064
hoxes,0.0,2.8048
hoyas,0.0,2.7113
hoyed,0.0,2.7252
hoyle,0.0,2.6689
hubba,0.0,2.9217
hubby,0.976874,2.9602
hucks,0.0,2.7793
hudna,0.0,2.7422
hudud,0.0,3.0207
huers,0.0,2.6703
huffs,0.0,2.9369
huffy,0.972769,2.9844
huger,0.0,2.6961
huggy,0.908252,2.9447
huhus,0.0,3.0078
huias,0.0,2.6989
huies,0.0,2.6732
hukou,0.0,2.938
hulas,0.0,2.6848
hules,0.0,2.6781
hulks,0.0,2.7378
hulky,0.750523,2.8102
hullo,0.0,2.8069
hulls,0.0,2.8001
hully,0.0,2.8245
human,1.0,2.7117
humas,0.0,2.7272
humfs,0.0,2.82
humic,0.0,2.7657
humid,1.0,2.7452
humor,1.0,2.6898
humph,0.057262,2.9254
humps,0.0,2.7652
humpy,0.0,2.7897
humus,0.926242,2.8984
hunch,1.0,2.8516
hundo,0.0,2.7334
hunks,0.0,2.7569
hunky,1.0,2.8007
hunts,0.0,2.6742
hurds,0.0,2.7316
hurls,0.0,2.6724
hurly,0.0,2.7194
hurra,0.0,2.774
hurry,1.0,2.8154
hurst,0.0,2.6077
hurts,0.0,2.6577
hurty,0.0,2.683
hushy,0.0,2.8824
husks,0.0,2.9026
husky,1.0,2.7969
husos,0.0,2.8089
hussy,0.924991,2.8904
hutch,0.980804,2.8421
hutia,0.0,2.6881
huzza,0.0,3.0297
huzzy,0.0,3.0424
hwyls,0.0,2.8172
hydel,0.0,2.7307
hydra,0.969303,2.7334
hydro,0.990127,2.7308
hyena,1.0,2.7149
hyens,0.0,2.7
hygge,0.0,2.9315
hying,0.0,2.7522
hykes,0.0,2.8148
hylas,0.0,2.7077
hyleg,0.0,2.7649
hyles,0.0,2.7242
hylic,0.0,2.7561
hymen,0.940571,2.7474
hymns,0.0,2.7634
hynde,0.0,2.7553
hyoid,0.0,2.7395
hyped,0.003896,2.731
hyper,1.0,2.6882
hypes,0.0,2.7285
hypha,0.0,2.9265
hyphy,0.0,3.0758
hypos,0.0,2.7463
hyrax,0.0,2.84
hyson,0.0,2.707
hythe,0.0,2.8695
iambi,0.0,2.9048
iambs,0.0,2.7384
ibrik,0.0,2.898
icers,0.0,2.6795
iched,0.0,2.7484
iches,0.0,2.7466
ichor,0.0,2.712
icier,0.921002,2.7716
icily,0.990029,2.822
icing,1.0,2.8329
icker,0.0,2.7385
ickle,0.0,2.7344
icons,0.0,2.6758
ictal,0.0,2.6598
ictic,0.0,2.9564
ictus,0.0,2.7191
idant,0.0,2.6622
iddah,0.0,2.9006
iddat,0.0,2.8278
iddut,0.0,2.8584
ideal,1.0,2.6808
ideas,0.0,2.7367
idees,0.0,2.764
ident,0.0,2.672
idiom,1.0,2.8599
idiot,1.0,2.7857
idled,0.003896,2.8076
idler,0.911774,2.659
idles,0.0,2.67
idlis,0.0,2.8561
idola,0.0,2.7139
idols,0.0,2.6773
idyll,1.0,2.8342
idyls,0.0,2.789
iftar,0.0,2.6863
igapo,0.0,2.792
igged,0.0,2.8671
igloo,0.993408,2.8285
iglus,0.0,2.7637
ignis,0.0,2.8521
ihram,0.0,2.7102
iiwis,0.0,3.0374
ikans,0.0,2.726
ikats,0.0,2.7258
ikons,0.0,2.7441
ileac,0.0,2.6671
ileal,0.0,2.7509
ileum,0.0,2.7094
ileus,0.0,2.6745
iliac,0.638004,2.793
iliad,0.0,2.7709
ilial,0.0,2.863
ilium,0.0,2.8307
iller,0.0,2.7269
illth,0.0,2.7788
image,1.0,2.6905
imago,0.0,2.7839
imagy,0.0,2.7602
imams,0.0,2.847
imari,0.0,2.8192
imaum,0.0,2.8985
imbar,0.0,2.7265
imbed,0.003896,2.7272
imbos,0.0,2.7936
imbue,1.0,2.7611
imide,0.0,2.8342
imido,0.0,2.8849
imids,0.0,2.8993
imine,0.0,2.7975
imino,0.0,2.8301
imlis,0.0,2.838
immew,0.0,2.9374
immit,0.0,2.9511
immix,0.0,3.1297
imped,0.0,2.744
impel,0.985293,2.682
impis,0.0,2.8823
imply,1.0,2.7153
impot,0.0,2.724
impro,0.0,2.7366
imshi,0.0,2.9288
imshy,0.0,2.7986
inane,1.0,2.7756
inapt,0.966306,2.6321
inarm,0.0,2.6783
inbox,1.0,2.8565
inbye,0.0,2.766
incas,0.0,2.6958
incel,0.935071,2.6365
incle,0.0,2.6606
incog,0.0,2.7519
incur,1.0,2.6789
incus,0.0,2.7308
incut,0.0,2.6841
indew,0.0,2.7503
index,1.0,2.8064
india,0.0,2.8368
indie,1.0,2.7811
indol,0.0,2.6905
indow,0.0,2.7938
indri,0.0,2.8537
indue,0.0,2.6991
inept,1.0,2.6562
inerm,0.0,2.6951
inert,1.0,2.6264
infer,1.0,2.6834
infix,0.0,3.0157
infos,0.0,2.7656
infra,0.0,2.7367
ingan,0.0,2.8298
ingle,0.0,2.6729
ingot,0.908252,2.6844
inion,0.0,2.9029
inked,0.003896,2.7306
inker,0.0,2.7165
inkle,0.0,2.7154
inlay,0.99187,2.6987
inlet,1.0,2.6024
inned,0.0,2.782
inner,1.0,2.7579
innie,0.0,2.8834
innit,0.0,2.8787
inorb,0.0,2.7104
input,1.0,2.6859
inros,0.0,2.6705
inrun,0.0,2.8034
insee,0.0,2.7029
inset,1.0,2.6229
inspo,0.0,2.7161
intel,1.0,2.6191
inter,0.988357,2.6206
intil,0.0,2.7594
intis,0.0,2.7808
intra,0.0,2.6478
intro,1.0,2.6534
inula,0.0,2.7078
inure,0.929785,2.6546
inurn,0.0,2.8002
inust,0.0,2.6329
invar,0.0,2.7156
inver,0.0,2.7167
inwit,0.0,2.8526
iodic,0.0,2.8481
iodid,0.0,2.9344
iodin,0.0,2.7894
ionic,0.898205,2.8055
ioras,0.0,2.6558
iotas,0.0,2.6847
ippon,0.0,2.8387
irade,0.0,2.6116
irate,1.0,2.5838
irids,0.0,2.8218
iring,0.0,2.7993
irked,0.003896,2.688
iroko,0.0,2.8095
irone,0.0,2.6109
irons,0.0,2.6294
irony,1.0,2.6697
isbas,0.0,2.8868
ishes,0.0,2.8642
isled,0.0,2.6814
isles,0.0,2.8027
islet,0.985157,2.6251
isnae,0.0,2.6418
issei,0.0,2.956
issue,1.0,2.8598
istle,0.0,2.6339
itchy,1.0,2.7667
items,0.0,2.7007
ither,0.0,2.6734
ivied,0.870413,2.8904
ivies,0.0,2.8872
ivory,1.0,2.7864
ixias,0.0,2.9361
ixnay,0.0,2.8363
ixora,0.0,2.7912
ixtle,0.0,2.7451
izard,0.0,2.802
izars,0.0,2.8045
izzat,0.0,2.965
jaaps,0.0,2.8965
jabot,0.0,2.7849
jacal,0.0,2.8612
jacet,0.0,2.7339
jacks,0.0,2.8537
jacky,0.0,2.887
jaded,1.0,2.9209
jades,0.0,2.779
jafas,0.0,2.952
jaffa,0.0,3.1204
jagas,0.0,2.9168
jager,0.0,2.7575
jaggs,0.0,2.9815
jaggy,0.0,2.9918
jagir,0.0,2.7784
jagra,0.0,2.8955
jails,0.0,2.7558
jaker,0.0,2.8047
jakes,0.0,2.8518
jakey,0.0,2.8754
jakie,0.0,2.8286
jalap,0.0,2.8786
jaleo,0.0,2.7617
jalop,0.0,2.7931
jambe,0.0,2.8333
jambo,0.0,2.8834
jambs,0.0,2.8602
jambu,0.0,2.9226
james,0.0,2.8043
jammy,0.99944,2.9774
jamon,0.0,2.796
jamun,0.0,2.8228
janes,0.0,2.7525
janky,0.913444,2.8617
janns,0.0,2.8983
janny,0.0,2.9048
janty,0.0,2.7741
japan,0.0,2.8802
japed,0.0,2.7956
japer,0.0,2.7479
japes,0.0,2.7895
jarks,0.0,2.8236
jarls,0.0,2.7637
jarps,0.0,2.7873
jarta,0.0,2.823
jarul,0.0,2.7734
jasey,0.0,2.7949
jaspe,0.0,2.7666
jasps,0.0,2.9382
jatha,0.0,2.9007
jatis,0.0,2.7584
jatos,0.0,2.7685
jauks,0.0,2.8611
jaune,0.0,2.751
jaunt,1.0,2.7635
jaups,0.0,2.8314
javas,0.0,2.9664
javel,0.0,2.817
jawan,0.0,2.934
jawed,0.003896,2.8424
jawns,0.0,2.8531
jaxie,0.0,2.8899
jazzy,1.0,3.1261
jeans,0.0,2.761
jeats,0.0,2.7439
jebel,0.0,2.8588
jedis,0.0,2.8263
jeels,0.0,2.8599
jeely,0.0,2.8867
jeeps,0.0,2.9007
jeera,0.0,2.8237
jeers,0.0,2.8642
jeeze,0.0,3.1051
jefes,0.0,2.93
jeffs,0.0,3.0578000000000003
jehad,0.0,2.8597
jehus,0.0,2.8868
jelab,0.0,2.8132
jello,0.0,2.9141
jells,0.0,2.9037
jelly,1.0,2.9284
jembe,0.0,2.9331
jemmy,0.0,3.0211
jenny,0.0,2.9442
jeons,0.0,2.7729
jerid,0.0,2.7626
jerks,0.0,2.8365
jerky,1.0,2.8719
jerry,0.0,2.9043
jesse,0.0,2.9467
jessy,0.0,2.9492
jests,0.0,2.9211
jesus,0.0,2.9658
jetee,0.0,2.9451
jetes,0.0,2.8282
jeton,0.0,2.7631
jetty,0.996715,2.9204
jeune,0.0,2.831
jewed,0.0,2.926
jewel,1.0,2.9015
jewie,0.0,2.9104
jhala,0.0,2.8966
jheel,0.0,2.8643
jhils,0.0,2.8214
jiaos,0.0,2.8174
jibba,0.0,3.0216000000000003
jibbs,0.0,3.0213
jibed,0.003896,2.8119
jiber,0.0,2.784
jibes,0.0,2.8154
jiffs,0.0,3.0416
jiffy,1.0,3.0418000000000003
jiggy,0.0,3.0171
jigot,0.0,2.8045
jihad,0.0,2.884
jills,0.0,2.9057
jilts,0.0,2.751
jimmy,0.895947,2.9852
jimpy,0.0,2.8875
jingo,0.0,2.8227
jings,0.0,2.8413
jinks,0.0,2.8593
jinne,0.0,2.8717
jinni,0.0,3.051
jinns,0.0,2.918
jirds,0.0,2.838
jirga,0.0,2.8133
jirre,0.0,2.8216
jisms,0.0,2.9629
jitis,0.0,2.909
jitty,0.0,2.9077
jived,0.0,2.8692
jiver,0.0,2.8312
jives,0.0,2.8763
jivey,0.0,2.9088
jnana,0.0,2.9988
jobed,0.0,2.8221
jobes,0.0,2.8342
jocko,0.0,2.9777
jocks,0.0,2.8632
jocky,0.0,2.9083
jocos,0.0,2.9242
jodel,0.0,2.7646
joeys,0.0,2.8358
johns,0.0,2.8145
joins,0.0,2.7611
joint,1.0,2.7357
joist,0.880145,2.7537
joked,0.003896,2.8545
joker,1.0,2.8237
jokes,0.0,2.8558
jokey,1.0,2.8853
jokol,0.0,2.9517
joled,0.0,2.7646
joles,0.0,2.7688
jolie,0.0,2.7389
jollo,0.0,2.991
jolls,0.0,2.901
jolly,1.0,2.9126
jolts,0.0,2.7637
jolty,0.0,2.7891
jomon,0.0,2.9109
jomos,0.0,2.9364
jones,0.0,2.7734
jongs,0.0,2.8325
jonty,0.0,2.7849
jooks,0.0,2.9642
joram,0.0,2.7839
jorts,0.0,2.7545
jorum,0.0,2.8071
jotas,0.0,2.775
jotty,0.0,2.9015
jotun,0.0,2.7718
joual,0.0,2.801
jougs,0.0,2.8538
jouks,0.0,2.8799
joule,0.736992,2.7752
jours,0.0,2.7888
joust,0.993484,2.7655
jowar,0.0,2.8254
jowed,0.0,2.8576
jowls,0.0,2.8391
jowly,0.985957,2.8815
joyed,0.0,2.84
jubas,0.0,2.8627
jubes,0.0,2.8482
jucos,0.0,2.8396
judas,0.0,2.8616
judge,1.0,2.8442
judgy,0.854802,2.8879
judos,0.0,2.8622
jugal,0.0,2.8203
jugum,0.0,3.0499
juice,1.0,2.809
juicy,1.0,2.8526
jujus,0.0,3.1543
juked,0.003896,2.8796
jukes,0.0,2.8898
jukus,0.0,3.0468
julep,0.98098,2.7891
julia,0.0,2.832
jumar,0.0,2.7978
jumbo,1.0,2.9005
jumby,0.0,2.9402
jumps,0.0,2.8589
jumpy,1.0,2.8879
junco,0.0,2.813
junks,0.0,2.8703
junky,0.989218,2.9081
junta,1.0,2.8019
junto,0.845544,2.805
jupes,0.0,2.8277
jupon,0.0,2.8251
jural,0.0,2.7737
jurat,0.0,2.737
jurel,0.0,2.7585
jures,0.0,2.7655
juris,0.0,2.8014
juror,1.0,2.8983
juste,0.0,2.7736
justs,0.0,2.9252
jutes,0.0,2.7772
jutty,0.0,2.9302
juves,0.0,2.9071
juvie,0.0,2.8874
kaama,0.0,2.9678
kabab,0.0,2.9928
kabar,0.0,2.7744
kabob,0.850312,2.9052
kacha,0.0,2.8546
kacks,0.0,2.8868
kadai,0.0,2.8573
kades,0.0,2.7064
kadis,0.0,2.7443
kafir,0.0,2.7218
kagos,0.0,2.7603
kagus,0.0,2.7781
kahal,0.0,2.8121
kaiak,0.0,2.9243
kaids,0.0,2.7396
kaies,0.0,2.6789
kaifs,0.0,2.7646
kaika,0.0,2.9448
kaiks,0.0,2.8474
kails,0.0,2.6682
kaims,0.0,2.7337
kaing,0.0,2.7272
kains,0.0,2.6757
kajal,0.0,2.9175
kakas,0.0,2.9573
kakis,0.0,2.8743
kalam,0.0,2.8064
kalas,0.0,2.7706
kales,0.0,2.6569
kalif,0.0,2.7375
kalis,0.0,2.6822
kalpa,0.0,2.8072
kalua,0.0,2.8075
kamas,0.0,2.8309
kames,0.0,2.7272
kamik,0.0,2.8916
kamis,0.0,2.7478
kamme,0.0,2.8485
kanae,0.0,2.7406
kanal,0.0,2.7459
kanas,0.0,2.7707
kanat,0.0,2.7341
kandy,0.0,2.7477
kaneh,0.0,2.6927
kanes,0.0,2.6726
kanga,0.0,2.8225
kangs,0.0,2.7423
kanji,0.0,2.8711
kants,0.0,2.6755
kanzu,0.0,2.8853
kaons,0.0,2.6847
kapai,0.0,2.8487
kapas,0.0,2.8123
kapha,0.0,2.8716
kaphs,0.0,2.7789
kapok,0.0,2.889
kapow,0.0,2.8221
kappa,0.829263,2.9736
kapur,0.0,2.7144
kapus,0.0,2.7602
kaput,0.986086,2.7011
karai,0.0,2.7888
karas,0.0,2.7604
karat,0.893593,2.7504
karee,0.0,2.6745
karez,0.0,2.7678
karks,0.0,2.8338
karma,1.0,2.8145
karns,0.0,2.6766
karoo,0.0,2.776
karos,0.0,2.6764
karri,0.0,2.7997
karst,0.0,2.6232
karsy,0.0,2.6809
karts,0.0,2.6575
karzy,0.0,2.8347
kasha,0.0,2.8388
kasme,0.0,2.6979
katal,0.0,2.7505
katas,0.0,2.7643
katis,0.0,2.6852
katti,0.0,2.8146
kaugh,0.0,2.7844
kauri,0.0,2.7429
kauru,0.0,2.858
kaury,0.0,2.7205
kaval,0.0,2.8524
kavas,0.0,2.8815
kawas,0.0,2.8712
kawau,0.0,2.9342
kawed,0.0,2.7659
kayak,1.0,3.0124000000000004
kayle,0.0,2.6818
kayos,0.0,2.75
kazis,0.0,2.8561
kazoo,0.979521,2.9785
kbars,0.0,2.752
kcals,0.0,2.7155
keaki,0.0,2.8806
kebab,1.0,2.9058
kebar,0.0,2.6871
kebob,0.0,2.9416
kecks,0.0,2.9278
kedge,0.0,2.8229
kedgy,0.0,2.8347
keech,0.0,2.8321
keefs,0.0,2.8714
keeks,0.0,2.9574
keels,0.0,2.7751
keema,0.0,2.8293
keeno,0.0,2.7949
keens,0.0,2.7819
keeps,0.0,2.8249
keets,0.0,2.772
keeve,0.0,2.9806
kefir,0.943035,2.724
kehua,0.0,2.8004
keirs,0.0,2.6773
kelep,0.0,2.7655
kelim,0.0,2.7475
kells,0.0,2.831
kelly,0.0,2.8479
kelps,0.0,2.7099
kelpy,0.0,2.7692
kelts,0.0,2.704
kelty,0.0,2.7215
kembo,0.0,2.8369
kembs,0.0,2.8535
kemps,0.0,2.8155
kempt,0.900374,2.7313
kempy,0.0,2.8339
kenaf,0.0,2.7543
kench,0.0,2.7732
kendo,0.0,2.7474
kenos,0.0,2.7048
kente,0.0,2.7404
kents,0.0,2.7119
kepis,0.0,2.7461
kerbs,0.0,2.7588
kerel,0.0,2.7163
kerfs,0.0,2.7725
kerky,0.0,2.903
kerma,0.0,2.7066
kerne,0.0,2.7055
kerns,0.0,2.7046
keros,0.0,2.6939
kerry,0.0,2.8285
kerve,0.0,2.8004
kesar,0.0,2.6521
kests,0.0,2.846
ketas,0.0,2.677
ketch,0.0,2.7675
ketes,0.0,2.7458
ketol,0.0,2.6853
kevel,0.0,2.8247
kevil,0.0,2.7687
kexes,0.0,2.9167
keyed,0.003896,2.8317
keyer,0.0,2.7985
khadi,0.0,2.8114
khads,0.0,2.7856
khafs,0.0,2.8039
khaki,1.0,2.9284
khana,0.0,2.8153
khans,0.0,2.7168
khaph,0.0,2.9097
khats,0.0,2.7039
khaya,0.0,2.8745
khazi,0.0,2.9128
kheda,0.0,2.7884
kheer,0.0,2.768
kheth,0.0,2.8967
khets,0.0,2.7301
khirs,0.0,2.7342
khoja,0.0,2.9083
khors,0.0,2.7244
khoum,0.0,2.8052
khuds,0.0,2.8257
khula,0.0,2.7537
khyal,0.0,2.7575
kiaat,0.0,2.7464
kiack,0.0,2.8609
kiaki,0.0,3.0010000000000003
kiang,0.0,2.7342
kiasu,0.0,2.7591
kibbe,0.0,2.8942
kibbi,0.0,3.0826
kibei,0.0,2.8942
kibes,0.0,2.753
kibla,0.0,2.7431
kicks,0.0,2.8811
kicky,0.0,2.9347
kiddo,0.967006,2.8879
kiddy,0.0,2.9196
kidel,0.0,2.6827
kideo,0.0,2.735
kidge,0.0,2.7478
kiefs,0.0,2.7839
kiers,0.0,2.6887
kieve,0.0,2.8471
kievs,0.0,2.8213
kight,0.0,2.7904
kikay,0.0,2.9138
kikes,0.0,2.8781
kikoi,0.0,3.04
kiley,0.0,2.7188
kilig,0.0,2.8815
kilim,0.0,2.8742
kills,0.0,2.8001
kilns,0.0,2.6688
kilos,0.0,2.6885
kilps,0.0,2.7339
kilts,0.0,2.6703
kilty,0.0,2.7214
kimbo,0.0,2.8381
kimet,0.0,2.7023
kinas,0.0,2.7041
kinda,1.0,2.7328
kinds,0.0,2.7068
kindy,0.0,2.7671
kines,0.0,2.6888
kings,0.0,2.7291
kingy,0.0,2.7701
kinin,0.0,2.9482
kinks,0.0,2.8559
kinky,1.0,2.8926
kinos,0.0,2.7079
kiore,0.0,2.6614
kiosk,1.0,2.8458
kipah,0.0,2.7733
kipas,0.0,2.7485
kipes,0.0,2.7192
kippa,0.0,2.9071
kipps,0.0,2.8957
kipsy,0.0,2.7443
kirby,0.0,2.7782
kirks,0.0,2.8632
kirns,0.0,2.6966
kirri,0.0,2.9381
kisan,0.0,2.6829
kissy,0.911774,2.8639
kists,0.0,2.8332
kitab,0.0,2.7628
kited,0.0,2.6915
kiter,0.0,2.6506
kites,0.0,2.6926
kithe,0.0,2.7099
kiths,0.0,2.7446
kitke,0.0,2.8288
kitty,1.0,2.8414
kitul,0.0,2.7131
kivas,0.0,2.8162
kiwis,0.0,2.9129
klang,0.0,2.7209
klaps,0.0,2.7079
klett,0.0,2.8077
klick,0.0,2.8603
klieg,0.0,2.7175
kliks,0.0,2.8535
klong,0.0,2.7459
kloof,0.0,2.866
kluge,0.0,2.7416
klutz,0.966306,2.8515
knack,1.0,2.8624
knags,0.0,2.7509
knaps,0.0,2.7294
knarl,0.0,2.6827
knars,0.0,2.6902
knaur,0.0,2.6872
knave,0.923702,2.7613
knawe,0.0,2.7417
knead,1.0,2.7195
kneed,0.003896,2.7912
kneel,1.0,2.7645
knees,0.0,2.797
knell,1.0,2.8233
knelt,1.0,2.6757
knick,0.0,2.877
knife,1.0,2.7425
knish,0.967685,2.7216
knits,0.0,2.6889
knive,0.0,2.7698
knobs,0.0,2.7362
knock,1.0,2.865
knoll,1.0,2.7973
knoop,0.0,2.8404
knops,0.0,2.7542
knosp,0.0,2.7288
knots,0.0,2.6978
knoud,0.0,2.7551
knout,0.0,2.7047
knowd,0.0,2.8164
knowe,0.0,2.7809
known,1.0,2.9064
knows,0.0,2.7654
knubs,0.0,2.8161
knule,0.0,2.7052
knurl,0.0,2.7369
knurr,0.0,2.8218
knurs,0.0,2.7412
knuts,0.0,2.7304
koala,1.0,2.7949
koans,0.0,2.6789
koaps,0.0,2.7225
koban,0.0,2.7305
kobos,0.0,2.8703
koels,0.0,2.683
koffs,0.0,2.9566
kofta,0.0,2.7831
kogal,0.0,2.7259
kohas,0.0,2.76
kohen,0.0,2.7441
kohls,0.0,2.758
koine,0.0,2.6539
koiwi,0.0,2.9417
kojis,0.0,2.8776
kokam,0.0,2.9191
kokas,0.0,2.8854
koker,0.0,2.8453
kokra,0.0,2.8581
kokum,0.0,2.9412
kolas,0.0,2.6945
kolos,0.0,2.8071
kombi,0.0,2.8488
kombu,0.0,2.8522
konbu,0.0,2.7904
kondo,0.0,2.838
konks,0.0,2.8632
kooks,0.0,2.9717
kooky,1.0,3.0412
koori,0.0,2.8173
kopek,0.0,2.8866
kophs,0.0,2.7869
kopje,0.0,2.8739
koppa,0.0,2.8999
korai,0.0,2.7174
koran,0.003896,2.661
koras,0.0,2.6823
korat,0.0,2.6454
kores,0.0,2.6708
koris,0.0,2.6974
korma,0.0,2.7187
koros,0.0,2.7918
korun,0.0,2.6906
korus,0.0,2.7135
koses,0.0,2.8354
kotch,0.0,2.7404
kotos,0.0,2.8044
kotow,0.0,2.8856
koura,0.0,2.7125
kraal,0.0,2.7438
krabs,0.0,2.7355
kraft,0.0,2.6964
krais,0.0,2.6786
krait,0.0,2.6288
krang,0.0,2.7099
krans,0.0,2.6732
kranz,0.0,2.7976
kraut,0.0,2.6578
krays,0.0,2.7284
kreef,0.0,2.784
kreen,0.0,2.7213
kreep,0.0,2.7413
kreng,0.0,2.748
krewe,0.0,2.8033
krill,0.982809,2.8116
kriol,0.0,2.6822
krona,0.0,2.675
krone,0.951399,2.6393
kroon,0.0,2.7667
krubi,0.0,2.7948
krump,0.0,2.7839
krunk,0.0,2.8604
ksars,0.0,2.8365
kubie,0.0,2.7466
kudos,1.0,2.7441
kudus,0.0,2.9464
kudzu,0.990029,3.0523
kufis,0.0,2.8085
kugel,0.985428,2.7307
kuias,0.0,2.7452
kukri,0.0,2.917
kukus,0.0,3.0618
kulak,0.0,2.8678
kulan,0.0,2.7054
kulas,0.0,2.7116
kulfi,0.0,2.8221
kumis,0.0,2.7827
kumys,0.0,2.8356
kunas,0.0,2.7164
kunds,0.0,2.7922
kuris,0.0,2.7198
kurre,0.0,2.7738
kurta,0.0,2.7014
kurus,0.0,2.8729
kusso,0.0,2.8573
kusti,0.0,2.7373
kutai,0.0,2.7639
kutas,0.0,2.7132
kutch,0.0,2.7615
kutis,0.0,2.7148
kutus,0.0,2.8764
kuyas,0.0,2.7744
kuzus,0.0,3.0448000000000004
kvass,0.0,2.9274
kvell,0.870413,2.9215
kwaai,0.0,2.9054
kwela,0.0,2.7691
kwink,0.0,2.9314
kwirl,0.0,2.7761
kyack,0.0,2.911
kyaks,0.0,2.9097
kyang,0.0,2.7802
kyars,0.0,2.735
kyats,0.0,2.7336
kybos,0.0,2.821
kydst,0.0,2.8015
kyles,0.0,2.757
kylie,0.0,2.7382
kylin,0.0,2.7455
kylix,0.0,2.8995
kyloe,0.0,2.7354
kynde,0.0,2.7926
kynds,0.0,2.8386
kypes,0.0,2.7981
kyrie,0.0,2.733
kytes,0.0,2.7617
kythe,0.0,2.8003
kyudo,0.0,2.8296
laarf,0.0,2.7532
laari,0.0,2.7179
labda,0.0,2.7969
label,1.0,2.7556
labia,0.0,2.753
labis,0.0,2.6699
labne,0.0,2.6204
labor,1.0,2.6318
labra,0.0,2.7394
laccy,0.0,2.7722
laced,0.003896,2.6137
lacer,0.0,2.5891
laces,0.0,2.6193
lacet,0.0,2.5872
lacey,0.885892,2.6406
lacis,0.0,2.64
lacka,0.0,2.7903
lacks,0.0,2.6955
lacky,0.0,2.7176
laddu,0.0,2.8452
laddy,0.0,2.8056
laded,0.0,2.7269
ladee,0.0,2.6488
laden,1.0,2.5992
lader,0.0,2.5946
lades,0.0,2.6257
ladle,1.0,2.7243
ladoo,0.0,2.764
laers,0.0,2.6059
laevo,0.0,2.7099
lagan,0.0,2.7194
lagar,0.0,2.7067
lager,1.0,2.6288
laggy,0.0,2.8181
lahal,0.0,2.8506
lahar,0.0,2.7305
laich,0.0,2.6356
laics,0.0,2.6235
laide,0.0,2.6042
laids,0.0,2.6587
laigh,0.0,2.6677
laika,0.0,2.7603
laiks,0.0,2.6725
laird,0.0,2.6246
lairs,0.0,2.6178
lairy,0.0,2.6351
laith,0.0,2.6172
laity,1.0,2.6317
laked,0.0,2.6863
laker,0.0,2.6519
lakes,0.0,2.6738
lakhs,0.0,2.7461
lakin,0.0,2.6667
laksa,0.0,2.7763
laldy,0.0,2.7808
lalls,0.0,2.8745
lamas,0.0,2.7723
lambs,0.0,2.6989
lamby,0.0,2.7233
lamed,0.003896,2.6374
lamer,0.866823,2.6204
lames,0.0,2.6457
lamia,0.0,2.749
lammy,0.0,2.8108
lamps,0.0,2.6752
lanai,0.0,2.7214
lanas,0.0,2.7049
lance,1.0,2.5651
lanch,0.0,2.6491
lande,0.0,2.6071
lands,0.0,2.6339
laned,0.0,2.6046
lanes,0.0,2.5906
lanks,0.0,2.6863
lanky,1.0,2.707
lants,0.0,2.6174
lapas,0.0,2.7307
lapel,1.0,2.7268
lapin,0.0,2.6262
lapis,0.0,2.6471
lapje,0.0,2.7515
lappa,0.0,2.8842
lappy,0.0,2.7948
lapse,1.0,2.5799
larch,0.965948,2.6369
lards,0.0,2.6412
lardy,0.0,2.6687
laree,0.0,2.6133
lares,0.0,2.5868
larfs,0.0,2.6865
larga,0.0,2.7359
large,1.0,2.6055
largo,0.0,2.6494
laris,0.0,2.6186
larks,0.0,2.6748
larky,0.0,2.69
larns,0.0,2.6346
larnt,0.0,2.6011
larum,0.0,2.6632
larva,0.978942,2.8257
lased,0.0,2.6205
laser,1.0,2.6033
lases,0.0,2.719
lassi,0.0,2.7645
lasso,1.0,2.7739
lassu,0.0,2.7773
lassy,0.0,2.7439
lasts,0.0,2.741
latah,0.0,2.7046
latch,1.0,2.6299
lated,0.0,2.5989
laten,0.0,2.5815
later,1.0,2.5877
latex,1.0,2.7419
lathe,0.988686,2.6022
lathi,0.0,2.679
laths,0.0,2.6499
lathy,0.0,2.6664
latke,0.970222,2.6353
latte,1.0,2.6884
latus,0.0,2.633
lauan,0.0,2.7118
lauch,0.0,2.6593
laude,0.0,2.6376
lauds,0.0,2.6661
laufs,0.0,2.7052
laugh,1.0,2.7103
laund,0.0,2.6644
laura,0.0,2.7279
laval,0.0,2.8916
lavas,0.0,2.8319
laved,0.003896,2.7086
laver,0.0,2.6503
laves,0.0,2.6824
lavra,0.0,2.7877
lavvy,0.0,2.8893
lawed,0.0,2.6766
lawer,0.0,2.6531
lawin,0.0,2.6879
lawks,0.0,2.7676
lawns,0.0,2.6792
lawny,0.0,2.7063
lawsy,0.0,2.6977
laxed,0.0,2.7433
laxer,0.0,2.707
laxes,0.0,2.7406
laxly,0.0,2.8897
layby,0.0,2.8534
layed,0.0,2.6522
layer,1.0,2.6358
layin,0.0,2.6492
layup,1.0,2.6941
lazar,0.0,2.8154
lazed,0.003896,2.7535
lazes,0.0,2.7471
lazos,0.0,2.7711
lazzi,0.0,2.9672
lazzo,0.0,2.9481
leach,0.999261,2.6355
leads,0.0,2.6201
leady,0.0,2.6592
leafs,0.0,2.675
leafy,1.0,2.6942
leaks,0.0,2.6784
leaky,1.0,2.7147
leams,0.0,2.6427
leans,0.0,2.5997
leant,0.816387,2.5577
leany,0.0,2.6101
leaps,0.0,2.6207
leapt,1.0,2.5732
leare,0.0,2.6163
learn,1.0,2.5801
lears,0.0,2.598
leary,0.0,2.6188
lease,1.0,2.6748
leash,1.0,2.633
least,1.0,2.5554
leats,0.0,2.5848
leave,1.0,2.772
leavy,0.0,2.7008
leaze,0.0,2.7734
leben,0.0,2.7222
leccy,0.0,2.8177
leche,0.0,2.7313
ledes,0.0,2.7187
ledge,1.0,2.728
ledgy,0.0,2.7295
ledum,0.0,2.7212
leear,0.0,2.656
leech,0.980266,2.7477
leeks,0.0,2.7841
leeps,0.0,2.7269
leers,0.0,2.7093
leery,1.0,2.7297
leese,0.0,2.7834
leets,0.0,2.6885
leeze,0.0,2.9421
lefte,0.0,2.727
lefts,0.0,2.6873
lefty,1.0,2.7193
legal,1.0,2.7663
leger,0.0,2.7011
leges,0.0,2.7318
legge,0.0,2.8568
leggo,0.0,2.8434
leggy,1.0,2.8436
legit,1.0,2.6281
legno,0.0,2.6725
lehrs,0.0,2.6948
lehua,0.0,2.7125
leirs,0.0,2.6213
leish,0.0,2.6334
leman,0.0,2.6473
lemed,0.0,2.7267
lemel,0.0,2.8192
lemes,0.0,2.7367
lemma,0.052968,2.8226
lemme,0.0,2.8621
lemon,1.0,2.6537
lemur,0.971391,2.6607
lends,0.0,2.649
lenes,0.0,2.6943
lengs,0.0,2.6986
lenis,0.0,2.6299
lenos,0.0,2.6362
lense,0.0,2.6674
lenti,0.0,2.6337
lento,0.0,2.6271
leone,0.0,2.6619
lepak,0.0,2.6992
leper,0.987676,2.6829
lepid,0.0,2.665
lepra,0.0,2.6294
lepta,0.0,2.6348
lered,0.0,2.6641
leres,0.0,2.668
lerps,0.0,2.6613
lesbo,0.0,2.7037
leses,0.0,2.8101
lesos,0.0,2.7709
lests,0.0,2.7561
letch,0.0,2.674
lethe,0.0,2.6997
letty,0.0,2.7507
letup,0.991784,2.6587
leuch,0.0,2.686
leuco,0.0,2.6575
leuds,0.0,2.6879
leugh,0.0,2.7157
levas,0.0,2.7046
levee,1.0,2.9274
level,1.0,2.9066
lever,1.0,2.7622
leves,0.0,2.7691
levin,0.0,2.6947
levis,0.0,2.7167
lewis,0.0,2.7256
lexes,0.0,2.8317
lexis,0.060813,2.7962
lezes,0.0,2.8361
lezza,0.0,2.9529
lezzo,0.0,2.9769
lezzy,0.0,2.998
liana,0.0,2.6984
liane,0.0,2.5769
liang,0.0,2.6474
liard,0.0,2.6299
liars,0.0,2.6303
liart,0.0,2.5796
libel,1.0,2.768
liber,0.0,2.6425
libor,0.0,2.6565
libra,0.0,2.6747
libre,0.0,2.6309
libri,0.0,2.8324
licet,0.0,2.607
lichi,0.0,2.8521
licht,0.0,2.6728
licit,0.951399,2.7427
licks,0.0,2.698
lidar,0.0,2.6369
lidos,0.0,2.686
liefs,0.0,2.6987
liege,0.880145,2.7205
liens,0.0,2.6322
liers,0.0,2.6365
lieus,0.0,2.6571
lieve,0.0,2.7446
lifer,1.0,2.6762
lifes,0.0,2.6885
lifey,0.0,2.7185
lifts,0.0,2.6782
ligan,0.0,2.6494
liger,0.0,2.6365
ligge,0.0,2.7864
light,1.0,2.6739
ligne,0.0,2.6324
liked,0.003896,2.699
liken,1.0,2.6836
liker,0.0,2.6812
likes,0.0,2.6968
likin,0.0,2.8195
lilac,1.0,2.7809
lills,0.0,2.905
lilos,0.0,2.7489
lilts,0.0,2.727
lilty,0.0,2.7565
liman,0.0,2.6629
limas,0.0,2.6871
limax,0.0,2.8098
limba,0.0,2.7395
limbi,0.0,2.8926
limbo,1.0,2.7177
limbs,0.0,2.7006
limby,0.0,2.7593
limed,0.0,2.6593
limen,0.0,2.6511
limes,0.0,2.6518
limey,0.0,2.6941
limit,1.0,2.7669
limma,0.0,2.8273
limns,0.0,2.6469
limos,0.0,2.6657
limpa,0.0,2.7132
limps,0.0,2.6728
linac,0.0,2.6522
linch,0.0,2.6781
linds,0.0,2.7013
lindy,0.0,2.6936
lined,0.003896,2.6202
linen,1.0,2.75
liner,1.0,2.6162
lines,0.0,2.6181
liney,0.0,2.6516
linga,0.0,2.6733
lingo,1.0,2.6641
lings,0.0,2.6896
lingy,0.0,2.6828
linin,0.0,2.8766
links,0.0,2.6769
linky,0.0,2.7236
linns,0.0,2.7676
linny,0.0,2.7746
linos,0.0,2.6411
lints,0.0,2.6334
linty,0.0,2.6479
linum,0.0,2.6964
linux,0.0,2.7933
lions,0.0,2.608
lipas,0.0,2.6713
lipes,0.0,2.6411
lipid,0.982166,2.7857
lipin,0.0,2.7735
lipos,0.0,2.672
lippy,0.900374,2.8159
liras,0.0,2.6389
lirks,0.0,2.7159
lirot,0.0,2.6037
lises,0.0,2.7347
lisks,0.0,2.8333
lisle,0.0,2.7072
lisps,0.0,2.7758
lists,0.0,2.7517
litai,0.0,2.7581
litas,0.0,2.6244
lited,0.0,2.61
litem,0.0,2.6402
liter,0.983731,2.6029
lites,0.0,2.6006
lithe,1.0,2.6182
litho,0.0,2.6809
liths,0.0,2.6682
litie,0.0,2.7003
litre,0.473663,2.5838
lived,0.003896,2.7195
liven,1.0,2.7056
liver,1.0,2.7081
lives,0.0,2.7183
livid,1.0,2.8608
livor,0.0,2.6879
livre,0.0,2.6629
liwaa,0.0,2.8296
liwas,0.0,2.7335
llama,1.0,2.8915
llano,0.0,2.7338
loach,0.0,2.6442
loads,0.0,2.6387
loafs,0.0,2.6862
loams,0.0,2.653
loamy,0.982329,2.6704
loans,0.0,2.6056
loast,0.0,2.583
loath,1.0,2.6328
loave,0.0,2.6634
lobar,0.0,2.6324
lobby,1.0,2.8461
lobed,0.003896,2.6405
lobes,0.0,2.6536
lobos,0.0,2.7825
lobus,0.0,2.7008
local,1.0,2.7542
loche,0.0,2.6623
lochs,0.0,2.6822
lochy,0.0,2.7157
locie,0.0,2.6143
locis,0.0,2.6604
locks,0.0,2.7013
locky,0.0,2.7456
locos,0.0,2.7626
locum,0.0,2.6941
locus,1.0,2.665
loden,0.0,2.628
lodes,0.0,2.627
lodge,1.0,2.6316
loess,0.850312,2.7774
lofts,0.0,2.6766
lofty,1.0,2.7124
logan,0.0,2.6509
loges,0.0,2.647
loggy,0.0,2.8426
logia,0.0,2.6782
logic,1.0,2.6904
logie,0.0,2.6313
login,1.0,2.6526
logoi,0.0,2.8034
logon,0.823057,2.763
logos,0.0,2.77
lohan,0.0,2.6779
loids,0.0,2.678
loins,0.0,2.6067
loipe,0.0,2.619
loirs,0.0,2.6359
lokes,0.0,2.7064
lokey,0.0,2.7359
lokum,0.0,2.7662
lolas,0.0,2.7349
loled,0.0,2.721
lollo,0.0,2.9923
lolls,0.0,2.9048
lolly,0.750523,2.9213
lolog,0.0,2.8767
lolos,0.0,2.849
lomas,0.0,2.6764
lomed,0.0,2.6637
lomes,0.0,2.6668
loner,1.0,2.604
longa,0.0,2.6736
longe,0.0,2.6339
longs,0.0,2.6485
looby,0.0,2.7922
looed,0.0,2.7164
looey,0.0,2.7598
loofa,0.0,2.8103
loofs,0.0,2.8071
looie,0.0,2.7049
looks,0.0,2.7982
looky,0.0,2.8183
looms,0.0,2.7688
loons,0.0,2.7292
loony,1.0,2.7497
loops,0.0,2.75
loopy,1.0,2.7647
loord,0.0,2.7392
loose,1.0,2.7106
loots,0.0,2.7388
loped,0.003896,2.6157
loper,0.0,2.6231
lopes,0.0,2.6324
loppy,0.0,2.8207
loral,0.0,2.7044
loran,0.0,2.6155
lords,0.0,2.6474
lordy,0.835053,2.6631
lorel,0.0,2.6892
lores,0.0,2.615
loric,0.0,2.6514
loris,0.859036,2.6243
lorry,0.924991,2.7467
losed,0.0,2.6407
losel,0.0,2.7211
losen,0.0,2.6235
loser,1.0,2.6206
loses,0.0,2.7608
lossy,0.0,2.7714
lotah,0.0,2.6414
lotas,0.0,2.6234
lotes,0.0,2.617
lotic,0.0,2.653
lotos,0.0,2.7236
lotsa,0.0,2.6241
lotta,0.0,2.7218
lotte,0.0,2.691
lotto,0.962473,2.8481
lotus,1.0,2.6525
loued,0.0,2.6493
lough,0.0,2.7056
louie,0.0,2.6545
louis,0.0,2.6749
louma,0.0,2.7058
lound,0.0,2.666
louns,0.0,2.6489
loupe,0.944585,2.64
loups,0.0,2.6746
loure,0.0,2.6114
lours,0.0,2.654
loury,0.0,2.6656
louse,0.970222,2.6324
lousy,1.0,2.6793
louts,0.0,2.6469
lovat,0.0,2.6809
loved,0.003896,2.7011
lovee,0.0,2.7398
lover,1.0,2.6935
loves,0.0,2.7157
lovey,0.0,2.7397
lovie,0.0,2.6748
lowan,0.0,2.7009
lowed,0.0,2.6961
lowen,0.0,2.6881
lower,1.0,2.6783
lowes,0.0,2.7018
lowly,1.0,2.8624
lownd,0.0,2.7295
lowne,0.0,2.6762
lowns,0.0,2.7171
lowps,0.0,2.7547
lowry,0.0,2.7255
lowse,0.0,2.6671
lowth,0.0,2.7335
lowts,0.0,2.7114
loxed,0.0,2.759
loxes,0.0,2.761
loyal,1.0,2.7969
lozen,0.0,2.7501
luach,0.0,2.6636
luaus,0.0,2.7816
lubed,0.003896,2.671
lubes,0.0,2.6833
lubra,0.0,2.6905
luces,0.0,2.6669
lucid,1.0,2.6731
lucks,0.0,2.7514
lucky,1.0,2.7992
lucre,0.992458,2.624
ludes,0.0,2.6647
ludic,0.0,2.7288
ludos,0.0,2.7138
luffa,0.0,2.8993
luffs,0.0,2.9021
luged,0.0,2.6775
luger,0.958457,2.6611
luges,0.0,2.6823
lulls,0.0,2.9272
lulus,0.0,2.9236
lumas,0.0,2.691
lumbi,0.0,2.7874
lumen,0.792985,2.658
lumme,0.0,2.8235
lummy,0.0,2.8708
lumps,0.0,2.7009
lumpy,1.0,2.7281
lunar,1.0,2.6487
lunas,0.0,2.6582
lunch,1.0,2.6913
lunes,0.0,2.6498
lunet,0.0,2.6166
lunge,1.0,2.6586
lungi,0.0,2.7087
lungs,0.0,2.6931
lunks,0.0,2.7301
lunts,0.0,2.6585
lupin,0.0,2.6644
lupus,1.0,2.8165
lurch,1.0,2.6788
lured,0.003896,2.6269
lurer,0.0,2.721
lures,0.0,2.6439
lurex,0.0,2.7535
lurgi,0.0,2.7189
lurgy,0.0,2.7082
lurid,1.0,2.6651
lurks,0.0,2.7193
lurry,0.0,2.7719
lurve,0.0,2.699
luser,0.0,2.6366
lushy,0.0,2.7252
lusks,0.0,2.8523
lusts,0.0,2.7932
lusty,1.0,2.6826
lusus,0.0,2.9361
lutea,0.0,2.6344
luted,0.003896,2.6327
luter,0.0,2.6184
lutes,0.0,2.6345
luvvy,0.0,2.9512
luxed,0.0,2.7895
luxer,0.0,2.7649
luxes,0.0,2.7846
lweis,0.0,2.7176
lyams,0.0,2.6948
lyard,0.0,2.6849
lyart,0.0,2.6319
lyase,0.0,2.6187
lycea,0.0,2.6921
lycee,0.0,2.7512
lycra,0.0,2.6976
lying,1.0,2.7003
lymes,0.0,2.7362
lymph,1.0,2.7804
lynch,0.0,2.7458
lynes,0.0,2.6986
lyres,0.0,2.6805
lyric,1.0,2.6975
lysed,0.0,2.7115
lyses,0.0,2.8182
lysin,0.0,2.6856
lysis,0.0,2.8198
lysol,0.0,2.7977
lyssa,0.0,2.8031
lyted,0.0,2.6943
lytes,0.0,2.6807
lythe,0.0,2.7168
lytic,0.0,2.7215
lytta,0.0,2.7796
maaed,0.0,2.7285
maare,0.0,2.6618
maars,0.0,2.722
maban,0.0,2.7802
mabes,0.0,2.6946
macas,0.0,2.7719
macaw,0.976432,2.8622
macca,0.0,2.9025
maced,0.0,2.666
macer,0.0,2.6194
maces,0.0,2.6564
mache,0.0,2.6804
machi,0.0,2.7461
macho,1.0,2.7251
machs,0.0,2.7209
macka,0.0,2.8406
macks,0.0,2.7533
macle,0.0,2.6168
macon,0.0,2.6551
macro,1.0,2.6401
macte,0.0,2.6296
madal,0.0,2.7608
madam,1.0,2.9177
madar,0.0,2.7384
maddy,0.0,2.8598
madge,0.0,2.6861
madid,0.0,2.8163
madly,1.0,2.6671
mados,0.0,2.7102
madre,0.0,2.6077
maedi,0.0,2.725
maerl,0.0,2.6102
mafia,1.0,2.8542
mafic,0.0,2.77
mafts,0.0,2.7253
magas,0.0,2.7926
mages,0.0,2.6915
maggs,0.0,2.8618
magic,1.0,2.7244
magma,0.992622,2.9584
magna,0.0,2.7832
magot,0.0,2.6659
magus,0.0,2.7261
mahal,0.0,2.7735
mahem,0.0,2.8363
mahis,0.0,2.7088
mahoe,0.0,2.6752
mahrs,0.0,2.6899
mahua,0.0,2.8403
mahwa,0.0,2.9032
maids,0.0,2.6774
maiko,0.0,2.7581
maiks,0.0,2.7219
maile,0.0,2.5969
maill,0.0,2.7261
mailo,0.0,2.6682
mails,0.0,2.6372
maims,0.0,2.8147
mains,0.0,2.6462
maire,0.0,2.5924
mairs,0.0,2.6401
maise,0.0,2.6087
maist,0.0,2.6015
maize,1.0,2.7659
majas,0.0,2.9104
majat,0.0,2.8655
majoe,0.0,2.7808
major,1.0,2.7701
majos,0.0,2.8215
makaf,0.0,2.9061
makai,0.0,2.8639
makan,0.0,2.8075
makar,0.0,2.7776
makee,0.0,2.7723
maker,1.0,2.6994
makes,0.0,2.7284
makie,0.0,2.7067
makis,0.0,2.7414
makos,0.0,2.7464
malae,0.0,2.6972
malai,0.0,2.7613
malam,0.0,2.8707
malar,0.0,2.699
malas,0.0,2.7355
malax,0.0,2.8695
maleo,0.0,2.6498
males,0.0,2.6172
malic,0.863037,2.6604
malik,0.0,2.7003
malis,0.0,2.6494
malky,0.0,2.7229
malls,0.0,2.7721
malms,0.0,2.8
malmy,0.0,2.7969
malts,0.0,2.6214
malty,0.968018,2.6444
malus,0.0,2.6757
malva,0.0,2.8299
malwa,0.0,2.8361
mamak,0.0,2.9538
mamas,0.0,2.8979
mamba,0.877061,2.9818
mambo,1.0,2.8627
mambu,0.0,2.9164
mamee,0.0,2.827
mamey,0.0,2.8133
mamie,0.0,2.7659
mamil,0.0,2.7734
mamma,0.929785,3.115
mammy,0.0,2.988
manas,0.0,2.7433
manat,0.0,2.7064
mandi,0.0,2.7216
mands,0.0,2.7199
mandy,0.0,2.7149
maneb,0.0,2.6949
maned,0.0,2.6425
maneh,0.0,2.6619
manes,0.0,2.6296
manet,0.0,2.613
manga,1.0,2.8072
mange,0.926242,2.6512
mangi,0.0,2.7217
mango,1.0,2.6933
mangs,0.0,2.7101
mangy,0.983729,2.7069
mania,1.0,2.7742
manic,1.0,2.6689
manie,0.0,2.6157
manis,0.0,2.6543
manks,0.0,2.7343
manky,0.0,2.7459
manly,1.0,2.6581
manna,0.993783,2.9147
manny,0.0,2.7947
manoa,0.0,2.7432
manor,1.0,2.6125
manos,0.0,2.6586
manse,0.995178,2.5962
manso,0.0,2.6552
manta,0.0,2.7308
mante,0.0,2.6139
manto,0.0,2.6493
mants,0.0,2.6484
manty,0.0,2.6606
manul,0.0,2.6624
manus,0.0,2.6876
manzo,0.0,2.8041
mapau,0.0,2.8326
mapes,0.0,2.6701
maple,1.0,2.6151
mapou,0.0,2.7631
mappy,0.0,2.8478
maqam,0.0,3.0523
maqui,0.0,2.9155
marae,0.0,2.6668
marah,0.0,2.7286
maral,0.0,2.7028
maran,0.0,2.7022
maras,0.0,2.7196
maray,0.0,2.7344
march,1.0,2.6595
marcs,0.0,2.642
mards,0.0,2.6949
mardy,0.0,2.6959
mares,0.0,2.618
marga,0.0,2.7601
marge,0.0,2.6239
margo,0.0,2.6692
margs,0.0,2.6869
maria,0.0,2.7236
marid,0.0,2.652
maril,0.0,2.6252
marka,0.0,2.7863
marks,0.0,2.6985
marle,0.0,2.5828
marls,0.0,2.6439
marly,0.0,2.6464
marma,0.0,2.8629
marms,0.0,2.7827
maron,0.0,2.62
maror,0.0,2.6977
marra,0.0,2.8133
marri,0.0,2.7542
marry,1.0,2.7681
marse,0.0,2.5795
marsh,1.0,2.6592
marts,0.0,2.6158
marua,0.0,2.7508
marvy,0.0,2.7389
masas,0.0,2.8763
mased,0.0,2.6588
maser,0.0,2.6131
mases,0.0,2.7649
masha,0.0,2.801
mashy,0.0,2.7227
masks,0.0,2.8519
mason,1.0,2.651
massa,0.0,2.8697
masse,1.0,2.7567
massy,0.0,2.7885
masts,0.0,2.7732
masty,0.0,2.6622
masur,0.0,2.6477
masus,0.0,2.8141
masut,0.0,2.6402
matai,0.0,2.7597
match,1.0,2.6605
mated,0.003896,2.6246
mater,0.0,2.5905
mates,0.0,2.6288
matey,0.885892,2.6598
mathe,0.0,2.6494
maths,0.0,2.6777
matin,0.0,2.627
matlo,0.0,2.6455
matra,0.0,2.703
matsu,0.0,2.6678
matte,1.0,2.714
matts,0.0,2.7445
matty,0.0,2.7654
matza,0.0,2.8824
matzo,1.0,2.7872
mauby,0.0,2.7484
mauds,0.0,2.7273
mauka,0.0,2.8366
maula,0.0,2.7486
mauls,0.0,2.6647
maums,0.0,2.8272
maumy,0.0,2.8405
maund,0.0,2.697
maunt,0.0,2.6407
mauri,0.0,2.7066
mausy,0.0,2.6694
mauts,0.0,2.6485
mauve,1.0,2.7627
mauvy,0.0,2.7963
mauzy,0.0,2.8363
maven,1.0,2.7305
mavie,0.0,2.7174
mavin,0.0,2.7281
mavis,0.0,2.7557
mawed,0.0,2.7271
mawks,0.0,2.8214
mawky,0.0,2.8401
mawla,0.0,2.8289
mawns,0.0,2.747
mawps,0.0,2.7876
mawrs,0.0,2.7298
maxed,0.003896,2.7873
maxes,0.0,2.79
maxim,1.0,2.9735
maxis,0.0,2.8078
mayan,0.0,2.7674
mayas,0.0,2.7915
maybe,1.0,2.7246
mayed,0.0,2.6957
mayor,1.0,2.664
mayos,0.0,2.7005
mayst,0.0,2.6481
mazac,0.0,2.9143
mazak,0.0,2.9535
mazar,0.0,2.8433
mazas,0.0,2.8992
mazed,0.0,2.7878
mazel,0.0,2.7469
mazer,0.0,2.7373
mazes,0.0,2.7828
mazet,0.0,2.7401
mazey,0.0,2.8094
mazut,0.0,2.7897
mbari,0.0,2.7388
mbars,0.0,2.7157
mbila,0.0,2.7221
mbira,0.0,2.7219
mbret,0.0,2.6661
mbube,0.0,2.8983
mbuga,0.0,2.8046
meads,0.0,2.6814
meake,0.0,2.7608
meaks,0.0,2.7145
meals,0.0,2.6206
mealy,0.98993,2.6522
meane,0.0,2.6731
means,0.0,2.6399
meant,1.0,2.5957
meany,0.0,2.6437
meare,0.0,2.6398
mease,0.0,2.6734
meath,0.0,2.6382
meats,0.0,2.6207
meaty,1.0,2.6615
mebbe,0.0,2.9229
mebos,0.0,2.7307
mecca,1.0,2.831
mecha,0.0,2.7265
mechs,0.0,2.763
mecks,0.0,2.7938
mecum,0.0,2.8761
medal,1.0,2.6436
media,1.0,2.6737
medic,1.0,2.6981
medii,0.0,2.8392
medin,0.0,2.6794
medle,0.0,2.7045
meech,0.0,2.7875
meeds,0.0,2.7863
meeja,0.0,2.9075
meeps,0.0,2.7831
meers,0.0,2.7171
meets,0.0,2.7393
meffs,0.0,2.9452
meids,0.0,2.7007
meiko,0.0,2.7421
meils,0.0,2.6477
meins,0.0,2.6548
meint,0.0,2.613
meiny,0.0,2.6529
meism,0.0,2.7884
meith,0.0,2.6553
mekka,0.0,2.9247
melam,0.0,2.7815
melas,0.0,2.6436
melba,0.0,2.7112
melch,0.0,2.7232
melds,0.0,2.689
melee,1.0,2.8421
meles,0.0,2.7221
melic,0.0,2.6945
melik,0.0,2.7294
mells,0.0,2.789
meloe,0.0,2.7095
melon,1.0,2.648
melos,0.0,2.6724
melts,0.0,2.6407
melty,0.95078,2.6787
memes,0.0,2.9056
memic,0.0,2.8585
memos,0.0,2.8531
menad,0.0,2.6656
mence,0.0,2.723
mends,0.0,2.684
mened,0.0,2.725
menes,0.0,2.734
menge,0.0,2.7472
mengs,0.0,2.7396
menil,0.0,2.641
mensa,0.0,2.6477
mense,0.0,2.7052
mensh,0.0,2.6863
menta,0.0,2.6428
mento,0.0,2.654
ments,0.0,2.6709
menus,0.0,2.7048
meous,0.0,2.6847
meows,0.0,2.7435
merch,0.996541,2.6609
mercs,0.0,2.6674
mercy,1.0,2.6771
merde,0.0,2.6886
merds,0.0,2.6855
mered,0.0,2.685
merel,0.0,2.6778
merer,0.0,2.7804
meres,0.0,2.6893
merge,1.0,2.7266
meril,0.0,2.635
meris,0.0,2.6445
merit,1.0,2.6062
merks,0.0,2.7244
merle,0.0,2.6683
merls,0.0,2.6592
merry,1.0,2.7784
merse,0.0,2.656
mersk,0.0,2.6969
mesad,0.0,2.6767
mesal,0.0,2.6353
mesas,0.0,2.8002
mesca,0.0,2.6727
mesel,0.0,2.7055
mesem,0.0,2.873
meses,0.0,2.857
meshy,0.040901,2.7408
mesia,0.0,2.6684
mesic,0.0,2.7106
mesne,0.0,2.7137
meson,0.0,2.6584
messy,1.0,2.825
mesto,0.0,2.6551
mesyl,0.0,2.7155
metal,1.0,2.615
metas,0.0,2.6371
meted,0.003896,2.718
meteg,0.0,2.7559
metel,0.0,2.6885
meter,1.0,2.6927
metes,0.0,2.7117
methi,0.0,2.7149
metho,0.0,2.6981
meths,0.0,2.7099
methy,0.0,2.7148
metic,0.0,2.6909
metif,0.0,2.7255
metis,0.0,2.6513
metol,0.0,2.6408
metre,0.628064,2.6759
metro,1.0,2.6289
metta,0.0,2.7481
meums,0.0,2.8481
meuse,0.0,2.7068
meved,0.0,2.8192
meves,0.0,2.8273
mewed,0.003896,2.8121
mewls,0.0,2.7325
meynt,0.0,2.6729
mezes,0.0,2.8804
mezza,0.0,2.9972
mezze,0.0,3.037
mezzo,1.0,2.9893
mgals,0.0,2.7163
mhorr,0.0,2.7595
miais,0.0,2.7839
miaou,0.0,2.75
miaow,0.0,2.7826
miasm,0.0,2.7837
miaul,0.0,2.6814
micas,0.0,2.6962
miche,0.0,2.705
michi,0.0,2.8909
micht,0.0,2.7056
micks,0.0,2.7757
micky,0.0,2.8025
micos,0.0,2.7059
micra,0.0,2.669
micro,1.0,2.6553
middy,0.0,2.8846
midge,0.904462,2.6786
midgy,0.0,2.7726
midis,0.0,2.8527
midst,1.0,2.6399
miens,0.0,2.6578
mieux,0.0,2.8416
mieve,0.0,2.8074
miffs,0.0,2.9274
miffy,0.0,2.9407
mifty,0.0,2.7633
miggs,0.0,2.8859
might,1.0,2.7169
migma,0.0,2.8684
migod,0.0,2.7265
mihas,0.0,2.7281
mihis,0.0,2.8534
mikan,0.0,2.7331
miked,0.003896,2.7274
mikes,0.0,2.7347
mikos,0.0,2.76
mikra,0.0,2.7368
mikva,0.0,2.8622
milch,0.0,2.7049
milds,0.0,2.7327
miler,0.975283,2.6237
miles,0.0,2.6382
milfs,0.0,2.7567
milia,0.0,2.7909
milko,0.0,2.7493
milks,0.0,2.7064
milky,1.0,2.7485
mille,0.0,2.7272
mills,0.0,2.7605
milly,0.0,2.7891
milor,0.0,2.6437
milos,0.0,2.6701
milpa,0.0,2.6975
milts,0.0,2.6585
milty,0.0,2.6763
miltz,0.0,2.8012
mimed,0.003896,2.8017
mimeo,0.0,2.8165
mimer,0.0,2.7677
mimes,0.0,2.8131
mimic,1.0,2.9625
mimis,0.0,2.9544
mimsy,0.0,2.8275
minae,0.0,2.631
minar,0.0,2.6361
minas,0.0,2.6756
mince,1.0,2.6311
mincy,0.0,2.7095
mindi,0.0,2.8625
minds,0.0,2.6746
mined,0.003896,2.6539
miner,1.0,2.6132
mines,0.0,2.6543
minge,0.0,2.6784
mingi,0.0,2.8585
mings,0.0,2.7247
mingy,0.0,2.725
minim,0.047658,2.9586
minis,0.0,2.7833
minke,0.0,2.714
minks,0.0,2.7144
minny,0.0,2.8151
minor,1.0,2.6301
minos,0.0,2.6701
minse,0.0,2.6238
mints,0.0,2.6418
minty,1.0,2.6862
minus,1.0,2.6912
minxy,0.0,2.8421
miraa,0.0,2.743
mirah,0.0,2.6683
mirch,0.0,2.6835
mired,0.003896,2.6068
mires,0.0,2.6211
mirex,0.0,2.7456
mirid,0.0,2.7954
mirin,0.984882,2.7696
mirkn,0.0,2.7146
mirks,0.0,2.7323
mirky,0.0,2.7563
mirls,0.0,2.6735
mirly,0.0,2.6818
miros,0.0,2.6539
mirrl,0.0,2.7473
mirrs,0.0,2.76
mirth,1.0,2.6578
mirvs,0.0,2.7552
mirza,0.0,2.7951
misal,0.0,2.6592
misch,0.0,2.7067
misdo,0.0,2.7385
miser,0.97052,2.6332
mises,0.0,2.7768
misgo,0.0,2.7355
misky,0.0,2.7788
misls,0.0,2.7927
misos,0.0,2.7993
missa,0.0,2.7997
missy,0.792985,2.8241
misto,0.0,2.6649
mists,0.0,2.7972
misty,1.0,2.6881
mitas,0.0,2.6569
mitch,0.0,2.7017
miter,0.972769,2.6167
mites,0.0,2.644
mitey,0.0,2.6762
mitie,0.0,2.7453
mitis,0.0,2.7857
mitre,0.0,2.5944
mitry,0.0,2.6666
mitta,0.0,2.762
mitts,0.0,2.773
mivey,0.0,2.7902
mivvy,0.0,2.9726
mixed,0.003896,2.7938
mixen,0.0,2.7758
mixer,1.0,2.7581
mixes,0.0,2.8056
mixie,0.0,2.9072
mixis,0.0,2.9513
mixte,0.0,2.7605
mixup,0.93971,2.8637
miyas,0.0,2.7265
mizen,0.0,2.7878
mizes,0.0,2.8067
mizzy,0.0,3.0215
mmkay,0.0,2.9237
mneme,0.0,2.8866
moais,0.0,2.6821
moaky,0.0,2.7439
moals,0.0,2.6457
moana,0.0,2.7406
moans,0.0,2.6358
moany,0.0,2.6592
moars,0.0,2.6319
moats,0.0,2.6271
mobby,0.0,2.8974
mobed,0.0,2.7054
mobee,0.0,2.7474
mobes,0.0,2.7115
mobey,0.0,2.7385
mobie,0.0,2.6793
moble,0.0,2.6654
mobos,0.0,2.828
mocap,0.0,2.6992
mocha,1.0,2.731
mochi,0.984601,2.7473
mochs,0.0,2.7338
mochy,0.0,2.7466
mocks,0.0,2.7439
mocky,0.0,2.7906
mocos,0.0,2.7948
mocus,0.0,2.7074
modal,1.0,2.6568
model,1.0,2.6304
modem,1.0,2.8091
moder,0.0,2.64
modes,0.0,2.666
modge,0.0,2.7025
modii,0.0,2.8475
modin,0.0,2.6788
modoc,0.0,2.8359
modom,0.0,2.9529
modus,1.0,2.7083
moeni,0.0,2.6745
moers,0.0,2.6469
mofos,0.0,2.8606
mogar,0.0,2.648
mogas,0.0,2.7106
moggy,0.0,2.882
mogos,0.0,2.8217
mogra,0.0,2.6772
mogue,0.0,2.6888
mogul,1.0,2.7069
mohar,0.0,2.6626
mohel,0.0,2.6924
mohos,0.0,2.8152
mohrs,0.0,2.696
mohua,0.0,2.7545
mohur,0.0,2.6891
moile,0.0,2.6134
moils,0.0,2.6578
moira,0.0,2.6355
moire,0.0,2.6121
moist,1.0,2.6024
moits,0.0,2.6432
moity,0.0,2.6711
mojos,0.0,2.9367
moker,0.0,2.711
mokes,0.0,2.7576
mokey,0.0,2.7854
mokis,0.0,2.7542
mokky,0.0,2.9388
mokos,0.0,2.8618
mokus,0.0,2.7761
molal,0.0,2.7548
molar,1.0,2.6206
molas,0.0,2.6605
molds,0.0,2.6698
moldy,1.0,2.7001
moled,0.0,2.6488
moler,0.0,2.6277
moles,0.0,2.6387
moley,0.0,2.6794
molie,0.0,2.6222
molla,0.0,2.7688
molle,0.0,2.7349
mollo,0.0,2.8666
molls,0.0,2.7802
molly,0.922373,2.7854
moloi,0.0,2.7904
molos,0.0,2.7682
molto,0.0,2.7486
molts,0.0,2.6341
molue,0.0,2.6438
molvi,0.0,2.7812
molys,0.0,2.7227
momes,0.0,2.8125
momie,0.0,2.7793
momma,0.980082,3.0069
momme,0.0,2.9583
mommy,1.0,3.006
momos,0.0,2.926
mompe,0.0,2.8278
momus,0.0,2.837
monad,0.0,2.678
monal,0.0,2.6463
monas,0.0,2.6669
monde,0.0,2.6608
mondo,0.0,2.7982
moner,0.0,2.6307
money,1.0,2.6707
mongo,0.0,2.7944
mongs,0.0,2.717
monic,0.0,2.6849
monie,0.0,2.6204
monks,0.0,2.7095
monos,0.0,2.7652
monpe,0.0,2.6713
monte,0.0,2.6255
month,1.0,2.6699
monty,0.0,2.6716
moobs,0.0,2.8336
mooch,0.944585,2.8205
moods,0.0,2.7845
moody,1.0,2.8254
mooed,0.003896,2.7663
mooey,0.0,2.7988
mooks,0.0,2.8457
moola,0.0,2.755
mooli,0.0,2.7815
mools,0.0,2.7636
mooly,0.0,2.7646
moong,0.0,2.7958
mooni,0.0,2.7764
moons,0.0,2.7481
moony,0.977728,2.7873
moops,0.0,2.7985
moors,0.0,2.754
moory,0.0,2.7567
moose,1.0,2.7534
mooth,0.0,2.7563
moots,0.0,2.7656
moove,0.0,2.8379
moped,1.0,2.6635
moper,0.736992,2.629
mopes,0.0,2.6692
mopey,0.995438,2.6899
moppy,0.0,2.8624
mopsy,0.0,2.6912
mopus,0.0,2.7178
morae,0.0,2.6041
morah,0.0,2.646
moral,1.0,2.624
moran,0.0,2.6264
moras,0.0,2.6373
morat,0.0,2.5979
moray,0.946067,2.6702
moree,0.0,2.6621
morel,0.980266,2.6124
mores,0.0,2.6256
morgy,0.0,2.6981
moria,0.0,2.6434
morin,0.0,2.6312
mormo,0.0,2.8785
morna,0.0,2.637
morne,0.0,2.6096
morns,0.0,2.6315
moron,1.0,2.7439
moror,0.0,2.8143
morph,1.0,2.6702
morra,0.0,2.726
morro,0.0,2.8272
morse,0.0,2.6016
morts,0.0,2.6328
moruk,0.0,2.7214
mosed,0.0,2.6782
moses,0.0,2.7845
mosey,0.964843,2.6913
mosks,0.0,2.8733
mosso,0.0,2.8879
mossy,1.0,2.8268
moste,0.0,2.6274
mosto,0.0,2.747
mosts,0.0,2.7781
moted,0.0,2.6539
motel,1.0,2.6086
moten,0.0,2.6359
motes,0.0,2.6401
motet,0.0,2.7262
motey,0.0,2.6812
moths,0.0,2.6893
mothy,0.0,2.7141
motif,1.0,2.7032
motis,0.0,2.6526
moton,0.0,2.7355
motor,1.0,2.7264
motte,0.0,2.7252
motto,1.0,2.8806
motts,0.0,2.7586
motty,0.0,2.7811
motus,0.0,2.6679
motza,0.0,2.8066
mouch,0.0,2.6982
moues,0.0,2.6867
moufs,0.0,2.7613
mould,0.911774,2.6751
moule,0.0,2.6352
mouls,0.0,2.677
moult,0.019839,2.6385
mouly,0.0,2.6808
mound,1.0,2.6949
mount,1.0,2.6459
moups,0.0,2.7099
mourn,1.0,2.6554
mouse,1.0,2.6671
moust,0.0,2.6227
mousy,0.996424,2.709
mouth,1.0,2.7111
moved,0.003896,2.7462
mover,1.0,2.7173
moves,0.0,2.7444
movie,1.0,2.7359
mowas,0.0,2.7613
mowed,0.003896,2.726
mower,1.0,2.7011
mowie,0.0,2.7338
mowra,0.0,2.7262
moxas,0.0,2.818
moxie,1.0,2.7944
moyas,0.0,2.7071
moyle,0.0,2.6656
moyls,0.0,2.7001
mozed,0.0,2.8103
mozes,0.0,2.8144
mozos,0.0,2.9231
mpret,0.0,2.636
mrads,0.0,2.6972
msasa,0.0,2.8914
mtepe,0.0,2.7483
mucho,0.0,2.754
mucic,0.0,2.8629
mucid,0.0,2.7328
mucin,0.0,2.6922
mucko,0.0,2.7898
mucks,0.0,2.7673
mucky,0.980804,2.8003
mucor,0.0,2.6575
mucro,0.0,2.682
mucus,1.0,2.859
mudar,0.0,2.68
muddy,1.0,2.8855
mudge,0.0,2.7289
mudif,0.0,2.7994
mudim,0.0,2.8662
mudir,0.0,2.6866
mudra,0.0,2.7153
muffs,0.0,2.9193
muffy,0.0,2.9613
mufti,0.0,2.7755
mugga,0.0,2.8894
muggs,0.0,2.8976
muggy,1.0,2.8958
mugho,0.0,2.7853
mugil,0.0,2.7016
mugos,0.0,2.7306
muhly,0.0,2.7596
muids,0.0,2.729
muils,0.0,2.6681
muirs,0.0,2.6683
muiry,0.0,2.686
muist,0.0,2.6168
mujik,0.0,2.9108
mukim,0.0,2.9189
mukti,0.0,2.7865
mulai,0.0,2.724
mulch,1.0,2.729
mulct,0.0,2.6768
muled,0.0,2.6731
mules,0.0,2.6652
muley,0.0,2.701
mulga,0.0,2.7201
mulie,0.0,2.6415
mulla,0.0,2.7981
mulls,0.0,2.8097
mulse,0.0,2.6403
mulsh,0.0,2.6891
mumbo,0.0,2.9114
mumms,0.0,3.0249
mummy,1.0,3.0424
mumph,0.0,2.9058
mumps,0.0,2.8583
mumsy,0.0,2.8525
mumus,0.0,3.0019
munch,1.0,2.7233
munds,0.0,2.7593
mundu,0.0,2.9111
munga,0.0,2.7242
munge,0.0,2.7016
mungi,0.0,2.7493
mungo,0.0,2.719
mungs,0.0,2.7411
mungy,0.0,2.7484
munia,0.0,2.696
munis,0.0,2.6835
munja,0.0,2.8523
munjs,0.0,2.859
munts,0.0,2.6805
muntu,0.0,2.8467
muons,0.0,2.6688
mural,1.0,2.6667
muras,0.0,2.6619
mured,0.0,2.651
mures,0.0,2.648
murex,0.0,2.7806
murgh,0.0,2.7336
murgi,0.0,2.7341
murid,0.0,2.6897
murks,0.0,2.7521
murky,1.0,2.7592
murls,0.0,2.6931
murly,0.0,2.7045
murra,0.0,2.7678
murre,0.0,2.728
murri,0.0,2.7934
murrs,0.0,2.7808
murry,0.0,2.7883
murth,0.0,2.6715
murti,0.0,2.6778
muruk,0.0,2.8901
murva,0.0,2.7699
musar,0.0,2.6455
musca,0.0,2.6996
mused,0.003896,2.6896
musee,0.0,2.7151
muser,0.0,2.6535
muses,0.0,2.8328
muset,0.0,2.6388
musha,0.0,2.7409
mushy,1.0,2.7754
music,1.0,2.7169
musit,0.0,2.6409
musks,0.0,2.9003
musky,1.0,2.7929
musos,0.0,2.8146
musse,0.0,2.7773
mussy,0.0,2.8286
musta,0.0,2.6742
musth,0.0,2.6826
musts,0.0,2.8397
musty,1.0,2.7068
mutas,0.0,2.6659
mutch,0.0,2.7111
muted,0.003896,2.6701
muter,0.0,2.6367
mutes,0.0,2.6695
mutha,0.0,2.7194
mutic,0.0,2.7098
mutis,0.0,2.6666
muton,0.0,2.6669
mutti,0.0,2.8071
mutts,0.0,2.8187
mutum,0.0,2.9774
muvva,0.0,2.9801
muxed,0.0,2.8335
muxes,0.0,2.8272
muzak,0.0,2.8977
muzzy,0.0,3.0422
mvula,0.0,2.794
mvule,0.0,2.7563
mvuli,0.0,2.8224
myall,0.0,2.7709
myals,0.0,2.6818
mylar,0.0,2.6741
mynah,0.0,2.7373
mynas,0.0,2.7191
myoid,0.0,2.7328
myoma,0.0,2.8603
myons,0.0,2.6989
myope,0.0,2.7182
myops,0.0,2.7348
myopy,0.0,2.8854
myrrh,0.957478,2.836
mysid,0.0,2.7707
mysie,0.0,2.7048
mythi,0.0,2.782
myths,0.0,2.7748
mythy,0.0,2.9185
myxos,0.0,2.875
mzees,0.0,2.8989
naams,0.0,2.7664
naans,0.0,2.838
naats,0.0,2.701
nabam,0.0,2.815
nabby,0.0,2.8704
nabes,0.0,2.672
nabis,0.0,2.688
nabks,0.0,2.7591
nabla,0.0,2.7689
nabob,0.835053,2.8404
nache,0.0,2.6643
nacho,0.968018,2.7043
nacre,0.0,2.5902
nadas,0.0,2.7765
nadir,1.0,2.6187
naeve,0.0,2.7519
naevi,0.0,2.7545
naffs,0.0,2.8888
nagar,0.0,2.7177
nagas,0.0,2.7636
nages,0.0,2.6666
naggy,0.638004,2.8495
nagor,0.0,2.6383
nahal,0.0,2.7627
naiad,0.0,2.727
naibs,0.0,2.69
naice,0.0,2.6009
naids,0.0,2.6714
naieo,0.0,2.6351
naifs,0.0,2.7004
naiks,0.0,2.6855
nails,0.0,2.6152
naily,0.0,2.6379
nains,0.0,2.7413
naios,0.0,2.6553
naira,0.0,2.6995
nairu,0.0,2.6813
naive,1.0,2.6965
najib,0.0,2.8535
nakas,0.0,2.8026
naked,1.0,2.6917
naker,0.0,2.6693
nakfa,0.0,2.8884
nalas,0.0,2.7194
naled,0.0,2.6174
nalla,0.0,2.8356
namad,0.0,2.7884
namak,0.0,2.8225
namaz,0.0,2.908
named,0.003896,2.6495
namer,0.0,2.6304
names,0.0,2.6504
namma,0.0,2.9208
namus,0.0,2.713
nanas,0.0,2.8493
nance,0.0,2.7276
nancy,0.0,2.7881
nandu,0.0,2.8636
nanna,0.0,3.0017
nanny,1.0,2.947
nanos,0.0,2.764
nante,0.0,2.7083
nanti,0.0,2.7668
nanto,0.0,2.7551
nants,0.0,2.7456
nanty,0.0,2.7635
nanua,0.0,2.8884
napas,0.0,2.7546
naped,0.0,2.6594
napes,0.0,2.6525
napoh,0.0,2.6939
napoo,0.0,2.7838
nappa,0.0,2.918
nappe,0.0,2.7714
nappy,0.944585,2.8183
naras,0.0,2.7088
narco,0.0,2.625
narcs,0.0,2.6074
nards,0.0,2.6831
nares,0.0,2.6018
naric,0.0,2.6382
naris,0.0,2.6268
narks,0.0,2.6914
narky,0.0,2.7141
narod,0.0,2.635
narra,0.0,2.8093
narre,0.0,2.6636
nasal,1.0,2.7275
nashi,0.0,2.7159
nasho,0.0,2.697
nasis,0.0,2.758
nason,0.0,2.7549
nasty,1.0,2.6514
nasus,0.0,2.7988
natak,0.0,2.7647
natal,0.97052,2.7205
natch,0.0,2.6571
nates,0.0,2.6097
natis,0.0,2.6143
natto,0.0,2.7292
natty,1.0,2.7625
natya,0.0,2.7742
nauch,0.0,2.6816
naunt,0.0,2.7386
naval,1.0,2.837
navar,0.0,2.7705
naved,0.0,2.7091
navel,1.0,2.6958
naves,0.0,2.7202
navew,0.0,2.7852
navvy,0.0,2.9161
nawab,0.0,2.8723
nawal,0.0,2.789
nazar,0.0,2.8348
nazes,0.0,2.7677
nazir,0.0,2.7472
nazis,0.0,2.783
nazzy,0.0,2.978
nduja,0.0,2.91
neafe,0.0,2.7404
neals,0.0,2.6174
neant,0.0,2.6981
neaps,0.0,2.6576
nears,0.0,2.6152
neath,0.0,2.6242
neato,0.0,2.6281
neats,0.0,2.6086
nebby,0.0,2.9047
nebek,0.0,2.8186
nebel,0.0,2.7319
neche,0.0,2.7618
necks,0.0,2.7327
neddy,0.0,2.8709
neebs,0.0,2.8011
needs,0.0,2.7626
needy,1.0,2.7963
neefs,0.0,2.8163
neeld,0.0,2.7222
neele,0.0,2.813
neemb,0.0,2.8374
neems,0.0,2.7856
neeps,0.0,2.7604
neese,0.0,2.8142
neeze,0.0,2.9685
nefie,0.0,2.7522
negri,0.0,2.6853
negro,0.0,2.6697
negus,0.0,2.7307
neifs,0.0,2.7085
neigh,0.870413,2.71
neist,0.0,2.5834
neive,0.0,2.7504
nelia,0.0,2.6416
nelis,0.0,2.6413
nelly,0.0,2.7842
nemas,0.0,2.6772
nemic,0.0,2.7226
nemns,0.0,2.8449
nempt,0.0,2.726
nenes,0.0,2.832
nenta,0.0,2.753
neons,0.0,2.7801
neosa,0.0,2.6396
neoza,0.0,2.7915
neper,0.0,2.7035
nepit,0.0,2.6405
neral,0.0,2.6068
neram,0.0,2.6445
nerds,0.0,2.6577
nerdy,1.0,2.6747
nerfs,0.0,2.7215
nerka,0.0,2.6802
nerks,0.0,2.7103
nerol,0.0,2.6288
nerts,0.0,2.6291
nertz,0.0,2.7628
nerve,1.0,2.7682
nervy,1.0,2.7546
neski,0.0,2.7354
nests,0.0,2.7777
nesty,0.0,2.6592
netas,0.0,2.6222
netes,0.0,2.6845
netop,0.0,2.6717
netta,0.0,2.7248
netts,0.0,2.7535
netty,0.0,2.765
neuks,0.0,2.7411
neume,0.0,2.7511
neums,0.0,2.7119
nevel,0.0,2.7631
never,1.0,2.7763
neves,0.0,2.7964
nevis,0.0,2.7408
nevus,0.0,2.7866
nevvy,0.0,2.9544
newbs,0.0,2.8335
newed,0.0,2.7815
newel,0.0,2.7686
newer,1.0,2.7667
newie,0.0,2.767
newly,1.0,2.7519
newsy,0.988794,2.7575
newts,0.0,2.7149
nexal,0.0,2.7543
nexin,0.0,2.9045
nexts,0.0,2.782
nexum,0.0,2.8771
nexus,1.0,2.8441
ngaio,0.0,2.7302
ngaka,0.0,2.8655
ngana,0.0,2.9147
ngapi,0.0,2.7691
ngati,0.0,2.7061
ngege,0.0,2.9017
ngoma,0.0,2.7535
ngoni,0.0,2.847
ngram,0.0,2.7362
ngwee,0.0,2.8274
nibby,0.0,2.8928
nicad,0.0,2.683
niced,0.0,2.6658
nicer,1.0,2.6183
nicey,0.0,2.6991
niche,1.0,2.6723
nicht,0.0,2.684
nicks,0.0,2.7174
nicky,0.0,2.773
nicol,0.0,2.6491
nidal,0.0,2.6596
nided,0.0,2.7668
nides,0.0,2.6549
nidor,0.0,2.6417
nidus,0.0,2.7283
niece,1.0,2.703
niefs,0.0,2.7144
niess,0.0,2.7554
nieve,0.0,2.7708
nifes,0.0,2.7085
niffs,0.0,2.8982
niffy,0.0,2.9085
nifle,0.0,2.6768
nifty,1.0,2.7338
niger,0.0,2.6451
nigga,0.0,2.8521
nighs,0.0,2.7457
night,1.0,2.7023
nigre,0.0,2.6298
nigua,0.0,2.7444
nihil,0.0,2.8192
nikab,0.0,2.7833
nikah,0.0,2.7468
nikau,0.0,2.8085
nilas,0.0,2.6479
nills,0.0,2.772
nimbi,0.0,2.9194
nimbs,0.0,2.784
nimby,0.0,2.7901
nimps,0.0,2.7446
niner,0.0,2.7317
nines,0.0,2.7755
ninja,1.0,2.9561
ninny,0.958457,2.953
ninon,0.0,2.9162
ninta,0.0,2.762
ninth,1.0,2.7993
niopo,0.0,2.7773
nioza,0.0,2.7968
nipas,0.0,2.6846
nipet,0.0,2.622
nippy,0.977091,2.8317
niqab,0.0,2.8774
nirls,0.0,2.6724
nirly,0.0,2.6831
nisei,0.0,2.7762
nisin,0.0,2.8918
nisse,0.0,2.7314
nisus,0.0,2.8113
nital,0.0,2.6222
niter,0.0,2.5969
nites,0.0,2.6181
nitid,0.0,2.7877
niton,0.0,2.7411
nitre,0.0,2.5821
nitro,0.911774,2.6213
nitry,0.0,2.6503
nitta,0.0,2.7337
nitto,0.0,2.741
nitty,0.0,2.7601
nival,0.0,2.7097
nivas,0.0,2.7399
nivel,0.0,2.695
nixed,0.003896,2.7928
nixer,0.0,2.7452
nixes,0.0,2.7859
nixie,0.0,2.8807
nizam,0.0,2.8392
njirl,0.0,2.8054
nkosi,0.0,2.7599
nmoli,0.0,2.721
nmols,0.0,2.7127
noahs,0.0,2.6865
nobby,0.0,2.8797
noble,1.0,2.6228
nobly,1.0,2.6865
nocks,0.0,2.744
nodal,0.854802,2.634
noddy,0.0,2.8396
noded,0.0,2.7714
nodes,0.0,2.647
nodum,0.0,2.7314
nodus,0.0,2.7179
noels,0.0,2.6299
noema,0.0,2.6886
noeme,0.0,2.7363
nogal,0.0,2.6589
noggs,0.0,2.8452
noggy,0.0,2.8551
nohow,0.0,2.8751
noias,0.0,2.6453
noils,0.0,2.6372
noily,0.0,2.6487
noint,0.0,2.712
noire,0.0,2.5962
noirs,0.0,2.6249
noise,1.0,2.6385
noisy,1.0,2.6715
nokes,0.0,2.7336
noles,0.0,2.643
nolle,0.0,2.7211
nolls,0.0,2.765
nolos,0.0,2.7509
nomad,1.0,2.6804
nomas,0.0,2.6867
nomen,0.0,2.7959
nomes,0.0,2.6896
nomic,0.0,2.7086
nomoi,0.0,2.8087
nomos,0.0,2.7945
nonan,0.0,2.9093
nonas,0.0,2.7674
nonce,0.0,2.7486
noncy,0.0,2.7963
nonda,0.0,2.8214
nondo,0.0,2.9131
nones,0.0,2.7665
nonet,0.0,2.7166
nongs,0.0,2.8244
nonic,0.0,2.7898
nonis,0.0,2.7642
nonna,0.0,2.9264
nonno,0.0,3.0141
nonny,0.0,2.9335
nonyl,0.0,2.8027
noobs,0.0,2.8124
noois,0.0,2.744
nooit,0.0,2.6942
nooks,0.0,2.8059
nooky,0.0,2.8377
noone,0.0,2.8488
noons,0.0,2.8699
noops,0.0,2.781
noose,1.0,2.7256
noove,0.0,2.8199
nopal,0.0,2.6643
noria,0.0,2.6306
norie,0.0,2.6046
noris,0.0,2.6357
norks,0.0,2.7026
norma,0.0,2.6622
norms,0.0,2.6521
north,1.0,2.6379
nosed,0.003896,2.6415
noser,0.0,2.6204
noses,0.0,2.784
nosey,0.829263,2.6739
noshi,0.0,2.7168
nosir,0.0,2.616
notal,0.0,2.6257
notam,0.0,2.6679
notch,1.0,2.6681
noted,0.003896,2.6268
noter,0.0,2.6044
notes,0.0,2.6149
notum,0.0,2.6844
nougs,0.0,2.6982
nouja,0.0,2.8415
nould,0.0,2.6766
noule,0.0,2.6191
nouls,0.0,2.6649
nouns,0.0,2.7959
nouny,0.0,2.8002
noups,0.0,2.6938
noust,0.0,2.6116
novae,0.0,2.6981
novas,0.0,2.7327
novel,1.0,2.7003
novia,0.0,2.7361
novio,0.0,2.8276
novum,0.0,2.7947
noway,0.0,2.7533
nowds,0.0,2.7835
nowed,0.0,2.7173
nowls,0.0,2.7381
nowts,0.0,2.7211
nowty,0.0,2.74
noxal,0.0,2.7663
noxas,0.0,2.7922
noxes,0.0,2.7868
noyau,0.0,2.747
noyed,0.0,2.6991
noyes,0.0,2.6912
nrtta,0.0,2.7237
nrtya,0.0,2.6877
nsima,0.0,2.7208
nubby,0.0,2.9123
nubia,0.0,2.7418
nucha,0.0,2.7449
nucin,0.0,2.8009
nuddy,0.0,2.8855
nuder,0.0,2.6573
nudes,0.0,2.6695
nudge,1.0,2.7021
nudgy,0.0,2.7748
nudie,0.0,2.6664
nudzh,0.0,2.8994
nuevo,0.0,2.7713
nuffs,0.0,2.9283
nugae,0.0,2.6652
nujol,0.0,2.8055
nuked,0.003896,2.7368
nukes,0.0,2.7383
nulla,0.0,2.7926
nullo,0.0,2.7906
nulls,0.0,2.7868
nully,0.0,2.8048
numbs,0.0,2.7549
numen,0.0,2.8253
nummy,0.0,2.894
numps,0.0,2.7666
nunks,0.0,2.8829
nunky,0.0,2.9008
nunny,0.0,2.973
nunus,0.0,2.9651
nuque,0.0,2.9739
nurds,0.0,2.7328
nurdy,0.0,2.738
nurls,0.0,2.699
nurrs,0.0,2.7806
nurse,1.0,2.6296
nurts,0.0,2.6586
nurtz,0.0,2.7922
nused,0.0,2.6794
nuses,0.0,2.7948
nutso,0.918127,2.6518
nutsy,0.0,2.6631
nutty,1.0,2.82
nyaff,0.0,2.9153
nyala,0.0,2.7689
nyams,0.0,2.728
nying,0.0,2.8565
nylon,1.0,2.8153
nymph,1.0,2.787
nyong,0.0,2.8544
nyssa,0.0,2.8274
nyung,0.0,2.8902
nyuse,0.0,2.686
nyuze,0.0,2.8596
oafos,0.0,2.8424
oaked,0.0,2.7419
oaken,0.93971,2.7016
oaker,0.0,2.6905
oakum,0.0,2.8109
oared,0.003896,2.634
oarer,0.0,2.6918
oasal,0.0,2.7259
oases,0.0,2.7981
oasis,1.0,2.846
oasts,0.0,2.7679
oaten,0.0,2.6124
oater,0.0,2.606
oaths,0.0,2.6811
oaves,0.0,2.7391
obang,0.0,2.76
obbos,0.0,2.9937
obeah,0.0,2.7553
obeli,0.0,2.7517
obese,1.0,2.7769
obeys,0.0,2.7773
obias,0.0,2.7451
obied,0.0,2.7144
obiit,0.0,2.8217
obits,0.0,2.7041
objet,0.0,2.8342
oboes,0.0,2.8084
obole,0.0,2.7742
oboli,0.0,2.8362
obols,0.0,2.8204
occam,0.0,2.8712
occur,1.0,2.8233
ocean,1.0,2.6881
ocher,1.0,2.6843
oches,0.0,2.7509
ochre,0.988357,2.6661
ochry,0.0,2.7514
ocker,0.0,2.73
ocote,0.0,2.7502
ocrea,0.0,2.6394
octad,0.0,2.7125
octal,0.047658,2.6429
octan,0.0,2.6669
octas,0.0,2.6933
octet,0.992041,2.761
octic,0.0,2.838
octli,0.0,2.7107
octyl,0.0,2.7393
oculi,0.0,2.744
odahs,0.0,2.7816
odals,0.0,2.7123
odder,1.0,2.7954
oddly,1.0,2.8562
odeon,0.0,2.8069
odeum,0.0,2.7833
odism,0.0,2.7565
odist,0.0,2.6769
odium,0.0,2.7873
odoom,0.0,2.9952
odors,0.0,2.7866
odour,0.0,2.787
odums,0.0,2.7986
odyle,0.0,2.7258
odyls,0.0,2.7836
ofays,0.0,2.8128
offal,0.998608,2.8865
offed,0.003896,2.8854
offer,1.0,2.8647
offie,0.0,2.8985
oflag,0.0,2.7927
often,1.0,2.7027
ofter,0.0,2.686
ofuro,0.0,2.85
ogams,0.0,2.7654
ogeed,0.0,2.7953
ogees,0.0,2.8078
oggin,0.0,2.8517
ogham,0.0,2.8336
ogive,0.0,2.7832
ogled,0.003896,2.6783
ogler,0.685589,2.6742
ogles,0.0,2.6851
ogmic,0.0,2.8138
ogres,0.0,2.6771
ohelo,0.0,2.7854
ohias,0.0,2.7085
ohing,0.0,2.7287
ohmic,0.0,2.7635
ohone,0.0,2.752
oicks,0.0,2.7708
oidia,0.0,2.8364
oiled,0.003896,2.6366
oiler,0.883085,2.6408
oilet,0.0,2.6124
oinks,0.0,2.7095
oints,0.0,2.6422
oiran,0.0,2.6277
ojime,0.0,2.83
okapi,0.870413,2.7922
okays,0.0,2.7869
okehs,0.0,2.7908
okies,0.0,2.7443
oking,0.0,2.7927
okole,0.0,2.8083
okras,0.0,2.7315
okrug,0.0,2.7915
oktas,0.0,2.7487
olate,0.0,2.6004
olden,0.995244,2.6213
older,1.0,2.6271
oldie,0.989425,2.6268
oldly,0.0,2.8239
olehs,0.0,2.6923
oleic,0.0,2.6833
olein,0.0,2.6385
olent,0.0,2.621
oleos,0.0,2.7543
oleum,0.0,2.7049
oleyl,0.0,2.807
oligo,0.0,2.7845
olios,0.0,2.7518
oliva,0.0,2.7445
olive,1.0,2.7177
ollas,0.0,2.7644
ollav,0.0,2.8627
oller,0.0,2.7318
ollie,0.0,2.7355
ology,0.0,2.7982
olona,0.0,2.743
olpae,0.0,2.6435
olpes,0.0,2.6715
omasa,0.0,2.7831
omber,0.0,2.7121
ombre,0.990513,2.6833
ombus,0.0,2.8017
omdah,0.0,2.7739
omdas,0.0,2.7672
omdda,0.0,2.9095
omdeh,0.0,2.752
omees,0.0,2.7887
omega,0.977728,2.7617
omens,0.0,2.7136
omers,0.0,2.6979
omiai,0.0,2.8719
omits,0.0,2.6831
omlah,0.0,2.7274
ommel,0.0,2.8326
ommin,0.0,2.8479
omnes,0.0,2.7144
omovs,0.0,2.9174
omrah,0.0,2.6984
omuls,0.0,2.7267
oncer,0.0,2.6534
onces,0.0,2.6999
oncet,0.0,2.6523
oncus,0.0,2.7221
ondes,0.0,2.6951
ondol,0.0,2.7926
onely,0.0,2.6665
oners,0.0,2.6581
onery,0.0,2.6673
ongon,0.0,2.9244
onion,1.0,2.9075
onium,0.0,2.7284
onkus,0.0,2.7762
onlap,0.0,2.6944
onlay,0.0,2.6871
onmun,0.0,2.8438
onned,0.0,2.7876
onsen,0.0,2.7875
onset,1.0,2.6222
ontal,0.0,2.65
ontic,0.0,2.6782
ooaas,0.0,2.8469
oobit,0.0,2.7541
oohed,0.0,2.802
ooids,0.0,2.7973
oojah,0.0,2.9386
oomph,1.0,2.8468
oonts,0.0,2.7251
oopak,0.0,2.8496
ooped,0.0,2.7782
oopsy,0.0,2.7817
oorie,0.0,2.7004
ooses,0.0,2.8827
ootid,0.0,2.7481
ooyah,0.0,2.8201
oozed,0.003896,2.904
oozes,0.0,2.9112
oozie,0.0,2.8754
oozle,0.0,2.8569
opahs,0.0,2.7491
opals,0.0,2.6625
opens,0.0,2.6904
opepe,0.0,2.8916
opera,1.0,2.6961
opery,0.0,2.6938
opgaf,0.0,2.8395
opihi,0.0,2.8944
opine,1.0,2.6473
oping,0.0,2.7353
opium,1.0,2.7725
oppos,0.0,2.9631
opsat,0.0,2.6676
opsin,0.0,2.6842
opsit,0.0,2.6627
opted,0.003896,2.6675
opter,0.0,2.637
optic,1.0,2.6847
opzit,0.0,2.8121
orach,0.0,2.6493
oracy,0.0,2.651
orals,0.0,2.6344
orang,0.0,2.6563
orans,0.0,2.6323
orant,0.0,2.5891
orate,0.877061,2.5876
orbat,0.0,2.6317
orbed,0.003896,2.6501
orbic,0.0,2.7121
orbit,1.0,2.64
orcas,0.0,2.6502
orcin,0.0,2.6356
order,1.0,2.7346
ordie,0.0,2.6205
ordos,0.0,2.7865
oread,0.0,2.6326
orfes,0.0,2.6969
orful,0.0,2.7269
organ,1.0,2.651
orgia,0.0,2.6716
orgic,0.0,2.711
orgue,0.0,2.6615
oribi,0.0,2.8335
oriel,0.0,2.6141
origo,0.0,2.7629
orixa,0.0,2.7796
orles,0.0,2.6353
orlon,0.0,2.7413
orlop,0.0,2.7577
ormer,0.0,2.7456
ornee,0.0,2.6555
ornis,0.0,2.6412
orped,0.0,2.6422
orpin,0.0,2.6525
orris,0.0,2.7437
ortet,0.0,2.6725
ortho,0.0,2.7645
orval,0.0,2.6965
orzos,0.0,2.8925
osars,0.0,2.7854
oscar,0.0,2.6705
osetr,0.0,2.6468
oseys,0.0,2.8692
oshac,0.0,2.7697
osier,0.0,2.6528
oskin,0.0,2.7606
oslin,0.0,2.6799
osmic,0.0,2.7821
osmol,0.0,2.8267
osone,0.0,2.7431
ossia,0.0,2.8352
ostia,0.0,2.6837
otaku,0.0,2.7916
otary,0.0,2.6483
other,1.0,2.678
othyl,0.0,2.7702
otium,0.0,2.7359
ottar,0.0,2.7113
otter,1.0,2.7576
ottos,0.0,2.8788
oubit,0.0,2.7009
ouche,0.0,2.7075
oucht,0.0,2.7055
oueds,0.0,2.7276
ouens,0.0,2.6554
ought,1.0,2.7574
ouija,0.721877,2.9134
oulks,0.0,2.7488
oumas,0.0,2.7347
ounce,1.0,2.658
oundy,0.0,2.7342
oupas,0.0,2.7305
ouped,0.0,2.7109
ouphe,0.0,2.7209
ouphs,0.0,2.7549
ourey,0.0,2.6828
ourie,0.0,2.6793
ousel,0.0,2.6656
ousia,0.0,2.6982
ousts,0.0,2.822
outby,0.0,2.7436
outdo,1.0,2.8049
outed,0.003896,2.6643
outen,0.0,2.6472
outer,1.0,2.6506
outgo,0.76271,2.847
outie,0.0,2.6825
outre,1.0,2.6265
outro,0.0,2.7383
outta,0.0,2.7816
ouzel,0.0,2.801
ouzos,0.0,2.9356
ovals,0.0,2.7366
ovary,0.989007,2.7785
ovate,0.638004,2.7147
ovels,0.0,2.7617
ovens,0.0,2.7715
overs,0.0,2.7561
overt,1.0,2.7273
ovine,0.873821,2.7435
ovism,0.0,2.7996
ovist,0.0,2.7093
ovoid,0.98098,2.8837
ovoli,0.0,2.8788
ovolo,0.0,2.993
ovule,0.0,2.7363
oware,0.0,2.6636
owari,0.0,2.7611
owche,0.0,2.796
owers,0.0,2.7288
owies,0.0,2.7382
owing,1.0,2.7756
owled,0.0,2.7232
owler,0.0,2.6999
owlet,0.0,2.6858
owned,0.003896,2.7158
owner,1.0,2.6975
ownio,0.0,2.8409
owres,0.0,2.6992
owrie,0.0,2.6868
owsen,0.0,2.7278
oxbow,0.888573,3.0632
oxeas,0.0,2.8182
oxers,0.0,2.8073
oxeye,0.0,2.9456
oxide,1.0,2.8048
oxids,0.0,2.8739
oxies,0.0,2.8092
oxime,0.0,2.8224
oxims,0.0,2.8599
oxine,0.0,2.7648
oxlip,0.0,2.8234
oxman,0.0,2.84
oxmen,0.0,2.8287
oxter,0.0,2.7418
oyama,0.0,2.8414
oyers,0.0,2.6911
ozeki,0.0,2.9374
ozena,0.0,2.8153
ozone,1.0,2.89
ozzie,0.0,2.9801
paaho,0.0,2.7861
paals,0.0,2.7041
paans,0.0,2.7116
pacai,0.0,2.7792
pacas,0.0,2.7507
pacay,0.0,2.7635
paced,0.003896,2.631
pacer,0.926242,2.6062
paces,0.0,2.6342
pacey,0.0,2.6742
pacha,0.0,2.8001
packs,0.0,2.7081
packy,0.0,2.7425
pacos,0.0,2.67
pacta,0.0,2.7404
pacts,0.0,2.6312
padam,0.0,2.8042
padas,0.0,2.7803
paddo,0.0,2.8347
paddy,0.999261,2.8247
padis,0.0,2.6846
padle,0.0,2.6078
padma,0.0,2.8232
padou,0.0,2.7545
padre,0.908252,2.5828
padri,0.0,2.6867
paean,1.0,2.7394
paedo,0.0,2.6907
paeon,0.0,2.6347
pagan,1.0,2.7749
paged,0.003896,2.6602
pager,1.0,2.6318
pages,0.0,2.6601
pagle,0.0,2.6256
pagne,0.0,2.6413
pagod,0.0,2.7167
pagri,0.0,2.6965
pahit,0.0,2.6537
pahos,0.0,2.7009
pahus,0.0,2.7203
paiks,0.0,2.6979
pails,0.0,2.6148
pains,0.0,2.6409
paint,1.0,2.5838
paipe,0.0,2.7373
paips,0.0,2.7753
paire,0.0,2.5722
pairs,0.0,2.6166
paisa,0.0,2.7104
paise,0.0,2.5834
pakay,0.0,2.8204
pakka,0.0,2.9723
pakki,0.0,2.9038
pakua,0.0,2.847
pakul,0.0,2.7175
palak,0.0,2.7619
palar,0.0,2.6808
palas,0.0,2.709
palay,0.0,2.7254
palea,0.0,2.6976
paled,0.003896,2.6001
paler,0.996886,2.5904
pales,0.0,2.5937
palet,0.0,2.5785
palis,0.0,2.6263
palki,0.0,2.7164
palla,0.0,2.8296
palls,0.0,2.7493
pallu,0.0,2.7894
pally,0.0,2.7445
palms,0.0,2.6526
palmy,0.0,2.6691
palpi,0.0,2.799
palps,0.0,2.7702
palsa,0.0,2.7013
palsy,1.0,2.6306
palus,0.0,2.6592
pamby,0.0,2.7661
pampa,0.0,2.9311
panax,0.0,2.8607
pance,0.0,2.6083
panch,0.0,2.667
panda,1.0,2.7595
pands,0.0,2.7002
pandy,0.0,2.6972
paned,0.0,2.626
panel,1.0,2.5799
panes,0.0,2.6121
panga,0.0,2.7728
pangs,0.0,2.6676
panic,1.0,2.6484
panim,0.0,2.6721
panir,0.0,2.604
panko,0.993254,2.7012
panks,0.0,2.7063
panna,0.0,2.8554
panne,0.0,2.7126
panni,0.0,2.7794
panny,0.0,2.7665
pansy,0.961201,2.6392
panto,0.0,2.6409
pants,0.0,2.6207
panty,0.97456,2.6318
paoli,0.0,2.6798
paolo,0.0,2.7303
papad,0.0,2.9038
papal,1.0,2.8744
papas,0.0,2.8781
papaw,0.0,2.9662
paper,1.0,2.7652
papes,0.0,2.7638
papey,0.0,2.795
pappi,0.0,2.9923
pappy,0.0,2.9739
papri,0.0,2.7965
parae,0.0,2.6483
paras,0.0,2.6964
parch,0.809197,2.6331
parcs,0.0,2.625
pardi,0.0,2.6867
pards,0.0,2.6722
pardy,0.0,2.6746
pared,0.003896,2.5971
paren,0.0,2.5826
pareo,0.0,2.6022
parer,0.721877,2.7167
pares,0.0,2.5992
pareu,0.0,2.6514
parev,0.0,2.6759
parge,0.0,2.6091
pargo,0.0,2.6667
parid,0.0,2.6369
paris,0.0,2.624
parka,1.0,2.7893
parki,0.0,2.7074
parks,0.0,2.6691
parky,0.0,2.6983
parle,0.0,2.5662
parly,0.0,2.6323
parma,0.0,2.7399
parmo,0.0,2.6503
parms,0.0,2.6564
parol,0.0,2.6109
parps,0.0,2.7608
parra,0.0,2.7942
parrs,0.0,2.7071
parry,1.0,2.7357
parse,1.0,2.5639
parte,0.0,2.5537
parti,0.0,2.6254
parts,0.0,2.5912
party,1.0,2.6031
parve,0.0,2.6438
parvo,0.0,2.7084
pasag,0.0,2.7798
pasar,0.0,2.6853
pasch,0.0,2.6699
paseo,0.0,2.6483
pases,0.0,2.7414
pasha,0.0,2.7814
pashm,0.0,2.7218
paska,0.0,2.8011
pasmo,0.0,2.696
paspy,0.0,2.8001
passe,1.0,2.7325
passu,0.0,2.8017
pasta,1.0,2.7421
paste,1.0,2.5845
pasts,0.0,2.768
pasty,1.0,2.6462
patas,0.0,2.7044
patch,1.0,2.6469
pated,0.0,2.6219
patee,0.0,2.644
patel,0.0,2.5901
paten,0.0,2.6005
pater,0.0,2.5769
pates,0.0,2.6073
paths,0.0,2.6566
patia,0.0,2.7088
patin,0.0,2.6072
patio,1.0,2.659
patka,0.0,2.7865
patly,0.0,2.6346
patsy,0.988794,2.6354
patta,0.0,2.8221
patte,0.0,2.6796
pattu,0.0,2.7774
patty,1.0,2.7601
patus,0.0,2.6519
pauas,0.0,2.7459
pauls,0.0,2.643
pause,1.0,2.6304
pauxi,0.0,2.8744
pavan,0.0,2.8088
pavas,0.0,2.8297
paved,0.003896,2.7205
paven,0.0,2.6961
paver,0.922373,2.7036
paves,0.0,2.7204
pavid,0.0,2.7506
pavie,0.0,2.6961
pavin,0.0,2.7085
pavis,0.0,2.7371
pavon,0.0,2.7231
pavvy,0.0,2.9292
pawas,0.0,2.8211
pawaw,0.0,2.9934
pawed,0.003896,2.7015
pawer,0.0,2.6685
pawks,0.0,2.7996
pawky,0.0,2.816
pawls,0.0,2.7131
pawns,0.0,2.7088
paxes,0.0,2.7643
payed,0.0,2.6796
payee,0.895947,2.7401
payer,1.0,2.6358
payor,0.0,2.6454
paysd,0.0,2.699
peace,1.0,2.6926
peach,1.0,2.663
peage,0.0,2.7114
peags,0.0,2.6757
peake,0.0,2.733
peaks,0.0,2.7003
peaky,0.0,2.7149
peals,0.0,2.6012
peans,0.0,2.6225
peare,0.0,2.6226
pearl,1.0,2.5762
pears,0.0,2.6029
peart,0.0,2.5535
pease,0.0,2.6508
peasy,0.0,2.6235
peats,0.0,2.6059
peaty,0.947486,2.6394
peavy,0.0,2.7408
peaze,0.0,2.8013
pebas,0.0,2.705
pecan,1.0,2.6369
pechs,0.0,2.7362
pecia,0.0,2.6784
pecke,0.0,2.7762
pecks,0.0,2.7414
pecky,0.0,2.7858
pects,0.0,2.6804
pedal,1.0,2.6206
pedes,0.0,2.7287
pedis,0.0,2.685
pedon,0.0,2.682
pedos,0.0,2.7049
pedro,0.0,2.6502
peece,0.0,2.8212
peeks,0.0,2.8148
peeky,0.0,2.8423
peels,0.0,2.7141
peely,0.0,2.7342
peens,0.0,2.7173
peent,0.0,2.6815
peeoy,0.0,2.7785
peepe,0.0,2.9627
peeps,0.0,2.8984
peepy,0.0,2.9112
peers,0.0,2.7128
peery,0.0,2.724
peeve,0.995374,2.952
peevo,0.0,2.8324
peggy,0.0,2.904
peghs,0.0,2.7692
pegma,0.0,2.7427
pegos,0.0,2.7153
peine,0.0,2.6619
peins,0.0,2.6379
peise,0.0,2.656
peisy,0.0,2.6424
peize,0.0,2.8081
pekan,0.0,2.7069
pekau,0.0,2.7772
pekea,0.0,2.786
pekes,0.0,2.7936
pekid,0.0,2.7494
pekin,0.0,2.7191
pekoe,0.0,2.7898
pelas,0.0,2.6247
pelau,0.0,2.6715
pelch,0.0,2.7
peles,0.0,2.6858
pelfs,0.0,2.7385
pells,0.0,2.7654
pelma,0.0,2.6733
pelog,0.0,2.7037
pelon,0.0,2.6488
pelsh,0.0,2.6684
pelta,0.0,2.6245
pelts,0.0,2.6194
pelus,0.0,2.6766
penal,1.0,2.6123
pence,1.0,2.6871
pends,0.0,2.7053
pendu,0.0,2.7381
pened,0.0,2.7042
penes,0.0,2.7033
pengo,0.0,2.7046
penie,0.0,2.6707
penis,0.0,2.6416
penks,0.0,2.7447
penna,0.0,2.7723
penne,1.0,2.8328
penni,0.0,2.798
penny,1.0,2.7989
pense,0.0,2.6776
pensy,0.0,2.6576
pents,0.0,2.653
peola,0.0,2.6396
peons,0.0,2.6298
peony,0.98993,2.6507
pepla,0.0,2.7751
peple,0.0,2.8087
pepon,0.0,2.801
pepos,0.0,2.8153
peppy,1.0,3.0031
pepsi,0.0,2.8162
pequi,0.0,2.8963
perae,0.0,2.6303
perai,0.0,2.6396
perce,0.0,2.6489
perch,1.0,2.6436
percs,0.0,2.6493
perdu,0.0,2.6987
perdy,0.0,2.6827
perea,0.0,2.6492
peres,0.0,2.6639
perfs,0.0,2.7189
peril,1.0,2.6025
peris,0.0,2.6275
perks,0.0,2.6814
perky,1.0,2.7169
perle,0.0,2.6497
perls,0.0,2.642
perms,0.0,2.655
permy,0.0,2.6969
perne,0.0,2.6482
perns,0.0,2.6472
perog,0.0,2.6666
perps,0.0,2.7791
perry,0.0,2.7558
perse,0.0,2.6356
persp,0.0,2.7503
perst,0.0,2.5828
perts,0.0,2.6181
perve,0.0,2.7305
pervo,0.0,2.714
pervs,0.0,2.7226
pervy,0.0,2.7454
pesch,0.0,2.7041
pesky,1.0,2.7564
pesos,0.0,2.8047
pesta,0.0,2.632
pesto,1.0,2.6428
pests,0.0,2.7689
pesty,0.0,2.6666
petal,1.0,2.5924
petar,0.0,2.5825
peter,0.998799,2.6631
petit,1.0,2.7362
petos,0.0,2.6484
petre,0.0,2.6346
petri,1.0,2.615
petti,0.0,2.7615
petto,0.0,2.7556
petty,1.0,2.78
pewed,0.0,2.7865
pewee,0.0,2.903
pewit,0.0,2.7
peyse,0.0,2.7277
pfftt,0.0,3.0244
phage,0.859036,2.6762
phang,0.0,2.7245
phare,0.0,2.6069
pharm,0.0,2.678
phase,1.0,2.6278
phasm,0.0,2.6871
pheer,0.0,2.7009
pheme,0.0,2.7739
phene,0.0,2.7284
pheon,0.0,2.6698
phese,0.0,2.7101
phial,0.0,2.6608
phies,0.0,2.6582
phish,0.845544,2.8102
phizz,0.0,3.0031
phlox,0.0,2.8332
phobe,0.0,2.7288
phoca,0.0,2.6982
phone,1.0,2.6328
phono,0.0,2.7744
phons,0.0,2.673
phony,1.0,2.6774
phooh,0.0,2.9264
phooo,0.0,2.9331
phota,0.0,2.6763
photo,1.0,2.7813
phots,0.0,2.6598
photy,0.0,2.6789
phpht,0.0,2.9891
phubs,0.0,2.7755
phuts,0.0,2.6737
phutu,0.0,2.8542
phwat,0.0,2.7309
phyla,0.0,2.7182
phyle,0.0,2.716
phyma,0.0,2.7749
phynx,0.0,2.8825
physa,0.0,2.7069
piais,0.0,2.7678
piani,0.0,2.7698
piano,1.0,2.6547
pians,0.0,2.6356
pibal,0.0,2.6886
pical,0.0,2.6488
picas,0.0,2.6674
piccy,0.0,2.8333
picey,0.0,2.6951
pichi,0.0,2.8701
picks,0.0,2.7156
picky,1.0,2.7603
picon,0.0,2.6564
picot,0.0,2.6482
picra,0.0,2.6544
picul,0.0,2.6813
piece,1.0,2.7068
pieds,0.0,2.692
piend,0.0,2.6615
piers,0.0,2.6312
piert,0.0,2.5938
pieta,0.0,2.6396
piets,0.0,2.6341
piety,1.0,2.664
piezo,0.0,2.8087
piggy,1.0,2.8642
pight,0.0,2.7234
pigly,0.0,2.7049
pigmy,0.0,2.7598
piing,0.0,2.831
pikas,0.0,2.7394
pikau,0.0,2.8135
piked,0.003896,2.709
pikel,0.0,2.6876
piker,0.904462,2.6612
pikes,0.0,2.7132
pikey,0.0,2.7561
pikis,0.0,2.8606
pikul,0.0,2.7374
pilae,0.0,2.6103
pilaf,0.997912,2.6971
pilao,0.0,2.6672
pilar,0.0,2.618
pilau,0.0,2.7134
pilaw,0.0,2.7293
pilch,0.0,2.6827
pilea,0.0,2.626
piled,0.003896,2.6158
pilei,0.0,2.7607
piler,0.0,2.6104
piles,0.0,2.6181
piley,0.0,2.6541
pilin,0.0,2.759
pilis,0.0,2.7676
pills,0.0,2.7334
pilon,0.0,2.6407
pilot,1.0,2.5981
pilow,0.0,2.7364
pilum,0.0,2.7115
pilus,0.0,2.676
pimas,0.0,2.7026
pimps,0.0,2.8076
pinas,0.0,2.6528
pinax,0.0,2.7822
pince,0.0,2.6326
pinch,1.0,2.6666
pinda,0.0,2.7014
pinds,0.0,2.708
pined,0.003896,2.6447
piner,0.0,2.6146
pines,0.0,2.6295
piney,0.99161,2.6577
pinga,0.0,2.7022
pinge,0.0,2.6615
pingo,0.0,2.6962
pings,0.0,2.6744
pinko,0.0,2.719
pinks,0.0,2.6954
pinky,0.994219,2.7326
pinna,0.0,2.778
pinny,0.0,2.789
pinol,0.0,2.6309
pinon,0.0,2.7631
pinot,1.0,2.6186
pinta,0.0,2.638
pinto,0.986342,2.6481
pints,0.0,2.6306
pinup,1.0,2.8365
pions,0.0,2.6399
piony,0.0,2.648
pious,1.0,2.7089
pioye,0.0,2.6799
pioys,0.0,2.7089
pipal,0.0,2.7752
pipas,0.0,2.8084
piped,0.003896,2.7934
piper,0.998216,2.7482
pipes,0.0,2.7931
pipet,0.031973,2.7574
pipid,0.0,2.9556
pipis,0.0,2.9314
pipit,0.0,2.8867
pippy,0.0,2.9924
pipul,0.0,2.8049
pique,1.0,2.8272
piqui,0.0,3.007
pirai,0.0,2.7721
pirks,0.0,2.7071
pirls,0.0,2.6544
pirns,0.0,2.6405
pirog,0.0,2.6778
pirre,0.0,2.679
pirri,0.0,2.876
pirrs,0.0,2.7362
pisco,0.0,2.6883
pises,0.0,2.756
pisky,0.0,2.7491
pisos,0.0,2.7837
pissy,0.0,2.7926
piste,0.936046,2.6008
pitas,0.0,2.6416
pitch,1.0,2.6679
piths,0.0,2.673
pithy,1.0,2.6944
piton,0.0,2.6227
pitot,0.0,2.7272
pitso,0.0,2.6352
pitsu,0.0,2.6664
pitta,0.0,2.7456
pittu,0.0,2.7945
piuma,0.0,2.744
piums,0.0,2.716
pivos,0.0,2.7574
pivot,1.0,2.7101
pixel,1.0,2.7587
pixes,0.0,2.7817
pixie,1.0,2.9115
piyut,0.0,2.695
pized,0.0,2.7832
pizer,0.0,2.7447
pizes,0.0,2.7841
pizza,1.0,2.9831
plaas,0.0,2.7079
place,1.0,2.5653
plack,0.0,2.6805
plaga,0.0,2.7576
plage,0.0,2.6294
plaid,1.0,2.6209
plaig,0.0,2.6636
plain,1.0,2.6098
plait,0.953185,2.5865
planc,0.0,2.6465
plane,1.0,2.5645
planh,0.0,2.6555
plank,1.0,2.6671
plans,0.0,2.6109
plant,1.0,2.5794
plaps,0.0,2.7639
plash,0.0,2.6317
plasm,0.685589,2.6418
plast,0.0,2.5824
plate,1.0,2.5495
plats,0.0,2.6114
platt,0.0,2.6974
platy,0.0,2.6299
plaud,0.0,2.6809
plaur,0.0,2.6313
plavs,0.0,2.7221
playa,0.936046,2.7657
plays,0.0,2.6575
plaza,1.0,2.8644
plead,1.0,2.6297
pleas,0.0,2.6265
pleat,0.968989,2.5867
plebe,0.934069,2.7265
plebs,0.0,2.6967
pleck,0.0,2.7368
pleep,0.0,2.8169
plein,0.0,2.6269
plena,0.0,2.637
plene,0.0,2.6846
pleno,0.0,2.6482
pleon,0.0,2.6387
plesh,0.0,2.6553
plets,0.0,2.6382
plews,0.0,2.746
plexi,0.0,2.8274
plica,0.0,2.647
plied,0.003896,2.6136
plier,0.040901,2.5957
plies,0.0,2.6079
pligs,0.0,2.6966
plims,0.0,2.6878
pling,0.0,2.6944
plink,0.955411,2.6911
plips,0.0,2.7822
plish,0.0,2.645
ploat,0.0,2.6111
ploce,0.0,2.6266
plock,0.0,2.7195
plods,0.0,2.6444
ploit,0.0,2.6137
plomb,0.0,2.746
plong,0.0,2.6924
plonk,0.966306,2.6802
plook,0.0,2.803
ploot,0.0,2.7067
plops,0.0,2.7727
plore,0.0,2.5971
plots,0.0,2.618
plotz,0.0,2.7807
plouk,0.0,2.7213
plout,0.0,2.6359
plows,0.0,2.7021
plowt,0.0,2.7072
ploye,0.0,2.6649
ploys,0.0,2.6706
pluck,1.0,2.7357
pluds,0.0,2.729
plues,0.0,2.6424
pluff,0.0,2.9127
plugs,0.0,2.6954
pluke,0.0,2.7012
plumb,1.0,2.7277
plume,1.0,2.6606
plump,1.0,2.8328
plums,0.0,2.6876
plumy,0.0,2.7189
plung,0.0,2.7233
plunk,1.0,2.7172
pluot,0.0,2.6365
plups,0.0,2.8123
plush,1.0,2.6711
plute,0.0,2.6277
pluto,0.0,2.6545
pluty,0.0,2.6725
plyer,0.0,2.6701
pneus,0.0,2.683
poach,1.0,2.6679
poaka,0.0,2.7963
poake,0.0,2.6638
poalo,0.0,2.721
pobby,0.0,2.8883
poboy,0.0,2.8247
pocan,0.0,2.6537
poche,0.0,2.6835
pocho,0.0,2.8119
pocks,0.0,2.7466
pocky,0.0,2.7602
podal,0.0,2.668
poddy,0.0,2.8473
podex,0.0,2.7876
podge,0.0,2.6866
podgy,0.0,2.7425
podia,0.0,2.6913
podos,0.0,2.8063
podus,0.0,2.7257
poems,0.0,2.689
poena,0.0,2.6467
poeps,0.0,2.7894
poesy,0.859036,2.6669
poete,0.0,2.676
poets,0.0,2.6399
pogey,0.0,2.7135
pogge,0.0,2.8228
poggy,0.0,2.8696
pogos,0.0,2.8096
pogue,0.0,2.6785
pohed,0.0,2.6998
poilu,0.0,2.6871
poind,0.0,2.6505
point,1.0,2.6012
poire,0.0,2.5955
poise,1.0,2.6138
pokal,0.0,2.7043
poked,0.003896,2.7053
poker,1.0,2.6694
pokes,0.0,2.7087
pokey,0.985827,2.7322
pokie,0.0,2.6975
pokit,0.0,2.6961
polar,1.0,2.6038
poled,0.003896,2.6023
poler,0.0,2.6066
poles,0.0,2.6175
poley,0.0,2.661
polio,1.0,2.7423
polis,0.936046,2.6241
polje,0.0,2.763
polka,1.0,2.6976
polks,0.0,2.7129
pollo,0.0,2.8558
polls,0.0,2.744
polly,0.0,2.7674
polos,0.0,2.7338
polts,0.0,2.6381
polyp,0.969614,2.8069
polys,0.0,2.6967
pomas,0.0,2.6887
pombe,0.0,2.7285
pomes,0.0,2.6846
pomme,0.0,2.8119
pommy,0.0,2.8528
pomos,0.0,2.7953
pompa,0.0,2.8481
pomps,0.0,2.8453
ponce,0.0,2.6271
poncy,0.0,2.6695
ponds,0.0,2.6531
pondy,0.0,2.7053
pones,0.0,2.6455
poney,0.0,2.6643
ponga,0.0,2.701
pongo,0.0,2.7862
pongs,0.0,2.7022
pongy,0.0,2.7016
ponks,0.0,2.7176
ponor,0.0,2.7079
ponto,0.0,2.7292
ponts,0.0,2.6376
ponty,0.0,2.6553
ponzu,0.0,2.8329
pooay,0.0,2.7738
pooch,0.999702,2.7965
poods,0.0,2.8008
pooed,0.0,2.7423
pooey,0.0,2.7774
poofs,0.0,2.8354
poofy,0.958934,2.8314
poohs,0.0,2.7841
poohy,0.0,2.8025
pooja,0.0,2.926
pooka,0.0,2.8232
pooks,0.0,2.815
pools,0.0,2.7269
pooly,0.0,2.749
poons,0.0,2.7372
poopa,0.0,2.9115
poops,0.0,2.8952
poopy,0.0,2.9151
poori,0.0,2.7584
poort,0.0,2.6757
poots,0.0,2.7224
pooty,0.0,2.7526
poove,0.0,2.818
poovy,0.0,2.8673
popes,0.0,2.7944
popia,0.0,2.8073
popos,0.0,2.9103
poppa,0.0,2.9812
poppy,1.0,2.9789
popsy,0.0,2.7969
popup,0.957972,2.9916
porae,0.0,2.5931
poral,0.0,2.6203
porch,1.0,2.6499
pored,0.003896,2.5946
porer,0.0,2.6929
pores,0.0,2.6036
porey,0.0,2.6404
porge,0.0,2.6252
porgy,0.964463,2.6762
porin,0.0,2.6189
porks,0.0,2.6924
porky,0.97971,2.7167
porno,0.0,2.7137
porns,0.0,2.6369
porny,0.0,2.6403
porta,0.0,2.6173
porte,0.0,2.5809
porth,0.0,2.631
ports,0.0,2.5959
porty,0.0,2.6367
porus,0.0,2.6475
posca,0.0,2.6752
posed,0.003896,2.634
poser,0.942233,2.6082
poses,0.0,2.7801
poset,0.0,2.6132
posey,0.0,2.6769
posho,0.0,2.7893
posit,1.0,2.609
posol,0.0,2.7341
posse,1.0,2.7507
poste,0.0,2.6141
posts,0.0,2.7765
potae,0.0,2.6043
potai,0.0,2.6739
potch,0.0,2.6791
poted,0.0,2.6388
potes,0.0,2.6329
potin,0.0,2.6147
potoo,0.0,2.8885
potro,0.0,2.7069
potsy,0.0,2.6415
potto,0.0,2.8395
potts,0.0,2.7387
potty,1.0,2.7717
pouce,0.0,2.6403
pouch,1.0,2.6965
pouff,0.0,2.9089
poufs,0.0,2.7436
poufy,0.0,2.7622
pouis,0.0,2.6786
pouke,0.0,2.7013
pouks,0.0,2.7303
poule,0.0,2.6204
poulp,0.0,2.7848
poult,0.0,2.6258
pound,1.0,2.6641
poupe,0.0,2.7797
poupt,0.0,2.7702
pours,0.0,2.6448
pousy,0.0,2.6618
pouts,0.0,2.6525
pouty,0.997545,2.6836
povos,0.0,2.8581
powan,0.0,2.7291
power,1.0,2.6787
powie,0.0,2.7114
powin,0.0,2.7192
powis,0.0,2.7433
powlt,0.0,2.6985
pownd,0.0,2.7498
powns,0.0,2.7273
powny,0.0,2.7367
powre,0.0,2.6613
powsy,0.0,2.7349
poxed,0.0,2.7856
poxes,0.0,2.7878
poyas,0.0,2.69
poynt,0.0,2.6534
poyou,0.0,2.8354
poyse,0.0,2.6482
pozzy,0.0,2.994
praam,0.0,2.726
prads,0.0,2.6731
prags,0.0,2.6711
prahu,0.0,2.7185
prams,0.0,2.6456
prana,0.0,2.7037
prang,0.0,2.6629
prank,1.0,2.6552
praos,0.0,2.6229
praps,0.0,2.7585
prase,0.0,2.5669
prate,0.060813,2.5487
prats,0.0,2.5995
pratt,0.0,2.6706
praty,0.0,2.6179
praus,0.0,2.6453
prawn,0.994075,2.6721
prays,0.0,2.6635
preak,0.0,2.6683
predy,0.0,2.6886
preed,0.0,2.6712
preem,0.0,2.6987
preen,0.999395,2.6779
prees,0.0,2.6716
preif,0.0,2.6952
preke,0.0,2.7215
prems,0.0,2.6906
premy,0.0,2.7023
prent,0.0,2.6085
preon,0.0,2.6247
preop,0.0,2.7622
preps,0.0,2.7916
presa,0.0,2.6166
prese,0.0,2.6544
press,1.0,2.7812
prest,0.0,2.5908
preta,0.0,2.606
preux,0.0,2.7943
preve,0.0,2.7405
prexy,0.0,2.8237
preys,0.0,2.6924
prial,0.0,2.6222
prian,0.0,2.6136
price,1.0,2.5731
prick,0.90808,2.672
pricy,0.928638,2.6467
pride,1.0,2.5938
pridy,0.0,2.6915
pried,1.0,2.5866
prief,0.0,2.6624
prier,0.0,2.6869
pries,0.0,2.6086
prigs,0.0,2.6517
prill,0.0,2.7361
prima,1.0,2.6597
prime,1.0,2.6079
primi,0.0,2.8135
primo,0.975518,2.6684
primp,0.945334,2.7921
prims,0.0,2.6835
primy,0.0,2.6908
pring,0.0,2.6847
prink,0.0,2.6835
print,1.0,2.578
prion,0.957478,2.6114
prior,1.0,2.7253
prise,0.891137,2.5908
prism,1.0,2.6361
priss,0.0,2.7548
prius,0.0,2.6579
privy,1.0,2.7329
prize,1.0,2.7162
proal,0.0,2.6232
proas,0.0,2.6327
probe,1.0,2.6241
probs,0.0,2.7057
proby,0.0,2.7013
prodd,0.0,2.782
prods,0.0,2.6424
proem,0.0,2.6311
profs,0.0,2.7219
progs,0.0,2.689
proin,0.0,2.6173
proke,0.0,2.6534
prole,0.823057,2.5769
proll,0.0,2.7403
promo,1.0,2.765
proms,0.0,2.6535
prone,1.0,2.5811
prong,1.0,2.6439
pronk,0.0,2.6807
proof,1.0,2.7924
prook,0.0,2.7795
proot,0.0,2.674
props,0.0,2.7762
prora,0.0,2.7297
prore,0.0,2.6851
prose,1.0,2.5881
proso,0.0,2.7231
pross,0.0,2.7559
prost,0.0,2.589
prosy,0.0,2.6394
proto,0.0,2.704
proud,1.0,2.6472
proul,0.0,2.6473
prove,1.0,2.6745
prowk,0.0,2.7731
prowl,1.0,2.6888
prows,0.0,2.7018
proxy,1.0,2.7896
proyn,0.0,2.6693
prude,1.0,2.6443
prune,1.0,2.6149
pruno,0.0,2.646
prunt,0.0,2.6238
pruny,0.0,2.6683
pruta,0.0,2.6401
pryan,0.0,2.6627
pryer,0.0,2.7681
pryse,0.0,2.6573
psalm,1.0,2.6645
pseud,0.0,2.7337
pshaw,0.704872,2.7869
pshut,0.0,2.7099
psias,0.0,2.7945
psion,0.0,2.6615
psoae,0.0,2.6402
psoai,0.0,2.72
psoas,0.0,2.8013
psora,0.0,2.6639
psych,0.998414,2.7495
psyop,0.0,2.8619
ptish,0.0,2.651
ptype,0.0,2.8518
pubby,0.0,2.9215
pubco,0.0,2.7532
pubes,0.0,2.7151
pubic,1.0,2.7409
pubis,0.0,2.7349
pubsy,0.0,2.7404
pucan,0.0,2.6802
pucer,0.0,2.6446
puces,0.0,2.6833
pucka,0.0,2.7642
pucks,0.0,2.7518
puddy,0.0,2.8862
pudge,0.829263,2.7035
pudgy,1.0,2.7445
pudic,0.0,2.7505
pudor,0.0,2.6673
pudsy,0.0,2.7241
pudus,0.0,2.8852
puers,0.0,2.653
puffa,0.0,2.942
puffs,0.0,2.9009
puffy,1.0,2.9186
puggy,0.0,2.899
pugil,0.0,2.6904
puhas,0.0,2.7218
pujah,0.0,2.8597
pujas,0.0,2.8373
pukas,0.0,2.7492
puked,0.003896,2.7391
puker,0.0,2.7143
pukes,0.0,2.7498
pukey,0.0,2.7802
pukka,0.0,2.925
pukus,0.0,2.9073
pulao,0.0,2.6968
pulas,0.0,2.6619
puled,0.0,2.6566
puler,0.0,2.6338
pules,0.0,2.6473
pulik,0.0,2.719
pulis,0.0,2.6567
pulka,0.0,2.734
pulks,0.0,2.7333
pulli,0.0,2.8052
pulls,0.0,2.7741
pully,0.0,2.7948
pulmo,0.0,2.7172
pulps,0.0,2.8077
pulpy,1.0,2.8245
pulse,1.0,2.6181
pulus,0.0,2.8176
pulut,0.0,2.7867
pumas,0.0,2.6938
pumie,0.0,2.6852
pumps,0.0,2.8545
pumpy,0.0,2.8909
punas,0.0,2.6719
punce,0.0,2.6575
punch,1.0,2.7132
punga,0.0,2.7258
pungi,0.0,2.7401
pungo,0.0,2.7103
pungs,0.0,2.7276
pungy,0.0,2.7327
punim,0.0,2.7037
punji,0.0,2.8565
punka,0.0,2.7471
punks,0.0,2.7393
punky,0.999528,2.7621
punny,0.982329,2.8197
punto,0.0,2.6628
punts,0.0,2.6542
punty,0.0,2.6851
pupae,0.936046,2.8155
pupal,0.0,2.7947
pupas,0.0,2.8211
pupil,1.0,2.7992
puppa,0.0,3.0097
puppy,1.0,3.0128000000000004
pupus,0.0,2.9767
purao,0.0,2.6735
purau,0.0,2.8174
purda,0.0,2.7051
purdy,0.0,2.7254
pured,0.0,2.635
puree,1.0,2.6998
purer,1.0,2.7451
pures,0.0,2.6295
purga,0.0,2.7028
purge,1.0,2.6488
purin,0.0,2.6451
puris,0.0,2.657
purls,0.0,2.6744
puros,0.0,2.6513
purps,0.0,2.8033
purpy,0.0,2.8247
purre,0.0,2.7071
purrs,0.0,2.7706
purry,0.0,2.7735
purse,1.0,2.6064
pursy,0.0,2.6627
purty,0.0,2.6701
puses,0.0,2.7851
pushy,1.0,2.7468
pusle,0.0,2.6327
pussy,0.0,2.8076
putas,0.0,2.6528
puter,0.0,2.6173
putid,0.0,2.6827
putin,0.0,2.6385
puton,0.0,2.6547
putos,0.0,2.6595
putti,0.0,2.7918
putto,0.0,2.7762
putts,0.0,2.7754
puttu,0.0,2.9446
putty,0.998656,2.7892
putza,0.0,2.8239
puuko,0.0,2.9032
puyas,0.0,2.7121
puzel,0.0,2.7773
puzta,0.0,2.8219
pwned,0.0,2.73
pyats,0.0,2.6675
pyets,0.0,2.6897
pygal,0.0,2.7172
pygmy,0.99457,2.9083
pyins,0.0,2.6867
pylon,0.985827,2.6718
pyned,0.0,2.7119
pynes,0.0,2.7077
pyoid,0.0,2.7224
pyots,0.0,2.6795
pyral,0.0,2.6596
pyran,0.0,2.6719
pyres,0.0,2.6799
pyrex,0.0,2.8119
pyric,0.0,2.7227
pyros,0.0,2.6842
pyrus,0.0,2.7153
pyuff,0.0,2.967
pyxed,0.0,2.8662
pyxes,0.0,2.8606
pyxie,0.0,2.8414
pyxis,0.0,2.8633
pzazz,0.0,3.1476
qadis,0.0,2.829
qaids,0.0,2.8263
qajaq,0.0,3.2403000000000004
qanat,0.0,2.8259
qapik,0.0,2.8751
qibla,0.0,2.8357
qilas,0.0,2.7859
qipao,0.0,2.8615
qophs,0.0,2.872
qorma,0.0,2.807
quabs,0.0,2.8728
quack,1.0,2.8888
quads,0.0,2.8329
quaff,0.9725,3.0514
quags,0.0,2.8575
quail,1.0,2.8494
quair,0.0,2.7975
quais,0.0,2.8428
quake,1.0,2.8703
quaky,0.0,2.9123
quale,0.0,2.7545
qualm,0.959403,2.8308
qualy,0.0,2.8175
quank,0.0,2.8626
quant,0.973811,2.7792
quare,0.0,2.7493
quark,0.968346,2.8609
quarl,0.0,2.7769
quart,1.0,2.7627
quash,1.0,2.8426
quasi,1.0,2.862
quass,0.0,2.9224
quate,0.0,2.7549
quats,0.0,2.7859
quawk,0.0,2.9766
quaws,0.0,2.9161
quayd,0.0,2.9046
quays,0.0,2.8891
qubit,0.0,2.8287
quean,0.0,2.8134
queck,0.0,2.921
queek,0.0,2.9492
queem,0.0,2.9238
queen,1.0,2.9036
queer,1.0,2.8936
quell,1.0,2.9428
queme,0.0,2.9117
quena,0.0,2.8214
quern,0.0,2.8052
query,1.0,2.8602
queso,1.0,2.8752
quest,1.0,2.7939
quete,0.0,2.8509
queue,1.0,3.0795000000000003
queyn,0.0,2.8754
queys,0.0,2.8899
queyu,0.0,3.0865
quibs,0.0,2.8803
quich,0.0,2.8544
quick,1.0,2.8888
quids,0.0,2.8659
quies,0.0,2.8076
quiet,1.0,2.793
quiff,0.0,3.0535
quila,0.0,2.8328
quill,1.0,2.9245
quilt,1.0,2.7866
quims,0.0,2.8554
quina,0.0,2.8362
quine,0.0,2.7761
quink,0.0,2.8715
quino,0.0,2.8281
quins,0.0,2.8112
quint,0.0,2.764
quipo,0.0,2.8811
quips,0.0,2.8473
quipu,0.0,3.0185000000000004
quire,0.0,2.7642
quirk,1.0,2.8644
quirl,0.0,2.791
quirt,0.0,2.7497
quist,0.0,2.7464
quite,1.0,2.7984
quits,0.0,2.828
quoad,0.0,2.8664
quods,0.0,2.8752
quoif,0.0,2.9039
quoin,0.0,2.8105
quois,0.0,2.8365
quoit,0.0,2.7945
quoll,0.0,2.9095
quonk,0.0,2.8651
quops,0.0,2.8499
quork,0.0,2.8576
quorl,0.0,2.7924
quota,1.0,2.8433
quote,1.0,2.8068
quoth,0.850312,2.8545
quouk,0.0,3.0347
quoys,0.0,2.8782
quran,0.007252,2.802
qursh,0.0,2.8149
quyte,0.0,2.8605
raads,0.0,2.7493
raake,0.0,2.7096
rabat,0.0,2.6977
rabbi,1.0,2.84
rabic,0.0,2.6805
rabid,1.0,2.6507
rabis,0.0,2.6668
raced,0.003896,2.6051
racer,1.0,2.7278
races,0.0,2.6042
rache,0.0,2.6261
racks,0.0,2.6785
racon,0.0,2.6119
radar,1.0,2.8373
raddi,0.0,2.8039
raddy,0.0,2.8009
radge,0.0,2.6197
radgy,0.0,2.704
radif,0.0,2.7008
radii,0.829263,2.7797
radio,1.0,2.6485
radix,0.0,2.769
radon,0.965217,2.6038
rafee,0.0,2.6921
raffs,0.0,2.8555
raffy,0.0,2.8653
rafik,0.0,2.7381
rafiq,0.0,2.8363
rafts,0.0,2.657
rafty,0.0,2.6867
ragas,0.0,2.7411
ragde,0.0,2.6185
raged,0.003896,2.6301
ragee,0.0,2.6531
rager,0.928638,2.7436
rages,0.0,2.6236
ragga,0.0,2.8903
raggs,0.0,2.8036
raggy,0.0,2.8194
ragis,0.0,2.6549
ragus,0.0,2.6777
rahed,0.0,2.6415
rahui,0.0,2.7415
raiah,0.0,2.7095
raias,0.0,2.6959
raids,0.0,2.6304
raike,0.0,2.6324
raiks,0.0,2.6753
raile,0.0,2.5616
rails,0.0,2.6052
raine,0.0,2.5765
rains,0.0,2.595
rainy,1.0,2.6341
raird,0.0,2.7081
raise,1.0,2.5761
raita,0.0,2.6697
raith,0.0,2.5996
raits,0.0,2.5897
rajah,0.883085,2.8966
rajas,0.0,2.8776
rajes,0.0,2.7378
raked,0.003896,2.6741
rakee,0.0,2.7023
raker,0.0,2.7548
rakes,0.0,2.6611
rakhi,0.0,2.7663
rakia,0.0,2.7837
rakis,0.0,2.6942
rakki,0.0,2.8734
raksi,0.0,2.7058
rakus,0.0,2.7245
rales,0.0,2.5903
ralli,0.0,2.7436
rally,1.0,2.7712
ralph,0.060813,2.6476
ramal,0.0,2.7171
ramee,0.0,2.6535
ramen,1.0,2.6049
rames,0.0,2.6231
ramet,0.0,2.5821
ramie,0.0,2.6106
ramin,0.0,2.6402
ramis,0.0,2.6557
rammy,0.0,2.8069
ramon,0.0,2.6358
ramps,0.0,2.6624
ramse,0.0,2.5939
ramsh,0.0,2.6507
ramus,0.0,2.6816
ranas,0.0,2.7002
rance,0.0,2.5737
ranch,1.0,2.6294
rando,0.0,2.6479
rands,0.0,2.6704
randy,1.0,2.649
raned,0.0,2.5822
ranee,0.0,2.6203
ranes,0.0,2.5899
ranga,0.0,2.7354
range,1.0,2.5957
rangi,0.0,2.6718
rangs,0.0,2.66
rangy,1.0,2.6582
ranid,0.0,2.6212
ranis,0.0,2.6135
ranke,0.0,2.628
ranks,0.0,2.6652
ranns,0.0,2.7396
ranny,0.0,2.7523
ranse,0.0,2.5631
rants,0.0,2.59
ranty,0.0,2.6243
raped,0.0,2.6155
rapee,0.0,2.6468
raper,0.0,2.698
rapes,0.0,2.6145
raphe,0.0,2.6403
rapid,1.0,2.6361
rapin,0.0,2.6309
rappe,0.0,2.723
rapso,0.0,2.6334
rared,0.0,2.67
raree,0.0,2.7063
rarer,1.0,2.8805
rares,0.0,2.6715
rarks,0.0,2.7776
rasam,0.0,2.7261
rasas,0.0,2.828
rased,0.0,2.6026
raser,0.0,2.6761
rases,0.0,2.7032
rasps,0.0,2.7634
raspy,1.0,2.6546
rasse,0.0,2.6717
rasta,0.0,2.6831
ratal,0.0,2.6731
ratan,0.0,2.6723
ratas,0.0,2.6789
ratch,0.0,2.6218
rated,0.003896,2.5783
ratel,0.0,2.5636
rater,0.880145,2.7001
rates,0.0,2.5791
ratha,0.0,2.7297
rathe,0.0,2.5941
raths,0.0,2.6398
ratio,1.0,2.6308
ratoo,0.0,2.6908
ratos,0.0,2.6
ratti,0.0,2.7093
ratty,1.0,2.7372
ratus,0.0,2.624
rauli,0.0,2.6747
rauns,0.0,2.6415
raupo,0.0,2.6844
raved,0.003896,2.6905
ravel,0.638004,2.6821
raven,1.0,2.6766
raver,0.908252,2.817
raves,0.0,2.6888
ravey,0.0,2.7068
ravin,0.0,2.6799
rawdy,0.0,2.7543
rawer,0.0,2.7495
rawin,0.0,2.6834
rawks,0.0,2.7644
rawly,0.0,2.709
rawns,0.0,2.6935
raxed,0.0,2.7198
raxes,0.0,2.7232
rayah,0.0,2.7567
rayas,0.0,2.7455
rayed,0.0,2.6436
rayle,0.0,2.6227
rayls,0.0,2.6589
rayne,0.0,2.6289
rayon,0.983275,2.6407
razai,0.0,2.8772
razed,0.003896,2.7386
razee,0.0,2.7536
razer,0.0,2.8101
razes,0.0,2.7372
razet,0.0,2.673
razoo,0.0,2.8581
razor,1.0,2.8644
reach,1.0,2.6274
react,1.0,2.5666
readd,0.0,2.721
reads,0.0,2.6145
ready,1.0,2.6495
reais,0.0,2.6062
reaks,0.0,2.6592
realm,1.0,2.6129
realo,0.0,2.608
reals,0.0,2.5968
reame,0.0,2.6519
reams,0.0,2.6279
reamy,0.0,2.645
reans,0.0,2.6011
reaps,0.0,2.6191
reard,0.0,2.6835
rearm,0.985957,2.7416
rears,0.0,2.7198
reast,0.0,2.5382
reata,0.0,2.6567
reate,0.0,2.6038
reave,0.0,2.6991
rebab,0.0,2.7906
rebar,0.997598,2.7483
rebbe,0.0,2.8509
rebec,0.0,2.7308
rebel,1.0,2.6908
rebid,0.976207,2.6484
rebit,0.0,2.6211
rebop,0.0,2.6934
rebud,0.0,2.695
rebus,0.990796,2.7017
rebut,1.0,2.6599
rebuy,0.057262,2.7194
recal,0.0,2.6113
recap,1.0,2.6306
recce,0.0,2.7935
recco,0.0,2.7667
reccy,0.0,2.8176
recep,0.0,2.6972
recit,0.0,2.6084
recks,0.0,2.7314
recon,0.936997,2.6227
recta,0.0,2.6162
recte,0.0,2.6618
recti,0.0,2.6509
recto,0.0,2.6342
recue,0.0,2.6984
recur,1.0,2.758
recut,0.983275,2.643
redan,0.0,2.6095
redds,0.0,2.7981
reddy,0.0,2.8267
reded,0.0,2.7971
redes,0.0,2.6859
redia,0.0,2.6307
redid,0.998315,2.765
redif,0.0,2.6937
redig,0.0,2.6695
redip,0.0,2.656
redly,0.0,2.6767
redon,0.0,2.6322
redos,0.0,2.6529
redox,0.0,2.7653
redry,0.0,2.7733
redub,0.052968,2.6952
redug,0.0,2.7022
redux,1.0,2.8006
redye,0.0,2.7322
reeaf,0.0,2.743
reech,0.0,2.7168
reede,0.0,2.8035
reeds,0.0,2.7308
reedy,1.0,2.7556
reefs,0.0,2.7747
reefy,0.0,2.806
reeks,0.0,2.774
reeky,0.0,2.8123
reels,0.0,2.7056
reely,0.0,2.7265
reems,0.0,2.7324
reens,0.0,2.691
reerd,0.0,2.7851
reest,0.0,2.6281
reeve,0.0,2.8689
reeze,0.0,2.9226
refan,0.0,2.6633
refed,0.0,2.7388
refel,0.0,2.7261
refer,1.0,2.843
reffo,0.0,2.8661
refis,0.0,2.6953
refit,0.977306,2.6597
refix,0.0,2.8233
refly,0.0,2.7284
refry,0.047658,2.8212
regal,1.0,2.6442
regar,0.0,2.7118
reges,0.0,2.713
reget,0.0,2.6627
regex,0.0,2.8392
reggo,0.0,2.8108
regia,0.0,2.6567
regie,0.0,2.6786
regle,0.0,2.6848
regma,0.0,2.6833
regna,0.0,2.6429
regos,0.0,2.6682
regot,0.0,2.6253
regur,0.0,2.7699
rehab,1.0,2.6958
rehem,0.0,2.754
reifs,0.0,2.6826
reify,0.900374,2.7072
reign,1.0,2.6202
reiki,0.967006,2.8181
reiks,0.0,2.6804
reine,0.0,2.6318
reing,0.0,2.6479
reink,0.0,2.6659
reins,0.0,2.6183
reird,0.0,2.6955
reist,0.0,2.5603
reive,0.0,2.7145
rejas,0.0,2.7637
rejig,0.0,2.8152
rejon,0.0,2.7694
reked,0.0,2.7559
rekes,0.0,2.7525
rekey,0.0,2.7982
relax,1.0,2.7655
relay,1.0,2.6489
relet,0.0,2.636
relic,1.0,2.6372
relie,0.0,2.6532
relit,0.859036,2.5973
rello,0.0,2.7412
relos,0.0,2.6401
reman,0.0,2.6321
remap,0.923702,2.6471
remen,0.0,2.7018
remet,0.0,2.66
remex,0.0,2.8368
remit,0.996185,2.6244
remix,1.0,2.776
remou,0.0,2.7129
renal,1.0,2.6128
renay,0.0,2.6262
rends,0.0,2.6445
rendu,0.0,2.6901
renew,1.0,2.7445
reney,0.0,2.7134
renga,0.0,2.6445
rengs,0.0,2.6782
renig,0.0,2.6537
renin,0.0,2.7265
renks,0.0,2.7066
renne,0.0,2.7768
renos,0.0,2.6304
rente,0.0,2.6459
rents,0.0,2.6022
reoil,0.0,2.6177
reorg,0.0,2.7406
repas,0.0,2.6363
repat,0.0,2.5883
repay,1.0,2.6536
repeg,0.0,2.739
repel,1.0,2.6753
repen,0.0,2.6889
repin,0.0,2.6333
repla,0.0,2.6351
reply,1.0,2.6524
repos,0.0,2.6442
repot,0.885892,2.5964
repps,0.0,2.8124
repro,0.0,2.7411
repun,0.0,2.6768
reput,0.0,2.6416
reran,0.911774,2.7244
rerig,0.0,2.7505
rerun,1.0,2.7518
resam,0.0,2.6408
resat,0.0,2.5665
resaw,0.031973,2.6823
resay,0.0,2.6316
resee,0.0,2.7826
reses,0.0,2.8004
reset,1.0,2.6477
resew,0.0,2.7352
resid,0.0,2.6377
resin,1.0,2.6205
resit,0.0,2.5829
resod,0.0,2.6393
resol,0.0,2.6321
resow,0.0,2.702
resto,0.0,2.6174
rests,0.0,2.751
resty,0.0,2.6519
resue,0.0,2.6802
resus,0.0,2.7879
retag,0.031973,2.6288
retam,0.0,2.6187
retax,0.0,2.7106
retch,0.927457,2.6394
retem,0.0,2.6764
retia,0.0,2.5925
retie,0.829263,2.6589
retin,0.0,2.5889
retip,0.0,2.6132
retox,0.0,2.73
retro,1.0,2.7323
retry,1.0,2.7511
reune,0.0,2.6637
reups,0.0,2.6705
reuse,1.0,2.6921
revel,1.0,2.7594
revet,0.0,2.7059
revie,0.0,2.731
revow,0.0,2.791
revue,1.0,2.8181
rewan,0.0,2.6648
rewax,0.0,2.8159
rewed,0.0,2.7402
rewet,0.0,2.6986
rewin,0.0,2.6853
rewon,0.0,2.6918
rewth,0.0,2.7023
rexes,0.0,2.8175
rezes,0.0,2.819
rhabd,0.0,2.729
rheas,0.0,2.6453
rheid,0.0,2.6657
rheme,0.0,2.7342
rheum,0.060813,2.7154
rhies,0.0,2.6321
rhime,0.0,2.6591
rhine,0.0,2.6201
rhino,1.0,2.6589
rhody,0.0,2.7139
rhomb,0.0,2.7443
rhone,0.0,2.6249
rhumb,0.0,2.7823
rhyme,1.0,2.7085
rhymy,0.0,2.9195
rhyne,0.0,2.7086
rhyta,0.0,2.6985
riads,0.0,2.6595
rials,0.0,2.6201
riant,0.0,2.5714
riata,0.0,2.6748
riato,0.0,2.6175
ribas,0.0,2.6808
ribby,0.0,2.8709
ribes,0.0,2.656
riced,0.0,2.6226
ricer,0.0,2.709
rices,0.0,2.6219
ricey,0.0,2.6716
riche,0.0,2.652
richt,0.0,2.6585
ricin,0.990029,2.7484
ricks,0.0,2.7338
rider,1.0,2.7107
rides,0.0,2.6207
ridge,1.0,2.6145
ridgy,0.0,2.7236
ridic,0.0,2.8184
riels,0.0,2.6313
riems,0.0,2.6663
rieve,0.0,2.7329
rifer,0.0,2.7613
riffs,0.0,2.8483
riffy,0.0,2.8905
rifle,1.0,2.6417
rifte,0.0,2.6341
rifts,0.0,2.6732
rifty,0.0,2.7097
riggs,0.0,2.8342
right,1.0,2.675
rigid,1.0,2.7888
rigmo,0.0,2.7023
rigol,0.0,2.6566
rigor,1.0,2.758
rikka,0.0,2.8714
rikwa,0.0,2.8072
riled,0.003896,2.5991
riles,0.0,2.6078
riley,0.0,2.6489
rille,0.0,2.6939
rills,0.0,2.745
rilly,0.0,2.7775
rimae,0.0,2.6262
rimed,0.0,2.6394
rimer,0.0,2.7364
rimes,0.0,2.6521
rimon,0.0,2.648
rimus,0.0,2.7092
rince,0.0,2.6038
rinds,0.0,2.6403
rindy,0.0,2.696
rines,0.0,2.6099
ringe,0.0,2.6225
rings,0.0,2.6531
ringy,0.0,2.6862
rinks,0.0,2.6721
rinse,1.0,2.5772
rioja,0.0,2.782
rione,0.0,2.5913
riots,0.0,2.595
rioty,0.0,2.6364
riped,0.0,2.6324
ripen,1.0,2.5935
riper,0.981498,2.7179
ripes,0.0,2.6313
ripps,0.0,2.8078
riqqs,0.0,2.9926
risen,1.0,2.6057
riser,1.0,2.7348
rises,0.0,2.757
rishi,0.0,2.8329
risks,0.0,2.8215
risky,1.0,2.7209
risps,0.0,2.7923
rists,0.0,2.7417
risus,0.0,2.7971
rites,0.0,2.6069
rithe,0.0,2.6134
ritts,0.0,2.7156
ritzy,0.99894,2.7724
rival,1.0,2.7161
rivas,0.0,2.7186
rived,0.0,2.6847
rivel,0.0,2.673
riven,1.0,2.6824
river,1.0,2.8037
rives,0.0,2.6937
rivet,0.984459,2.6792
riyal,0.0,2.6624
rizas,0.0,2.7737
roach,1.0,2.6327
roads,0.0,2.64
roady,0.0,2.6624
roake,0.0,2.6394
roaky,0.0,2.6915
roams,0.0,2.6503
roans,0.0,2.5935
roany,0.0,2.6237
roars,0.0,2.7323
roary,0.0,2.7134
roast,1.0,2.5723
roate,0.0,2.5682
robbo,0.0,2.9206
robed,0.003896,2.6299
rober,0.0,2.7212
robes,0.0,2.6438
robin,1.0,2.6372
roble,0.0,2.6177
robot,1.0,2.7294
robug,0.0,2.7066
robur,0.0,2.7422
roche,0.0,2.6439
rocks,0.0,2.6941
rocky,1.0,2.7275
roded,0.0,2.7206
rodeo,1.0,2.7228
rodes,0.0,2.6273
rodny,0.0,2.6678
roers,0.0,2.7229
rogan,0.0,2.6355
roger,0.057262,2.7493
rogue,1.0,2.6639
roguy,0.0,2.692
rohan,0.0,2.6582
rohes,0.0,2.6519
rohun,0.0,2.6836
rohus,0.0,2.6907
roids,0.0,2.6652
roils,0.0,2.6099
roily,0.0,2.6506
roins,0.0,2.6197
roist,0.0,2.574
rojak,0.0,2.8326
rojis,0.0,2.7808
roked,0.0,2.6845
roker,0.0,2.7783
rokes,0.0,2.6902
rokey,0.0,2.7257
rokos,0.0,2.8087
rolag,0.0,2.6565
roleo,0.0,2.6962
roles,0.0,2.6199
rolfs,0.0,2.719
rolls,0.0,2.7447
rolly,0.0,2.7638
romal,0.0,2.6407
roman,0.993857,2.6299
romeo,0.0,2.7284
romer,0.0,2.7255
romps,0.0,2.6704
rompu,0.0,2.7278
rompy,0.0,2.7003
ronde,0.0,2.604
rondo,0.0,2.7526
roneo,0.0,2.6902
rones,0.0,2.6071
ronin,0.0,2.7272
ronne,0.0,2.6968
ronte,0.0,2.5793
ronts,0.0,2.6212
ronuk,0.0,2.6896
roods,0.0,2.772
roofs,0.0,2.7832
roofy,0.0,2.8148
rooks,0.0,2.7895
rooky,0.0,2.814
rooms,0.0,2.7574
roomy,1.0,2.792
roons,0.0,2.7195
roops,0.0,2.7511
roopy,0.0,2.7618
roosa,0.0,2.7155
roose,0.0,2.6764
roost,1.0,2.6762
roots,0.0,2.7052
rooty,0.0,2.7254
roped,0.003896,2.6066
roper,0.859036,2.7198
ropes,0.0,2.6224
ropey,0.0,2.6654
roque,0.0,2.7797
roral,0.0,2.6964
rores,0.0,2.6945
roric,0.0,2.7392
rorid,0.0,2.7247
rorie,0.0,2.6831
rorts,0.0,2.7032
rorty,0.0,2.7233
rosal,0.0,2.6227
rosco,0.0,2.7404
rosed,0.0,2.6193
roses,0.0,2.7507
roset,0.0,2.5763
rosha,0.0,2.6765
roshi,0.0,2.7065
rosin,0.964077,2.6099
rosit,0.0,2.589
rosps,0.0,2.7777
rossa,0.0,2.7396
rosso,0.0,2.8418
rosti,0.0,2.6414
rosts,0.0,2.7327
rotal,0.0,2.5964
rotan,0.0,2.5925
rotas,0.0,2.6028
rotch,0.0,2.6367
roted,0.0,2.5878
rotes,0.0,2.5922
rotis,0.0,2.6083
rotls,0.0,2.6375
roton,0.0,2.6902
rotor,0.994708,2.8228
rotos,0.0,2.7071
rotta,0.0,2.6954
rotte,0.0,2.6553
rotto,0.0,2.7971
rotty,0.0,2.7279
rouen,0.0,2.6226
roues,0.0,2.6372
rouet,0.0,2.5919
roufs,0.0,2.7154
rouge,0.997598,2.6653
rough,1.0,2.7012
rougy,0.0,2.6901
rouks,0.0,2.7117
rouky,0.0,2.7296
roule,0.0,2.6129
rouls,0.0,2.6574
roums,0.0,2.6806
round,1.0,2.6411
roups,0.0,2.6667
roupy,0.0,2.6772
rouse,1.0,2.6242
roust,0.959403,2.5862
route,1.0,2.6078
routh,0.0,2.6306
routs,0.0,2.6181
roved,0.003896,2.6976
roven,0.0,2.6741
rover,1.0,2.8148
roves,0.0,2.6919
rowan,0.0,2.6854
rowdy,1.0,2.7457
rowed,0.003896,2.6796
rowel,0.0,2.6659
rowen,0.0,2.6661
rower,0.994003,2.7994
rowet,0.0,2.6351
rowie,0.0,2.6731
rowme,0.0,2.6969
rownd,0.0,2.7039
rowns,0.0,2.7021
rowth,0.0,2.6996
rowts,0.0,2.6911
royal,1.0,2.659
royet,0.0,2.6351
royne,0.0,2.6481
royst,0.0,2.6234
rozes,0.0,2.7478
rozet,0.0,2.6936
rozit,0.0,2.7149
ruach,0.0,2.6573
ruana,0.0,2.7218
rubai,0.0,2.73
ruban,0.0,2.6745
rubby,0.0,2.8845
rubel,0.0,2.6559
rubes,0.0,2.6676
rubin,0.0,2.677
rubio,0.0,2.7056
ruble,1.0,2.6427
rubli,0.0,2.7243
rubor,0.0,2.7473
rubus,0.0,2.8586
ruche,0.0,2.6811
ruchy,0.0,2.7459
rucks,0.0,2.7522
rudas,0.0,2.6897
rudds,0.0,2.8482
ruddy,1.0,2.8428
ruder,0.951399,2.7451
rudes,0.0,2.6505
rudie,0.0,2.6306
rudis,0.0,2.6932
rueda,0.0,2.6743
ruers,0.0,2.7486
ruffe,0.0,2.8531
ruffs,0.0,2.9008
ruffy,0.0,2.915
rufus,0.0,2.8844
rugae,0.0,2.6374
rugal,0.0,2.6631
rugas,0.0,2.6766
rugby,1.0,2.7542
ruggy,0.0,2.868
ruice,0.0,2.6157
ruing,0.967685,2.6791
ruins,0.0,2.6344
rukhs,0.0,2.7824
ruled,0.003896,2.6277
ruler,1.0,2.7513
rules,0.0,2.64
rully,0.0,2.8054
rumal,0.0,2.6703
rumba,1.0,2.7337
rumbo,0.0,2.7459
rumen,0.0,2.6655
rumes,0.0,2.6701
rumly,0.0,2.7223
rummy,0.983121,2.8554
rumor,1.0,2.7747
rumpo,0.0,2.7238
rumps,0.0,2.6997
rumpy,0.0,2.7423
runce,0.0,2.6226
runch,0.0,2.6835
runds,0.0,2.7167
runed,0.0,2.6306
runer,0.0,2.723
runes,0.0,2.6311
rungs,0.0,2.6807
runic,0.0,2.6727
runny,1.0,2.8026
runos,0.0,2.6465
runts,0.0,2.6311
runty,0.0,2.667
runup,0.97971,2.8013
ruote,0.0,2.6043
rupee,1.0,2.707
rupia,0.0,2.6919
rural,1.0,2.7626
rurps,0.0,2.7753
rurus,0.0,2.9026
rusas,0.0,2.7694
ruses,0.0,2.7772
rushy,0.0,2.732
rusks,0.0,2.8599
rusky,0.0,2.7575
rusma,0.0,2.6964
russe,0.0,2.7253
rusts,0.0,2.7883
rusty,1.0,2.674
ruths,0.0,2.6816
rutin,0.0,2.6184
rutty,0.0,2.7674
ruvid,0.0,2.7609
ryals,0.0,2.6685
rybat,0.0,2.6896
ryiji,0.0,2.972
ryijy,0.0,2.9826
ryked,0.0,2.7687
rykes,0.0,2.7655
rymer,0.0,2.8156
rymme,0.0,2.8559
rynds,0.0,2.7755
ryoti,0.0,2.6889
ryots,0.0,2.6649
ryper,0.0,2.8015
rypin,0.0,2.7068
rythe,0.0,2.7004
ryugi,0.0,2.7758
saags,0.0,2.8519
sabal,0.0,2.712
sabed,0.0,2.651
saber,0.974285,2.618
sabes,0.0,2.7556
sabha,0.0,2.79
sabin,0.0,2.6428
sabir,0.0,2.6262
sabji,0.0,2.8555
sable,1.0,2.5946
sabos,0.0,2.7894
sabot,0.0,2.6226
sabra,0.0,2.7312
sabre,0.727101,2.5946
sabzi,0.0,2.8372
sacks,0.0,2.8186
sacra,0.0,2.7011
sacre,0.0,2.5652
saddo,0.0,2.7942
saddy,0.0,2.8026
sades,0.0,2.7311
sadhe,0.0,2.639
sadhu,0.0,2.7443
sadic,0.0,2.6751
sadis,0.0,2.7677
sadly,1.0,2.6301
sados,0.0,2.7805
sadza,0.0,2.8916
saeta,0.0,2.6632
safed,0.0,2.6749
safer,1.0,2.6403
safes,0.0,2.8003
sagar,0.0,2.6919
sagas,0.0,2.8962
sager,0.0,2.6012
sages,0.0,2.7764
saggy,0.989218,2.8286
sagos,0.0,2.7783
sagum,0.0,2.6981
sahab,0.0,2.7966
saheb,0.0,2.6951
sahib,0.0,2.7194
saice,0.0,2.5709
saick,0.0,2.6615
saics,0.0,2.7245
saids,0.0,2.7629
saiga,0.0,2.7285
sails,0.0,2.7308
saims,0.0,2.755
saine,0.0,2.5523
sains,0.0,2.7097
saint,1.0,2.5568
sairs,0.0,2.7022
saist,0.0,2.6733
saith,0.0,2.586
sajou,0.0,2.8285
sakai,0.0,2.805
saker,0.0,2.6391
sakes,0.0,2.8196
sakia,0.0,2.7784
sakis,0.0,2.8097
sakti,0.0,2.6869
salad,1.0,2.7123
salal,0.0,2.7775
salas,0.0,2.7995
salat,0.0,2.6326
salep,0.0,2.5923
sales,0.0,2.718
salet,0.0,2.5448
salic,0.0,2.6212
salis,0.0,2.709
salix,0.0,2.7192
salle,0.0,2.6526
sally,0.972769,2.7445
salmi,0.0,2.6601
salol,0.0,2.6956
salon,1.0,2.5872
salop,0.0,2.6204
salpa,0.0,2.705
salps,0.0,2.7335
salsa,1.0,2.8534
salse,0.0,2.6662
salto,0.0,2.5987
salts,0.0,2.7122
salty,1.0,2.6032
salud,0.0,2.6485
salue,0.0,2.5754
salut,0.0,2.5833
salve,1.0,2.6458
salvo,1.0,2.709
saman,0.0,2.7101
samas,0.0,2.854
samba,1.0,2.8126
sambo,0.0,2.7191
samek,0.0,2.6863
samel,0.0,2.6118
samen,0.0,2.6232
sames,0.0,2.7449
samey,0.773749,2.6619
samfi,0.0,2.7587
samfu,0.0,2.773
sammy,0.0,2.8026
sampi,0.0,2.7027
samps,0.0,2.7969
sanad,0.0,2.7062
sands,0.0,2.7597
sandy,1.0,2.646
saned,0.0,2.6
saner,0.996773,2.5788
sanes,0.0,2.7047
sanga,0.0,2.726
sangh,0.0,2.658
sango,0.0,2.649
sangs,0.0,2.7642
sanko,0.0,2.6708
sansa,0.0,2.811
santo,0.0,2.5995
sants,0.0,2.7021
saola,0.0,2.6882
sapan,0.0,2.6928
sapid,0.0,2.6627
sapor,0.0,2.601
sappy,1.0,2.7937
saran,0.0,2.6503
sards,0.0,2.7607
sared,0.0,2.5734
saree,0.0,2.5946
sarge,0.0,2.5851
sargo,0.0,2.6364
sarin,0.0,2.5795
sarir,0.0,2.6652
saris,0.0,2.7026
sarks,0.0,2.769
sarky,0.0,2.6702
sarod,0.0,2.6164
saros,0.0,2.7024
sarus,0.0,2.738
sarvo,0.0,2.6757
saser,0.0,2.6765
sasin,0.0,2.706
sasse,0.0,2.8572
sassy,1.0,2.9584
satai,0.0,2.6914
satay,0.991073,2.7471
sated,0.003896,2.5965
satem,0.0,2.6046
sater,0.0,2.5508
sates,0.0,2.7388
satin,1.0,2.5827
satis,0.0,2.7016
satyr,0.980804,2.6211
sauba,0.0,2.7723
sauce,1.0,2.6252
sauch,0.0,2.6374
saucy,1.0,2.6667
saugh,0.0,2.6755
sauls,0.0,2.7225
sault,0.0,2.5691
sauna,1.0,2.739
saunf,0.0,2.6855
saunt,0.0,2.5732
saury,0.0,2.6357
saute,1.0,2.5886
sauts,0.0,2.7152
sauve,0.0,2.6756
saved,0.003896,2.6956
saver,1.0,2.677
saves,0.0,2.837
savey,0.0,2.7107
savin,0.0,2.6661
savor,1.0,2.6912
savoy,0.955942,2.744
savvy,1.0,2.8988
sawah,0.0,2.7784
sawed,0.003896,2.6812
sawer,0.0,2.63
saxes,0.0,2.8926
sayas,0.0,2.8553
sayed,0.0,2.6566
sayee,0.0,2.6983
sayer,0.0,2.6182
sayid,0.0,2.6885
sayne,0.0,2.6033
sayon,0.0,2.6373
sayst,0.0,2.727
sazes,0.0,2.8557
scabs,0.0,2.8241
scads,0.0,2.7852
scaff,0.0,2.8755
scags,0.0,2.8239
scail,0.0,2.6197
scala,0.0,2.7212
scald,0.946784,2.6244
scale,1.0,2.5814
scall,0.0,2.7243
scalp,1.0,2.6236
scaly,1.0,2.6455
scamp,0.97575,2.6649
scams,0.0,2.7926
scand,0.0,2.6774
scans,0.0,2.7598
scant,1.0,2.5817
scapa,0.0,2.7609
scape,0.933041,2.6125
scapi,0.0,2.6957
scare,1.0,2.587
scarf,1.0,2.678
scarp,0.816387,2.6192
scars,0.0,2.7576
scart,0.0,2.5895
scary,1.0,2.6512
scath,0.0,2.6274
scats,0.0,2.7541
scatt,0.0,2.7054
scaud,0.0,2.7039
scaup,0.0,2.6773
scaur,0.0,2.6307
scaws,0.0,2.8592
sceat,0.0,2.6024
scena,0.0,2.6362
scend,0.0,2.7101
scene,1.0,2.7049
scent,1.0,2.6177
schav,0.0,2.8141
schif,0.0,2.7836
schmo,0.0,2.7587
schul,0.0,2.7148
schwa,0.750523,2.7783
scifi,0.0,2.878
scind,0.0,2.6917
scion,1.0,2.6371
scire,0.0,2.6036
sclim,0.0,2.6991
scobe,0.0,2.6876
scody,0.0,2.7395
scoff,1.0,2.8681
scogs,0.0,2.852
scold,1.0,2.644
scone,1.0,2.6062
scoog,0.0,2.8157
scoop,1.0,2.7709
scoot,0.999351,2.7221
scopa,0.0,2.691
scope,1.0,2.6268
scops,0.0,2.8154
score,1.0,2.5917
scorn,1.0,2.6029
scorp,0.0,2.656
scote,0.0,2.6116
scots,0.0,2.7683
scoug,0.0,2.7245
scoup,0.0,2.6858
scour,1.0,2.6389
scout,1.0,2.6459
scowl,1.0,2.6997
scowp,0.0,2.7639
scows,0.0,2.8639
scrab,0.0,2.6922
scrae,0.0,2.5899
scrag,0.0,2.6914
scram,0.9309,2.6514
scran,0.0,2.6292
scrap,1.0,2.6202
scrat,0.0,2.5931
scraw,0.0,2.7089
scray,0.0,2.6613
scree,0.951399,2.6722
screw,1.0,2.6945
scrim,1.0,2.652
scrip,0.962056,2.6302
scrob,0.0,2.702
scrod,0.918127,2.6405
scrog,0.0,2.7024
scroo,0.0,2.7368
scrow,0.0,2.7188
scrub,1.0,2.6908
scrum,1.0,2.6785
scuba,1.0,2.7243
scudi,0.0,2.7582
scudo,0.0,2.7347
scuds,0.0,2.8736
scuff,0.982001,2.8988
scuft,0.0,2.7072
scugs,0.0,2.8691
sculk,0.0,2.722
scull,0.9309,2.7742
sculp,0.0,2.6805
sculs,0.0,2.7975
scums,0.0,2.8523
scups,0.0,2.8391
scurf,0.0,2.7386
scurs,0.0,2.8015
scuse,0.0,2.7768
scuta,0.0,2.6532
scute,0.0,2.6281
scuts,0.0,2.7898
scuzz,0.0,3.002
scyes,0.0,2.8522
sdayn,0.0,2.7169
sdein,0.0,2.664
seals,0.0,2.7254
seame,0.0,2.6671
seams,0.0,2.7776
seamy,1.0,2.6755
seans,0.0,2.7101
seare,0.0,2.6069
sears,0.0,2.7403
sease,0.0,2.7578
seats,0.0,2.7365
seaze,0.0,2.7733
sebum,0.0,2.7476
secco,0.0,2.7887
sechs,0.0,2.8367
sects,0.0,2.7585
sedan,1.0,2.6224
seder,0.972228,2.6866
sedes,0.0,2.8135
sedge,0.948172,2.7338
sedgy,0.0,2.7394
sedum,0.0,2.714
seeds,0.0,2.869
seedy,1.0,2.7702
seeks,0.0,2.9295
seeld,0.0,2.6851
seels,0.0,2.8063
seely,0.0,2.7114
seems,0.0,2.8958
seeps,0.0,2.8809
seepy,0.0,2.7469
seers,0.0,2.8518
sefer,0.0,2.7046
segar,0.0,2.6089
segas,0.0,2.7764
segni,0.0,2.6774
segno,0.0,2.6645
segol,0.0,2.6517
segos,0.0,2.8077
segue,1.0,2.7646
sehri,0.0,2.6694
seifs,0.0,2.806
seils,0.0,2.7167
seine,0.0,2.6285
seirs,0.0,2.708
seise,0.0,2.7607
seism,0.0,2.7649
seity,0.0,2.6
seiza,0.0,2.7521
seize,1.0,2.8331
sekos,0.0,2.8469
sekts,0.0,2.8299
selah,0.0,2.6105
seles,0.0,2.7803
selfs,0.0,2.8147
selfy,0.0,2.7114
selky,0.0,2.7147
sella,0.0,2.7083
selle,0.0,2.7466
sells,0.0,2.873
selva,0.0,2.6892
semas,0.0,2.7702
semee,0.0,2.827
semen,0.0,2.704
semes,0.0,2.8404
semie,0.0,2.6944
semis,0.0,2.7995
senas,0.0,2.7249
sends,0.0,2.7853
senes,0.0,2.7935
senex,0.0,2.7929
sengi,0.0,2.6749
senna,0.0,2.7274
senor,0.0,2.5957
sensa,0.0,2.731
sense,1.0,2.8365
sensi,0.0,2.7582
sensu,0.0,2.7879
sente,0.0,2.6334
senti,0.0,2.6111
sents,0.0,2.7406
senvy,0.0,2.734
senza,0.0,2.7478
sepad,0.0,2.6497
sepal,0.0,2.6067
sepia,1.0,2.6524
sepic,0.0,2.6762
sepoy,0.0,2.6558
seppo,0.0,2.8053
septa,0.0,2.6181
septs,0.0,2.7591
serac,0.0,2.5996
serai,0.0,2.6371
seral,0.0,2.5746
sered,0.0,2.6404
serer,0.0,2.7268
seres,0.0,2.7572
serfs,0.0,2.8125
serge,0.0,2.6594
seria,0.0,2.5958
seric,0.0,2.6261
serif,0.966658,2.6596
serin,0.0,2.5882
serir,0.0,2.6755
serks,0.0,2.7935
seron,0.0,2.5972
serow,0.0,2.6642
serra,0.0,2.6784
serre,0.0,2.7121
serrs,0.0,2.8292
serry,0.0,2.7345
serum,1.0,2.6566
serve,1.0,2.7483
servo,0.0,2.686
sesey,0.0,2.8323
sessa,0.0,2.9147
setae,0.0,2.6224
setal,0.0,2.5685
seter,0.0,2.6178
seths,0.0,2.7806
seton,0.0,2.5917
setts,0.0,2.8382
setup,1.0,2.6479
sevak,0.0,2.7615
seven,1.0,2.7813
sever,1.0,2.7697
sevir,0.0,2.657
sewan,0.0,2.6626
sewar,0.0,2.6345
sewed,0.003896,2.7782
sewel,0.0,2.7197
sewen,0.0,2.7309
sewer,1.0,2.7535
sewin,0.0,2.6796
sexed,0.0,2.8227
sexer,0.0,2.7791
sexes,0.0,2.9986
sexor,0.0,2.7274
sexto,0.0,2.7562
sexts,0.0,2.8999
seyen,0.0,2.7119
sezes,0.0,2.9458
shack,1.0,2.7061
shade,1.0,2.6424
shads,0.0,2.8138
shady,1.0,2.69
shaft,1.0,2.6735
shags,0.0,2.7991
shahs,0.0,2.9476
shaka,0.0,2.7856
shake,1.0,2.6777
shako,0.0,2.7041
shakt,0.0,2.6456
shaky,1.0,2.7389
shale,1.0,2.5934
shall,1.0,2.7449
shalm,0.0,2.658
shalt,0.998608,2.5849
shaly,0.0,2.6363
shama,0.0,2.7645
shame,1.0,2.6433
shams,0.0,2.8007
shand,0.0,2.6674
shank,1.0,2.6827
shans,0.0,2.7568
shape,1.0,2.6265
shaps,0.0,2.7801
shard,1.0,2.6508
share,1.0,2.6039
shark,1.0,2.6833
sharn,0.0,2.6214
sharp,1.0,2.6459
shart,0.0,2.596
shash,0.0,2.9033
shaul,0.0,2.64
shave,1.0,2.7073
shawl,1.0,2.7089
shawm,0.0,2.747
shawn,0.0,2.6926
shaws,0.0,2.8403
shaya,0.0,2.7796
shays,0.0,2.8062
shchi,0.0,2.8645
sheaf,1.0,2.7174
sheal,0.0,2.6094
shear,1.0,2.6305
sheas,0.0,2.7596
sheds,0.0,2.8258
sheel,0.0,2.6826
sheen,1.0,2.7204
sheep,1.0,2.7405
sheer,1.0,2.7156
sheet,1.0,2.7024
sheik,1.0,2.7268
shelf,1.0,2.7129
shell,1.0,2.7667
shend,0.0,2.6969
sheng,0.0,2.708
shent,0.0,2.6035
sheol,0.0,2.6214
sherd,0.0,2.6639
shere,0.0,2.6663
shero,0.0,2.637
shets,0.0,2.7665
sheva,0.0,2.7373
shewn,0.0,2.7218
shews,0.0,2.8858
shiai,0.0,2.7874
shied,1.0,2.6509
shiel,0.0,2.6123
shier,0.0,2.6061
shies,0.0,2.7962
shift,1.0,2.6877
shill,0.996541,2.7543
shily,0.0,2.6529
shims,0.0,2.822
shine,1.0,2.6279
shins,0.0,2.7862
shiny,1.0,2.677
shiok,0.0,2.6987
ships,0.0,2.8049
shire,0.906392,2.6051
shirk,1.0,2.6956
shirr,0.0,2.7246
shirs,0.0,2.764
shirt,1.0,2.5961
shish,0.0,2.912
shiso,0.0,2.7769
shist,0.0,2.7201
shite,0.0,2.6043
shits,0.0,2.7353
shiur,0.0,2.6351
shiva,0.9966,2.753
shive,0.0,2.7077
shivs,0.0,2.8905
shlep,0.721877,2.6386
shlub,0.0,2.7318
shmek,0.0,2.7504
shmoe,0.0,2.6599
shoal,0.970814,2.6357
shoat,0.0,2.6086
shock,1.0,2.7276
shoed,0.003896,2.6526
shoer,0.0,2.6093
shoes,0.0,2.7943
shogi,0.0,2.7235
shogs,0.0,2.8235
shoji,0.0,2.8342
shojo,0.0,2.9042
shola,0.0,2.6482
shone,1.0,2.6201
shonk,0.0,2.6866
shook,1.0,2.83
shool,0.0,2.7235
shoon,0.0,2.7192
shoos,0.0,2.9214
shoot,1.0,2.7413
shope,0.0,2.641
shops,0.0,2.8091
shore,1.0,2.6049
shorl,0.0,2.6485
shorn,1.0,2.6162
short,1.0,2.5991
shote,0.0,2.6009
shots,0.0,2.7908
shott,0.0,2.6976
shoud,0.0,2.697
shout,1.0,2.6667
shove,1.0,2.7359
showd,0.0,2.7537
shown,1.0,2.7107
shows,0.0,2.8742
showy,1.0,2.7674
shoyu,0.0,2.7278
shred,1.0,2.6279
shrew,0.98265,2.6988
shris,0.0,2.7629
shrow,0.0,2.697
shrub,1.0,2.7166
shrug,1.0,2.7094
shtar,0.0,2.5923
shtik,0.0,2.6802
shtum,0.0,2.6841
shtup,0.0,2.6659
shuba,0.0,2.733
shuck,0.991254,2.75
shule,0.0,2.6264
shuln,0.0,2.6618
shuls,0.0,2.7855
shuns,0.0,2.8155
shunt,0.989322,2.6404
shura,0.0,2.6652
shush,0.981498,3.0079
shute,0.0,2.6206
shuts,0.0,2.8208
shwas,0.0,2.8564
shyer,0.946784,2.6899
shyly,1.0,2.8483
sials,0.0,2.7118
sibbs,0.0,2.9714
sibia,0.0,2.8134
sibyl,0.0,2.7116
sices,0.0,2.7541
sicht,0.0,2.64
sicko,0.0,2.73
sicks,0.0,2.8454
sicky,0.0,2.7439
sidas,0.0,2.7881
sided,0.003896,2.7708
sider,0.0,2.6
sides,0.0,2.7666
sidey,0.0,2.6595
sidha,0.0,2.7167
sidhe,0.0,2.6509
sidle,0.991073,2.6019
siege,1.0,2.7309
sield,0.0,2.6323
siens,0.0,2.7308
sient,0.0,2.5611
sieth,0.0,2.5989
sieur,0.0,2.6075
sieve,1.0,2.7906
sifts,0.0,2.8043
sighs,0.0,2.8359
sight,1.0,2.675
sigil,0.0,2.7679
sigla,0.0,2.6541
sigma,0.835053,2.7015
signa,0.0,2.6596
signs,0.0,2.7802
sigri,0.0,2.8015
sijos,0.0,2.9091
sikas,0.0,2.8263
siker,0.0,2.6602
sikes,0.0,2.8128
silds,0.0,2.791
siled,0.0,2.6082
silen,0.0,2.5921
siler,0.0,2.589
siles,0.0,2.707
silex,0.0,2.7157
silks,0.0,2.8042
silky,1.0,2.6974
sills,0.0,2.8599
silly,1.0,2.7522
silos,0.0,2.7646
silts,0.0,2.7131
silty,0.960762,2.6225
silva,0.0,2.7013
simar,0.0,2.6271
simas,0.0,2.7868
simba,0.0,2.7426
simis,0.0,2.9119
simps,0.0,2.7859
simul,0.0,2.6655
since,1.0,2.6024
sinds,0.0,2.7923
sined,0.0,2.6095
sines,0.0,2.7519
sinew,0.991164,2.6788
singe,0.965948,2.6369
sings,0.0,2.7765
sinhs,0.0,2.7837
sinks,0.0,2.8165
sinky,0.0,2.7042
sinsi,0.0,2.8868
sinus,1.0,2.8018
siped,0.0,2.6384
sipes,0.0,2.7422
sippy,0.0,2.8073
sired,0.003896,2.5938
siree,0.0,2.6148
siren,1.0,2.5825
sires,0.0,2.7405
sirih,0.0,2.7379
siris,0.0,2.8522
siroc,0.0,2.6329
sirra,0.0,2.7057
sirup,0.0,2.6397
sisal,0.0,2.7195
sises,0.0,2.891
sissy,0.996541,2.9577
sista,0.0,2.7272
sists,0.0,2.8935
sitar,0.996305,2.5799
sitch,0.0,2.6304
sited,0.003896,2.6049
sites,0.0,2.7417
sithe,0.0,2.6074
sitka,0.0,2.673
situp,0.773749,2.6482
situs,0.0,2.7522
siver,0.0,2.6626
sixer,0.0,2.7157
sixes,0.0,2.9051
sixmo,0.0,2.8235
sixte,0.0,2.7029
sixth,1.0,2.7789
sixty,1.0,2.7857
sizar,0.0,2.7223
sized,0.003896,2.7635
sizel,0.0,2.7191
sizer,0.0,2.7147
sizes,0.0,2.8993
skags,0.0,2.8686
skail,0.0,2.6658
skald,0.0,2.7089
skank,0.0,2.8205
skarn,0.0,2.6623
skart,0.0,2.6335
skate,1.0,2.6503
skats,0.0,2.7996
skatt,0.0,2.7602
skaws,0.0,2.9004
skean,0.0,2.6728
skear,0.0,2.6584
skeds,0.0,2.8688
skeed,0.0,2.775
skeef,0.0,2.8291
skeen,0.0,2.7415
skeer,0.0,2.7255
skees,0.0,2.8915
skeet,0.984025,2.7412
skeev,0.0,2.8581
skeez,0.0,2.9004
skegg,0.0,2.9402
skegs,0.0,2.9171
skein,1.0,2.7044
skelf,0.0,2.7761
skell,0.0,2.8117
skelm,0.0,2.7438
skelp,0.0,2.7208
skene,0.0,2.7429
skens,0.0,2.8462
skeos,0.0,2.8435
skeps,0.0,2.8895
skerm,0.0,2.7384
skers,0.0,2.8373
skets,0.0,2.8396
skews,0.0,2.9389
skids,0.0,2.8415
skied,0.003896,2.7034
skier,1.0,2.6681
skies,0.0,2.8382
skiey,0.0,2.7161
skiff,0.999788,2.9075
skill,1.0,2.7896
skimo,0.0,2.7584
skimp,1.0,2.7321
skims,0.0,2.8497
skink,0.0,2.8377
skins,0.0,2.8256
skint,0.0,2.6482
skios,0.0,2.8388
skips,0.0,2.8441
skirl,0.0,2.688
skirr,0.0,2.7799
skirt,1.0,2.6483
skite,0.0,2.6473
skits,0.0,2.8128
skive,0.0,2.762
skivy,0.0,2.8198
sklim,0.0,2.7435
skoal,0.0,2.6815
skobe,0.0,2.7433
skody,0.0,2.7778
skoff,0.0,2.946
skofs,0.0,2.9173
skogs,0.0,2.8992
skols,0.0,2.8281
skool,0.0,2.7835
skort,0.0,2.6566
skosh,0.0,2.8488
skran,0.0,2.6684
skrik,0.0,2.839
skroo,0.0,2.7923
skuas,0.0,2.8587
skugs,0.0,2.9124
skulk,0.978942,2.8556
skull,1.0,2.8214
skunk,1.0,2.862
skyed,0.0,2.7696
skyer,0.0,2.7278
skyey,0.0,2.9046
skyfs,0.0,2.9752
skyre,0.0,2.7269
skyrs,0.0,2.8925
skyte,0.0,2.7362
slabs,0.0,2.7741
slack,1.0,2.6635
slade,0.0,2.5908
slaes,0.0,2.687
slags,0.0,2.7609
slaid,0.0,2.6247
slain,1.0,2.5986
slake,0.981668,2.6269
slams,0.0,2.7674
slane,0.0,2.5594
slang,1.0,2.6223
slank,0.0,2.6372
slant,1.0,2.5444
slaps,0.0,2.751
slart,0.0,2.5648
slash,1.0,2.7671
slate,1.0,2.5337
slats,0.0,2.7189
slaty,0.0,2.5957
slave,0.0,2.65
slaws,0.0,2.7948
slays,0.0,2.7734
slebs,0.0,2.818
sleds,0.0,2.7779
sleek,1.0,2.7385
sleep,1.0,2.6878
sleer,0.0,2.6469
sleet,1.0,2.6417
slept,1.0,2.5932
slews,0.0,2.8447
sleys,0.0,2.7984
slice,1.0,2.5682
slick,1.0,2.6584
slide,1.0,2.6141
slier,0.0,2.5812
slily,0.0,2.7347
slime,1.0,2.6059
slims,0.0,2.7629
slimy,1.0,2.6509
sling,1.0,2.637
slink,0.998315,2.6543
slipe,0.0,2.594
slips,0.0,2.7462
slipt,0.0,2.5922
slish,0.0,2.7522
slits,0.0,2.7278
slive,0.0,2.6578
sloan,0.0,2.6041
slobs,0.0,2.7863
sloes,0.0,2.7336
slogs,0.0,2.7813
sloid,0.0,2.6469
slojd,0.0,2.815
sloka,0.0,2.6718
slomo,0.0,2.7564
sloom,0.0,2.749
sloop,0.990608,2.7201
sloot,0.0,2.6685
slope,1.0,2.5906
slops,0.0,2.7522
slopy,0.0,2.6486
slorm,0.0,2.6602
slosh,0.983121,2.7844
sloth,1.0,2.6235
slots,0.0,2.7415
slove,0.0,2.6781
slows,0.0,2.8141
sloyd,0.0,2.707
slubb,0.0,2.8472
slubs,0.0,2.8136
slued,0.0,2.6327
slues,0.0,2.731
sluff,0.0,2.865
slugs,0.0,2.8121
sluit,0.0,2.5842
slump,1.0,2.6761
slums,0.0,2.8163
slung,1.0,2.6675
slunk,0.993408,2.6912
slurb,0.0,2.6942
slurp,1.0,2.6413
slurs,0.0,2.785
sluse,0.0,2.7195
slush,1.0,2.799
sluts,0.0,2.735
slyer,0.0,2.654
slyly,1.0,2.941
slype,0.0,2.6649
smaak,0.0,2.8
smack,1.0,2.7084
smaik,0.0,2.7111
small,1.0,2.752
smalm,0.0,2.7802
smalt,0.0,2.6052
smarm,0.940571,2.7863
smart,1.0,2.5863
smash,1.0,2.8039
smaze,0.0,2.7544
smear,1.0,2.644
smeek,0.0,2.7864
smees,0.0,2.857
smeik,0.0,2.7199
smeke,0.0,2.7855
smell,1.0,2.7805
smelt,0.986718,2.6191
smerk,0.0,2.7251
smews,0.0,2.9244
smick,0.0,2.7417
smile,1.0,2.6121
smily,0.0,2.6717
smirk,1.0,2.6927
smirr,0.0,2.7447
smirs,0.0,2.7804
smite,0.959403,2.6036
smith,0.854802,2.663
smits,0.0,2.7686
smize,0.0,2.7772
smock,1.0,2.7264
smogs,0.0,2.8497
smoke,1.0,2.7038
smoko,0.0,2.841
smoky,1.0,2.7634
smolt,0.0,2.638
smoor,0.0,2.7224
smoot,0.0,2.7218
smore,0.0,2.6164
smorg,0.0,2.7047
smote,0.891137,2.608
smout,0.0,2.6396
smowt,0.0,2.7232
smugs,0.0,2.8708
smurs,0.0,2.8124
smush,0.900374,2.8681
smuts,0.0,2.7968
snabs,0.0,2.8131
snack,1.0,2.668
snafu,0.988686,2.7199
snags,0.0,2.7875
snail,1.0,2.6037
snake,1.0,2.6516
snaky,0.979137,2.7015
snaps,0.0,2.7607
snare,1.0,2.571
snarf,0.721877,2.656
snark,1.0,2.6564
snarl,1.0,2.6021
snars,0.0,2.7347
snary,0.0,2.629
snash,0.0,2.7576
snath,0.0,2.6079
snaws,0.0,2.8197
snead,0.0,2.6472
sneak,1.0,2.6926
sneap,0.0,2.6284
snebs,0.0,2.8562
sneck,0.0,2.7142
sneds,0.0,2.8239
sneed,0.0,2.6931
sneer,1.0,2.6912
snees,0.0,2.8153
snell,0.0,2.7403
snibs,0.0,2.8173
snick,0.0,2.6849
snide,1.0,2.6258
snied,0.0,2.6117
snies,0.0,2.7181
sniff,1.0,2.8356
snift,0.0,2.6422
snigs,0.0,2.7908
snipe,0.990889,2.604
snips,0.0,2.7626
snipy,0.0,2.6581
snirt,0.0,2.5771
snits,0.0,2.7388
snive,0.0,2.6719
snobs,0.0,2.8054
snods,0.0,2.811
snoek,0.0,2.6748
snoep,0.0,2.6424
snogs,0.0,2.8004
snoke,0.0,2.6562
snood,0.0,2.7467
snook,0.0,2.7715
snool,0.0,2.7063
snoop,1.0,2.7418
snoot,0.854802,2.6949
snore,1.0,2.5872
snort,1.0,2.5736
snots,0.0,2.738
snout,1.0,2.6112
snowk,0.0,2.754
snows,0.0,2.821
snowy,1.0,2.7235
snubs,0.0,2.8312
snuck,1.0,2.7168
snuff,1.0,2.8694
snugs,0.0,2.8214
snush,0.0,2.7941
snyes,0.0,2.8127
soaks,0.0,2.8182
soaps,0.0,2.7679
soapy,1.0,2.6672
soare,0.0,2.5904
soars,0.0,2.7453
soave,0.0,2.6618
sobas,0.0,2.7957
sober,1.0,2.6289
socas,0.0,2.7633
soces,0.0,2.7604
socia,0.0,2.6539
socko,0.0,2.807
socks,0.0,2.8351
socle,0.0,2.5969
sodas,0.0,2.7751
soddy,0.0,2.8231
sodic,0.0,2.6985
sodom,0.0,2.8021
sofar,0.0,2.6466
sofas,0.0,2.8292
softa,0.0,2.6829
softs,0.0,2.8008
softy,0.977936,2.7056
soger,0.0,2.6211
soggy,1.0,2.8401
sohur,0.0,2.6398
soils,0.0,2.7424
soily,0.0,2.63
sojas,0.0,2.9038
sojus,0.0,2.9221
sokah,0.0,2.7106
soken,0.0,2.684
sokes,0.0,2.8256
sokol,0.0,2.7797
solah,0.0,2.6287
solan,0.0,2.6084
solar,1.0,2.5981
solas,0.0,2.7264
solde,0.0,2.6151
soldi,0.0,2.6875
soldo,0.0,2.7558
solds,0.0,2.7921
soled,0.003896,2.6022
solei,0.0,2.6302
soler,0.0,2.5883
soles,0.0,2.7429
solid,1.0,2.6158
solon,0.0,2.7014
solos,0.0,2.8636
solum,0.0,2.6571
solus,0.0,2.7515
solve,1.0,2.6844
soman,0.0,2.6437
somas,0.0,2.7753
sonar,1.0,2.5921
sonce,0.0,2.584
sonde,0.0,2.6235
sones,0.0,2.7315
songo,0.0,2.7462
songs,0.0,2.7739
songy,0.0,2.6722
sonic,1.0,2.639
sonly,0.0,2.6314
sonne,0.0,2.6937
sonny,0.0,2.7473
sonse,0.0,2.6943
sonsy,0.0,2.7468
sooey,0.0,2.7541
sooks,0.0,2.9119
sooky,0.0,2.8078
soole,0.0,2.6727
sools,0.0,2.8337
sooms,0.0,2.8805
soops,0.0,2.868
soote,0.0,2.6739
sooth,0.915058,2.7473
soots,0.0,2.8186
sooty,1.0,2.7595
sophs,0.0,2.8043
sophy,0.0,2.6925
sopor,0.0,2.6995
soppy,0.962056,2.8116
sopra,0.0,2.6327
soral,0.0,2.5956
soras,0.0,2.7116
sorbi,0.0,2.6877
sorbo,0.0,2.744
sorbs,0.0,2.7827
sorda,0.0,2.6467
sordo,0.0,2.737
sords,0.0,2.7741
sored,0.0,2.5949
soree,0.0,2.6222
sorel,0.0,2.578
sorer,0.0,2.67
sores,0.0,2.7282
sorex,0.0,2.7008
sorgo,0.0,2.7351
sorns,0.0,2.7195
sorra,0.0,2.6969
sorry,1.0,2.749
sorta,0.0,2.5886
sorts,0.0,2.7162
sorus,0.0,2.7377
soths,0.0,2.759
sotol,0.0,2.6864
sotto,0.0,2.8004
souce,0.0,2.6036
souct,0.0,2.598
sough,0.0,2.6776
souks,0.0,2.8267
souls,0.0,2.7715
souly,0.0,2.6425
soums,0.0,2.7943
sound,1.0,2.6344
soups,0.0,2.7966
soupy,1.0,2.6907
sours,0.0,2.7745
souse,0.0,2.7162
south,1.0,2.6575
souts,0.0,2.7297
sowar,0.0,2.6492
sowce,0.0,2.6758
sowed,0.003896,2.7017
sower,0.816387,2.6707
sowff,0.0,2.9379
sowfs,0.0,2.9093
sowle,0.0,2.6518
sowls,0.0,2.8206
sowms,0.0,2.8712
sownd,0.0,2.7144
sowne,0.0,2.6506
sowps,0.0,2.8549
sowse,0.0,2.8003
sowth,0.0,2.6792
soxes,0.0,2.8797
soyas,0.0,2.7829
soyle,0.0,2.622
soyuz,0.0,2.8136
sozin,0.0,2.7421
space,1.0,2.6035
spack,0.0,2.704
spacy,0.0,2.6639
spade,1.0,2.6236
spado,0.0,2.7107
spads,0.0,2.8288
spaed,0.0,2.6395
spaer,0.0,2.5928
spaes,0.0,2.7419
spags,0.0,2.8176
spahi,0.0,2.719
spail,0.0,2.6211
spain,0.0,2.6406
spait,0.0,2.5952
spake,0.0,2.668
spald,0.0,2.6731
spale,0.0,2.5872
spall,0.0,2.7335
spalt,0.0,2.5945
spams,0.0,2.7895
spane,0.0,2.5996
spang,0.0,2.6958
spank,1.0,2.6683
spans,0.0,2.7607
spard,0.0,2.6648
spare,1.0,2.5818
spark,1.0,2.6656
spars,0.0,2.7575
spart,0.0,2.5859
spasm,1.0,2.7934
spate,1.0,2.5809
spats,0.0,2.7583
spaul,0.0,2.6438
spawl,0.0,2.7063
spawn,1.0,2.6973
spaws,0.0,2.8557
spayd,0.0,2.7265
spays,0.0,2.8054
spaza,0.0,2.8855
spazz,0.0,2.9613
speak,1.0,2.7116
speal,0.0,2.6207
spean,0.0,2.6262
spear,1.0,2.6309
speat,0.0,2.5976
speck,1.0,2.7289
specs,0.0,2.7963
spect,0.0,2.6422
speed,1.0,2.7307
speel,0.0,2.6778
speer,0.0,2.6735
speil,0.0,2.6279
speir,0.0,2.6189
speks,0.0,2.8842
speld,0.0,2.6843
spelk,0.0,2.7115
spell,1.0,2.7689
spelt,0.988901,2.6016
spend,1.0,2.6535
spent,1.0,2.6068
speos,0.0,2.7908
sperm,1.0,2.6689
spesh,0.0,2.8207
spets,0.0,2.7879
speug,0.0,2.7239
spews,0.0,2.885
spewy,0.0,2.7667
spial,0.0,2.6296
spica,0.0,2.6667
spice,1.0,2.619
spick,0.0,2.7195
spics,0.0,2.7875
spicy,1.0,2.6708
spide,0.0,2.6507
spied,1.0,2.6366
spiel,1.0,2.5995
spier,0.0,2.6026
spies,0.0,2.7754
spiff,0.943035,2.8528
spifs,0.0,2.8642
spike,1.0,2.6859
spiks,0.0,2.8452
spiky,1.0,2.7335
spile,0.0,2.6068
spill,1.0,2.7298
spilt,0.950148,2.5856
spims,0.0,2.8198
spina,0.0,2.6488
spine,1.0,2.6047
spink,0.0,2.694
spins,0.0,2.7599
spiny,0.998608,2.6532
spire,1.0,2.5985
spirt,0.0,2.5974
spiry,0.0,2.6647
spite,1.0,2.5868
spits,0.0,2.7589
spitz,0.0,2.7672
spivs,0.0,2.8838
splat,0.987324,2.5891
splay,0.971391,2.6474
split,1.0,2.5902
splog,0.0,2.7112
spode,0.0,2.6685
spods,0.0,2.847
spoil,1.0,2.6141
spoke,1.0,2.6827
spoof,1.0,2.8187
spook,1.0,2.8089
spool,0.993408,2.7251
spoom,0.0,2.7976
spoon,1.0,2.7458
spoor,0.0,2.7091
spoot,0.0,2.7085
spore,1.0,2.5975
spork,0.916618,2.6852
sport,1.0,2.5875
sposa,0.0,2.7909
sposh,0.0,2.7992
sposo,0.0,2.8897
spots,0.0,2.7776
spout,1.0,2.6398
sprad,0.0,2.6706
sprag,0.0,2.6845
sprat,0.0,2.5902
spray,1.0,2.6457
spred,0.0,2.6402
spree,1.0,2.6691
sprew,0.0,2.6841
sprig,1.0,2.6657
sprit,0.0,2.5945
sprod,0.0,2.6775
sprog,0.0,2.6939
sprue,0.0,2.6194
sprug,0.0,2.712
spuds,0.0,2.8289
spued,0.0,2.6747
spuer,0.0,2.6337
spues,0.0,2.7824
spugs,0.0,2.859
spule,0.0,2.6324
spume,0.891137,2.687
spumy,0.0,2.7293
spunk,1.0,2.7202
spurn,1.0,2.6471
spurs,0.0,2.8094
spurt,1.0,2.621
sputa,0.0,2.6522
spyal,0.0,2.6682
spyre,0.0,2.6684
squab,0.996658,2.8583
squad,1.0,2.8229
squat,1.0,2.775
squaw,0.0,2.8975
squee,0.0,2.835
squeg,0.0,2.8504
squib,0.96992,2.8793
squid,1.0,2.82
squit,0.0,2.7527
squiz,0.0,2.9535
srsly,0.0,2.7953
stabs,0.0,2.7927
stack,1.0,2.6764
stade,0.0,2.6137
staff,1.0,2.8248
stage,1.0,2.6291
stags,0.0,2.7841
stagy,0.999528,2.6703
staid,1.0,2.6178
staig,0.0,2.6523
stain,1.0,2.5989
stair,1.0,2.5862
stake,1.0,2.6613
stale,1.0,2.5548
stalk,1.0,2.6466
stall,1.0,2.7081
stamp,1.0,2.6443
stand,1.0,2.6138
stane,0.0,2.5713
stang,0.0,2.6609
stank,0.989007,2.6578
stans,0.0,2.7336
staph,0.99254,2.648
staps,0.0,2.7628
stare,1.0,2.5549
stark,1.0,2.6557
starn,0.0,2.5976
starr,0.0,2.6996
stars,0.0,2.7384
start,1.0,2.692
stary,0.0,2.6202
stash,1.0,2.7756
state,1.0,2.7116
stats,0.0,2.8693
statu,0.0,2.7545
staun,0.0,2.6221
stave,1.0,2.6804
staws,0.0,2.8223
stays,0.0,2.8141
stead,1.0,2.644
steak,1.0,2.704
steal,1.0,2.6115
steam,1.0,2.6558
stean,0.0,2.6049
stear,0.0,2.5994
stedd,0.0,2.8157
stede,0.0,2.6993
steds,0.0,2.8203
steed,0.989629,2.7122
steek,0.0,2.7363
steel,1.0,2.6772
steem,0.0,2.7181
steen,0.0,2.6649
steep,1.0,2.7052
steer,1.0,2.6803
steez,0.0,2.8179
steik,0.0,2.6791
steil,0.0,2.604
stein,0.965217,2.6194
stela,0.0,2.6022
stele,0.963686,2.6694
stell,0.0,2.7336
steme,0.0,2.7123
stems,0.0,2.8155
stend,0.0,2.67
steno,0.916618,2.6419
stens,0.0,2.7707
stent,1.0,2.7359
steps,0.0,2.7898
stept,0.0,2.7538
stere,0.0,2.6395
stern,1.0,2.606
stets,0.0,2.8872
stews,0.0,2.8656
stewy,0.0,2.7385
steys,0.0,2.8209
stich,0.0,2.6473
stick,1.0,2.6882
stied,0.0,2.6137
sties,0.0,2.7535
stiff,1.0,2.8411
stilb,0.0,2.6763
stile,0.829263,2.5658
still,1.0,2.7247
stilt,0.990127,2.7049
stime,0.0,2.633
stims,0.0,2.7939
stimy,0.0,2.6814
sting,1.0,2.6585
stink,1.0,2.6803
stint,1.0,2.7118
stipa,0.0,2.6471
stipe,0.0,2.6115
stire,0.0,2.5702
stirk,0.0,2.6668
stirp,0.0,2.6252
stirs,0.0,2.7563
stive,0.0,2.676
stivy,0.0,2.742
stoae,0.0,2.6025
stoai,0.0,2.6689
stoas,0.0,2.7548
stoat,0.0,2.7034
stobs,0.0,2.83
stock,1.0,2.7012
stoep,0.0,2.6381
stogs,0.0,2.8132
stogy,0.0,2.6956
stoic,1.0,2.6421
stoit,0.0,2.7005
stoke,1.0,2.6661
stole,1.0,2.5824
stoln,0.0,2.6298
stoma,0.721877,2.651
stomp,1.0,2.6701
stond,0.0,2.6669
stone,1.0,2.586
stong,0.0,2.675
stonk,0.0,2.6823
stonn,0.0,2.7408
stony,1.0,2.6532
stood,1.0,2.7497
stook,0.0,2.7938
stool,1.0,2.7285
stoop,1.0,2.7589
stoor,0.0,2.6809
stope,0.0,2.6289
stops,0.0,2.7894
stopt,0.0,2.7336
store,1.0,2.5855
stork,1.0,2.6699
storm,1.0,2.6279
story,1.0,2.6397
stoss,0.0,2.9198
stots,0.0,2.8612
stott,0.0,2.8619
stoun,0.0,2.6318
stoup,0.0,2.6599
stour,0.0,2.6118
stout,1.0,2.7655
stove,1.0,2.6967
stown,0.0,2.6971
stowp,0.0,2.7327
stows,0.0,2.8406
strad,0.0,2.6457
strae,0.0,2.564
strag,0.0,2.6529
strak,0.0,2.6546
strap,1.0,2.6131
straw,1.0,2.6826
stray,1.0,2.6374
strep,1.0,2.6039
strew,0.940571,2.6686
stria,0.0,2.6083
strig,0.0,2.6593
strim,0.0,2.6513
strip,1.0,2.6077
strop,0.0,2.6323
strow,0.0,2.6872
stroy,0.0,2.639
strum,0.995693,2.6673
strut,1.0,2.7562
stubs,0.0,2.839
stuck,1.0,2.731
stucs,0.0,2.7939
stude,0.0,2.6571
studs,0.0,2.8249
study,1.0,2.7059
stuff,1.0,2.8782
stull,0.0,2.7446
stulm,0.0,2.681
stumm,0.0,2.8422
stump,1.0,2.7013
stums,0.0,2.8213
stung,1.0,2.6875
stunk,0.99711,2.7083
stuns,0.0,2.7835
stunt,1.0,2.7444
stupa,0.0,2.6728
stupe,0.0,2.6426
sture,0.0,2.6026
sturt,0.0,2.7096
stush,0.0,2.7853
styed,0.0,2.6966
styes,0.0,2.8055
style,1.0,2.6387
styli,0.0,2.6958
stylo,0.0,2.6806
styme,0.0,2.7105
stymy,0.0,2.8858
styre,0.0,2.6568
styte,0.0,2.7771
suave,1.0,2.7176
subah,0.0,2.6983
subak,0.0,2.7339
subas,0.0,2.8126
subby,0.0,2.8776
suber,0.0,2.6485
subha,0.0,2.742
succi,0.0,2.8167
sucks,0.0,2.8727
sucky,0.0,2.7561
sucre,0.0,2.6145
sudan,0.0,2.6686
sudds,0.0,2.9648
sudor,0.0,2.6471
sudsy,0.986963,2.8288
suede,1.0,2.7412
suent,0.0,2.5832
suers,0.0,2.7546
suete,0.0,2.6555
suets,0.0,2.7428
suety,0.0,2.6267
sugan,0.0,2.653
sugar,1.0,2.6595
sughs,0.0,2.8547
sugos,0.0,2.8054
suhur,0.0,2.7956
suids,0.0,2.7965
suing,1.0,2.6736
suint,0.0,2.5763
suite,1.0,2.6068
suits,0.0,2.7826
sujee,0.0,2.8155
sukhs,0.0,2.8839
sukis,0.0,2.8374
sukuk,0.0,3.0136000000000003
sulci,0.0,2.6697
sulfa,0.0,2.7023
sulfo,0.0,2.7108
sulks,0.0,2.8391
sulky,0.995374,2.7337
sulls,0.0,2.8735
sully,1.0,2.7803
sulph,0.0,2.6696
sulus,0.0,2.9091
sumac,0.998704,2.6831
sumis,0.0,2.8006
summa,0.0,2.8332
sumos,0.0,2.8234
sumph,0.0,2.7177
sumps,0.0,2.8328
sunis,0.0,2.7462
sunks,0.0,2.8353
sunna,0.0,2.757
sunns,0.0,2.8962
sunny,1.0,2.7978
sunts,0.0,2.7456
sunup,0.980266,2.8018
suona,0.0,2.6365
suped,0.0,2.6609
super,1.0,2.6313
supes,0.0,2.772
supra,0.0,2.6567
surah,0.0,2.6299
sural,0.0,2.614
suras,0.0,2.7359
surat,0.0,2.5701
surds,0.0,2.8101
sured,0.0,2.614
surer,1.0,2.7248
sures,0.0,2.7198
surfs,0.0,2.8417
surfy,0.0,2.7155
surge,1.0,2.6413
surgy,0.0,2.6906
surly,1.0,2.6558
surra,0.0,2.7227
sused,0.0,2.7681
suses,0.0,2.9176
sushi,1.0,2.8589
susus,0.0,3.0789
sutor,0.0,2.5875
sutra,0.0,2.6128
sutta,0.0,2.7137
swabs,0.0,2.8663
swack,0.0,2.7544
swads,0.0,2.8667
swage,0.0,2.6931
swags,0.0,2.861
swail,0.0,2.6671
swain,0.949503,2.6839
swale,0.927457,2.6382
swaly,0.0,2.6827
swami,0.959403,2.7377
swamp,1.0,2.724
swamy,0.0,2.746
swang,0.057262,2.7157
swank,1.0,2.7324
swans,0.0,2.8175
swaps,0.0,2.8441
swapt,0.0,2.666
sward,0.0,2.6998
sware,0.0,2.6169
swarf,0.0,2.7397
swarm,1.0,2.7113
swart,0.0,2.6275
swash,0.809197,2.8574
swath,1.0,2.6907
swats,0.0,2.8185
swayl,0.0,2.7151
sways,0.0,2.8793
sweal,0.0,2.6618
swear,1.0,2.6821
sweat,1.0,2.6753
swede,0.0,2.7653
sweed,0.0,2.7593
sweel,0.0,2.7284
sweep,1.0,2.7943
sweer,0.0,2.7105
swees,0.0,2.8907
sweet,1.0,2.7435
sweir,0.0,2.6602
swell,1.0,2.8207
swelt,0.0,2.6612
swept,1.0,2.6917
swerf,0.0,2.7583
sweys,0.0,2.9059
swies,0.0,2.8013
swift,1.0,2.7236
swigs,0.0,2.866
swile,0.0,2.6444
swill,0.984882,2.7885
swims,0.0,2.8452
swine,1.0,2.6768
swing,1.0,2.7265
swink,0.0,2.7361
swipe,1.0,2.6948
swire,0.0,2.633
swirl,1.0,2.681
swish,1.0,2.8733
swiss,0.0,2.9927
swith,0.0,2.6782
swits,0.0,2.804
swive,0.0,2.757
swizz,0.0,3.0176
swobs,0.0,2.9032
swole,0.0,2.6551
swoll,0.0,2.7951
swoln,0.0,2.6824
swoon,1.0,2.789
swoop,1.0,2.8151
swops,0.0,2.8591
swopt,0.0,2.6856
sword,1.0,2.6926
swore,1.0,2.6559
sworn,1.0,2.6653
swots,0.0,2.8109
swoun,0.0,2.7014
swung,1.0,2.7603
sybbe,0.0,2.8905
sybil,0.0,2.7086
syboe,0.0,2.7018
sybow,0.0,2.8116
sycee,0.0,2.7522
syces,0.0,2.844
sycon,0.0,2.6856
syeds,0.0,2.867
syens,0.0,2.7936
syker,0.0,2.7362
sykes,0.0,2.8919
sylis,0.0,2.7882
sylph,0.0,2.7159
sylva,0.0,2.7528
symar,0.0,2.6632
synch,0.984171,2.7158
syncs,0.0,2.8262
synds,0.0,2.8716
syned,0.0,2.6906
synes,0.0,2.8075
synod,0.985428,2.6742
synth,0.995942,2.6981
syped,0.0,2.7141
sypes,0.0,2.8241
syphs,0.0,2.8769
syrah,0.0,2.6615
syren,0.0,2.653
syrup,1.0,2.6869
sysop,0.0,2.8141
sythe,0.0,2.6879
syver,0.0,2.7465
taals,0.0,2.6724
taata,0.0,2.9336
tabac,0.0,2.7627
tabby,0.989007,2.8407
taber,0.0,2.5925
tabes,0.0,2.6292
tabid,0.0,2.6715
tabis,0.0,2.6547
tabla,0.0,2.7283
table,1.0,2.5778
tabls,0.0,2.6441
taboo,1.0,2.7731
tabor,0.0,2.6087
tabos,0.0,2.656
tabun,0.0,2.6633
tabus,0.0,2.6807
tacan,0.0,2.6907
taces,0.0,2.6142
tacet,0.0,2.6786
tache,0.0,2.6292
tachi,0.0,2.6908
tacho,0.0,2.6732
tachs,0.0,2.6652
tacit,1.0,2.7365
tacks,0.0,2.6894
tacky,1.0,2.719
tacos,0.0,2.6287
tacts,0.0,2.7292
tadah,0.0,2.7575
taels,0.0,2.5782
taffy,0.997384,2.8625
tafia,0.0,2.7693
taggy,0.0,2.8213
tagma,0.0,2.7811
tagua,0.0,2.7616
tahas,0.0,2.7297
tahrs,0.0,2.635
taiga,0.0,2.7206
taigs,0.0,2.6368
taiko,0.0,2.6943
tails,0.0,2.5794
tains,0.0,2.5883
taint,1.0,2.709
taira,0.0,2.656
taish,0.0,2.5955
taits,0.0,2.6847
tajes,0.0,2.7356
takas,0.0,2.7668
taken,1.0,2.6683
taker,1.0,2.6518
takes,0.0,2.6877
takhi,0.0,2.7522
takht,0.0,2.8099
takin,0.0,2.6527
takis,0.0,2.6834
takky,0.0,2.8673
talak,0.0,2.7318
talaq,0.0,2.8338
talar,0.0,2.6552
talas,0.0,2.6801
talcs,0.0,2.6186
talcy,0.0,2.635
talea,0.0,2.6661
taler,0.0,2.5589
tales,0.0,2.5789
talik,0.0,2.6447
talks,0.0,2.6623
talky,1.0,2.6908
talls,0.0,2.7009
tally,1.0,2.7465
talma,0.0,2.7272
talon,1.0,2.5876
talpa,0.0,2.7156
taluk,0.0,2.6756
talus,0.850312,2.6241
tamal,0.0,2.7127
tamas,0.0,2.7294
tamed,0.003896,2.6203
tamer,1.0,2.5943
tames,0.0,2.6236
tamin,0.0,2.6247
tamis,0.0,2.6421
tammy,0.0,2.8044
tamps,0.0,2.6516
tanas,0.0,2.6785
tanga,0.0,2.7278
tangi,0.0,2.6624
tango,1.0,2.64
tangs,0.0,2.6506
tangy,1.0,2.6586
tanhs,0.0,2.6385
tania,0.0,2.6721
tanka,0.0,2.7532
tanks,0.0,2.6692
tanky,0.0,2.6861
tanna,0.0,2.8104
tansu,0.0,2.631
tansy,0.0,2.6058
tante,0.0,2.6564
tanti,0.0,2.7135
tanto,0.0,2.7075
tanty,0.0,2.7175
tapas,0.0,2.7367
taped,0.003896,2.614
tapen,0.0,2.6087
taper,1.0,2.5852
tapes,0.0,2.6079
tapet,0.0,2.6829
tapir,0.898205,2.5876
tapis,0.0,2.6271
tappa,0.0,2.8758
tapus,0.0,2.6553
taras,0.0,2.6592
tardo,0.0,2.6261
tards,0.0,2.6342
tardy,1.0,2.6198
tared,0.0,2.5611
tares,0.0,2.5662
targa,0.0,2.7097
targe,0.0,2.5742
tarka,0.0,2.7294
tarns,0.0,2.589
taroc,0.0,2.5999
tarok,0.0,2.6369
taros,0.0,2.5847
tarot,1.0,2.692
tarps,0.0,2.5959
tarre,0.0,2.6177
tarry,0.983579,2.7058
tarse,0.0,2.5223
tarsi,0.0,2.5947
tarte,0.0,2.6193
tarts,0.0,2.7068
tarty,0.0,2.697
tarzy,0.0,2.732
tasar,0.0,2.6463
tasca,0.0,2.7095
tased,0.003896,2.6086
taser,0.885892,2.566
tases,0.0,2.7482
tasks,0.0,2.8156
tassa,0.0,2.8065
tasse,0.0,2.6695
tasso,0.0,2.7281
taste,1.0,2.714
tasto,0.0,2.717
tasty,1.0,2.7657
tatar,0.0,2.7488
tater,0.968346,2.7078
tates,0.0,2.6818
taths,0.0,2.749
tatie,0.0,2.6607
tatou,0.0,2.7803
tatts,0.0,2.8569
tatty,0.984315,2.9062
tatus,0.0,2.7316
taube,0.0,2.6369
tauld,0.0,2.6382
taunt,1.0,2.7305
tauon,0.0,2.6328
taupe,1.0,2.6129
tauts,0.0,2.7118
tauty,0.0,2.7371
tavah,0.0,2.8025
tavas,0.0,2.7827
taver,0.0,2.6353
tawaf,0.0,2.8517
tawai,0.0,2.8127
tawas,0.0,2.7721
tawed,0.0,2.6676
tawer,0.0,2.6251
tawie,0.0,2.6559
tawny,1.0,2.6979
tawse,0.0,2.63
tawts,0.0,2.7896
taxed,0.003896,2.7474
taxer,0.0,2.6871
taxes,0.0,2.7554
taxis,0.0,2.7627
taxol,0.0,2.7281
taxon,0.0,2.7316
taxor,0.0,2.7016
taxus,0.0,2.7755
tayra,0.0,2.7168
tazza,0.0,3.0227000000000004
tazze,0.0,2.8807
teach,1.0,2.6232
teade,0.0,2.6526
teads,0.0,2.6225
teaed,0.0,2.6423
teaks,0.0,2.6545
teals,0.0,2.5778
teams,0.0,2.6246
tears,0.0,2.5703
teary,1.0,2.608
tease,1.0,2.6629
teats,0.0,2.7324
teaze,0.0,2.7611
techs,0.0,2.6933
techy,0.937924,2.7134
tecta,0.0,2.7292
tecum,0.0,2.7074
teddy,1.0,2.8223
teels,0.0,2.6772
teems,0.0,2.7494
teend,0.0,2.6907
teene,0.0,2.7741
teens,0.0,2.6932
teeny,1.0,2.7336
teers,0.0,2.6542
teeth,1.0,2.8586
teets,0.0,2.7884
teffs,0.0,2.8713
teggs,0.0,2.8322
tegua,0.0,2.6741
tegus,0.0,2.6924
tehee,0.0,2.8323
tehrs,0.0,2.648
teiid,0.0,2.7335
teils,0.0,2.6009
teind,0.0,2.6096
teins,0.0,2.5995
tekke,0.0,2.9057
telae,0.0,2.6325
telco,0.0,2.6367
teles,0.0,2.6601
telex,0.0,2.7905
telia,0.0,2.6074
telic,0.0,2.6456
tells,0.0,2.7397
telly,0.0,2.7468
teloi,0.0,2.6452
telos,0.816387,2.6126
temed,0.0,2.7115
temes,0.0,2.7104
tempi,0.0,2.7169
tempo,1.0,2.679
temps,0.0,2.6818
tempt,1.0,2.7701
temse,0.0,2.6818
tench,0.0,2.6624
tends,0.0,2.6408
tendu,0.0,2.7016
tenes,0.0,2.6638
tenet,1.0,2.7746
tenge,0.0,2.69
tenia,0.0,2.6045
tenne,0.0,2.7752
tenno,0.0,2.7401
tenny,0.0,2.7594
tenon,0.0,2.7303
tenor,1.0,2.5811
tense,1.0,2.6605
tenth,1.0,2.7636
tents,0.0,2.7444
tenty,0.0,2.7432
tenue,0.0,2.6752
tepal,0.0,2.6091
tepas,0.0,2.6262
tepee,0.985428,2.8293
tepid,1.0,2.6396
tepoy,0.0,2.6623
terai,0.0,2.5991
teras,0.0,2.5686
terce,0.0,2.627
terek,0.0,2.6875
teres,0.0,2.6265
terfe,0.0,2.6793
terfs,0.0,2.6679
terga,0.0,2.6157
terms,0.0,2.6334
terne,0.0,2.6126
terns,0.0,2.5904
terra,1.0,2.703
terre,0.0,2.7002
terry,0.990608,2.7295
terse,1.0,2.6355
terts,0.0,2.6855
terza,0.0,2.7037
tesla,0.0,2.6021
testa,0.0,2.7086
teste,0.0,2.7506
tests,0.0,2.8888
testy,1.0,2.7912
tetes,0.0,2.7702
teths,0.0,2.7767
tetra,0.685589,2.74
tetri,0.0,2.7007
teuch,0.0,2.6631
teugh,0.0,2.7016
tewed,0.0,2.7464
tewel,0.0,2.7257
tewit,0.0,2.7852
texas,0.0,2.7467
texes,0.0,2.807
texta,0.0,2.8625
texts,0.0,2.8966
thack,0.0,2.6974
thagi,0.0,2.704
thaim,0.0,2.6604
thale,0.0,2.5918
thali,0.0,2.6479
thana,0.0,2.719
thane,0.0,2.5984
thang,0.0,2.6722
thank,1.0,2.6887
thans,0.0,2.6231
thanx,0.0,2.7564
tharm,0.0,2.6418
thars,0.0,2.6156
thaws,0.0,2.7173
thawt,0.0,2.8002
thawy,0.0,2.7267
thebe,0.0,2.7533
theca,0.0,2.6383
theed,0.0,2.7101
theek,0.0,2.7672
thees,0.0,2.6947
theft,1.0,2.8361
thegn,0.0,2.6987
theic,0.0,2.6707
thein,0.0,2.6218
their,1.0,2.6375
thelf,0.0,2.7231
thema,0.0,2.6769
theme,1.0,2.7554
thens,0.0,2.6416
theor,0.0,2.6175
theow,0.0,2.7202
there,1.0,2.6946
therm,0.0,2.6711
these,1.0,2.7029
thesp,0.0,2.6555
theta,0.835053,2.783
thete,0.0,2.7954
thews,0.0,2.7384
thewy,0.0,2.7543
thick,1.0,2.72
thief,1.0,2.6787
thigh,1.0,2.8387
thigs,0.0,2.6898
thilk,0.0,2.6971
thill,0.0,2.7407
thine,0.970814,2.6009
thing,1.0,2.6892
think,1.0,2.7018
thins,0.0,2.6435
thiol,0.0,2.6397
third,1.0,2.6388
thirl,0.0,2.6412
thoft,0.0,2.8085
thole,0.0,2.6177
tholi,0.0,2.6698
thong,1.0,2.6927
thorn,1.0,2.626
thoro,0.0,2.7166
thorp,0.0,2.649
those,1.0,2.6201
thots,0.0,2.7418
thous,0.0,2.6564
thowl,0.0,2.7122
thrae,0.0,2.5779
thraw,0.0,2.6907
three,1.0,2.6754
threw,1.0,2.6969
thrid,0.0,2.6608
thrip,0.0,2.6483
throb,1.0,2.6839
throe,0.0,2.5921
throw,1.0,2.7233
thrum,1.0,2.6907
thuds,0.0,2.7155
thugs,0.0,2.7375
thuja,0.0,2.8316
thumb,1.0,2.7615
thump,1.0,2.733
thunk,0.0,2.724
thurl,0.0,2.6542
thuya,0.0,2.7287
thyme,1.0,2.7136
thymi,0.0,2.7717
thymy,0.0,2.9106
tians,0.0,2.5956
tiara,1.0,2.7058
tiare,0.0,2.5391
tiars,0.0,2.589
tibia,0.993484,2.8205
tical,0.0,2.6205
ticca,0.0,2.7769
ticed,0.0,2.6343
tices,0.0,2.6313
tichy,0.0,2.7164
ticks,0.0,2.7032
ticky,0.0,2.7534
tidal,1.0,2.6235
tiddy,0.0,2.8286
tided,0.003896,2.7609
tides,0.0,2.6306
tiefs,0.0,2.6791
tiers,0.0,2.609
tiffs,0.0,2.8433
tifos,0.0,2.6969
tifts,0.0,2.8004
tiger,1.0,2.6244
tiges,0.0,2.6464
tight,1.0,2.8112
tigon,0.0,2.6411
tikas,0.0,2.6989
tikes,0.0,2.686
tikia,0.0,2.8317
tikis,0.0,2.8308
tikka,0.0,2.8644
tilak,0.0,2.6565
tilde,0.904462,2.5904
tiled,0.003896,2.5893
tiler,0.0,2.577
tiles,0.0,2.5859
tills,0.0,2.7196
tilly,0.0,2.7368
tilth,0.0,2.7414
tilts,0.0,2.7205
timbo,0.0,2.7327
timed,0.003896,2.6348
timer,1.0,2.6128
times,0.0,2.641
timid,1.0,2.7931
timon,0.0,2.6399
timps,0.0,2.6982
tinas,0.0,2.6157
tinct,0.0,2.7118
tinds,0.0,2.6748
tinea,0.0,2.599
tined,0.0,2.6025
tines,0.0,2.6074
tinge,1.0,2.6179
tings,0.0,2.657
tinks,0.0,2.6845
tinny,1.0,2.7855
tinto,0.0,2.7105
tints,0.0,2.7306
tinty,0.0,2.7365
tipis,0.0,2.7733
tippy,0.0,2.8178
tipsy,1.0,2.654
tipup,0.0,2.8099
tired,1.0,2.577
tires,0.0,2.5883
tirls,0.0,2.624
tiros,0.0,2.606
tirrs,0.0,2.6959
tirth,0.0,2.7132
titan,1.0,2.7484
titar,0.0,2.6673
titas,0.0,2.7255
titch,0.0,2.7638
titer,0.704872,2.7194
tithe,0.97575,2.7519
tithi,0.0,2.9199
titin,0.0,2.8293
titir,0.0,2.802
titis,0.0,2.861
title,1.0,2.6981
titre,0.0,2.6403
titty,0.0,2.9032
titup,0.0,2.7699
tiyin,0.0,2.7753
tiyns,0.0,2.6597
tizes,0.0,2.7398
tizzy,0.999745,2.9518
toads,0.0,2.6297
toady,0.958457,2.664
toast,1.0,2.7002
toaze,0.0,2.709
tocks,0.0,2.7219
tocky,0.0,2.7436
tocos,0.0,2.7432
today,1.0,2.6637
todde,0.0,2.7432
toddy,0.965948,2.8228
todea,0.0,2.6308
todos,0.0,2.7689
toeas,0.0,2.6152
toffs,0.0,2.8555
toffy,0.0,2.8747
tofts,0.0,2.7949
tofus,0.0,2.7012
togae,0.0,2.6226
togas,0.0,2.6597
toged,0.0,2.6579
toges,0.0,2.657
togue,0.0,2.6421
tohos,0.0,2.7543
toidy,0.0,2.6739
toile,0.0,2.5625
toils,0.0,2.5873
toing,0.0,2.6395
toise,0.0,2.5749
toits,0.0,2.7033
toity,0.0,2.7404
tokay,0.0,2.7254
toked,0.0,2.7137
token,1.0,2.6707
toker,0.0,2.6599
tokes,0.0,2.6996
tokos,0.0,2.8067
tolan,0.0,2.6132
tolar,0.0,2.5822
tolas,0.0,2.6153
toled,0.0,2.6135
toles,0.0,2.6092
tolls,0.0,2.7294
tolly,0.0,2.7348
tolts,0.0,2.7177
tolus,0.0,2.6373
tolyl,0.0,2.7693
toman,0.0,2.6413
tombo,0.0,2.8113
tombs,0.0,2.7023
tomen,0.0,2.6366
tomes,0.0,2.6459
tomia,0.0,2.6584
tomin,0.0,2.637
tomme,0.0,2.7743
tommy,0.0,2.8259
tomos,0.0,2.7542
tomoz,0.0,2.896
tonal,1.0,2.5873
tondi,0.0,2.6717
tondo,0.0,2.7479
toned,0.003896,2.6032
toner,1.0,2.5782
tones,0.0,2.6012
toney,0.783797,2.6206
tonga,0.031973,2.6514
tongs,0.0,2.6548
tonic,1.0,2.6241
tonka,0.0,2.6855
tonks,0.0,2.6864
tonne,0.0,2.6991
tonus,0.0,2.6256
tools,0.0,2.7196
tooms,0.0,2.7492
toons,0.0,2.6952
tooth,1.0,2.8767
toots,0.0,2.849
topaz,0.965585,2.7636
toped,0.0,2.6488
topee,0.0,2.6772
topek,0.0,2.7012
toper,0.0,2.6027
topes,0.0,2.6396
tophe,0.0,2.6558
tophi,0.0,2.7128
tophs,0.0,2.6801
topic,1.0,2.6482
topis,0.0,2.6452
topoi,0.0,2.7752
topos,0.0,2.7459
toppy,0.0,2.8132
toque,0.0,2.7763
torah,0.276178,2.6103
toran,0.0,2.5839
toras,0.0,2.5943
torch,1.0,2.6325
torcs,0.0,2.6158
tores,0.0,2.5805
toric,0.0,2.6255
torii,0.0,2.729
toros,0.0,2.6892
torot,0.0,2.7639
torrs,0.0,2.6885
torse,0.0,2.5546
torsi,0.0,2.6118
torsk,0.0,2.6435
torso,1.0,2.69
torta,0.980266,2.7208
torte,1.0,2.6888
torts,0.0,2.7056
torus,0.835053,2.6193
tosas,0.0,2.7356
tosed,0.0,2.6302
toses,0.0,2.7278
toshy,0.0,2.6709
tossy,0.0,2.7468
tosyl,0.0,2.6691
total,1.0,2.722
toted,0.003896,2.7426
totem,1.0,2.7601
toter,0.0,2.6675
totes,0.0,2.7473
totty,0.0,2.8929
touch,1.0,2.6907
tough,1.0,2.711
touks,0.0,2.7051
touns,0.0,2.6259
tours,0.0,2.6164
touse,0.0,2.5868
tousy,0.0,2.6314
touts,0.0,2.7688
touze,0.0,2.74
touzy,0.0,2.7922
towai,0.0,2.7514
towed,0.003896,2.7014
towel,1.0,2.6619
tower,1.0,2.6673
towie,0.0,2.6828
towno,0.0,2.7852
towns,0.0,2.685
towny,0.0,2.7064
towse,0.0,2.66
towsy,0.0,2.7039
towts,0.0,2.8086
towze,0.0,2.8128
towzy,0.0,2.8717
toxic,1.0,2.7809
toxin,1.0,2.7606
toyed,0.003896,2.6627
toyer,0.0,2.6387
toyon,0.0,2.7425
toyos,0.0,2.7584
tozed,0.0,2.7556
tozes,0.0,2.7539
tozie,0.0,2.7318
trabs,0.0,2.6396
trace,1.0,2.5421
track,1.0,2.643
tract,1.0,2.6918
trade,1.0,2.5617
trads,0.0,2.6357
trady,0.0,2.6479
traga,0.0,2.7059
tragi,0.0,2.6414
trags,0.0,2.63
tragu,0.0,2.6672
traik,0.0,2.6274
trail,1.0,2.5719
train,1.0,2.571
trait,1.0,2.695
tramp,1.0,2.6191
trams,0.0,2.6103
trank,0.0,2.6286
tranq,0.0,2.7246
trans,1.0,2.5824
trant,0.0,2.6498
trape,0.0,2.5637
trapo,0.0,2.6158
traps,0.0,2.6018
trapt,0.0,2.6788
trash,1.0,2.605
trass,0.0,2.6914
trats,0.0,2.6714
tratt,0.0,2.8026
trave,0.0,2.6152
trawl,0.996246,2.6542
trayf,0.0,2.6911
trays,0.0,2.6338
tread,1.0,2.6041
treat,1.0,2.7073
treck,0.0,2.6789
treed,0.003896,2.673
treen,0.0,2.6251
trees,0.0,2.6685
trefa,0.0,2.6508
treif,0.0,2.6456
treks,0.0,2.6823
trema,0.0,2.6195
trems,0.0,2.6541
trend,1.0,2.6033
tress,0.829263,2.7474
trest,0.0,2.6749
trets,0.0,2.6993
trews,0.0,2.6823
treyf,0.0,2.7248
treys,0.0,2.6575
triac,0.0,2.6105
triad,0.998893,2.598
trial,1.0,2.5863
tribe,1.0,2.5946
trice,0.873821,2.5574
trick,1.0,2.6633
tride,0.0,2.5808
tried,1.0,2.5716
trier,0.900374,2.6927
tries,0.0,2.5839
trifa,0.0,2.6536
triff,0.0,2.8086
trigo,0.0,2.6385
trigs,0.0,2.6475
trike,0.904462,2.6227
trild,0.0,2.6356
trill,0.999079,2.7188
trims,0.0,2.6264
trine,0.0,2.5548
trins,0.0,2.6092
triol,0.0,2.6008
trior,0.0,2.6643
trios,0.0,2.593
tripe,1.0,2.57
trips,0.0,2.6093
tripy,0.0,2.6493
trist,0.0,2.6612
trite,1.0,2.6789
troad,0.0,2.6103
troak,0.0,2.6438
troat,0.0,2.6552
trock,0.0,2.6675
trode,0.0,2.5865
trods,0.0,2.6556
trogs,0.0,2.6504
trois,0.0,2.5988
troke,0.0,2.6352
troll,1.0,2.7186
tromp,0.953185,2.6376
trona,0.0,2.5969
tronc,0.0,2.6186
trone,0.0,2.569
tronk,0.0,2.6512
trons,0.0,2.6084
troop,1.0,2.7259
trooz,0.0,2.8176
trope,1.0,2.5772
tropo,0.0,2.7136
troth,0.0,2.704
trots,0.0,2.7153
trout,1.0,2.7353
trove,1.0,2.6567
trows,0.0,2.6791
troys,0.0,2.6549
truce,1.0,2.583
truck,1.0,2.6934
trued,0.0,2.6012
truer,1.0,2.7239
trues,0.0,2.5957
trugo,0.0,2.6549
trugs,0.0,2.6701
trull,0.0,2.7413
truly,1.0,2.6555
trump,1.0,2.6714
trunk,1.0,2.6775
truss,0.999306,2.7756
trust,1.0,2.7397
truth,1.0,2.7692
tryer,0.0,2.7373
tryke,0.0,2.7156
tryma,0.0,2.6857
tryps,0.0,2.6956
tryst,1.0,2.7634
tsade,0.0,2.6296
tsadi,0.0,2.7049
tsars,0.0,2.742
tsked,0.0,2.7593
tsuba,0.0,2.7305
tsubo,0.0,2.7293
tuans,0.0,2.6136
tuart,0.0,2.6758
tuath,0.0,2.7305
tubae,0.0,2.6461
tubal,0.95487,2.663
tubar,0.0,2.6375
tubas,0.0,2.687
tubby,0.976207,2.8743
tubed,0.003896,2.679
tuber,0.974314,2.6454
tubes,0.0,2.6726
tucks,0.0,2.7397
tufas,0.0,2.7062
tuffe,0.0,2.846
tuffs,0.0,2.8807
tufts,0.0,2.8338
tufty,0.638004,2.8521
tugra,0.0,2.6623
tuile,0.0,2.5896
tuina,0.0,2.6376
tuism,0.0,2.6388
tuktu,0.0,3.0004
tules,0.0,2.6215
tulip,1.0,2.6422
tulle,1.0,2.7225
tulpa,0.0,2.6728
tulps,0.0,2.6638
tulsi,0.0,2.6485
tumid,0.0,2.7035
tummy,1.0,2.8587
tumor,1.0,2.644
tumps,0.0,2.714
tumpy,0.0,2.7329
tunas,0.0,2.6316
tunds,0.0,2.7056
tuned,0.003896,2.6244
tuner,1.0,2.6066
tunes,0.0,2.6289
tungs,0.0,2.6853
tunic,1.0,2.6584
tunny,0.0,2.7814
tupek,0.0,2.7138
tupik,0.0,2.7226
tuple,0.0,2.6337
tuque,0.0,2.9292
turbo,1.0,2.67
turds,0.0,2.651
turfs,0.0,2.6904
turfy,0.0,2.7109
turks,0.0,2.6944
turme,0.0,2.6215
turms,0.0,2.662
turns,0.0,2.6174
turnt,0.0,2.6972
turon,0.0,2.6117
turps,0.0,2.6436
turrs,0.0,2.7146
tushy,0.0,2.6961
tusks,0.0,2.8622
tusky,0.0,2.7343
tutee,0.0,2.7607
tutes,0.0,2.7268
tutor,1.0,2.7432
tutti,0.0,2.9169
tutty,0.0,2.9215
tutus,0.0,2.9427
tuxes,0.0,2.7847
tuyer,0.0,2.662
twaes,0.0,2.6569
twain,0.978142,2.6868
twals,0.0,2.673
twang,1.0,2.7159
twank,0.0,2.729
twats,0.0,2.7891
tways,0.0,2.7435
tweak,1.0,2.7754
tweed,1.0,2.7908
tweel,0.0,2.7333
tween,1.0,2.77
tweep,0.0,2.7755
tweer,0.0,2.7069
tweet,1.0,2.8899
twerk,0.929785,2.7522
twerp,0.941412,2.6937
twice,1.0,2.6699
twier,0.0,2.6319
twigs,0.0,2.7344
twill,0.993559,2.7888
twilt,0.0,2.7672
twine,1.0,2.6499
twink,0.0,2.7433
twins,0.0,2.6887
twiny,0.0,2.7087
twire,0.0,2.6233
twirk,0.0,2.7371
twirl,1.0,2.6795
twirp,0.0,2.6977
twist,1.0,2.7891
twite,0.0,2.7573
twits,0.0,2.8117
twixt,0.816387,2.9536
twocs,0.0,2.7266
twoer,0.0,2.6414
twonk,0.0,2.748
twyer,0.0,2.724
tyees,0.0,2.7394
tyers,0.0,2.6557
tying,1.0,2.6978
tyiyn,0.0,2.8264
tykes,0.0,2.7445
tyler,0.0,2.6636
tymps,0.0,2.7716
tynde,0.0,2.7002
tyned,0.0,2.6857
tynes,0.0,2.6817
typal,0.0,2.6731
typed,0.003896,2.6851
types,0.0,2.6785
typey,0.0,2.8512
typic,0.0,2.7424
typos,0.0,2.691
typps,0.0,2.8701
typto,0.0,2.8162
tyran,0.0,2.6432
tyred,0.0,2.6596
tyres,0.0,2.6518
tyros,0.0,2.6512
tythe,0.0,2.8188
tzars,0.0,2.7369
ubacs,0.0,2.7459
ubity,0.0,2.7402
udals,0.0,2.7169
udder,0.956975,2.8141
udons,0.0,2.732
udyog,0.0,2.8188
ugali,0.0,2.7502
ugged,0.0,2.8935
uhlan,0.0,2.7019
uhuru,0.0,3.0093
ukase,0.0,2.6979
ulama,0.0,2.7761
ulans,0.0,2.6516
ulcer,1.0,2.6513
ulema,0.0,2.6946
ulmin,0.0,2.6934
ulmos,0.0,2.71
ulnad,0.0,2.6888
ulnae,0.0,2.6307
ulnar,0.991254,2.6588
ulnas,0.0,2.6712
ulpan,0.0,2.6868
ultra,1.0,2.6383
ulvas,0.0,2.7665
ulyie,0.0,2.6827
ulzie,0.0,2.7749
umami,1.0,2.9144
umbel,0.0,2.7411
umber,0.975518,2.7197
umble,0.0,2.7373
umbos,0.0,2.7907
umbra,0.885892,2.7485
umbre,0.0,2.7204
umiac,0.0,2.7659
umiak,0.0,2.8068
umiaq,0.0,2.9146
ummah,0.0,2.8984
ummas,0.0,2.8797
ummed,0.0,2.8789
umped,0.0,2.7568
umphs,0.0,2.8183
umpie,0.0,2.7247
umpty,0.0,2.7701
umrah,0.0,2.7184
umras,0.0,2.6973
unagi,0.0,2.7562
unais,0.0,2.6875
unapt,0.0,2.6725
unarm,0.052968,2.6912
unary,0.0,2.6817
unaus,0.0,2.8183
unbag,0.0,2.7837
unban,0.0,2.8552
unbar,0.0,2.6966
unbed,0.0,2.7322
unbid,0.0,2.7575
unbox,0.823057,2.8747
uncap,0.823057,2.6944
unces,0.0,2.7153
uncia,0.0,2.7231
uncle,1.0,2.6477
uncos,0.0,2.7146
uncoy,0.0,2.7301
uncus,0.0,2.875
uncut,1.0,2.8249
undam,0.0,2.7691
undee,0.0,2.7314
under,1.0,2.6573
undid,1.0,2.8358
undos,0.0,2.7382
undue,1.0,2.8222
undug,0.0,2.9311
uneth,0.0,2.6898
unfed,0.941412,2.7354
unfit,1.0,2.7238
unfix,0.0,2.9017
ungag,0.0,2.881
unget,0.0,2.6799
ungod,0.0,2.7457
ungot,0.0,2.6906
ungum,0.0,2.9252
unhat,0.0,2.7082
unhip,0.981327,2.7511
unica,0.0,2.7073
unify,1.0,2.7731
union,1.0,2.853
unios,0.0,2.6856
unite,1.0,2.6459
units,0.0,2.6677
unity,1.0,2.7069
unjam,0.663523,2.8741
unked,0.0,2.7802
unket,0.0,2.7304
unkey,0.0,2.8035
unkid,0.0,2.7873
unkut,0.0,2.8913
unlap,0.0,2.7068
unlaw,0.0,2.7726
unlay,0.0,2.699
unled,0.0,2.6817
unleg,0.0,2.7133
unlet,0.0,2.6475
unlid,0.0,2.708
unlit,0.996125,2.6578
unmad,0.0,2.7526
unman,0.0,2.8458
unmet,1.0,2.6708
unmew,0.0,2.8243
unmix,0.0,2.8655
unode,0.0,2.6921
unold,0.0,2.6947
unown,0.0,2.8886
unpay,0.0,2.7342
unpeg,0.0,2.7599
unpen,0.0,2.8269
unpin,0.750523,2.8451
unply,0.0,2.735
unpot,0.0,2.689
unput,0.0,2.8445
unred,0.0,2.6619
unrid,0.0,2.6906
unrig,0.0,2.7131
unrip,0.0,2.6934
unsaw,0.0,2.7701
unsay,0.060813,2.7127
unsee,0.955411,2.7507
unset,0.801422,2.6397
unsew,0.0,2.7676
unsex,0.0,2.8211
unsod,0.0,2.7189
unsub,0.0,2.9035
untag,0.750523,2.7128
untax,0.0,2.8099
untie,1.0,2.6491
until,1.0,2.664
untin,0.0,2.778
unwed,1.0,2.7616
unwet,0.0,2.7368
unwit,0.0,2.7451
unwon,0.0,2.9035
unzip,1.0,2.8571
upbow,0.0,2.8775
upbye,0.0,2.8226
updos,0.0,2.7741
updry,0.0,2.7643
upend,1.0,2.7062
upful,0.0,2.9276
upjet,0.0,2.8204
uplay,0.0,2.7166
upled,0.0,2.7005
uplit,0.0,2.662
upped,0.003896,2.8577
upper,1.0,2.8177
upran,0.0,2.681
uprun,0.0,2.836
upsee,0.0,2.7363
upset,1.0,2.6481
upsey,0.0,2.7331
uptak,0.0,2.7575
upter,0.0,2.6527
uptie,0.0,2.6576
uraei,0.0,2.6981
urali,0.0,2.6787
uraos,0.0,2.6574
urare,0.0,2.7113
urari,0.0,2.7899
urase,0.0,2.5966
urate,0.0,2.5887
urban,1.0,2.6829
urbex,0.0,2.8123
urbia,0.0,2.7109
urdee,0.0,2.683
ureal,0.0,2.6338
ureas,0.0,2.6429
uredo,0.0,2.6875
ureic,0.0,2.6805
ureid,0.0,2.6661
urena,0.0,2.6505
urent,0.0,2.6188
urged,0.003896,2.6736
urger,0.0,2.7681
urges,0.0,2.6871
urial,0.0,2.6534
urine,1.0,2.6236
urite,0.0,2.6013
urman,0.0,2.6781
urnal,0.0,2.6581
urned,0.0,2.643
urped,0.0,2.6615
ursae,0.0,2.6178
ursid,0.0,2.6878
urson,0.0,2.6505
urubu,0.0,3.0262
urupa,0.0,2.825
urvas,0.0,2.7469
usage,1.0,2.7222
usens,0.0,2.8296
users,0.0,2.8472
useta,0.0,2.6715
usher,1.0,2.7283
using,1.0,2.7331
usnea,0.0,2.7001
usnic,0.0,2.7291
usque,0.0,2.9976
ustad,0.0,2.7193
uster,0.0,2.6498
usual,1.0,2.8358
usure,0.0,2.7869
usurp,1.0,2.8402
usury,0.986086,2.8596
uteri,0.0,2.6762
utero,0.0,2.6561
utile,0.736992,2.6283
utter,1.0,2.7888
uveal,0.0,2.7537
uveas,0.0,2.7853
uvula,0.877061,2.9207
vacas,0.0,2.8352
vacay,0.0,2.8511
vacua,0.0,2.8657
vacui,0.0,2.8151
vacuo,0.0,2.7865
vadas,0.0,2.8546
vaded,0.0,2.8265
vades,0.0,2.713
vadge,0.0,2.7307
vagal,0.0,2.8082
vague,1.0,2.7746
vagus,0.0,2.7897
vaids,0.0,2.7498
vails,0.0,2.6806
vaire,0.0,2.6288
vairs,0.0,2.6821
vairy,0.0,2.7052
vajra,0.0,2.9446
vakas,0.0,2.8904
vakil,0.0,2.7523
vales,0.0,2.6798
valet,1.0,2.67
valid,1.0,2.718
valis,0.0,2.6926
valli,0.0,2.8291
valor,0.99315,2.6827
valse,0.0,2.6432
value,1.0,2.7155
valve,1.0,2.8548
vamps,0.0,2.7607
vampy,0.971953,2.7805
vanda,0.0,2.8451
vaned,0.0,2.6829
vanes,0.0,2.6991
vanga,0.0,2.8366
vangs,0.0,2.759
vants,0.0,2.6986
vaped,0.003896,2.7303
vaper,0.0,2.678
vapes,0.0,2.7259
vapid,1.0,2.7438
vapor,1.0,2.6984
varan,0.0,2.753
varas,0.0,2.7714
varda,0.0,2.8151
vardo,0.0,2.7181
vardy,0.0,2.7494
varec,0.0,2.6643
vares,0.0,2.6537
varia,0.0,2.7722
varix,0.0,2.819
varna,0.0,2.7687
varus,0.0,2.7224
varve,0.0,2.7892
vasal,0.0,2.7824
vases,0.0,2.8534
vasts,0.0,2.8314
vasty,0.0,2.73
vatas,0.0,2.7866
vatha,0.0,2.8399
vatic,0.0,2.7208
vatje,0.0,2.8088
vatos,0.0,2.7035
vatus,0.0,2.7322
vauch,0.0,2.7675
vault,1.0,2.6941
vaunt,0.816387,2.7082
vaute,0.0,2.6833
vauts,0.0,2.7177
vawte,0.0,2.7365
vaxes,0.0,2.8433
veale,0.0,2.6959
veals,0.0,2.6816
vealy,0.0,2.6937
veena,0.0,2.7836
veeps,0.0,2.8539
veers,0.0,2.8021
veery,0.0,2.8102
vegan,1.0,2.7625
vegas,0.0,2.7724
veges,0.0,2.8293
veggo,0.0,2.9446
vegie,0.0,2.7897
vegos,0.0,2.7911
vehme,0.0,2.8648
veils,0.0,2.7102
veily,0.0,2.7196
veins,0.0,2.7246
veiny,0.911774,2.7491
velar,0.0,2.6527
velds,0.0,2.7651
veldt,0.904462,2.7101
veles,0.0,2.7609
vells,0.0,2.842
velum,0.0,2.793
venae,0.0,2.7371
venal,1.0,2.6979
venas,0.0,2.7162
vends,0.0,2.7459
vendu,0.0,2.8092
veney,0.0,2.8135
venge,0.0,2.7916
venin,0.0,2.8381
venom,1.0,2.7651
venti,0.967348,2.7376
vents,0.0,2.7133
venue,1.0,2.8335
venus,0.0,2.7688
verba,0.0,2.7344
verbs,0.0,2.7525
verde,0.0,2.7353
verge,1.0,2.798
verra,0.0,2.7678
verre,0.0,2.8124
verry,0.0,2.8379
versa,0.0,2.6688
verse,1.0,2.7503
verso,0.902458,2.7112
verst,0.0,2.6478
verte,0.0,2.7001
verts,0.0,2.691
vertu,0.0,2.731
verve,1.0,2.946
vespa,0.0,2.7623
vesta,0.0,2.7054
vests,0.0,2.8615
vetch,0.0,2.7792
veuve,0.0,2.9543
veves,0.0,2.9537
vexed,0.003896,2.9549
vexer,0.0,2.885
vexes,0.0,2.9686
vexil,0.0,2.8321
vezir,0.0,2.8202
vials,0.0,2.7081
viand,0.0,2.7127
vibed,0.0,2.7576
vibes,0.0,2.7569
vibex,0.0,2.8919
vibey,0.0,2.8033
vicar,1.0,2.7117
viced,0.0,2.7321
vices,0.0,2.7433
vichy,0.0,2.831
vicus,0.0,2.8021
video,1.0,2.7373
viers,0.0,2.7099
vieux,0.0,2.9191
views,0.0,2.8255
viewy,0.0,2.8626
vifda,0.0,2.8691
viffs,0.0,2.988
vigas,0.0,2.7813
vigia,0.0,2.9027
vigil,1.0,2.875
vigor,1.0,2.7323
vilde,0.0,2.6909
viler,0.0,2.667
villa,1.0,2.8556
ville,0.0,2.7765
villi,0.0,2.9732
vills,0.0,2.8407
vimen,0.0,2.7339
vinal,0.0,2.6872
vinas,0.0,2.7225
vinca,0.0,2.732
vined,0.003896,2.7252
viner,0.0,2.6693
vines,0.0,2.7224
vinew,0.0,2.7737
vinho,0.0,2.7796
vinic,0.0,2.8716
vinny,0.0,2.8745
vinos,0.0,2.7219
vints,0.0,2.7111
vinyl,1.0,2.7445
viola,1.0,2.7323
viold,0.0,2.7116
viols,0.0,2.7104
viper,1.0,2.692
viral,1.0,2.7097
vired,0.0,2.6722
vireo,0.0,2.6848
vires,0.0,2.6792
virga,0.0,2.7337
virge,0.0,2.6902
virgo,0.0,2.7404
virid,0.0,2.8438
virls,0.0,2.7263
virtu,0.0,2.7456
virus,1.0,2.7581
visas,0.0,2.887
vised,0.0,2.7202
vises,0.0,2.8604
visie,0.0,2.821
visit,1.0,2.8322
visna,0.0,2.7244
visne,0.0,2.6854
vison,0.0,2.7113
visor,1.0,2.7078
vista,1.0,2.727
visto,0.0,2.7264
vitae,0.0,2.6692
vital,1.0,2.6992
vitas,0.0,2.7137
vitex,0.0,2.8165
vitro,1.0,2.7095
vitta,0.0,2.8214
vivas,0.0,2.9092
vivat,0.0,2.8584
vivda,0.0,2.9533
viver,0.0,2.8498
vives,0.0,2.8956
vivid,1.0,3.0468
vivos,0.0,2.9115
vivre,0.0,2.8256
vixen,0.990127,2.8685
vizir,0.0,2.9625
vizor,0.0,2.8284
vlast,0.0,2.6519
vleis,0.0,2.7197
vlies,0.0,2.6839
vlogs,0.0,2.7442
voars,0.0,2.6851
vobla,0.0,2.7587
vocab,0.0,2.8042
vocal,1.0,2.7213
voces,0.0,2.7455
voddy,0.0,2.923
vodka,1.0,2.8111
vodou,0.0,2.9136
vodun,0.0,2.7628
voema,0.0,2.7768
vogie,0.0,2.7293
vogue,1.0,2.7713
voice,1.0,2.6964
voici,0.0,2.8686
voids,0.0,2.7351
voila,1.0,2.7308
voile,0.968989,2.6793
voips,0.0,2.7454
volae,0.0,2.6705
volar,0.0,2.6658
voled,0.0,2.6909
voles,0.0,2.71
volet,0.0,2.662
volke,0.0,2.7558
volks,0.0,2.795
volta,0.0,2.6996
volte,0.0,2.6725
volti,0.0,2.7259
volts,0.0,2.7076
volva,0.0,2.8845
volve,0.0,2.8517
vomer,0.0,2.711
vomit,1.0,2.723
voted,0.003896,2.7226
voter,1.0,2.6907
votes,0.0,2.7116
vouch,1.0,2.7903
vouge,0.0,2.7524
voulu,0.0,2.8906
vowed,0.003896,2.7936
vowel,1.0,2.7593
vower,0.0,2.7514
voxel,0.0,2.8196
voxes,0.0,2.8659
vozhd,0.0,2.9472
vraic,0.0,2.7027
vrils,0.0,2.7221
vroom,0.926242,2.8396
vrous,0.0,2.7347
vrouw,0.0,2.8107
vrows,0.0,2.7964
vuggs,0.0,2.9668
vuggy,0.0,2.9836
vughs,0.0,2.8649
vughy,0.0,2.8844
vulgo,0.0,2.7891
vulns,0.0,2.7612
vulva,0.0,2.9218
vutty,0.0,2.8863
vygie,0.0,2.8153
vying,1.0,2.7977
waacs,0.0,2.8047
wacke,0.0,2.7464
wacko,0.994431,2.802
wacks,0.0,2.7978
wacky,1.0,2.8191
wadas,0.0,2.8403
wadds,0.0,2.8921
waddy,0.0,2.8988
waded,0.003896,2.8342
wader,0.721877,2.676
wades,0.0,2.7017
wadge,0.0,2.7221
wadis,0.0,2.7508
wadts,0.0,2.7364
wafer,1.0,2.7284
waffs,0.0,2.9525
wafts,0.0,2.7492
waged,0.003896,2.7264
wager,1.0,2.7092
wages,0.0,2.7254
wagga,0.0,2.9954
wagon,1.0,2.7301
wagyu,0.0,2.8545
wahay,0.0,2.8607
wahey,0.0,2.7671
wahoo,0.0,2.868
waide,0.0,2.6845
waifs,0.0,2.7706
waift,0.0,2.7183
wails,0.0,2.6835
wains,0.0,2.6819
wairs,0.0,2.6756
waist,1.0,2.6525
waite,0.0,2.6395
waits,0.0,2.6873
waive,1.0,2.7887
wakas,0.0,2.8657
waked,0.003896,2.7728
waken,0.870413,2.75
waker,0.0,2.7167
wakes,0.0,2.7621
wakfs,0.0,2.8617
waldo,0.0,2.7358
walds,0.0,2.7405
waled,0.0,2.6581
waler,0.0,2.6363
wales,0.0,2.6649
walie,0.0,2.6499
walis,0.0,2.6936
walks,0.0,2.7566
walla,0.0,2.8921
walls,0.0,2.807
wally,0.0,2.8088
walty,0.0,2.6939
waltz,1.0,2.8014
wamed,0.0,2.7225
wames,0.0,2.729
wamus,0.0,2.7922
wands,0.0,2.7158
waned,0.003896,2.6715
wanes,0.0,2.6752
waney,0.0,2.7027
wangs,0.0,2.7397
wanks,0.0,2.7594
wanky,0.0,2.7759
wanle,0.0,2.6384
wanly,0.990889,2.6941
wanna,0.0,2.9114
wanta,0.0,2.7702
wants,0.0,2.6761
wanty,0.0,2.6964
wanze,0.0,2.7859
waqfs,0.0,2.9551
warbs,0.0,2.7374
warby,0.0,2.7545
wards,0.0,2.7018
wared,0.0,2.6379
wares,0.0,2.669
warez,0.0,2.765
warks,0.0,2.7376
warms,0.0,2.7067
warns,0.0,2.6625
warps,0.0,2.6955
warre,0.0,2.7004
warst,0.0,2.6142
warts,0.0,2.6644
warty,0.948172,2.6809
wases,0.0,2.8061
washi,0.0,2.7869
washy,0.0,2.7647
wasms,0.0,2.8746
wasps,0.0,2.871
waspy,0.0,2.752
waste,1.0,2.6595
wasts,0.0,2.8108
watap,0.0,2.7979
watch,1.0,2.7291
water,1.0,2.6546
watts,0.0,2.8158
wauff,0.0,2.9743
waugh,0.0,2.7919
wauks,0.0,2.7984
waulk,0.0,2.7635
wauls,0.0,2.7176
waurs,0.0,2.7199
waved,0.003896,2.7775
waver,1.0,2.7637
waves,0.0,2.7879
wavey,0.0,2.8086
wawas,0.0,2.9732
wawes,0.0,2.8592
wawls,0.0,2.8647
waxed,0.003896,2.835
waxen,0.948172,2.8355
waxer,0.0,2.7838
waxes,0.0,2.8466
wayed,0.0,2.7343
wazir,0.0,2.8118
wazoo,0.0,2.962
weald,0.0,2.6637
weals,0.0,2.6714
weamb,0.0,2.7871
weans,0.0,2.6869
wears,0.0,2.6769
weary,1.0,2.6962
weave,1.0,2.8769
webby,0.0,2.9773
weber,0.0,2.7696
wecht,0.0,2.7576
wedel,0.0,2.7401
wedge,1.0,2.8117
wedgy,0.0,2.8192
weeds,0.0,2.8229
weedy,1.0,2.8556
weeis,0.0,2.7893
weeke,0.0,2.9559
weeks,0.0,2.8826
weels,0.0,2.7682
weems,0.0,2.8376
weens,0.0,2.7769
weeny,0.0,2.8131
weeps,0.0,2.829
weepy,1.0,2.8457
weest,0.0,2.7134
weete,0.0,2.8672
weets,0.0,2.7644
wefte,0.0,2.8121
wefts,0.0,2.7855
weids,0.0,2.7317
weigh,1.0,2.7748
weils,0.0,2.6836
weird,1.0,2.6782
weirs,0.0,2.6846
weise,0.0,2.7134
weize,0.0,2.8732
wekas,0.0,2.7836
welch,0.0,2.7554
welds,0.0,2.7309
welke,0.0,2.8076
welks,0.0,2.7867
welkt,0.0,2.7573
wells,0.0,2.8314
welly,0.0,2.85
welsh,0.0,2.7227
welts,0.0,2.6852
wembs,0.0,2.856
wench,0.0,2.7585
wends,0.0,2.722
wenge,0.0,2.7777
wenny,0.0,2.8637
wents,0.0,2.7098
werfs,0.0,2.7626
weros,0.0,2.679
wersh,0.0,2.6838
wests,0.0,2.8374
wetas,0.0,2.6773
wetly,0.0,2.7124
wexed,0.0,2.9032
wexes,0.0,2.9132
whack,1.0,2.8103
whale,1.0,2.6952
whamo,0.0,2.7774
whams,0.0,2.7707
whang,0.0,2.7684
whaps,0.0,2.7598
whare,0.0,2.6531
wharf,1.0,2.7828
whata,0.0,2.8032
whats,0.0,2.7011
whaup,0.0,2.8056
whaur,0.0,2.7288
wheal,0.0,2.7061
whear,0.0,2.6849
wheat,1.0,2.7204
wheek,0.0,2.8592
wheel,1.0,2.8001
wheen,0.0,2.7862
wheep,0.0,2.8186
wheft,0.0,2.7945
whelk,0.908252,2.795
whelm,0.0,2.7931
whelp,0.721877,2.7431
whens,0.0,2.7364
where,1.0,2.783
whets,0.0,2.749
whews,0.0,2.9427
wheys,0.0,2.7957
which,1.0,2.9028
whids,0.0,2.7983
whies,0.0,2.7186
whiff,1.0,2.969
whift,0.0,2.7673
whigs,0.0,2.7953
while,1.0,2.6965
whilk,0.0,2.7913
whims,0.0,2.7774
whine,1.0,2.7164
whins,0.0,2.7322
whiny,1.0,2.7664
whios,0.0,2.7394
whips,0.0,2.7693
whipt,0.0,2.7327
whirl,1.0,2.7299
whirr,0.927457,2.8277
whirs,0.0,2.7329
whish,0.0,2.8684
whisk,1.0,2.7927
whiss,0.0,2.8576
whist,0.9309,2.7054
white,1.0,2.6973
whits,0.0,2.7129
whity,0.0,2.746
whizz,0.840468,3.0544
whole,1.0,2.6887
whomp,0.913444,2.8044
whoof,0.0,2.9123
whoop,1.0,2.8842
whoot,0.0,2.7898
whops,0.0,2.7677
whore,0.0,2.6688
whorl,0.962056,2.7026
whort,0.0,2.666
whose,1.0,2.7246
whoso,0.0,2.8206
whows,0.0,2.9182
whump,0.0,2.8567
whups,0.0,2.8086
whyda,0.0,2.8437
wicca,0.0,2.8894
wicks,0.0,2.7937
wicky,0.0,2.8479
widdy,0.0,2.9256
widen,1.0,2.7003
wider,1.0,2.6759
wides,0.0,2.7167
widow,1.0,2.8966
width,1.0,2.7403
wield,1.0,2.7096
wiels,0.0,2.6895
wifed,0.0,2.7657
wifes,0.0,2.7783
wifey,0.0,2.8115
wifie,0.0,2.8896
wifts,0.0,2.7747
wifty,0.0,2.8015
wigan,0.0,2.735
wigga,0.0,2.9303
wiggy,0.0,2.9457
wight,0.829263,2.7584
wikis,0.0,2.9128
wilco,0.0,2.7347
wilds,0.0,2.7048
wiled,0.003896,2.6878
wiles,0.0,2.6921
wilga,0.0,2.7519
wilis,0.0,2.843
wilja,0.0,2.8764
wills,0.0,2.8016
willy,0.883085,2.8382
wilts,0.0,2.675
wimps,0.0,2.7478
wimpy,1.0,2.7821
wince,1.0,2.6778
winch,0.987084,2.7375
winds,0.0,2.7142
windy,1.0,2.747
wined,0.003896,2.7074
wines,0.0,2.6989
winey,0.936046,2.7376
winge,0.0,2.7132
wings,0.0,2.7272
wingy,0.0,2.7693
winks,0.0,2.7498
winky,0.0,2.8017
winna,0.0,2.8441
winns,0.0,2.8418
winos,0.0,2.6982
winze,0.0,2.8151
wiped,0.003896,2.72
wiper,1.0,2.6731
wipes,0.0,2.7163
wired,0.003896,2.6705
wirer,0.0,2.7615
wires,0.0,2.6849
wirra,0.0,2.7963
wirri,0.0,2.9373
wised,0.0,2.7049
wiser,1.0,2.6877
wises,0.0,2.8282
wisha,0.0,2.7824
wisht,0.0,2.7129
wisps,0.0,2.8514
wispy,1.0,2.7497
wists,0.0,2.8327
witan,0.0,2.6754
witch,1.0,2.7391
wited,0.0,2.6786
wites,0.0,2.6766
withe,0.0,2.6998
withs,0.0,2.7381
withy,0.0,2.7688
witty,1.0,2.8495
wived,0.0,2.7874
wiver,0.0,2.7526
wives,0.0,2.8032
wizen,0.0,2.8255
wizes,0.0,2.8551
wizzo,0.0,3.0551000000000004
woads,0.0,2.742
woady,0.0,2.7545
woald,0.0,2.6827
wocks,0.0,2.8088
wodge,0.0,2.7359
wodgy,0.0,2.7947
woful,0.0,2.7938
wojus,0.0,2.8995
woken,1.0,2.7603
woker,0.0,2.7344
wokka,0.0,2.9584
wolds,0.0,2.7527
wolfs,0.0,2.7462
wolly,0.0,2.8275
wolve,0.0,2.7513
woman,1.0,2.7312
womas,0.0,2.7552
wombs,0.0,2.7835
womby,0.0,2.8398
women,1.0,2.7182
womyn,0.0,2.7872
wonga,0.0,2.7482
wongi,0.0,2.7605
wonks,0.0,2.7505
wonky,1.0,2.7983
wonts,0.0,2.6887
woods,0.0,2.8248
woody,1.0,2.8702
wooed,0.003896,2.8104
wooer,0.76271,2.7899
woofs,0.0,2.8725
woofy,0.0,2.9067
woold,0.0,2.7983
wools,0.0,2.7914
wooly,0.967006,2.8337
woons,0.0,2.79
woops,0.0,2.8388
woopy,0.0,2.8606
woose,0.0,2.7685
woosh,0.0,2.7983
wootz,0.0,2.9239
woozy,1.0,3.0173
words,0.0,2.7075
wordy,1.0,2.7355
works,0.0,2.751
worky,0.0,2.7708
world,1.0,2.6865
worms,0.0,2.7179
wormy,0.963288,2.7448
worry,1.0,2.8298
worse,1.0,2.6404
worst,1.0,2.635
worth,1.0,2.703
worts,0.0,2.6658
would,1.0,2.7242
wound,1.0,2.7278
woven,1.0,2.7766
wowed,0.003896,2.8722
wowee,0.0,2.9225
wowse,0.0,2.85
woxen,0.0,2.8166
wrack,0.919587,2.754
wrang,0.0,2.7057
wraps,0.0,2.7016
wrapt,0.0,2.6524
wrast,0.0,2.6159
wrate,0.0,2.5999
wrath,1.0,2.6833
wrawl,0.0,2.8307
wreak,1.0,2.7496
wreck,1.0,2.7566
wrens,0.0,2.6964
wrest,1.0,2.6537
wrick,0.0,2.759
wried,0.0,2.6485
wrier,0.0,2.7518
wries,0.0,2.6593
wring,1.0,2.7134
wrist,1.0,2.6318
write,1.0,2.6331
writs,0.0,2.6644
wroke,0.0,2.7031
wrong,1.0,2.7079
wroot,0.0,2.7251
wrote,1.0,2.6475
wroth,0.0,2.6721
wrung,1.0,2.7394
wryer,0.0,2.8338
wryly,1.0,2.8885
wuddy,0.0,2.9611
wudus,0.0,2.9591
wuffs,0.0,2.9998
wulls,0.0,2.8597
wunga,0.0,2.7862
wurst,0.955411,2.6715
wuses,0.0,2.8633
wushu,0.0,2.9633
wussy,0.0,2.8856
wuxia,0.0,2.9285
wyled,0.0,2.754
wyles,0.0,2.7554
wynds,0.0,2.8371
wynns,0.0,2.906
wyted,0.0,2.7638
wytes,0.0,2.7549
wythe,0.0,2.7857
xebec,0.0,2.9089
xenia,0.0,2.778
xenic,0.0,2.8146
xenon,0.968018,2.932
xeric,0.0,2.7892
xerox,0.0,2.9318
xerus,0.0,2.7936
xoana,0.0,2.8602
xolos,0.0,2.8873
xrays,0.0,2.8185
xviii,0.0,3.2068000000000003
xylan,0.0,2.8214
xylem,0.0,2.8757
xylic,0.0,2.8759
xylol,0.0,2.9393
xylyl,0.0,3.1256000000000004
xysti,0.0,2.8704
xysts,0.0,2.9886
yaars,0.0,2.75
yaass,0.0,2.8684
yabas,0.0,2.8132
yabba,0.0,2.9763
yabby,0.0,3.0219
yacca,0.0,2.9175
yacht,1.0,2.7093
yacka,0.0,2.8593
yacks,0.0,2.7702
yadda,0.0,2.9466
yaffs,0.0,2.9141
yager,0.0,2.6731
yages,0.0,2.7121
yagis,0.0,2.7305
yagna,0.0,2.7879
yahoo,0.97575,2.8598
yaird,0.0,2.6767
yajna,0.0,2.9062
yakka,0.0,3.0037000000000003
yakow,0.0,2.8388
yales,0.0,2.6525
yamen,0.0,2.692
yampa,0.0,2.8389
yampy,0.0,2.883
yamun,0.0,2.7206
yandy,0.0,2.8483
yangs,0.0,2.7084
yanks,0.0,2.7344
yapok,0.0,2.7668
yapon,0.0,2.6938
yapps,0.0,2.8421
yappy,0.935071,2.9832
yarak,0.0,2.7989
yarco,0.0,2.663
yards,0.0,2.6816
yarer,0.0,2.7321
yarfa,0.0,2.8149
yarks,0.0,2.7261
yarns,0.0,2.6386
yarra,0.0,2.8395
yarrs,0.0,2.7543
yarta,0.0,2.7243
yarto,0.0,2.6439
yates,0.0,2.6542
yatra,0.0,2.7272
yauds,0.0,2.7404
yauld,0.0,2.6932
yaups,0.0,2.7163
yawed,0.0,2.7573
yawey,0.0,2.9023
yawls,0.0,2.7326
yawns,0.0,2.7383
yawny,0.0,2.8845
yawps,0.0,2.7669
yayas,0.0,2.9258
ybore,0.0,2.7065
yclad,0.0,2.7334
ycled,0.0,2.7423
ycond,0.0,2.7291
ydrad,0.0,2.8543
ydred,0.0,2.8318
yeads,0.0,2.7136
yeahs,0.0,2.7254
yealm,0.0,2.6608
yeans,0.0,2.6509
yeard,0.0,2.6542
yearn,1.0,2.6273
years,0.0,2.6591
yeast,1.0,2.6284
yecch,0.0,2.8772
yechs,0.0,2.765
yechy,0.0,2.9105
yedes,0.0,2.7764
yeeds,0.0,2.8168
yeeek,0.0,2.954
yeesh,0.0,2.7851
yeggs,0.0,2.9103
yelks,0.0,2.7696
yells,0.0,2.8065
yelms,0.0,2.7267
yelps,0.0,2.6962
yelts,0.0,2.6709
yenta,0.0,2.6503
yente,0.0,2.7365
yerba,0.0,2.7054
yerds,0.0,2.7205
yerks,0.0,2.7624
yeses,0.0,2.9156
yesks,0.0,2.914
yests,0.0,2.8101
yesty,0.0,2.8306
yetis,0.0,2.6682
yetts,0.0,2.7871
yeuch,0.0,2.7296
yeuks,0.0,2.7805
yeuky,0.0,2.9337
yeven,0.0,2.8333
yeves,0.0,2.8522
yewen,0.0,2.8307
yexed,0.0,2.9022
yexes,0.0,2.9067
yfere,0.0,2.8114
yield,1.0,2.681
yiked,0.0,2.7844
yikes,0.0,2.7655
yills,0.0,2.7955
yince,0.0,2.6786
yipes,0.0,2.7104
yippy,0.0,3.0114
yirds,0.0,2.7366
yirks,0.0,2.7588
yirrs,0.0,2.7881
yirth,0.0,2.6789
yites,0.0,2.6778
yitie,0.0,2.7945
ylems,0.0,2.7241
ylide,0.0,2.6884
ylids,0.0,2.7328
ylike,0.0,2.726
ylkes,0.0,2.763
ymolt,0.0,2.6989
ympes,0.0,2.7788
yobbo,0.0,2.9896
yobby,0.0,3.0321
yocks,0.0,2.7913
yodel,0.968346,2.6504
yodhs,0.0,2.7704
yodle,0.0,2.6793
yogas,0.0,2.7285
yogee,0.0,2.7841
yoghs,0.0,2.7748
yogic,0.0,2.7772
yogin,0.0,2.7037
yogis,0.0,2.7398
yohah,0.0,2.8818
yohay,0.0,2.8797
yoick,0.0,2.763
yojan,0.0,2.8262
yokan,0.0,2.7466
yoked,0.003896,2.7566
yokeg,0.0,2.8307
yokel,0.946784,2.722
yoker,0.0,2.7467
yokes,0.0,2.7634
yokul,0.0,2.7605
yolks,0.0,2.7331
yolky,0.0,2.89
yolps,0.0,2.7012
yomim,0.0,2.8704
yomps,0.0,2.7507
yonic,0.0,2.71
yonis,0.0,2.6786
yonks,0.0,2.7516
yonny,0.0,2.9379
yoofs,0.0,2.8635
yoops,0.0,2.8102
yopos,0.0,2.8178
yoppo,0.0,2.9603
yores,0.0,2.6698
yorga,0.0,2.7035
yorks,0.0,2.7417
yorps,0.0,2.6946
youks,0.0,2.7767
young,1.0,2.7461
yourn,0.0,2.673
yours,0.0,2.6915
yourt,0.0,2.6465
youse,0.0,2.659
youth,1.0,2.7431
yowed,0.0,2.7773
yowes,0.0,2.7836
yowie,0.0,2.7663
yowls,0.0,2.7447
yowsa,0.0,2.7678
yowza,0.0,2.9275
yoyos,0.0,2.9568
yrapt,0.0,2.6451
yrent,0.0,2.6454
yrivd,0.0,2.7852
yrneh,0.0,2.7067
ysame,0.0,2.6998
ytost,0.0,2.7618
yuans,0.0,2.6884
yucas,0.0,2.7347
yucca,0.99856,2.8917
yucch,0.0,2.8768
yucko,0.0,2.8115
yucks,0.0,2.8024
yucky,0.984742,2.9657
yufts,0.0,2.7657
yugas,0.0,2.7437
yuked,0.0,2.8069
yukes,0.0,2.7971
yukky,0.0,3.0938
yukos,0.0,2.7915
yulan,0.0,2.6903
yules,0.0,2.7004
yummo,0.0,2.9007
yummy,1.0,3.0479000000000003
yumps,0.0,2.7814
yupon,0.0,2.7189
yuppy,0.0,3.0301
yurta,0.0,2.6857
yurts,0.0,2.6716
yuzus,0.0,3.0108
zabra,0.0,2.8878
zacks,0.0,2.8743
zaida,0.0,2.8998
zaide,0.0,2.7531
zaidy,0.0,2.8249
zaire,0.0,2.6857
zakat,0.0,2.9028
zamac,0.0,2.9198
zamak,0.0,2.959
zaman,0.0,2.8851
zambo,0.0,2.8782
zamia,0.0,2.911
zamis,0.0,2.8205
zanja,0.0,3.0121
zante,0.0,2.7085
zanza,0.0,3.0377
zanze,0.0,2.9016
zappy,0.0,2.9644
zarda,0.0,2.8761
zarfs,0.0,2.8265
zaris,0.0,2.751
zatis,0.0,2.75
zawns,0.0,2.8509
zaxes,0.0,2.9042
zayde,0.0,2.8188
zayin,0.0,2.8058
zazen,0.0,2.9128
zeals,0.0,2.7411
zebec,0.0,2.9092
zebra,1.0,2.7944
zebub,0.0,3.0252
zebus,0.0,2.8855
zedas,0.0,2.8095
zeera,0.0,2.8164
zeins,0.0,2.7733
zendo,0.0,2.8205
zerda,0.0,2.7587
zerks,0.0,2.8431
zeros,0.0,2.775
zests,0.0,2.9128
zesty,1.0,2.8197
zetas,0.0,2.7528
zexes,0.0,2.9916
zezes,0.0,3.0243
zhomo,0.0,2.9541
zhush,0.0,2.9703
zhuzh,0.0,3.1580000000000004
zibet,0.0,2.7622
ziffs,0.0,3.0337
zigan,0.0,2.8067
zikrs,0.0,2.8629
zilas,0.0,2.7765
zilch,0.9725,2.8082
zilla,0.0,2.891
zills,0.0,2.8993
zimbi,0.0,3.0458
zimbs,0.0,2.9118
zinco,0.0,2.8017
zincs,0.0,2.8108
zincy,0.0,2.8233
zineb,0.0,2.8155
zines,0.0,2.7712
zings,0.0,2.8019
zingy,0.0,2.8409
zinke,0.0,2.8212
zinky,0.0,2.879
zinos,0.0,2.786
zippo,0.0,2.9748
zippy,1.0,2.9763
ziram,0.0,2.7939
zitis,0.0,2.9039
zitty,0.0,2.9055
zizel,0.0,2.9198
zizit,0.0,3.0509000000000004
zlote,0.0,2.739
zloty,0.0,2.7846
zoaea,0.0,2.8683
zobos,0.0,2.9431
zobus,0.0,2.8637
zocco,0.0,3.0249
zoeae,0.0,2.8489
zoeal,0.0,2.7561
zoeas,0.0,2.7812
zoism,0.0,2.8055
zoist,0.0,2.7231
zokor,0.0,2.9215
zolle,0.0,2.8505
zombi,0.0,2.9145
zonae,0.0,2.7335
zonal,0.859036,2.7534
zonda,0.0,2.8263
zoned,0.003896,2.7537
zoner,0.0,2.7327
zones,0.0,2.7716
zonks,0.0,2.8565
zooea,0.0,2.8895
zooey,0.0,2.9171
zooid,0.0,2.8921
zooks,0.0,2.9573
zooms,0.0,2.9188
zoomy,0.0,2.9337
zoons,0.0,2.8739
zooty,0.0,2.8875
zoppa,0.0,2.9751
zoppo,0.0,3.0605
zoril,0.0,2.7455
zoris,0.0,2.7668
zorro,0.0,2.9462
zorse,0.0,2.7029
zouks,0.0,2.879
zowee,0.0,2.8982
zowie,0.0,2.8488
zulus,0.0,2.9628
zupan,0.0,2.8306
zupas,0.0,2.841
zuppa,0.0,3.0055
zurfs,0.0,2.8774
zuzim,0.0,3.0292000000000003
zygal,0.0,2.841
zygon,0.0,2.8643
zymes,0.0,2.8985
zymic,0.0,2.9256
