word,prior
aahed,0.0
aalii,0.0
aapas,0.0
aargh,0.0
aarti,0.0
abaca,0.0
abaci,0.0
aback,0.58
abacs,0.0
abaft,0.0
abaht,0.0
abaka,0.0
abamp,0.0
aband,0.0
abase,0.528829
abash,0.0185443
abask,0.0
abate,0.58
abaya,0.0
abbas,0.0
abbed,0.0
abbes,0.0
abbey,0.579492
abbot,0.575578
abcee,0.0
abeam,0.0
abear,0.0
abeat,0.0
abeer,0.0
abele,0.0
abeng,0.0
abers,0.0
abets,0.0
abeys,0.0
abhor,0.58
abide,0.58
abies,0.0
abius,0.0
abjad,0.0
abjud,0.0
abled,0.00225968
abler,0.0
ables,0.0
ablet,0.0
ablow,0.0
abmho,0.0
abnet,0.0
abode,0.58
abohm,0.0
aboil,0.384843
aboma,0.0
aboon,0.0
abord,0.0
abore,0.0
aborn,0.0
abort,0.58
about,0.58
above,0.58
abram,0.0
abray,0.0
abrim,0.0
abrin,0.0
abris,0.0
absey,0.0
absit,0.0
abuna,0.0
abune,0.0
abura,0.0
aburn,0.0
abuse,0.58
abuts,0.0
abuzz,0.58
abyes,0.0
abysm,0.0
abyss,0.58
acais,0.0
acara,0.0
acari,0.0
accas,0.0
accha,0.0
accoy,0.0
accra,0.0
acedy,0.0
acene,0.0
acerb,0.0
acers,0.0
aceta,0.0
achar,0.0
ached,0.00225968
acher,0.0
aches,0.0
achey,0.0
achoo,0.0307214
acids,0.0
acidy,0.0
acies,0.0
acing,0.5593889999999999
acini,0.0
ackee,0.0
acker,0.0
acmes,0.0
acmic,0.0
acned,0.0
acnes,0.0
acock,0.0
acoel,0.0
acold,0.0
acone,0.0
acorn,0.58
acral,0.0
acred,0.0
acres,0.0
acrid,0.58
acron,0.0
acros,0.0
acryl,0.0
actas,0.0
acted,0.00225968
actin,0.0
acton,0.0
actor,0.58
actus,0.0
acute,0.58
acyls,0.0
adage,0.58
adapt,0.58
adats,0.0
adawn,0.0
adaws,0.0
adays,0.0
adbot,0.0
addas,0.0
addax,0.0
added,0.00225968
adder,0.506816
addin,0.0
addio,0.0
addle,0.5048400000000001
addra,0.0
adead,0.0
adeem,0.0
adept,0.58
adhan,0.0
adhoc,0.0
adieu,0.58
adios,0.542341
adits,0.0
adlib,0.0
adman,0.0
admen,0.0
admin,0.560457
admit,0.58
admix,0.0
adnex,0.0
adobe,0.58
adobo,0.577317
adoon,0.0
adopt,0.58
adorb,0.0
adore,0.58
adorn,0.58
adown,0.0
adoze,0.0
adrad,0.0
adraw,0.0
adred,0.0
adret,0.0
adrip,0.0
adsum,0.0
aduki,0.0
adult,0.58
adunc,0.0
adust,0.0
advew,0.0
advts,0.0
adyta,0.0
adyts,0.0
adzed,0.0
adzes,0.0
aecia,0.0
aedes,0.0
aeger,0.0
aegis,0.58
aeons,0.0
aerie,0.58
aeros,0.0
aesir,0.0
aevum,0.0
afald,0.0
afanc,0.0
afara,0.0
afars,0.0
afear,0.0
affix,0.58
affly,0.0
afion,0.0
afire,0.58
afizz,0.0
aflaj,0.0
aflap,0.0
aflow,0.0
afoam,0.0
afoot,0.58
afore,0.370042
afoul,0.58
afret,0.0
afrit,0.0
afros,0.0
after,0.58
aftos,0.0
again,0.58
agals,0.0
agama,0.0
agami,0.0
agamy,0.0
agape,0.58
agars,0.0
agasp,0.0
agast,0.0
agate,0.568968
agaty,0.0
agave,0.58
agaze,0.0
agbas,0.0
agene,0.0
agent,0.58
agers,0.0
aggag,0.0
agger,0.0
aggie,0.0
aggri,0.0
aggro,0.0
aggry,0.0
aghas,0.0
agidi,0.0
agila,0.0
agile,0.58
aging,0.58
agios,0.0
agism,0.0
agist,0.0
agita,0.576522
aglee,0.0
aglet,0.0
agley,0.0
agloo,0.0
aglow,0.58
aglus,0.0
agmas,0.0
agoge,0.0
agogo,0.0
agone,0.0
agons,0.0
agony,0.58
agood,0.0
agora,0.5547489999999999
agree,0.58
agria,0.0
agrin,0.0
agros,0.0
agrum,0.0
agued,0.0
agues,0.0
aguey,0.0
aguna,0.0
agush,0.0
aguti,0.0
ahead,0.58
aheap,0.0
ahent,0.0
ahigh,0.0
ahind,0.0
ahing,0.0
ahint,0.0
ahold,0.5763510000000001
ahole,0.0
ahull,0.0
ahuru,0.0
aidas,0.0
aided,0.00225968
aider,0.498241
aides,0.0
aidoi,0.0
aidos,0.0
aiery,0.0
aigas,0.0
aight,0.0
ailed,0.00225968
aimag,0.0
aimak,0.0
aimed,0.00225968
aimer,0.0
ainee,0.0
ainga,0.0
aioli,0.58
aired,0.00225968
airer,0.0
airns,0.0
airth,0.0
airts,0.0
aisle,0.58
aitch,0.0
aitus,0.0
aiver,0.0
aixes,0.0
aiyah,0.0
aiyee,0.0
aiyoh,0.0
aiyoo,0.0
aizle,0.0
ajies,0.0
ajiva,0.0
ajuga,0.0
ajupa,0.0
ajwan,0.0
akara,0.0
akees,0.0
akela,0.0
akene,0.0
aking,0.0
akita,0.0
akkas,0.0
akker,0.0
akoia,0.0
akoja,0.0
akoya,0.0
aksed,0.0
akses,0.0
alaap,0.0
alack,0.0
alala,0.0
alamo,0.0
aland,0.0
alane,0.0
alang,0.0
alans,0.0
alant,0.0
alapa,0.0
alaps,0.0
alarm,0.58
alary,0.0
alata,0.0
alate,0.0
alays,0.0
albas,0.0
albee,0.0
albid,0.0
album,0.58
alcea,0.0
alces,0.0
alcid,0.0
alcos,0.0
aldea,0.0
alder,0.565245
aldol,0.0
aleak,0.0
aleck,0.0
alecs,0.0
aleem,0.0
alefs,0.0
aleft,0.0
aleph,0.0
alert,0.58
alews,0.0
aleye,0.0
alfas,0.0
algae,0.58
algal,0.0
algas,0.0
algid,0.0
algin,0.0
algor,0.0
algos,0.0
algum,0.0
alias,0.58
alibi,0.58
alick,0.0
alien,0.58
alifs,0.0
align,0.58
alike,0.58
alims,0.0
aline,0.0
alios,0.0
alist,0.0
alive,0.58
aliya,0.0
alkie,0.0
alkin,0.0
alkos,0.0
alkyd,0.0
alkyl,0.0
allan,0.0
allay,0.58
allee,0.0
allel,0.0
allen,0.0
aller,0.0
alley,0.58
allin,0.0
allis,0.0
allod,0.0
allot,0.576522
allow,0.58
alloy,0.58
allus,0.0
allyl,0.0
almah,0.0
almas,0.0
almeh,0.0
almes,0.0
almud,0.0
almug,0.0
alods,0.0
aloed,0.0
aloes,0.0
aloft,0.58
aloha,0.562014
aloin,0.0
alone,0.58
along,0.58
aloof,0.58
aloos,0.0
alose,0.0
aloud,0.58
alowe,0.0
alpha,0.58
altar,0.58
alter,0.58
altho,0.0
altos,0.0
alula,0.0
alums,0.0
alumy,0.0
alure,0.0
alurk,0.0
alvar,0.0
alway,0.0
amahs,0.0
amain,0.0
amari,0.0
amaro,0.5638920000000001
amass,0.58
amate,0.0
amaut,0.0
amaze,0.58
amban,0.0
amber,0.58
ambit,0.56436
amble,0.58
ambos,0.0
ambry,0.0
ameba,0.0
ameer,0.0
amend,0.58
amene,0.0
amens,0.0
ament,0.0
amias,0.0
amice,0.0
amici,0.0
amide,0.0
amido,0.0
amids,0.0
amies,0.0
amiga,0.0
amigo,0.5464950000000001
amine,0.0
amino,0.58
amins,0.0
amirs,0.0
amiss,0.58
amity,0.573866
amlas,0.0
amman,0.0
ammas,0.0
ammon,0.0
ammos,0.0
amnia,0.0
amnic,0.0
amnio,0.0
amoks,0.0
amole,0.0
among,0.58
amore,0.0
amort,0.0
amour,0.573624
amove,0.0
amowt,0.0
amped,0.00225968
ample,0.58
amply,0.58
ampul,0.0
amrit,0.0
amuck,0.46482500000000004
amuse,0.58
amyls,0.0
anana,0.0
anata,0.0
ancho,0.573686
ancle,0.0
ancon,0.0
andic,0.0
andro,0.0
anear,0.0
anele,0.0
anent,0.0
angas,0.0
angel,0.58
anger,0.58
angle,0.58
anglo,0.0
angry,0.58
angst,0.58
anigh,0.0
anile,0.0
anils,0.0
anima,0.5464950000000001
anime,0.58
animi,0.0
anion,0.0
anise,0.58
anker,0.0
ankhs,0.0
ankle,0.58
ankus,0.0
anlas,0.0
annal,0.0113204
annan,0.0
annas,0.0
annat,0.0
annex,0.58
annoy,0.58
annul,0.58
annum,0.0
annus,0.0
anoas,0.0
anode,0.49318100000000004
anole,0.49318100000000004
anomy,0.0
ansae,0.0
ansas,0.0
antae,0.0
antar,0.0
antas,0.0
anted,0.0
antes,0.0
antic,0.58
antis,0.0
antra,0.0
antre,0.0
antsy,0.58
anura,0.0
anvil,0.58
anyon,0.0
aorta,0.58
apace,0.58
apage,0.0
apaid,0.0
apart,0.58
apayd,0.0
apays,0.0
apeak,0.0
apeek,0.0
apers,0.0
apert,0.0
apery,0.0
apgar,0.0
aphid,0.55033
aphis,0.0
apian,0.0
aping,0.576479
apiol,0.0
apish,0.0
apism,0.0
apnea,0.58
apode,0.0
apods,0.0
apols,0.0
apoop,0.0
aport,0.0
appal,0.0
appam,0.0
appay,0.0
appel,0.0
apple,0.58
apply,0.58
appro,0.0
appts,0.0
appui,0.0
appuy,0.0
apres,0.0
apron,0.58
apses,0.0
apsis,0.0
apsos,0.0
apted,0.0
apter,0.0
aptly,0.58
aquae,0.0
aquas,0.0
araba,0.0
araks,0.0
arame,0.0
arars,0.0
arbah,0.0
arbas,0.0
arbor,0.54486
arced,0.00225968
archi,0.0
arcos,0.0
arcus,0.0
ardeb,0.0
ardor,0.576577
ardri,0.0
aread,0.0
areae,0.0
areal,0.0
arear,0.0
areas,0.0
areca,0.0
aredd,0.0
arede,0.0
arefy,0.0
areic,0.0
arena,0.58
arene,0.0
arepa,0.0
arere,0.0
arete,0.0
arets,0.0
arett,0.0
argal,0.0
argan,0.0
argil,0.0
argle,0.0
argol,0.0
argon,0.557497
argot,0.58
argue,0.58
argus,0.0
arhat,0.0
arias,0.0
ariel,0.0
ariki,0.0
arils,0.0
ariot,0.0
arise,0.58
arish,0.0
arith,0.0
arked,0.0
arled,0.0
arles,0.0
armed,0.58
armer,0.0
armet,0.0
armil,0.0
armor,0.58
arnas,0.0
arnis,0.0
arnut,0.0
aroba,0.0
aroha,0.0
aroid,0.0
aroma,0.58
arose,0.58
arpas,0.0
arpen,0.0
arrah,0.0
arras,0.0
array,0.58
arret,0.0
arris,0.0
arrow,0.58
arroz,0.0
arsed,0.0
arses,0.0
arsey,0.0
arsis,0.0
arson,0.58
artal,0.0
artel,0.0
arter,0.0
artic,0.0
artis,0.0
artly,0.0
artsy,0.58
aruhe,0.0
arums,0.0
arval,0.0
arvee,0.0
arvos,0.0
aryls,0.0
asada,0.0
asana,0.0
ascon,0.0
ascot,0.566837
ascus,0.0
asdic,0.0
ashed,0.00225968
ashen,0.58
ashes,0.0
ashet,0.0
aside,0.58
asity,0.0
askar,0.0
asked,0.00225968
asker,0.480973
askew,0.58
askoi,0.0
askos,0.0
aspen,0.572986
asper,0.0
aspic,0.569561
aspie,0.0
aspis,0.0
aspro,0.0
assai,0.0
assam,0.0
assay,0.560863
assed,0.0
asses,0.0
asset,0.58
assez,0.0
assot,0.0
aster,0.547415
astir,0.523426
astun,0.0
asura,0.0
asway,0.0
aswim,0.0
asyla,0.0
ataps,0.0
ataxy,0.0
atigi,0.0
atilt,0.0
atimy,0.0
atlas,0.58
atman,0.0
atmas,0.0
atmos,0.0
atocs,0.0
atoke,0.0
atoks,0.0
atoll,0.576563
atoms,0.0
atomy,0.0
atone,0.58
atony,0.0
atopy,0.0
atria,0.519649
atrip,0.0
attap,0.0
attar,0.0
attas,0.0
atter,0.0
attic,0.58
atuas,0.0
aucht,0.0
audad,0.0
audax,0.0
audio,0.58
audit,0.58
augen,0.0
auger,0.5510860000000001
auges,0.0
aught,0.48747100000000004
augur,0.58
aulas,0.0
aulic,0.0
auloi,0.0
aulos,0.0
aumil,0.0
aunes,0.0
aunts,0.0
aunty,0.39764200000000005
aurae,0.0
aural,0.58
aurar,0.0
auras,0.0
aurei,0.0
aures,0.0
auric,0.0
auris,0.0
aurum,0.0
autos,0.0
auxin,0.0
avail,0.58
avale,0.0
avant,0.0
avast,0.448774
avels,0.0
avens,0.0
avers,0.0
avert,0.58
avgas,0.0
avian,0.58
avine,0.0
avion,0.0
avise,0.0
aviso,0.0
avize,0.0
avoid,0.58
avows,0.0
avyze,0.0
await,0.58
awake,0.58
award,0.58
aware,0.58
awari,0.0
awarn,0.0
awash,0.58
awato,0.0
awave,0.0
aways,0.0
awdls,0.0
aweel,0.0
aweto,0.0
awful,0.58
awing,0.0
awkin,0.0
awmry,0.0
awned,0.0
awner,0.0
awoke,0.58
awols,0.0
awork,0.0
axels,0.0
axial,0.5386099999999999
axile,0.0
axils,0.0
axing,0.555045
axiom,0.58
axion,0.0352715
axite,0.0
axled,0.0
axles,0.0
axman,0.0
axmen,0.0
axoid,0.0
axone,0.0
axons,0.0
ayahs,0.0
ayaya,0.0
ayelp,0.0
aygre,0.0
ayins,0.0
aymag,0.0
ayont,0.0
ayres,0.0
ayrie,0.0
azans,0.0
azide,0.0
azido,0.0
azine,0.0
azlon,0.0
azoic,0.0
azole,0.0
azons,0.0
azote,0.0
azoth,0.0
azuki,0.0
azure,0.58
azurn,0.0
azury,0.0
azygy,0.0
azyme,0.0
azyms,0.0
baaed,0.0
baals,0.0
baaps,0.0
babas,0.0
babby,0.0
babel,0.490416
babes,0.0
babka,0.565935
baboo,0.0
babul,0.0
babus,0.0
bacca,0.0
bacco,0.0
baccy,0.0
bacha,0.0
bachs,0.0
backs,0.0
backy,0.0
bacne,0.0
bacon,0.58
badam,0.0
baddy,0.0
badge,0.58
badly,0.58
baels,0.0
baffs,0.0
baffy,0.0
bafta,0.0
bafts,0.0
bagel,0.58
baggy,0.58
baghs,0.0
bagie,0.0
bagsy,0.0
bagua,0.0
bahts,0.0
bahus,0.0
bahut,0.0
baiks,0.0
baile,0.0
bails,0.0
bairn,0.0
baisa,0.0
baith,0.0
baits,0.0
baiza,0.0
baize,0.0
bajan,0.0
bajra,0.0
bajri,0.0
bajus,0.0
baked,0.58
baken,0.0
baker,0.58
bakes,0.0
bakra,0.0
balas,0.0
balds,0.0
baldy,0.40882599999999997
baled,0.00225968
baler,0.484331
bales,0.0
balks,0.0
balky,0.58
ballo,0.0
balls,0.0
bally,0.0
balms,0.0
balmy,0.58
baloi,0.0
balon,0.0
baloo,0.0
balot,0.0
balsa,0.566331
balti,0.0
balun,0.0
balus,0.0
balut,0.0
bamas,0.0
bambi,0.0
bamma,0.0
bammy,0.0
banak,0.0
banal,0.58
banco,0.0
bancs,0.0
banda,0.0
bandh,0.0
bands,0.0
bandy,0.5535049999999999
baned,0.0
banes,0.0
bangs,0.0
bania,0.0
banjo,0.58
banks,0.0
banky,0.0
banns,0.0
bants,0.0
bantu,0.0
banty,0.0
bantz,0.0
banya,0.0
baons,0.0
baozi,0.0
bappu,0.0
bapus,0.0
barbe,0.0
barbs,0.0
barby,0.0
barca,0.0
barde,0.0
bardo,0.0
bards,0.0
bardy,0.0
bared,0.00225968
barer,0.480973
bares,0.0
barfi,0.0
barfs,0.0
barfy,0.0
barge,0.58
baric,0.0
barks,0.0
barky,0.0
barms,0.0
barmy,0.0
barns,0.0
barny,0.0
baron,0.58
barps,0.0
barra,0.0
barre,0.5786979999999999
barro,0.0
barry,0.0
barye,0.0
basal,0.572648
basan,0.0
basas,0.0
based,0.00225968
basen,0.0
baser,0.0
bases,0.0
basha,0.0
basho,0.0
basic,0.58
basij,0.0
basil,0.58
basin,0.58
basis,0.58
basks,0.0
bason,0.0
basse,0.0
bassi,0.0
basso,0.0
bassy,0.0
basta,0.0
baste,0.58
basti,0.0
basto,0.0
basts,0.0
batch,0.58
bated,0.00225968
bates,0.0
bathe,0.58
baths,0.0
batik,0.574716
baton,0.58
batos,0.0
batta,0.0
batts,0.0
battu,0.0
batty,0.578483
bauds,0.0
bauks,0.0
baulk,0.0
baurs,0.0
bavin,0.0
bawds,0.0
bawdy,0.58
bawks,0.0
bawls,0.0
bawns,0.0
bawrs,0.0
bawty,0.0
bayas,0.0
bayed,0.00225968
bayer,0.0
bayes,0.0
bayle,0.0
bayou,0.58
bayts,0.0
bazar,0.0
bazas,0.0
bazoo,0.0
bball,0.0
bdays,0.0
beach,0.58
beads,0.0
beady,0.566331
beaks,0.0
beaky,0.0
beals,0.0
beams,0.0
beamy,0.0
beano,0.0
beans,0.0
beany,0.0
beard,0.58
beare,0.0
bears,0.0
beast,0.58
beath,0.0
beats,0.0
beaty,0.0
beaus,0.0
beaut,0.543458
beaux,0.0
bebop,0.58
becap,0.0
becke,0.0
becks,0.0
bedad,0.0
bedel,0.0
bedes,0.0
bedew,0.0
bedim,0.0
bedye,0.0
beech,0.58
beedi,0.0
beefs,0.0
beefy,0.58
beeps,0.0
beers,0.0
beery,0.0
beets,0.0
befit,0.570388
befog,0.427455
begad,0.0
began,0.58
begar,0.0
begat,0.579951
begem,0.0
beget,0.579624
begin,0.58
begob,0.0
begot,0.568232
begum,0.0
begun,0.58
beige,0.58
beigy,0.0
being,0.58
beins,0.0
beira,0.0
beisa,0.0
bekah,0.0
belah,0.0
belar,0.0
belay,0.525707
belch,0.58
belee,0.0
belga,0.0
belie,0.58
belit,0.0
belle,0.58
belli,0.0
bello,0.0
bells,0.0
belly,0.58
belon,0.0
below,0.58
belts,0.0
belve,0.0
bemad,0.0
bemas,0.0
bemix,0.0
bemud,0.0
bench,0.58
bends,0.0
bendy,0.552163
benes,0.0
benet,0.0
benga,0.0
benis,0.0
benji,0.0
benne,0.0
benni,0.0
benny,0.0
bento,0.573686
bents,0.0
benty,0.0
bepat,0.0
beray,0.0
beres,0.0
beret,0.58
bergs,0.0
berko,0.0
berks,0.0
berme,0.0
berms,0.0
berob,0.0
berry,0.58
berth,0.58
beryl,0.473504
besat,0.0
besaw,0.0
besee,0.0
beses,0.0
beset,0.58
besit,0.0
besom,0.0
besot,0.023722599999999996
besti,0.0
bests,0.0
betas,0.0
beted,0.0
betel,0.565526
betes,0.0
beths,0.0
betid,0.0
beton,0.0
betta,0.0
betty,0.0
bevan,0.0
bevel,0.502757
bever,0.0
bevor,0.0
bevue,0.0
bevvy,0.0
bewdy,0.0
bewet,0.0
bewig,0.0
bezel,0.562729
bezes,0.0
bezil,0.0
bezzy,0.0
bhais,0.0
bhaji,0.0
bhang,0.0
bhats,0.0
bhava,0.0
bhels,0.0
bhoot,0.0
bhuna,0.0
bhuts,0.0
biach,0.0
biali,0.0
bialy,0.0
bibbs,0.0
bibes,0.0
bibis,0.0
bible,0.553643
biccy,0.0
bicep,0.576891
bices,0.0
bicky,0.0
biddy,0.318588
bided,0.00225968
bider,0.0
bides,0.0
bidet,0.569844
bidis,0.0
bidon,0.0
bidri,0.0
bield,0.0
biers,0.0
biffo,0.0
biffs,0.0
biffy,0.0
bifid,0.0
bigae,0.0
biggs,0.0
biggy,0.0
bigha,0.0
bight,0.0
bigly,0.0
bigos,0.0
bigot,0.58
bihon,0.0
bijou,0.0
biked,0.00225968
biker,0.58
bikes,0.0
bikie,0.0
bikky,0.0
bilal,0.0
bilat,0.0
bilbo,0.0
bilby,0.0
biled,0.0
biles,0.0
bilge,0.562554
bilgy,0.0
bilks,0.0
bills,0.0
billy,0.5749799999999999
bimah,0.0
bimas,0.0
bimbo,0.0
binal,0.0
bindi,0.0
binds,0.0
biner,0.0
bines,0.0
binge,0.58
bingo,0.58
bings,0.0
bingy,0.0
binit,0.0
binks,0.0
binky,0.0
bints,0.0
biogs,0.0
biome,0.54696
bions,0.0
biont,0.0
biose,0.0
biota,0.0
biped,0.53336
bipod,0.534181
bippy,0.0
birch,0.58
birdo,0.0
birds,0.0
biris,0.0
birks,0.0
birle,0.0
birls,0.0
biros,0.0
birrs,0.0
birse,0.0
birsy,0.0
birth,0.58
birze,0.0
birzz,0.0
bises,0.0
bisks,0.0
bisom,0.0
bison,0.58
bitch,0.0
biter,0.552509
bites,0.0
bitey,0.0
bitos,0.0
bitou,0.0
bitsy,0.473504
bitte,0.0
bitts,0.0
bitty,0.564512
bivia,0.0
bivvy,0.0
bizes,0.0
bizzo,0.0
bizzy,0.0
blabs,0.0
black,0.58
blade,0.58
blads,0.0
blady,0.0
blaer,0.0
blaes,0.0
blaff,0.0
blags,0.0
blahs,0.0
blain,0.0
blame,0.58
blams,0.0
blanc,0.0
bland,0.58
blank,0.58
blare,0.58
blart,0.0
blase,0.58
blash,0.0
blast,0.58
blate,0.0
blats,0.0
blatt,0.0
blaud,0.0
blawn,0.0
blaws,0.0
blays,0.0
blaze,0.58
bleah,0.0
bleak,0.58
blear,0.0
bleat,0.5674399999999999
blebs,0.0
blech,0.0
bleed,0.58
bleep,0.566068
blees,0.0
blend,0.58
blent,0.0
blert,0.0
bless,0.58
blest,0.0
blets,0.0
bleys,0.0
blimp,0.579571
blimy,0.0
blind,0.58
bling,0.58
blini,0.0
blink,0.58
blins,0.0
bliny,0.0
blips,0.0
bliss,0.58
blist,0.0
blite,0.0
blits,0.0
blitz,0.58
blive,0.0
bloat,0.58
blobs,0.0
block,0.58
blocs,0.0
blogs,0.0
bloke,0.575997
blond,0.58
blonx,0.0
blood,0.58
blook,0.0
bloom,0.58
bloop,0.58
blore,0.0
blots,0.0
blown,0.58
blows,0.0
blowy,0.0
blubs,0.0
blude,0.0
bluds,0.0
bludy,0.0
blued,0.0
bluer,0.5749799999999999
blues,0.0
bluet,0.0
bluey,0.0
bluff,0.58
bluid,0.0
blume,0.0
blunk,0.0
blunt,0.58
blurb,0.58
blurs,0.0
blurt,0.58
blush,0.58
blype,0.0
boabs,0.0
boaks,0.0
board,0.58
boars,0.0
boart,0.0
boast,0.58
boats,0.0
boaty,0.0
bobac,0.0
bobak,0.0
bobas,0.0
bobby,0.572151
bobol,0.0
bobos,0.0
bocca,0.0
bocce,0.576605
bocci,0.0
boche,0.0
bocks,0.0
boded,0.00225968
bodes,0.0
bodge,0.0
bodgy,0.0
bodhi,0.0
bodle,0.0
bodoh,0.0
boeps,0.0
boers,0.0
boeti,0.0
boets,0.0
boeuf,0.0
boffo,0.5676720000000001
boffs,0.0
bogan,0.0
bogey,0.58
boggy,0.569464
bogie,0.427455
bogle,0.0
bogue,0.0
bogus,0.58
bohea,0.0
bohos,0.0
boils,0.0
boing,0.523426
boink,0.0
boite,0.0
boked,0.0
bokeh,0.0
bokes,0.0
bokos,0.0
bolar,0.0
bolas,0.0
boldo,0.0
bolds,0.0
boles,0.0
bolet,0.0
bolix,0.0
bolks,0.0
bolls,0.0
bolos,0.0
bolts,0.0
bolus,0.508695
bomas,0.0
bombe,0.0
bombo,0.0
bombs,0.0
bomoh,0.0
bomor,0.0
bonce,0.0
bonds,0.0
boned,0.00225968
boner,0.160183
bones,0.0
boney,0.370042
bongo,0.570734
bongs,0.0
bonie,0.0
bonks,0.0
bonne,0.0
bonny,0.477373
bonum,0.0
bonus,0.58
bonza,0.0
bonze,0.0
booai,0.0
booay,0.0
boobs,0.0
booby,0.5312100000000001
boody,0.0
booed,0.00225968
boofy,0.0
boogy,0.0
boohs,0.0
books,0.0
booky,0.0
bools,0.0
booms,0.0
boomy,0.0
boong,0.0
boons,0.0
boord,0.0
boors,0.0
boose,0.0
boost,0.58
booth,0.58
boots,0.0
booty,0.540656
booze,0.58
boozy,0.58
boppy,0.0
borak,0.0
boral,0.0
boras,0.0
borax,0.525707
borde,0.0
bords,0.0
bored,0.58
boree,0.0
borek,0.0
borel,0.0
borer,0.0
bores,0.0
borgo,0.0
boric,0.513817
borks,0.0
borms,0.0
borna,0.0
borne,0.58
boron,0.552163
borts,0.0
borty,0.0
bortz,0.0
bosey,0.0
bosie,0.0
bosks,0.0
bosky,0.0
bosom,0.58
boson,0.574553
bossa,0.0
bossy,0.58
bosun,0.0
botas,0.0
botch,0.58
boteh,0.0
botel,0.0
botes,0.0
botew,0.0
bothy,0.0
botos,0.0
botte,0.0
botts,0.0
botty,0.0
bouge,0.0
bough,0.558707
bouks,0.0
boule,0.534976
boult,0.0
bound,0.58
bouns,0.0
bourd,0.0
bourg,0.0
bourn,0.0
bouse,0.0
bousy,0.0
bouts,0.0
boutu,0.0
bovid,0.0
bowat,0.0
bowed,0.00225968
bowel,0.58
bower,0.554446
bowes,0.0
bowet,0.0
bowie,0.0
bowls,0.0
bowne,0.0
bowrs,0.0
bowse,0.0
boxed,0.00225968
boxen,0.0
boxer,0.58
boxes,0.0
boxla,0.0
boxty,0.0
boyar,0.0
boyau,0.0
boyed,0.0
boyey,0.0
boyfs,0.0
boygs,0.0
boyla,0.0
boyly,0.0
boyos,0.0
boysy,0.0
bozos,0.0
braai,0.0
brace,0.58
brach,0.0
brack,0.0
bract,0.0
brads,0.0
braes,0.0
brags,0.0
brahs,0.0
braid,0.58
brail,0.0
brain,0.58
brake,0.58
braks,0.0
braky,0.0
brame,0.0
brand,0.58
brane,0.0
brank,0.0
brans,0.0
brant,0.0
brash,0.58
brass,0.58
brast,0.0
brats,0.0
brava,0.5153719999999999
brave,0.58
bravi,0.0
bravo,0.58
brawl,0.58
brawn,0.58
braws,0.0
braxy,0.0
brays,0.0
braza,0.0
braze,0.0
bread,0.58
break,0.58
bream,0.5744980000000001
brede,0.0
breds,0.0
breed,0.58
breem,0.0
breer,0.0
brees,0.0
breid,0.0
breis,0.0
breme,0.0
brens,0.0
brent,0.0
brere,0.0
brers,0.0
breve,0.0
brews,0.0
breys,0.0
briar,0.552847
bribe,0.58
brick,0.58
bride,0.58
brief,0.58
brier,0.506816
bries,0.0
brigs,0.0
briki,0.0
briks,0.0
brill,0.0
brims,0.0
brine,0.58
bring,0.58
brink,0.58
brins,0.0
briny,0.58
brios,0.0
brise,0.0
brisk,0.58
briss,0.0
brith,0.0
brits,0.0
britt,0.0
brize,0.0
broad,0.58
broch,0.0
brock,0.0
brods,0.0
brogh,0.0
brogs,0.0
broil,0.58
broke,0.58
brome,0.0
bromo,0.0
bronc,0.510484
brond,0.0
brood,0.58
brook,0.58
brool,0.0
broom,0.58
broos,0.0
brose,0.0
brosy,0.0
broth,0.58
brown,0.58
brows,0.0
bruck,0.0
brugh,0.0
bruhs,0.0
bruin,0.384843
bruit,0.0
bruja,0.0
brujo,0.0
brule,0.0
brume,0.0
brung,0.0
brunt,0.58
brush,0.58
brusk,0.0113204
brust,0.0
brute,0.58
bruts,0.0
bruvs,0.0
buats,0.0
buaze,0.0
bubal,0.0
bubas,0.0
bubba,0.0
bubbe,0.0
bubby,0.0
bubus,0.0
buchu,0.0
bucko,0.0
bucks,0.0
bucku,0.0
budas,0.0
buddy,0.58
buded,0.0
budes,0.0
budge,0.58
budis,0.0
budos,0.0
buena,0.0
buffa,0.0
buffe,0.0
buffi,0.0
buffo,0.0
buffs,0.0
buffy,0.0
bufos,0.0
bufty,0.0
bugan,0.0
buggy,0.58
bugle,0.58
buhls,0.0
buhrs,0.0
buiks,0.0
build,0.58
built,0.58
buist,0.0
bukes,0.0
bukos,0.0
bulbs,0.0
bulge,0.58
bulgy,0.48747100000000004
bulks,0.0
bulky,0.58
bulla,0.0
bulls,0.0
bully,0.58
bulse,0.0
bumbo,0.0
bumfs,0.0
bumph,0.0
bumps,0.0
bumpy,0.58
bunas,0.0
bunce,0.0
bunch,0.58
bunco,0.0
bunde,0.0
bundh,0.0
bunds,0.0
bundt,0.0
bundu,0.0
bundy,0.0
bungs,0.0
bungy,0.0
bunia,0.0
bunje,0.0
bunjy,0.0
bunko,0.0
bunks,0.0
bunns,0.0
bunny,0.58
bunts,0.0
bunty,0.0
bunya,0.0
buoys,0.0
buppy,0.0
buran,0.0
buras,0.0
burbs,0.0
burds,0.0
buret,0.0
burfi,0.0
burgh,0.0
burgs,0.0
burin,0.0
burka,0.45801699999999995
burke,0.0
burks,0.0
burls,0.0
burly,0.58
burns,0.0
burnt,0.58
buroo,0.0
burps,0.0
burqa,0.0
burra,0.0
burro,0.554138
burrs,0.0
burry,0.0
bursa,0.48747100000000004
burse,0.0
burst,0.58
busby,0.0
bused,0.00225968
buses,0.0
bushy,0.58
busks,0.0
busky,0.0
bussu,0.0
busti,0.0
busts,0.0
busty,0.569464
butch,0.579165
buteo,0.0
butes,0.0
butle,0.0
butoh,0.0
butte,0.542341
butts,0.0
butty,0.0
butut,0.0
butyl,0.0
buxom,0.58
buyer,0.58
buyin,0.0
buzzy,0.58
bwana,0.0
bwazi,0.0
byded,0.0
bydes,0.0
byked,0.0
bykes,0.0
bylaw,0.573866
byres,0.0
byrls,0.0
byssi,0.0
bytes,0.0
byway,0.565526
caaed,0.0
cabal,0.58
cabas,0.0
cabby,0.58
caber,0.0
cabin,0.58
cable,0.58
cabob,0.0
caboc,0.0
cabre,0.0
cacao,0.58
cacas,0.0
cache,0.58
cacks,0.0
cacky,0.0
cacti,0.568554
caddy,0.575384
cadee,0.0
cades,0.0
cadet,0.58
cadge,0.54994
cadgy,0.0
cadie,0.0
cadis,0.0
cadre,0.58
caeca,0.0
caese,0.0
cafes,0.0
caffe,0.0
caffs,0.0
caged,0.00225968
cager,0.0
cages,0.0
cagey,0.58
cagot,0.0
cahow,0.0
caids,0.0
cains,0.0
caird,0.0
cairn,0.555624
cajon,0.0
cajun,0.0
caked,0.00225968
cakes,0.0
cakey,0.0
calfs,0.0
calid,0.0
calif,0.0
calix,0.0
calks,0.0
calla,0.0
calle,0.0
calls,0.0
calms,0.0
calmy,0.0
calos,0.0
calpa,0.0
calps,0.0
calve,0.5386099999999999
calyx,0.0
caman,0.0
camas,0.0
camel,0.58
cameo,0.58
cames,0.0
camis,0.0
camos,0.0
campi,0.0
campo,0.0
camps,0.0
campy,0.58
camus,0.0
canal,0.58
cando,0.0
candy,0.58
caned,0.00225968
caneh,0.0
caner,0.0
canes,0.0
cangs,0.0
canid,0.0
canna,0.0
canns,0.0
canny,0.58
canoe,0.58
canon,0.58
canso,0.0
canst,0.0
canti,0.0
canto,0.0
cants,0.0
canty,0.0
capas,0.0
capax,0.0
caped,0.5756260000000001
caper,0.58
capes,0.0
capex,0.0
caphs,0.0
capiz,0.0
caple,0.0
capon,0.551811
capos,0.0
capot,0.0
capri,0.568554
capul,0.0
caput,0.0307214
carap,0.0
carat,0.557992
carbo,0.0
carbs,0.0
carby,0.0
cardi,0.0
cards,0.0
cardy,0.0
cared,0.00225968
carer,0.508695
cares,0.0
caret,0.0307214
carex,0.0
cargo,0.58
carks,0.0
carle,0.0
carls,0.0
carne,0.0
carns,0.0
carny,0.5610620000000001
carob,0.551811
carol,0.573985
carom,0.572151
caron,0.0
carpe,0.0
carpi,0.0
carps,0.0
carrs,0.0
carry,0.58
carse,0.0
carta,0.0
carte,0.58
carts,0.0
carve,0.58
carvy,0.0
casas,0.0
casco,0.0
cased,0.00225968
caser,0.0
cases,0.0
casks,0.0
casky,0.0
caste,0.58
casts,0.0
casus,0.0
catch,0.58
cater,0.58
cates,0.0
catty,0.58
cauda,0.0
cauks,0.0
cauld,0.0
caulk,0.58
cauls,0.0
caums,0.0
caups,0.0
cauri,0.0
causa,0.0
cause,0.58
cavas,0.0
caved,0.00225968
cavel,0.0
caver,0.0
caves,0.0
cavie,0.0
cavil,0.552847
cavus,0.0
cawed,0.00225968
cawks,0.0
caxon,0.0
cease,0.58
ceaze,0.0
cebid,0.0
cecal,0.0
cecum,0.0
cedar,0.58
ceded,0.00225968
ceder,0.0
cedes,0.0
cedis,0.0
ceiba,0.0
ceili,0.0
ceils,0.0
celeb,0.566713
cella,0.0
celli,0.0
cello,0.58
cells,0.0
celly,0.0
celom,0.0
celts,0.0
cense,0.0
cento,0.0
cents,0.0
centu,0.0
ceorl,0.0
cepes,0.0
cerci,0.0
cered,0.0
ceres,0.0
cerge,0.0
ceria,0.0
ceric,0.0
cerne,0.0
ceroc,0.0
ceros,0.0
certs,0.0
certy,0.0
cesse,0.0
cesta,0.0
cesti,0.0
cetes,0.0
cetyl,0.0
cezve,0.0
chaap,0.0
chaat,0.0
chace,0.0
chack,0.0
chaco,0.0
chado,0.0
chads,0.0
chafe,0.58
chaff,0.578388
chaft,0.0
chain,0.58
chair,0.58
chais,0.0
chalk,0.58
chals,0.0
champ,0.58
chams,0.0
chana,0.0
chang,0.0
chank,0.0
chant,0.58
chaos,0.58
chape,0.0
chaps,0.0
chapt,0.0
chara,0.0
chard,0.58
chare,0.0
chark,0.0
charm,0.58
charr,0.0
chars,0.0
chart,0.58
chary,0.547415
chase,0.58
chasm,0.58
chats,0.0
chava,0.0
chave,0.0
chavs,0.0
chawk,0.0
chawl,0.0
chaws,0.0
chaya,0.0
chays,0.0
cheap,0.58
cheat,0.58
cheba,0.0
check,0.58
chedi,0.0
cheeb,0.0
cheek,0.58
cheep,0.448774
cheer,0.58
cheet,0.0
chefs,0.0
cheka,0.0
chela,0.0
chelp,0.0
chemo,0.58
chems,0.0
chere,0.0
chert,0.0
chess,0.58
chest,0.58
cheth,0.0
chevy,0.0
chews,0.0
chewy,0.58
chiao,0.0
chias,0.0
chiba,0.0
chibs,0.0
chica,0.0
chich,0.0
chick,0.58
chico,0.0
chics,0.0
chide,0.579675
chief,0.58
chiel,0.0
chiko,0.0
chiks,0.0
child,0.58
chile,0.58
chili,0.58
chill,0.58
chimb,0.0
chime,0.58
chimo,0.0
chimp,0.58
china,0.58
chine,0.0
ching,0.0
chink,0.0
chino,0.5392750000000001
chins,0.0
chips,0.0
chirk,0.0
chirl,0.0
chirm,0.0
chiro,0.0
chirp,0.58
chirr,0.0
chirt,0.0
chiru,0.0
chiti,0.0
chits,0.0
chiva,0.0
chive,0.58
chivs,0.0
chivy,0.0
chizz,0.0
chock,0.578514
choco,0.0
chocs,0.0
chode,0.0
chogs,0.0
choil,0.0
choir,0.58
choke,0.58
choko,0.0
choky,0.0
chola,0.0
choli,0.0
cholo,0.0
chomp,0.570299
chons,0.0
choof,0.0
chook,0.0
choom,0.0
choon,0.0
chops,0.0
chord,0.58
chore,0.58
chose,0.58
choss,0.0
chota,0.0
chott,0.0
chout,0.0
choux,0.557992
chowk,0.0
chows,0.0
chubs,0.0
chuck,0.58
chufa,0.0
chuff,0.0
chugs,0.0
chump,0.58
chums,0.0
chunk,0.58
churl,0.490416
churn,0.58
churr,0.0
chuse,0.0
chute,0.58
chuts,0.0
chyle,0.0
chyme,0.0
chynd,0.0
cibol,0.0
cided,0.0
cider,0.58
cides,0.0
ciels,0.0
cigar,0.58
ciggy,0.0
cilia,0.53336
cills,0.0
cimar,0.0
cimex,0.0
cinch,0.58
cinct,0.0
cines,0.0
cinqs,0.0
cions,0.0
cippi,0.0
circa,0.58
circs,0.0
cires,0.0
cirls,0.0
cirri,0.0
cisco,0.0
cissy,0.0
cists,0.0
cital,0.0
cited,0.00225968
citee,0.0
citer,0.0
cites,0.0
cives,0.0
civet,0.557747
civic,0.58
civie,0.0
civil,0.58
civvy,0.0
clach,0.0
clack,0.5687639999999999
clade,0.40882599999999997
clads,0.0
claes,0.0
clags,0.0
claim,0.58
clair,0.0
clame,0.0
clamp,0.58
clams,0.0
clang,0.58
clank,0.58
clans,0.0
claps,0.0
clapt,0.0
claro,0.0
clart,0.0
clary,0.0
clash,0.58
clasp,0.58
class,0.58
clast,0.0
clats,0.0
claut,0.0
clave,0.562014
clavi,0.0
claws,0.0
clays,0.0
clean,0.58
clear,0.58
cleat,0.569561
cleck,0.0
cleek,0.0
cleep,0.0
clefs,0.0
cleft,0.58
clegs,0.0
cleik,0.0
clems,0.0
clepe,0.0
clept,0.0
clerk,0.58
cleve,0.0
clews,0.0
click,0.58
clied,0.0
clies,0.0
cliff,0.58
clift,0.0
climb,0.58
clime,0.556454
cline,0.0
cling,0.58
clink,0.58
clint,0.0
clipe,0.0
clips,0.0
clipt,0.0
clits,0.0
cloak,0.58
cloam,0.0
clock,0.58
clods,0.0
cloff,0.0
clogs,0.0
cloke,0.0
clomb,0.0
clomp,0.53336
clone,0.58
clonk,0.0
clons,0.0
cloop,0.0
cloot,0.0
clops,0.0
close,0.58
clote,0.0
cloth,0.58
clots,0.0
cloud,0.58
clour,0.0
clous,0.0
clout,0.58
clove,0.58
clown,0.58
clows,0.0
cloye,0.0
cloys,0.0
cloze,0.0
clubs,0.0
cluck,0.562554
clued,0.00225968
clues,0.0
cluey,0.0
clump,0.58
clung,0.58
clunk,0.562554
clype,0.0
cnida,0.0
coach,0.58
coact,0.0
coady,0.0
coala,0.0
coals,0.0
coaly,0.0
coapt,0.0
coarb,0.0
coast,0.58
coate,0.0
coati,0.46482500000000004
coats,0.0
cobbs,0.0
cobby,0.0
cobia,0.0
coble,0.0
cobot,0.0
cobra,0.58
cobza,0.0
cocas,0.0
cocci,0.0
cocco,0.0
cocks,0.0
cocky,0.58
cocoa,0.58
cocos,0.0
cocus,0.0
codas,0.0
codec,0.0
coded,0.00225968
coden,0.0
coder,0.58
codes,0.0
codex,0.552847
codon,0.0
coeds,0.0
coffs,0.0
cogie,0.0
cogon,0.0
cogue,0.0
cohab,0.0
cohen,0.0
cohoe,0.0
cohog,0.0
cohos,0.0
coifs,0.0
coign,0.0
coils,0.0
coins,0.0
coirs,0.0
coits,0.0
coked,0.0
cokes,0.0
cokey,0.0
colas,0.0
colby,0.0
colds,0.0
coled,0.0
coles,0.0
coley,0.0
colic,0.566331
colin,0.0
colle,0.0
colls,0.0
colly,0.0
colog,0.0
colon,0.58
color,0.58
colts,0.0
colza,0.0
comae,0.0
comal,0.0
comas,0.0
combe,0.0
combi,0.0
combo,0.58
combs,0.0
comby,0.0
comer,0.0
comes,0.0
comet,0.58
comfy,0.58
comic,0.58
comix,0.0
comma,0.58
comme,0.0
commo,0.0
comms,0.0
commy,0.0
compo,0.0
comps,0.0
compt,0.0
comte,0.0
comus,0.0
conch,0.58
condo,0.58
coned,0.00225968
cones,0.0
conex,0.0
coney,0.0
confs,0.0
conga,0.58
conge,0.0
congo,0.0
conia,0.0
conic,0.418689
conin,0.0
conks,0.0
conky,0.0
conne,0.0
conns,0.0
conte,0.0
conto,0.0
conus,0.0
convo,0.0
cooch,0.0
cooed,0.00225968
cooee,0.0
cooer,0.0
cooey,0.0
coofs,0.0
cooks,0.0
cooky,0.0
cools,0.0
cooly,0.0
coomb,0.0
cooms,0.0
coomy,0.0
coons,0.0
coops,0.0
coopt,0.0
coost,0.0
coots,0.0
cooty,0.0
cooze,0.0
copal,0.0
copay,0.459931
coped,0.00225968
copen,0.0
coper,0.0
copes,0.0
copha,0.0
coppy,0.0
copra,0.0
copse,0.5589379999999999
copsy,0.0
coqui,0.0
coral,0.58
coram,0.0
corbe,0.0
corby,0.0
corda,0.0
cords,0.0
cored,0.00225968
corer,0.418689
cores,0.0
corey,0.0
corgi,0.563571
coria,0.0
corks,0.0
corky,0.427455
corms,0.0
corni,0.0
corno,0.0
corns,0.0
cornu,0.0
corny,0.58
corps,0.58
corse,0.0
corso,0.0
cosec,0.0
cosed,0.0
coses,0.0
coset,0.0
cosey,0.0
cosie,0.0
costa,0.0
coste,0.0
costs,0.0
cotan,0.0
cotch,0.0
coted,0.0
cotes,0.0
coths,0.0
cotta,0.0
cotts,0.0
couch,0.58
coude,0.0
cough,0.58
could,0.58
count,0.58
coupe,0.58
coups,0.0
courb,0.0
courd,0.0
coure,0.0
cours,0.0
court,0.58
couta,0.0
couth,0.448774
coved,0.0
coven,0.5691700000000001
cover,0.58
coves,0.0
covet,0.58
covey,0.5464950000000001
covin,0.0
cowal,0.0
cowan,0.0
cowed,0.00225968
cower,0.58
cowks,0.0
cowls,0.0
cowps,0.0
cowry,0.0
coxae,0.0
coxal,0.0
coxed,0.00225968
coxes,0.0
coxib,0.0
coyau,0.0
coyed,0.0
coyer,0.0
coyly,0.58
coypu,0.0
cozed,0.0
cozen,0.0
cozes,0.0
cozey,0.0
cozie,0.0
craal,0.0
crabs,0.0
crack,0.58
craft,0.58
crags,0.0
craic,0.0
craig,0.0
crake,0.0
crame,0.0
cramp,0.58
crams,0.0
crane,0.58
crank,0.58
crans,0.0
crape,0.0
craps,0.0
crapy,0.0
crare,0.0
crash,0.58
crass,0.58
crate,0.58
crave,0.58
crawl,0.58
craws,0.0
crays,0.0
craze,0.58
crazy,0.58
creak,0.579193
cream,0.58
credo,0.58
creds,0.0
creed,0.58
creek,0.58
creel,0.0
creep,0.58
crees,0.0
crein,0.0
crema,0.5748219999999999
creme,0.58
crems,0.0
crena,0.0
crepe,0.58
creps,0.0
crept,0.58
crepy,0.0
cress,0.554446
crest,0.58
crewe,0.0
crews,0.0
crias,0.0
cribo,0.0
cribs,0.0
crick,0.520959
cried,0.58
crier,0.570734
cries,0.0
crime,0.58
crimp,0.58
crims,0.0
crine,0.0
crink,0.0
crins,0.0
crios,0.0
cripe,0.0
crips,0.0
crise,0.0
crisp,0.58
criss,0.0
crith,0.0
crits,0.0
croak,0.58
croci,0.0
crock,0.58
crocs,0.0
croft,0.0
crogs,0.0
cromb,0.0
crome,0.0
crone,0.567899
cronk,0.0
crons,0.0
crony,0.58
crook,0.58
crool,0.0
croon,0.58
crops,0.0
crore,0.0
cross,0.58
crost,0.0
croup,0.519649
crout,0.0
crowd,0.58
crowl,0.0
crown,0.58
crows,0.0
croze,0.0
cruck,0.0
crude,0.58
crudo,0.0
cruds,0.0
crudy,0.0
cruel,0.58
crues,0.0
cruet,0.5153719999999999
cruft,0.0
crumb,0.58
crump,0.435303
crunk,0.0
cruor,0.0
crura,0.0
cruse,0.0
crush,0.58
crust,0.58
crusy,0.0
cruve,0.0
crwth,0.0
cryer,0.0
cryne,0.0
crypt,0.58
ctene,0.0
cubby,0.5656640000000001
cubeb,0.0
cubed,0.00225968
cuber,0.0
cubes,0.0
cubic,0.58
cubit,0.442372
cucks,0.0
cudda,0.0
cuddy,0.0
cueca,0.0
cuffo,0.0
cuffs,0.0
cuifs,0.0
cuing,0.5610620000000001
cuish,0.0
cuits,0.0
cukes,0.0
culch,0.0
culet,0.0
culex,0.0
culls,0.0
cully,0.0
culms,0.0
culpa,0.0
culti,0.0
cults,0.0
culty,0.0
cumec,0.0
cumin,0.58
cundy,0.0
cunei,0.0
cunit,0.0
cunny,0.0
cunts,0.0
cupel,0.0
cupid,0.549542
cuppa,0.0
cuppy,0.0
cupro,0.0
curat,0.0
curbs,0.0
curch,0.0
curds,0.0
curdy,0.0
cured,0.00225968
curer,0.0307214
cures,0.0
curet,0.0
curfs,0.0
curia,0.528829
curie,0.0
curio,0.58
curli,0.0
curls,0.0
curly,0.58
curns,0.0
curny,0.0
currs,0.0
curry,0.58
curse,0.58
cursi,0.0
curst,0.0
curve,0.58
curvy,0.58
cusec,0.0
cushy,0.58
cusks,0.0
cusps,0.0
cuspy,0.0
cusso,0.0
cusum,0.0
cutch,0.0
cuter,0.576043
cutes,0.0
cutey,0.0
cutie,0.5680109999999999
cutin,0.0
cutis,0.0
cutto,0.0
cutty,0.0
cutup,0.571626
cuvee,0.0
cuzes,0.0
cwtch,0.0
cyano,0.0
cyans,0.0
cyber,0.58
cycad,0.0
cycas,0.0
cycle,0.58
cyclo,0.0
cyder,0.0
cylix,0.0
cymae,0.0
cymar,0.0
cymas,0.0
cymes,0.0
cymol,0.0
cynic,0.58
cysts,0.0
cytes,0.0
cyton,0.0
czars,0.0
daals,0.0
dabba,0.0
daces,0.0
dacha,0.5735629999999999
dacks,0.0
dadah,0.0
dadas,0.0
daddy,0.58
dadis,0.0
dadla,0.0
dados,0.0
daffs,0.0
daffy,0.58
dagga,0.0
daggy,0.0
dagos,0.0
dahis,0.0
dahls,0.0
daiko,0.0
daily,0.58
daine,0.0
daint,0.0
dairy,0.58
daisy,0.58
daker,0.0
daled,0.0
dalek,0.0
dales,0.0
dalis,0.0
dalle,0.0
dally,0.556454
dalts,0.0
daman,0.0
damar,0.0
dames,0.0
damme,0.0
damna,0.0
damns,0.0
damps,0.0
dampy,0.0
dance,0.58
dancy,0.0
danda,0.0
dandy,0.58
dangs,0.0
danio,0.0
danks,0.0
danny,0.0
danse,0.0
dants,0.0
dappy,0.0
daraf,0.0
darbs,0.0
darcy,0.0
dared,0.00225968
darer,0.0
dares,0.0
darga,0.0
dargs,0.0
daric,0.0
daris,0.0
darks,0.0
darky,0.0
darls,0.0
darns,0.0
darre,0.0
darts,0.0
darzi,0.0
dashi,0.0
dashy,0.0
datal,0.0
dated,0.00225968
dater,0.5535049999999999
dates,0.0
datil,0.0
datos,0.0
datto,0.0
datum,0.531638
daube,0.0
daubs,0.0
dauby,0.0
dauds,0.0
dault,0.0
daunt,0.5600390000000001
daurs,0.0
dauts,0.0
daven,0.0
davit,0.0
dawah,0.0
dawds,0.0
dawed,0.0
dawen,0.0
dawgs,0.0
dawks,0.0
dawns,0.0
dawts,0.0
dayal,0.0
dayan,0.0
daych,0.0
daynt,0.0
dazed,0.00225968
dazer,0.0
dazes,0.0
dbags,0.0
deads,0.0
deair,0.0
deals,0.0
dealt,0.58
deans,0.0
deare,0.0
dearn,0.0
dears,0.0
deary,0.0
deash,0.0
death,0.58
deave,0.0
deaws,0.0
deawy,0.0
debag,0.0
debar,0.39764200000000005
debby,0.0
debel,0.0
debes,0.0
debit,0.58
debts,0.0
debud,0.0
debug,0.54696
debur,0.0
debus,0.0
debut,0.58
debye,0.0
decad,0.0
decaf,0.575384
decal,0.577646
decan,0.0
decay,0.58
decim,0.0
decko,0.0
decks,0.0
decor,0.58
decos,0.0
decoy,0.58
decry,0.58
decyl,0.0
dedal,0.0
deeds,0.0
deedy,0.0
deely,0.0
deems,0.0
deens,0.0
deeps,0.0
deere,0.0
deers,0.0
deets,0.0
deeve,0.0
deevs,0.0
defat,0.0
defer,0.58
deffo,0.0
defis,0.0
defog,0.033212
degas,0.0
degum,0.0
degus,0.0
deice,0.0
deids,0.0
deify,0.545032
deign,0.5761769999999999
deils,0.0
deink,0.0
deism,0.0
deist,0.484331
deity,0.58
deked,0.0
dekes,0.0
dekko,0.0
delay,0.58
deled,0.0
deles,0.0
delfs,0.0
delft,0.0
delis,0.0
della,0.0
dells,0.0
delly,0.0
delos,0.0
delph,0.0
delta,0.58
delts,0.0
delve,0.58
deman,0.0
demes,0.0
demic,0.0
demit,0.0
demob,0.0
demoi,0.0
demon,0.58
demos,0.0
demot,0.0
dempt,0.0
demur,0.572296
denar,0.0
denay,0.0
dench,0.0
denes,0.0
denet,0.0
denim,0.58
denis,0.0
dense,0.58
dente,0.0
dents,0.0
deoch,0.0
deoxy,0.0
depot,0.58
depth,0.58
derat,0.0
deray,0.0
derby,0.58
dered,0.0
deres,0.0
derig,0.0
derma,0.0
derms,0.0
derns,0.0
derny,0.0
deros,0.0
derpy,0.0
derro,0.0
derry,0.0
derth,0.0
dervs,0.0
desex,0.0
deshi,0.0
desis,0.0
desks,0.0
desse,0.0
detag,0.0
deter,0.58
detox,0.58
deuce,0.58
devas,0.0
devel,0.0
devil,0.58
devis,0.0
devon,0.0
devos,0.0
devot,0.0
dewan,0.0
dewar,0.0
dewax,0.0
dewed,0.0
dexes,0.0
dexie,0.0
dexys,0.0
dhaba,0.0
dhaks,0.0
dhals,0.0
dhikr,0.0
dhobi,0.0
dhole,0.0
dholl,0.0
dhols,0.0
dhoni,0.0
dhoti,0.0
dhows,0.0
dhuti,0.0
diact,0.0
dials,0.0
diana,0.0
diane,0.0
diary,0.58
diazo,0.0
dibbs,0.0
diced,0.00225968
dicer,0.370042
dices,0.0
dicey,0.58
dicht,0.0
dicks,0.0
dicky,0.0
dicot,0.0
dicta,0.0
dicto,0.0
dicts,0.0
dictu,0.0
dicty,0.0
diddy,0.0
didie,0.0
didis,0.0
didos,0.0
didst,0.0
diebs,0.0
diels,0.0
diene,0.0
diets,0.0
diffs,0.0
dight,0.0
digit,0.58
dikas,0.0
diked,0.00225968
diker,0.0
dikes,0.0
dikey,0.0
dildo,0.0
dilli,0.0
dills,0.0
dilly,0.480973
dimbo,0.0
dimer,0.0
dimes,0.0
dimly,0.58
dimps,0.0
dinar,0.0
dined,0.00225968
diner,0.58
dines,0.0
dinge,0.0
dingo,0.536495
dings,0.0
dingy,0.58
dinic,0.0
dinks,0.0
dinky,0.5724389999999999
dinlo,0.0
dinna,0.0
dinos,0.0
dints,0.0
dioch,0.0
diode,0.574387
diols,0.0
diota,0.0
dippy,0.5593889999999999
dipso,0.0
diram,0.0
direr,0.0
dirge,0.58
dirke,0.0
dirks,0.0
dirls,0.0
dirts,0.0
dirty,0.58
disas,0.0
disci,0.0
disco,0.58
discs,0.0
dishy,0.572986
disks,0.0
disme,0.0
dital,0.0
ditas,0.0
ditch,0.58
dited,0.0
dites,0.0
ditsy,0.574102
ditto,0.58
ditts,0.0
ditty,0.58
ditzy,0.572509
divan,0.5693670000000001
divas,0.0
dived,0.00225968
diver,0.58
dives,0.0
divey,0.0
divis,0.0
divna,0.0
divos,0.0
divot,0.5674399999999999
divvy,0.579827
diwan,0.0
dixie,0.0
dixit,0.0
diyas,0.0
dizen,0.0
dizzy,0.58
djinn,0.0
djins,0.0
doabs,0.0
doats,0.0
dobby,0.0
dobes,0.0
dobie,0.0
dobla,0.0
doble,0.0
dobra,0.0
dobro,0.0
docht,0.0
docks,0.0
docos,0.0
docus,0.0
doddy,0.0
dodge,0.58
dodgy,0.58
dodos,0.0
doeks,0.0
doers,0.0
doest,0.0
doeth,0.0
doffs,0.0
dogal,0.0
dogan,0.0
doges,0.0
dogey,0.0
doggo,0.0
doggy,0.58
dogie,0.0
dogly,0.0
dogma,0.58
dohyo,0.0
doilt,0.0
doily,0.5553370000000001
doing,0.58
doits,0.0
dojos,0.0
dolce,0.0
dolci,0.0
doled,0.00225968
dolee,0.0
doles,0.0
doley,0.0
dolia,0.0
dolie,0.0
dolls,0.0
dolly,0.5763940000000001
dolma,0.0
dolor,0.0
dolos,0.0
dolts,0.0
domal,0.0
domed,0.58
domes,0.0
domic,0.0
donah,0.0
donas,0.0
donee,0.0
doner,0.0
donga,0.0
dongs,0.0
donko,0.0
donna,0.0
donne,0.0
donny,0.0
donor,0.58
donsy,0.0
donut,0.58
doobs,0.0
dooce,0.0
doody,0.0
doofs,0.0
dooks,0.0
dooky,0.0
doole,0.0
dools,0.0
dooly,0.0
dooms,0.0
doomy,0.0
doona,0.0
doorn,0.0
doors,0.0
doozy,0.58
dopas,0.0
doped,0.00225968
doper,0.536495
dopes,0.0
dopey,0.58
doppe,0.0
dorad,0.0
dorba,0.0
dorbs,0.0
doree,0.0
dores,0.0
doric,0.0
doris,0.0
dorje,0.0
dorks,0.0
dorky,0.579439
dorms,0.0
dormy,0.0
dorps,0.0
dorrs,0.0
dorsa,0.0
dorse,0.0
dorts,0.0
dorty,0.0
dosai,0.0
dosas,0.0
dosed,0.00225968
doseh,0.0
doser,0.0
doses,0.0
dosha,0.0
dotal,0.0
doted,0.00225968
doter,0.0
dotes,0.0
dotty,0.5754319999999999
douar,0.0
doubt,0.58
douce,0.0
doucs,0.0
dough,0.58
douks,0.0
doula,0.571703
douma,0.0
doums,0.0
doups,0.0
doura,0.0
douse,0.58
douts,0.0
doved,0.0
doven,0.0
dover,0.0
doves,0.0
dovie,0.0
dowak,0.0
dowar,0.0
dowds,0.0
dowdy,0.58
dowed,0.0
dowel,0.547859
dower,0.0
dowfs,0.0
dowie,0.0
dowle,0.0
dowls,0.0
dowly,0.0
downa,0.0
downs,0.0
downy,0.575814
dowps,0.0
dowry,0.579726
dowse,0.384843
dowts,0.0
doxed,0.0
doxes,0.0
doxie,0.0
doyen,0.0
doyly,0.0
dozed,0.00225968
dozen,0.58
dozer,0.442372
dozes,0.0
drabs,0.0
drack,0.0
draco,0.0
draff,0.0
draft,0.58
drags,0.0
drail,0.0
drain,0.58
drake,0.508695
drama,0.58
drams,0.0
drank,0.58
drant,0.0
drape,0.58
draps,0.0
drapy,0.0
drats,0.0
drave,0.0
drawl,0.58
drawn,0.58
draws,0.0
drays,0.0
dread,0.58
dream,0.58
drear,0.0
dreck,0.562196
dreed,0.0
dreer,0.0
drees,0.0
dregs,0.0
dreks,0.0
drent,0.0
drere,0.0
dress,0.58
drest,0.0
dreys,0.0
dribs,0.0
drice,0.0
dried,0.58
drier,0.58
dries,0.0
drift,0.58
drill,0.58
drily,0.0
drink,0.58
drips,0.0
dript,0.0
drive,0.58
drock,0.0
droid,0.552163
droil,0.0
droit,0.552163
droke,0.0
drole,0.0
droll,0.58
drome,0.0
drone,0.58
drony,0.0
droob,0.0
droog,0.0
drook,0.0
drool,0.58
droop,0.58
drops,0.0
dropt,0.0
dross,0.572368
drouk,0.0
drove,0.58
drown,0.58
drows,0.0
drubs,0.0
drugs,0.0
druid,0.541164
drums,0.0
drunk,0.58
drupe,0.0
druse,0.0
drusy,0.0
druxy,0.0
dryad,0.0
dryas,0.0
dryer,0.58
dryly,0.58
dsobo,0.0
dsomo,0.0
duads,0.0
duals,0.0
duans,0.0
duars,0.0
dubbo,0.0
dubby,0.0
ducal,0.0
ducat,0.384843
duces,0.0
duchy,0.552847
ducks,0.0
ducky,0.549135
ducti,0.0
ducts,0.0
duddy,0.0
duded,0.0
dudes,0.0
duels,0.0
duets,0.0
duett,0.0
duffs,0.0
dufus,0.0
duing,0.0
duits,0.0
dukas,0.0
duked,0.00225968
dukes,0.0
dukka,0.0
dukun,0.0
dulce,0.0
dules,0.0
dulia,0.0
dulls,0.0
dully,0.572151
dulse,0.0
dumas,0.0
dumbo,0.0
dumbs,0.0
dumka,0.0
dumky,0.0
dummy,0.58
dumps,0.0
dumpy,0.5758610000000001
dunam,0.0
dunce,0.570734
dunch,0.0
dunes,0.0
dungs,0.0
dungy,0.0
dunks,0.0
dunno,0.0
dunny,0.0
dunsh,0.0
dunts,0.0
duomi,0.0
duomo,0.0
duped,0.00225968
duper,0.0
dupes,0.0
duple,0.0
duply,0.0
duppy,0.0
dural,0.0
duras,0.0
dured,0.0
dures,0.0
durgy,0.0
durns,0.0
duroc,0.0
duros,0.0
duroy,0.0
durra,0.0
durrs,0.0
durry,0.0
durst,0.0
durum,0.0
durzi,0.0
dusks,0.0
dusky,0.58
dusts,0.0
dusty,0.58
dutch,0.516859
duvet,0.58
duxes,0.0
dwaal,0.0
dwale,0.0
dwalm,0.0
dwams,0.0
dwamy,0.0
dwang,0.0
dwarf,0.58
dwaum,0.0
dweeb,0.54696
dwell,0.58
dwelt,0.577242
dwile,0.0
dwine,0.0
dyads,0.0
dyers,0.0
dying,0.58
dyked,0.0
dykes,0.0
dykey,0.0
dykon,0.0
dynel,0.0
dynes,0.0
dynos,0.0
dzhos,0.0
eager,0.58
eagle,0.58
eagly,0.0
eagre,0.0
ealed,0.0
eales,0.0
eaned,0.0
eards,0.0
eared,0.00225968
earls,0.0
early,0.58
earns,0.0
earnt,0.0
earst,0.0
earth,0.58
eased,0.00225968
easel,0.58
easer,0.0
eases,0.0
easle,0.0
easts,0.0
eaten,0.58
eater,0.58
eathe,0.0
eatin,0.0
eaved,0.0
eaver,0.0
eaves,0.0
ebank,0.0
ebbed,0.00225968
ebbet,0.0
ebena,0.0
ebene,0.0
ebike,0.0
ebons,0.0
ebony,0.58
ebook,0.528829
ecads,0.0
ecard,0.0
ecash,0.0
eched,0.0
eches,0.0
echos,0.0
ecigs,0.0
eclat,0.537925
ecole,0.0
ecrus,0.0
edema,0.57012
edged,0.00225968
edger,0.448774
edges,0.0
edict,0.58
edify,0.549542
edile,0.0
edits,0.0
educe,0.0185443
educt,0.0
eejit,0.0
eensy,0.0
eerie,0.58
eeven,0.0
eever,0.0
eevns,0.0
effed,0.0
effer,0.0
efits,0.0
egads,0.0
egers,0.0
egest,0.0
eggar,0.0
egged,0.00225968
egger,0.0
egmas,0.0
egret,0.565935
ehing,0.0
eider,0.48747100000000004
eidos,0.0
eight,0.58
eigne,0.0
eiked,0.0
eikon,0.0
eilds,0.0
eiron,0.0
eisel,0.0
eject,0.58
ejido,0.0
ekdam,0.0
eking,0.58
ekkas,0.0
elain,0.0
eland,0.0
elans,0.0
elate,0.469334
elbow,0.58
elchi,0.0
elder,0.58
eldin,0.0
elect,0.58
eleet,0.0
elegy,0.58
elemi,0.0
elfed,0.0
elfin,0.58
eliad,0.0
elide,0.565526
elint,0.0
elite,0.58
elmen,0.0
eloge,0.0
elogy,0.0
eloin,0.0
elope,0.565935
elops,0.0
elpee,0.0
elsin,0.0
elude,0.58
elute,0.0
elvan,0.0
elven,0.0
elver,0.0
elves,0.0
emacs,0.0
email,0.58
embar,0.0
embay,0.0
embed,0.58
ember,0.58
embog,0.0
embow,0.0
embox,0.0
embus,0.0
emcee,0.570299
emeer,0.0
emend,0.0
emerg,0.0
emery,0.535747
emeus,0.0
emics,0.0
emirs,0.0
emits,0.0
emmas,0.0
emmer,0.0
emmet,0.0
emmew,0.0
emmys,0.0
emoji,0.58
emong,0.0
emote,0.574102
emove,0.0
empts,0.0
empty,0.58
emule,0.0
emure,0.0
emyde,0.0
emyds,0.0
enact,0.58
enarm,0.0
enate,0.0
ended,0.00225968
ender,0.0
endew,0.0
endow,0.58
endue,0.0
enema,0.5600390000000001
enemy,0.58
enews,0.0
enfix,0.0
eniac,0.0
enjoy,0.58
enlit,0.0
enmew,0.0
ennog,0.0
ennui,0.58
enoki,0.0
enols,0.0
enorm,0.0
enows,0.0
enrol,0.0
ensew,0.0
ensky,0.0
ensue,0.58
enter,0.58
entia,0.0
entre,0.0
entry,0.58
enure,0.0
enurn,0.0
envoi,0.0
envoy,0.58
enzym,0.0
eolid,0.0
eorls,0.0
eosin,0.0
epact,0.0
epees,0.0
epena,0.0
epene,0.0
ephah,0.0
ephas,0.0
ephod,0.0
ephor,0.0
epics,0.0
epoch,0.58
epode,0.0
epopt,0.0
epoxy,0.58
eppie,0.0
epris,0.0
equal,0.58
eques,0.0
equid,0.0
equip,0.58
erase,0.58
erbia,0.0
erect,0.58
erevs,0.0
ergon,0.0
ergos,0.0
ergot,0.0
erhus,0.0
erica,0.0
erick,0.0
erics,0.0
ering,0.0
erned,0.0
ernes,0.0
erode,0.58
erose,0.0
erred,0.00225968
error,0.58
erses,0.0
eruct,0.0
erugo,0.0
erupt,0.58
eruvs,0.0
erven,0.0
ervil,0.0
escar,0.0
escot,0.0
esile,0.0
eskar,0.0
esker,0.0
esnes,0.0
esrog,0.0
essay,0.58
esses,0.0
ester,0.484331
estoc,0.0
estop,0.0
estro,0.0
etage,0.0
etape,0.0
etats,0.0
etens,0.0
ethal,0.0
ether,0.58
ethic,0.58
ethne,0.0
ethos,0.58
ethyl,0.553179
etics,0.0
etnas,0.0
etrog,0.0
ettin,0.0
ettle,0.0
etude,0.566837
etuis,0.0
etwee,0.0
etyma,0.0
eughs,0.0
euked,0.0
eupad,0.0
euros,0.0
eusol,0.0
evade,0.58
evegs,0.0
evens,0.0
event,0.58
evert,0.0185443
every,0.58
evets,0.0
evhoe,0.0
evict,0.58
evils,0.0
evite,0.0
evohe,0.0
evoke,0.58
ewers,0.0
ewest,0.0
ewhow,0.0
ewked,0.0
exact,0.58
exalt,0.5767289999999999
exams,0.0
excel,0.58
exeat,0.0
execs,0.0
exeem,0.0
exeme,0.0
exert,0.58
exfil,0.0
exier,0.0
exies,0.0
exile,0.58
exine,0.0
exing,0.0
exist,0.58
exite,0.0
exits,0.0
exode,0.0
exome,0.0
exons,0.0
expat,0.58
expel,0.58
expos,0.0
extol,0.58
extra,0.58
exude,0.58
exuls,0.0
exult,0.574875
exurb,0.560863
eyass,0.0
eyers,0.0
eying,0.57178
eyots,0.0
eyras,0.0
eyres,0.0
eyrie,0.0
eyrir,0.0
ezine,0.0
fabbo,0.0
fabby,0.0
fable,0.58
faced,0.00225968
facer,0.0
faces,0.0
facet,0.58
facey,0.0
facia,0.0
facie,0.0
facta,0.0
facto,0.0
facts,0.0
facty,0.0
faddy,0.0
faded,0.00225968
fader,0.448774
fades,0.0
fadge,0.0
fados,0.0
faena,0.0
faery,0.0
faffs,0.0
faffy,0.0
faggy,0.0
fagin,0.0
fagot,0.0
faiks,0.0
fails,0.0
faine,0.0
fains,0.0
faint,0.58
faire,0.0
fairs,0.0
fairy,0.58
faith,0.58
faked,0.00225968
faker,0.553179
fakes,0.0
fakey,0.0
fakie,0.0
fakir,0.469334
falaj,0.0
fales,0.0
falls,0.0
false,0.58
falsy,0.0
famed,0.58
fames,0.0
fanal,0.0
fancy,0.58
fands,0.0
fanes,0.0
fanga,0.0
fango,0.0
fangs,0.0
fanks,0.0
fanny,0.0
fanon,0.0
fanos,0.0
fanum,0.0
faqir,0.0
farad,0.0
farce,0.58
farci,0.0
farcy,0.0
fards,0.0
fared,0.00225968
farer,0.0
fares,0.0
farle,0.0
farls,0.0
farms,0.0
faros,0.0
farro,0.0
farse,0.0
farts,0.0
fasci,0.0
fasti,0.0
fasts,0.0
fatal,0.58
fated,0.00225968
fates,0.0
fatly,0.0
fatso,0.0
fatty,0.58
fatwa,0.58
fauch,0.0
faugh,0.0
fauld,0.0
fault,0.58
fauna,0.58
fauns,0.0
faurd,0.0
faute,0.0
fauts,0.0
fauve,0.0
favas,0.0
favel,0.0
faver,0.0
faves,0.0
favor,0.58
favus,0.0
fawns,0.0
fawny,0.0
faxed,0.00225968
faxes,0.0
fayed,0.0
fayer,0.0
fayne,0.0
fayre,0.0
fazed,0.00225968
fazes,0.0
feals,0.0
feard,0.0
feare,0.0
fears,0.0
feart,0.0
fease,0.0
feast,0.58
feats,0.0
feaze,0.0
fecal,0.58
feces,0.559302
fecht,0.0
fecit,0.0
fecks,0.0
fedai,0.0
fedex,0.0
feebs,0.0
feeds,0.0
feels,0.0
feely,0.0
feens,0.0
feers,0.0
feese,0.0
feeze,0.0
fehme,0.0
feign,0.58
feint,0.579023
feist,0.0
felch,0.0
felid,0.0
felix,0.0
fella,0.57922
fells,0.0
felly,0.0
felon,0.58
felts,0.0
felty,0.0
femal,0.0
femes,0.0
femic,0.0
femme,0.548183
femmy,0.0
femur,0.58
fence,0.58
fends,0.0
fendy,0.0
fenis,0.0
fenks,0.0
fenny,0.0
fents,0.0
feods,0.0
feoff,0.0
feral,0.58
ferer,0.0
feres,0.0
feria,0.0
ferly,0.0
fermi,0.0
ferms,0.0
ferns,0.0
ferny,0.0
ferox,0.0
ferry,0.58
fesse,0.0
festa,0.0
fests,0.0
festy,0.0
fetal,0.58
fetas,0.0
fetch,0.58
feted,0.00225968
fetes,0.0
fetid,0.58
fetor,0.0
fetta,0.0
fetts,0.0
fetus,0.58
fetwa,0.0
feuar,0.0
feuds,0.0
feued,0.0
fever,0.58
fewer,0.58
feyed,0.0
feyer,0.0
feyly,0.0
fezes,0.0
fezzy,0.0
fiars,0.0
fiats,0.0
fiber,0.58
fibre,0.0
fibro,0.0
fices,0.0
fiche,0.0
fichu,0.0
ficin,0.0
ficos,0.0
ficta,0.0
ficus,0.572078
fides,0.0
fidge,0.0
fidos,0.0
fidus,0.0
fiefs,0.0
field,0.58
fiend,0.58
fient,0.0
fiere,0.0
fieri,0.0
fiers,0.0
fiery,0.58
fiest,0.0
fifed,0.0
fifer,0.0
fifes,0.0
fifis,0.0
fifth,0.58
fifty,0.58
figgy,0.0
fight,0.58
figos,0.0
fiked,0.0
fikes,0.0
filar,0.0
filch,0.5386099999999999
filed,0.00225968
filer,0.563571
files,0.0
filet,0.58
filii,0.0
filks,0.0
fille,0.0
fillo,0.0
fills,0.0
filly,0.58
filmi,0.0
films,0.0
filmy,0.577926
filon,0.0
filos,0.0
filth,0.58
filum,0.0
final,0.58
finca,0.0
finch,0.565526
finds,0.0
fined,0.00225968
finer,0.58
fines,0.0
finis,0.0
finks,0.0
finny,0.0
finos,0.0
fiord,0.0
fiqhs,0.0
fique,0.0
fired,0.00225968
firer,0.0
fires,0.0
firie,0.0
firks,0.0
firma,0.0
firms,0.0
firni,0.0
firns,0.0
firry,0.0
first,0.58
firth,0.00904452
fiscs,0.0
fisho,0.0
fishy,0.58
fisks,0.0
fists,0.0
fisty,0.0
fitch,0.0
fitly,0.0
fitna,0.0
fitte,0.0
fitts,0.0
fiver,0.0
fives,0.0
fixed,0.00225968
fixer,0.58
fixes,0.0
fixie,0.0
fixit,0.0
fizzy,0.58
fjeld,0.0
fjord,0.575285
flabs,0.0
flack,0.572986
flaff,0.0
flags,0.0
flail,0.58
flair,0.58
flake,0.58
flaks,0.0
flaky,0.58
flame,0.58
flamm,0.0
flams,0.0
flamy,0.0
flane,0.0
flank,0.58
flans,0.0
flaps,0.0
flare,0.58
flary,0.0
flash,0.58
flask,0.58
flats,0.0
flava,0.0
flawn,0.0
flaws,0.0
flawy,0.0
flaxy,0.0
flays,0.0
fleam,0.0
fleas,0.0
fleck,0.560662
fleek,0.0
fleer,0.0
flees,0.0
fleet,0.58
flegs,0.0
fleme,0.0
flesh,0.58
fleur,0.0
flews,0.0
flexi,0.0
flexo,0.0
fleys,0.0
flick,0.58
flics,0.0
flied,0.00225968
flier,0.58
flies,0.0
flimp,0.0
flims,0.0
fling,0.58
flint,0.575184
flips,0.0
flirs,0.0
flirt,0.58
flisk,0.0
flite,0.0
flits,0.0
flitt,0.0
float,0.58
flobs,0.0
flock,0.58
flocs,0.0
floes,0.0
flogs,0.0
flong,0.0
flood,0.58
floor,0.58
flops,0.0
flora,0.58
flore,0.0
flors,0.0
flory,0.0
flosh,0.0
floss,0.58
flota,0.0
flote,0.0
flour,0.58
flout,0.58
flown,0.58
flows,0.0
flowy,0.555905
flubs,0.0
flued,0.0
flues,0.0
fluey,0.0
fluff,0.58
fluid,0.58
fluke,0.58
fluky,0.572716
flume,0.53722
flump,0.0
flung,0.58
flunk,0.58
fluor,0.0
flurr,0.0
flush,0.58
flute,0.58
fluty,0.0
fluyt,0.0
flyby,0.574607
flyer,0.58
flyin,0.0
flype,0.0
flyte,0.0
fnarr,0.0
foals,0.0
foams,0.0
foamy,0.58
focal,0.58
focus,0.58
foehn,0.0
fogey,0.523426
foggy,0.58
fogie,0.0
fogle,0.0
fogos,0.0
fogou,0.0
fohns,0.0
foids,0.0
foils,0.0
foins,0.0
foist,0.577646
folds,0.0
foley,0.0
folia,0.0
folic,0.572648
folie,0.0
folio,0.564957
folks,0.0
folky,0.58
folly,0.58
fomes,0.0
fonda,0.0
fonds,0.0
fondu,0.0
fones,0.0
fonio,0.0
fonly,0.0
fonts,0.0
foods,0.0
foody,0.0
fools,0.0
foots,0.0
footy,0.0
foram,0.0
foray,0.58
forbs,0.0
forby,0.0
force,0.58
fordo,0.0
fords,0.0
forel,0.0
fores,0.0
forex,0.0
forge,0.58
forgo,0.58
forks,0.0
forky,0.0
forma,0.0
forme,0.0
forms,0.0
forte,0.58
forth,0.58
forts,0.0
forty,0.58
forum,0.58
forza,0.0
forze,0.0
fossa,0.0
fosse,0.0
fouat,0.0
fouds,0.0
fouer,0.0
fouet,0.0
foule,0.0
fouls,0.0
found,0.58
fount,0.577502
fours,0.0
fouth,0.0
fovea,0.0
fowls,0.0
fowth,0.0
foxed,0.0
foxes,0.0
foxie,0.0
foyer,0.58
foyle,0.0
foyne,0.0
frabs,0.0
frack,0.534976
fract,0.0
frags,0.0
frail,0.58
fraim,0.0
frais,0.0
frame,0.58
franc,0.58
frank,0.58
frape,0.0
fraps,0.0
frass,0.0
frate,0.0
frati,0.0
frats,0.0
fraud,0.58
fraus,0.0
frays,0.0
freak,0.58
freed,0.58
freer,0.58
frees,0.0
freet,0.0
freit,0.0
fremd,0.0
frena,0.0
freon,0.0
frere,0.0
fresh,0.58
frets,0.0
friar,0.576891
fribs,0.0
fried,0.58
frier,0.0
fries,0.0
frigs,0.0
frill,0.567899
frise,0.556454
frisk,0.58
frist,0.0
frita,0.0
frite,0.0
frith,0.0
frits,0.0
fritt,0.0
fritz,0.56405
frize,0.0
frizz,0.559609
frock,0.58
froes,0.0
frogs,0.0
fromm,0.0
frond,0.557747
frons,0.0
front,0.58
froom,0.0
frore,0.0
frorn,0.0
frory,0.0
frosh,0.435303
frost,0.58
froth,0.58
frown,0.58
frows,0.0
frowy,0.0
froyo,0.0
froze,0.58
frugs,0.0
fruit,0.58
frump,0.523426
frush,0.0
frust,0.0
fryer,0.58
fubar,0.0
fubby,0.0
fubsy,0.0
fucks,0.0
fucus,0.0
fuddy,0.0
fudge,0.58
fudgy,0.568554
fuels,0.0
fuero,0.0
fuffs,0.0
fuffy,0.0
fugal,0.552847
fuggy,0.0
fugie,0.0
fugio,0.0
fugis,0.0
fugle,0.0
fugly,0.0
fugue,0.58
fugus,0.0
fujis,0.0
fulla,0.0
fulls,0.0
fully,0.58
fulth,0.0
fulwa,0.0
fumed,0.00225968
fumer,0.0
fumes,0.0
fumet,0.0
funda,0.0
fundi,0.0
fundo,0.0
funds,0.0
fundy,0.0
fungi,0.58
fungo,0.543996
fungs,0.0
funic,0.0
funis,0.0
funks,0.0
funky,0.58
funny,0.58
funsy,0.0
funts,0.0
fural,0.0
furan,0.0
furca,0.0
furls,0.0
furol,0.0
furor,0.58
furos,0.0
furrs,0.0
furry,0.58
furth,0.0
furze,0.0
furzy,0.0
fused,0.00225968
fusee,0.0
fusel,0.0
fuses,0.0
fusil,0.0
fusks,0.0
fussy,0.58
fusts,0.0
fusty,0.58
futon,0.58
fuzed,0.0
fuzee,0.0
fuzes,0.0
fuzil,0.0
fuzzy,0.58
fyces,0.0
fyked,0.0
fykes,0.0
fyles,0.0
fyrds,0.0
fytte,0.0
gabba,0.0
gabby,0.56025
gable,0.57021
gaddi,0.0
gades,0.0
gadge,0.0
gadgy,0.0
gadid,0.0
gadis,0.0
gadje,0.0
gadjo,0.0
gadso,0.0
gaffe,0.58
gaffs,0.0
gaged,0.0
gager,0.0
gages,0.0
gaids,0.0
gaily,0.576605
gains,0.0
gairs,0.0
gaita,0.0
gaits,0.0
gaitt,0.0
gajos,0.0
galah,0.0
galas,0.0
galax,0.0
galea,0.0
galed,0.0
gales,0.0
galia,0.0
galis,0.0
galls,0.0
gally,0.0
galop,0.0
galut,0.0
galvo,0.0
gamas,0.0
gamay,0.0
gamba,0.0
gambe,0.0
gambo,0.0
gambs,0.0
gamed,0.00225968
gamer,0.58
games,0.0
gamey,0.551452
gamic,0.0
gamin,0.0
gamma,0.579303
gamme,0.0
gammy,0.0
gamps,0.0
gamut,0.58
ganch,0.0
gandy,0.0
ganef,0.0
ganev,0.0
gangs,0.0
ganja,0.0
ganks,0.0
ganof,0.0
gants,0.0
gaols,0.0
gaped,0.00225968
gaper,0.0
gapes,0.0
gapos,0.0
gappy,0.0
garam,0.0
garba,0.0
garbe,0.0
garbo,0.0
garbs,0.0
garda,0.0
garde,0.0
gares,0.0
garis,0.0
garms,0.0
garni,0.0
garre,0.0
garri,0.0
garth,0.0
garum,0.0
gases,0.0
gashy,0.0
gasps,0.0
gaspy,0.0
gassy,0.56324
gasts,0.0
gatch,0.0
gated,0.58
gater,0.0
gates,0.0
gaths,0.0
gator,0.58
gauch,0.0
gaucy,0.0
gauds,0.0
gaudy,0.58
gauge,0.58
gauje,0.0
gault,0.0
gaums,0.0
gaumy,0.0
gaunt,0.58
gaups,0.0
gaurs,0.0
gauss,0.0
gauze,0.58
gauzy,0.58
gavel,0.58
gavot,0.0
gawcy,0.0
gawds,0.0
gawks,0.0
gawky,0.58
gawps,0.0
gawsy,0.0
gayal,0.0
gayer,0.536495
gayly,0.0276416
gazal,0.0
gazar,0.0
gazed,0.00225968
gazer,0.508695
gazes,0.0
gazon,0.0
gazoo,0.0
geals,0.0
geans,0.0
geare,0.0
gears,0.0
geasa,0.0
geats,0.0
gebur,0.0
gecko,0.570029
gecks,0.0
geeks,0.0
geeky,0.58
geeps,0.0
geese,0.58
geest,0.0
geist,0.0
geits,0.0
gelds,0.0
gelee,0.0
gelid,0.0
gelly,0.0
gelts,0.0
gemel,0.0
gemma,0.0
gemmy,0.0
gemot,0.0
genae,0.0
genal,0.0
genas,0.0
genes,0.0
genet,0.0
genic,0.0
genie,0.58
genii,0.0
genin,0.0
genio,0.0
genip,0.0
genny,0.0
genoa,0.0
genom,0.0
genre,0.58
genro,0.0
gents,0.0
genty,0.0
genua,0.0
genus,0.58
geode,0.537925
geoid,0.0
gerah,0.0
gerbe,0.0
geres,0.0
gerle,0.0
germs,0.0
germy,0.523426
gerne,0.0
gesse,0.0
gesso,0.0
geste,0.0
gests,0.0
getas,0.0
getup,0.552163
geums,0.0
geyan,0.0
geyer,0.0
ghast,0.0
ghats,0.0
ghaut,0.0
ghazi,0.0
ghees,0.0
ghest,0.0
ghost,0.58
ghoul,0.5664589999999999
ghusl,0.0
ghyll,0.0
giant,0.58
gibed,0.00225968
gibel,0.0
giber,0.0
gibes,0.0
gibli,0.0
gibus,0.0
giddy,0.58
gifts,0.0
gigas,0.0
gighe,0.0
gigot,0.0
gigue,0.0
gilas,0.0
gilds,0.0
gilet,0.0
gilia,0.0
gills,0.0
gilly,0.0
gilpy,0.0
gilts,0.0
gimel,0.0
gimme,0.575285
gimps,0.0
gimpy,0.0
ginch,0.0
ginga,0.0
ginge,0.0
gings,0.0
ginks,0.0
ginny,0.0
ginzo,0.0
gipon,0.0
gippo,0.0
gippy,0.0
gipsy,0.0
girds,0.0
girlf,0.0
girls,0.0
girly,0.58
girns,0.0
giron,0.0
giros,0.0
girrs,0.0
girsh,0.0
girth,0.58
girts,0.0
gismo,0.0
gisms,0.0
gists,0.0
gitch,0.0
gites,0.0
giust,0.0
gived,0.0
given,0.58
giver,0.58
gives,0.0
gizmo,0.58
glace,0.5510860000000001
glade,0.570563
glads,0.0
glady,0.0
glaik,0.0
glair,0.0
glamp,0.033212
glams,0.0
gland,0.58
glans,0.0
glare,0.58
glary,0.0
glass,0.58
glatt,0.0
glaum,0.0
glaur,0.0
glaze,0.58
glazy,0.0
gleam,0.58
glean,0.58
gleba,0.0
glebe,0.0
gleby,0.0
glede,0.0
gleds,0.0
gleed,0.0
gleek,0.0
glees,0.0
gleet,0.0
gleis,0.0
glens,0.0
glent,0.0
gleys,0.0
glial,0.0
glias,0.0
glibs,0.0
glide,0.58
gliff,0.0
glift,0.0
glike,0.0
glime,0.0
glims,0.0
glint,0.58
glisk,0.0
glits,0.0
glitz,0.58
gloam,0.0276416
gloat,0.58
globe,0.58
globi,0.0
globs,0.0
globy,0.0
glode,0.0
glogg,0.0
gloms,0.0
gloom,0.58
gloop,0.477373
glops,0.0
glory,0.58
gloss,0.58
glost,0.0
glout,0.0
glove,0.58
glows,0.0
glowy,0.542341
gloze,0.0
glued,0.00225968
gluer,0.0
glues,0.0
gluey,0.570029
glugg,0.0
glugs,0.0
glume,0.0
glums,0.0
gluon,0.0
glute,0.48747100000000004
gluts,0.0
glyph,0.529798
gnapi,0.0
gnarl,0.46482500000000004
gnarr,0.0
gnars,0.0
gnash,0.549542
gnats,0.0
gnawn,0.0
gnaws,0.0
gnome,0.58
gnows,0.0
goads,0.0
goafs,0.0
goaft,0.0
goals,0.0
goary,0.0
goats,0.0
goaty,0.0
goave,0.0
goban,0.0
gobar,0.0
gobbe,0.0
gobbi,0.0
gobbo,0.0
gobby,0.0
gobis,0.0
gobos,0.0
godet,0.0
godly,0.578259
godso,0.0
goels,0.0
goers,0.0
goest,0.0
goeth,0.0
goety,0.0
gofer,0.5699369999999999
goffs,0.0
gogga,0.0
gogos,0.0
goier,0.0
going,0.58
gojis,0.0
gokes,0.0
golds,0.0
goldy,0.0
golem,0.554446
goles,0.0
golfs,0.0
golly,0.5748219999999999
golpe,0.0
golps,0.0
gombo,0.0
gomer,0.0
gompa,0.0
gonad,0.418689
gonch,0.0
gonef,0.0
goner,0.571703
gongs,0.0
gonia,0.0
gonif,0.0
gonks,0.0
gonna,0.58
gonof,0.0
gonys,0.0
gonzo,0.58
gooby,0.0
goodo,0.0
goods,0.0
goody,0.58
gooey,0.58
goofs,0.0
goofy,0.58
googs,0.0
gooks,0.0
gooky,0.0
goold,0.0
gools,0.0
gooly,0.0
goomy,0.0
goons,0.0
goony,0.0
goops,0.0
goopy,0.565386
goors,0.0
goory,0.0
goose,0.58
goosy,0.0
gopak,0.0
gopik,0.0
goral,0.0
goras,0.0
goray,0.0
gorbs,0.0
gordo,0.0
gored,0.00225968
gores,0.0
gorge,0.58
goris,0.0
gorms,0.0
gormy,0.0
gorps,0.0
gorse,0.547415
gorsy,0.0
gosht,0.0
gosse,0.0
gotch,0.0
goths,0.0
gothy,0.0
gotta,0.58
gouch,0.0
gouge,0.5794659999999999
gouks,0.0
goura,0.0
gourd,0.579023
gouts,0.0
gouty,0.0
goved,0.0
goves,0.0
gowan,0.0
gowds,0.0
gowfs,0.0
gowks,0.0
gowls,0.0
gowns,0.0
goxes,0.0
goyim,0.0
goyle,0.0
graal,0.0
grabs,0.0
grace,0.58
grade,0.58
grads,0.0
graff,0.0
graft,0.58
grail,0.58
grain,0.58
graip,0.0
grama,0.0
grame,0.0
gramp,0.0
grams,0.0
grana,0.0
grand,0.58
grano,0.0
grans,0.0
grant,0.58
grape,0.58
graph,0.58
grapy,0.0
grasp,0.58
grass,0.58
grata,0.0
grate,0.58
grats,0.0
grave,0.58
gravs,0.0
gravy,0.58
grays,0.0
graze,0.58
great,0.58
grebe,0.0
grebo,0.0
grece,0.0
greed,0.58
greek,0.0
green,0.58
grees,0.0
greet,0.58
grege,0.0
grego,0.0
grein,0.0
grens,0.0
greps,0.0
grese,0.0
greve,0.0
grews,0.0
greys,0.0
grice,0.0
gride,0.0
grids,0.0
grief,0.58
griff,0.0
grift,0.563407
grigs,0.0
grike,0.0
grill,0.58
grime,0.58
grimy,0.58
grind,0.58
grins,0.0
griot,0.0
gripe,0.58
grips,0.0
gript,0.0
gripy,0.0
grise,0.0
grist,0.58
grisy,0.0
grith,0.0
grits,0.0
grize,0.0
groan,0.58
groat,0.0
grody,0.0
grogs,0.0
groin,0.561715
groks,0.0
groma,0.0
groms,0.0
grone,0.0
groof,0.0
groom,0.58
grope,0.58
gross,0.58
grosz,0.0
grots,0.0
grouf,0.0
group,0.58
grout,0.572648
grove,0.58
grovy,0.0
growl,0.58
grown,0.58
grows,0.0
grrls,0.0
grrrl,0.0
grubs,0.0
grued,0.0
gruel,0.57701
grues,0.0
grufe,0.0
gruff,0.58
grume,0.0
grump,0.561257
grund,0.0
grunt,0.58
gryce,0.0
gryde,0.0
gryke,0.0
grype,0.0
grypt,0.0
guaco,0.0
guana,0.0
guano,0.567203
guans,0.0
guard,0.58
guars,0.0
guava,0.58
gubba,0.0
gucks,0.0
gucky,0.0
gudes,0.0
guess,0.58
guest,0.58
guffs,0.0
gugas,0.0
guggl,0.0
guide,0.58
guido,0.0
guids,0.0
guild,0.58
guile,0.58
guilt,0.58
guimp,0.0
guiro,0.0
guise,0.58
gulab,0.0
gulag,0.58
gular,0.0
gulas,0.0
gulch,0.545531
gules,0.0
gulet,0.0
gulfs,0.0
gulfy,0.0
gulls,0.0
gully,0.573807
gulph,0.0
gulps,0.0
gulpy,0.0
gumbo,0.58
gumma,0.0
gummi,0.0
gummy,0.58
gumps,0.0
gunas,0.0
gundi,0.0
gundy,0.0
gunge,0.0
gungy,0.0
gunks,0.0
gunky,0.513817
gunny,0.0
guppy,0.536495
guqin,0.0
gurdy,0.0
gurge,0.0
gurks,0.0
gurls,0.0
gurly,0.0
gurns,0.0
gurry,0.0
gursh,0.0
gurus,0.0
gushy,0.570029
gusla,0.0
gusle,0.0
gusli,0.0
gussy,0.5589379999999999
gusto,0.58
gusts,0.0
gusty,0.58
gutsy,0.58
gutta,0.0
gutty,0.53722
guyed,0.0
guyle,0.0
guyot,0.0
guyse,0.0
gwine,0.0
gyals,0.0
gyans,0.0
gybed,0.0
gybes,0.0
gyeld,0.0
gymps,0.0
gynae,0.0
gynie,0.0
gynny,0.0
gynos,0.0
gyoza,0.0
gypes,0.0
gypos,0.0
gyppo,0.0
gyppy,0.0
gypsy,0.0
gyral,0.0
gyred,0.0
gyres,0.0
gyron,0.0
gyros,0.0
gyrus,0.0
gytes,0.0
gyved,0.0
gyver,0.0
gyves,0.0
haafs,0.0
haars,0.0
haats,0.0
habit,0.58
hable,0.0
habus,0.0
hacek,0.0
hacks,0.0
hacky,0.549542
hadal,0.0
haded,0.0
hades,0.0
hadji,0.0
hadst,0.0
haems,0.0
haere,0.0
haets,0.0
haffs,0.0
hafiz,0.0
hafta,0.0
hafts,0.0
haggs,0.0
haham,0.0
hahas,0.0
haick,0.0
haika,0.0
haiks,0.0
haiku,0.58
hails,0.0
haily,0.0
hains,0.0
haint,0.0
hairs,0.0
hairy,0.58
haith,0.0
hajes,0.0
hajis,0.0
hajji,0.0
hakam,0.0
hakas,0.0
hakea,0.0
hakes,0.0
hakim,0.0
hakus,0.0
halal,0.58
haldi,0.0
haled,0.0
haler,0.0
hales,0.0
halfa,0.0
halfs,0.0
halid,0.0
hallo,0.0
halls,0.0
halma,0.0
halms,0.0
halon,0.0
halos,0.0
halse,0.0
halsh,0.0
halts,0.0
halva,0.0
halve,0.58
halwa,0.0
hamal,0.0
hamba,0.0
hamed,0.0
hamel,0.0
hames,0.0
hammy,0.579726
hamza,0.0
hanap,0.0
hance,0.0
hanch,0.0
handi,0.0
hands,0.0
handy,0.58
hangi,0.0
hangs,0.0
hanks,0.0
hanky,0.528829
hansa,0.0
hanse,0.0
hants,0.0
haole,0.0
haoma,0.0
hapas,0.0
hapax,0.0
haply,0.0
happi,0.0
happy,0.58
hapus,0.0
haram,0.0
hards,0.0
hardy,0.58
hared,0.0
harem,0.58
hares,0.0
harim,0.0
harks,0.0
harls,0.0
harms,0.0
harns,0.0
haros,0.0
harps,0.0
harpy,0.557747
harry,0.513817
harsh,0.58
harts,0.0
hashy,0.0
hasks,0.0
hasps,0.0
hasta,0.0
haste,0.58
hasty,0.58
hatch,0.58
hated,0.00225968
hater,0.58
hates,0.0
hatha,0.0
hathi,0.0
hatty,0.0
hauds,0.0
haufs,0.0
haugh,0.0
haugo,0.0
hauld,0.0
haulm,0.0
hauls,0.0
hault,0.0
hauns,0.0
haunt,0.58
hause,0.0
haute,0.58
havan,0.0
havel,0.0
haven,0.58
haver,0.0
haves,0.0
havoc,0.58
hawed,0.0
hawks,0.0
hawms,0.0
hawse,0.0
hayed,0.0
hayer,0.0
hayey,0.0
hayle,0.0
hazan,0.0
hazed,0.00225968
hazel,0.58
hazer,0.0
hazes,0.0
hazle,0.0
heads,0.0
heady,0.58
heald,0.0
heals,0.0
heame,0.0
heaps,0.0
heapy,0.0
heard,0.58
heare,0.0
hears,0.0
heart,0.58
heast,0.0
heath,0.58
heats,0.0
heaty,0.0
heave,0.58
heavy,0.58
heben,0.0
hebes,0.0
hecht,0.0
hecks,0.0
heder,0.0
hedge,0.58
hedgy,0.0
heeds,0.0
heedy,0.0
heels,0.0
heeze,0.0
hefte,0.0
hefts,0.0
hefty,0.58
heiau,0.0
heids,0.0
heigh,0.0
heils,0.0
heirs,0.0
heist,0.58
hejab,0.0
hejra,0.0
heled,0.0
heles,0.0
helio,0.0
helix,0.579193
hella,0.0
hello,0.58
hells,0.0
helly,0.0
helms,0.0
helos,0.0
helot,0.0
helps,0.0
helve,0.0
hemal,0.0
hemes,0.0
hemic,0.0
hemin,0.0
hemps,0.0
hempy,0.0
hence,0.58
hench,0.0
hends,0.0
henge,0.0
henna,0.575285
henny,0.0
henry,0.0
hents,0.0
hepar,0.0
herbs,0.0
herby,0.0
herds,0.0
heres,0.0
herls,0.0
herma,0.0
herms,0.0
herns,0.0
heron,0.58
heros,0.0
herps,0.0
herry,0.0
herse,0.0
hertz,0.558473
herye,0.0
hesps,0.0
hests,0.0
hetes,0.0
heths,0.0
heuch,0.0
heugh,0.0
hevea,0.0
hevel,0.0
hewed,0.00225968
hewer,0.0
hewgh,0.0
hexad,0.0
hexed,0.00225968
hexer,0.0
hexes,0.0
hexyl,0.0
heyed,0.0
hiant,0.0
hibas,0.0
hicks,0.0
hided,0.0
hider,0.454602
hides,0.0
hiems,0.0
hifis,0.0
highs,0.0
hight,0.0
hijab,0.58
hijra,0.0
hiked,0.00225968
hiker,0.58
hikes,0.0
hikoi,0.0
hilar,0.0
hilch,0.0
hillo,0.0
hills,0.0
hilly,0.58
hilsa,0.0
hilts,0.0
hilum,0.0
hilus,0.0
himbo,0.0
hinau,0.0
hinds,0.0
hinge,0.58
hings,0.0
hinky,0.473504
hinny,0.0
hints,0.0
hiois,0.0
hiped,0.0
hiper,0.0
hipes,0.0
hiply,0.0
hippo,0.58
hippy,0.555905
hired,0.00225968
hiree,0.0
hirer,0.40882599999999997
hires,0.0
hissy,0.572368
hists,0.0
hitch,0.58
hithe,0.0
hived,0.00225968
hiver,0.0
hives,0.0
hizen,0.0
hoach,0.0
hoaed,0.0
hoagy,0.0
hoard,0.58
hoars,0.0
hoary,0.58
hoast,0.0
hobby,0.58
hobos,0.0
hocks,0.0
hocus,0.442372
hodad,0.0
hodja,0.0
hoers,0.0
hogan,0.0
hogen,0.0
hoggs,0.0
hoghs,0.0
hogoh,0.0
hogos,0.0
hohed,0.0
hoick,0.0
hoied,0.0
hoiks,0.0
hoing,0.0
hoise,0.0
hoist,0.58
hokas,0.0
hoked,0.0
hokes,0.0
hokey,0.58
hokis,0.0
hokku,0.0
hokum,0.577823
holds,0.0
holed,0.00225968
holes,0.0
holey,0.542907
holks,0.0
holla,0.0
hollo,0.0
holly,0.579331
holme,0.0
holms,0.0
holon,0.0
holos,0.0
holts,0.0
homas,0.0
homed,0.00225968
homer,0.58
homes,0.0
homey,0.58
homie,0.0
homme,0.0
homos,0.0
honan,0.0
honda,0.0
honds,0.0
honed,0.00225968
honer,0.0
hones,0.0
honey,0.58
hongi,0.0
hongs,0.0
honks,0.0
honky,0.0
honor,0.58
hooch,0.5661999999999999
hoods,0.0
hoody,0.442372
hooey,0.57012
hoofs,0.0
hoogo,0.0
hooha,0.0
hooka,0.0
hooks,0.0
hooky,0.58
hooly,0.0
hoons,0.0
hoops,0.0
hoord,0.0
hoors,0.0
hoosh,0.0
hoots,0.0
hooty,0.0
hoove,0.0
hopak,0.0
hoped,0.00225968
hoper,0.0
hopes,0.0
hoppy,0.562554
horah,0.0
horal,0.0
horas,0.0
horde,0.58
horis,0.0
horks,0.0
horme,0.0
horns,0.0
horny,0.579109
horse,0.58
horst,0.0
horsy,0.0
hosed,0.00225968
hosel,0.0
hosen,0.0
hoser,0.0
hoses,0.0
hosey,0.0
hosta,0.0
hosts,0.0
hotch,0.0
hotel,0.58
hoten,0.0
hotis,0.0
hotly,0.58
hotte,0.0
hotty,0.0
houff,0.0
houfs,0.0
hough,0.0
hound,0.58
houri,0.0
hours,0.0
house,0.58
houts,0.0
hovea,0.0
hoved,0.0
hovel,0.57147
hoven,0.0
hover,0.58
hoves,0.0
howay,0.0
howbe,0.0
howdy,0.540551
howes,0.0
howff,0.0
howfs,0.0
howks,0.0
howls,0.0
howre,0.0
howso,0.0
howto,0.0
hoxed,0.0
hoxes,0.0
hoyas,0.0
hoyed,0.0
hoyle,0.0
hubba,0.0
hubby,0.5665870000000001
hucks,0.0
hudna,0.0
hudud,0.0
huers,0.0
huffs,0.0
huffy,0.564206
huger,0.0
huggy,0.526786
huhus,0.0
huias,0.0
huies,0.0
hukou,0.0
hulas,0.0
hules,0.0
hulks,0.0
hulky,0.435303
hullo,0.0
hulls,0.0
hully,0.0
human,0.58
humas,0.0
humfs,0.0
humic,0.0
humid,0.58
humor,0.58
humph,0.033212
humps,0.0
humpy,0.0
humus,0.53722
hunch,0.58
hundo,0.0
hunks,0.0
hunky,0.58
hunts,0.0
hurds,0.0
hurls,0.0
hurly,0.0
hurra,0.0
hurry,0.58
hurst,0.0
hurts,0.0
hurty,0.0
hushy,0.0
husks,0.0
husky,0.58
husos,0.0
hussy,0.536495
hutch,0.568866
hutia,0.0
huzza,0.0
huzzy,0.0
hwyls,0.0
hydel,0.0
hydra,0.562196
hydro,0.574274
hyena,0.58
hyens,0.0
hygge,0.0
hying,0.0
hykes,0.0
hylas,0.0
hyleg,0.0
hyles,0.0
hylic,0.0
hymen,0.545531
hymns,0.0
hynde,0.0
hyoid,0.0
hyped,0.00225968
hyper,0.58
hypes,0.0
hypha,0.0
hyphy,0.0
hypos,0.0
hyrax,0.0
hyson,0.0
hythe,0.0
iambi,0.0
iambs,0.0
ibrik,0.0
icers,0.0
iched,0.0
iches,0.0
ichor,0.0
icier,0.534181
icily,0.574217
icing,0.58
icker,0.0
ickle,0.0
icons,0.0
ictal,0.0
ictic,0.0
ictus,0.0
idant,0.0
iddah,0.0
iddat,0.0
iddut,0.0
ideal,0.58
ideas,0.0
idees,0.0
ident,0.0
idiom,0.58
idiot,0.58
idled,0.00225968
idler,0.528829
idles,0.0
idlis,0.0
idola,0.0
idols,0.0
idyll,0.58
idyls,0.0
iftar,0.0
igapo,0.0
igged,0.0
igloo,0.5761769999999999
iglus,0.0
ignis,0.0
ihram,0.0
iiwis,0.0
ikans,0.0
ikats,0.0
ikons,0.0
ileac,0.0
ileal,0.0
ileum,0.0
ileus,0.0
iliac,0.370042
iliad,0.0
ilial,0.0
ilium,0.0
iller,0.0
illth,0.0
image,0.58
imago,0.0
imagy,0.0
imams,0.0
imari,0.0
imaum,0.0
imbar,0.0
imbed,0.00225968
imbos,0.0
imbue,0.58
imide,0.0
imido,0.0
imids,0.0
imine,0.0
imino,0.0
imlis,0.0
immew,0.0
immit,0.0
immix,0.0
imped,0.0
impel,0.57147
impis,0.0
imply,0.58
impot,0.0
impro,0.0
imshi,0.0
imshy,0.0
inane,0.58
inapt,0.560457
inarm,0.0
inbox,0.58
inbye,0.0
incas,0.0
incel,0.542341
incle,0.0
incog,0.0
incur,0.58
incus,0.0
incut,0.0
indew,0.0
index,0.58
india,0.0
indie,0.58
indol,0.0
indow,0.0
indri,0.0
indue,0.0
inept,0.58
inerm,0.0
inert,0.58
infer,0.58
infix,0.0
infos,0.0
infra,0.0
ingan,0.0
ingle,0.0
ingot,0.526786
inion,0.0
inked,0.00225968
inker,0.0
inkle,0.0
inlay,0.575285
inlet,0.58
inned,0.0
inner,0.58
innie,0.0
innit,0.0
inorb,0.0
input,0.58
inros,0.0
inrun,0.0
insee,0.0
inset,0.58
inspo,0.0
intel,0.58
inter,0.573247
intil,0.0
intis,0.0
intra,0.0
intro,0.58
inula,0.0
inure,0.5392750000000001
inurn,0.0
inust,0.0
invar,0.0
inver,0.0
inwit,0.0
iodic,0.0
iodid,0.0
iodin,0.0
ionic,0.520959
ioras,0.0
iotas,0.0
ippon,0.0
irade,0.0
irate,0.58
irids,0.0
iring,0.0
irked,0.00225968
iroko,0.0
irone,0.0
irons,0.0
irony,0.58
isbas,0.0
ishes,0.0
isled,0.0
isles,0.0
islet,0.571391
isnae,0.0
issei,0.0
issue,0.58
istle,0.0
itchy,0.58
items,0.0
ither,0.0
ivied,0.5048400000000001
ivies,0.0
ivory,0.58
ixias,0.0
ixnay,0.0
ixora,0.0
ixtle,0.0
izard,0.0
izars,0.0
izzat,0.0
jaaps,0.0
jabot,0.0
jacal,0.0
jacet,0.0
jacks,0.0
jacky,0.0
jaded,0.58
jades,0.0
jafas,0.0
jaffa,0.0
jagas,0.0
jager,0.0
jaggs,0.0
jaggy,0.0
jagir,0.0
jagra,0.0
jails,0.0
jaker,0.0
jakes,0.0
jakey,0.0
jakie,0.0
jalap,0.0
jaleo,0.0
jalop,0.0
jambe,0.0
jambo,0.0
jambs,0.0
jambu,0.0
james,0.0
jammy,0.579675
jamon,0.0
jamun,0.0
janes,0.0
janky,0.529798
janns,0.0
janny,0.0
janty,0.0
japan,0.0
japed,0.0
japer,0.0
japes,0.0
jarks,0.0
jarls,0.0
jarps,0.0
jarta,0.0
jarul,0.0
jasey,0.0
jaspe,0.0
jasps,0.0
jatha,0.0
jatis,0.0
jatos,0.0
jauks,0.0
jaune,0.0
jaunt,0.58
jaups,0.0
javas,0.0
javel,0.0
jawan,0.0
jawed,0.00225968
jawns,0.0
jaxie,0.0
jazzy,0.58
jeans,0.0
jeats,0.0
jebel,0.0
jedis,0.0
jeels,0.0
jeely,0.0
jeeps,0.0
jeera,0.0
jeers,0.0
jeeze,0.0
jefes,0.0
jeffs,0.0
jehad,0.0
jehus,0.0
jelab,0.0
jello,0.0
jells,0.0
jelly,0.58
jembe,0.0
jemmy,0.0
jenny,0.0
jeons,0.0
jerid,0.0
jerks,0.0
jerky,0.58
jerry,0.0
jesse,0.0
jessy,0.0
jests,0.0
jesus,0.0
jetee,0.0
jetes,0.0
jeton,0.0
jetty,0.578095
jeune,0.0
jewed,0.0
jewel,0.58
jewie,0.0
jhala,0.0
jheel,0.0
jhils,0.0
jiaos,0.0
jibba,0.0
jibbs,0.0
jibed,0.00225968
jiber,0.0
jibes,0.0
jiffs,0.0
jiffy,0.58
jiggy,0.0
jigot,0.0
jihad,0.0
jills,0.0
jilts,0.0
jimmy,0.519649
jimpy,0.0
jingo,0.0
jings,0.0
jinks,0.0
jinne,0.0
jinni,0.0
jinns,0.0
jirds,0.0
jirga,0.0
jirre,0.0
jisms,0.0
jitis,0.0
jitty,0.0
jived,0.0
jiver,0.0
jives,0.0
jivey,0.0
jnana,0.0
jobed,0.0
jobes,0.0
jocko,0.0
jocks,0.0
jocky,0.0
jocos,0.0
jodel,0.0
joeys,0.0
johns,0.0
joins,0.0
joint,0.58
joist,0.510484
joked,0.00225968
joker,0.58
jokes,0.0
jokey,0.58
jokol,0.0
joled,0.0
joles,0.0
jolie,0.0
jollo,0.0
jolls,0.0
jolly,0.58
jolts,0.0
jolty,0.0
jomon,0.0
jomos,0.0
jones,0.0
jongs,0.0
jonty,0.0
jooks,0.0
joram,0.0
jorts,0.0
jorum,0.0
jotas,0.0
jotty,0.0
jotun,0.0
joual,0.0
jougs,0.0
jouks,0.0
joule,0.427455
jours,0.0
joust,0.576221
jowar,0.0
jowed,0.0
jowls,0.0
jowly,0.571855
joyed,0.0
jubas,0.0
jubes,0.0
jucos,0.0
judas,0.0
judge,0.58
judgy,0.495785
judos,0.0
jugal,0.0
jugum,0.0
juice,0.58
juicy,0.58
jujus,0.0
juked,0.00225968
jukes,0.0
jukus,0.0
julep,0.568968
julia,0.0
jumar,0.0
jumbo,0.58
jumby,0.0
jumps,0.0
jumpy,0.58
junco,0.0
junks,0.0
junky,0.573746
junta,0.58
junto,0.490416
jupes,0.0
jupon,0.0
jural,0.0
jurat,0.0
jurel,0.0
jures,0.0
juris,0.0
juror,0.58
juste,0.0
justs,0.0
jutes,0.0
jutty,0.0
juves,0.0
juvie,0.0
kaama,0.0
kabab,0.0
kabar,0.0
kabob,0.49318100000000004
kacha,0.0
kacks,0.0
kadai,0.0
kades,0.0
kadis,0.0
kafir,0.0
kagos,0.0
kagus,0.0
kahal,0.0
kaiak,0.0
kaids,0.0
kaies,0.0
kaifs,0.0
kaika,0.0
kaiks,0.0
kails,0.0
kaims,0.0
kaing,0.0
kains,0.0
kajal,0.0
kakas,0.0
kakis,0.0
kalam,0.0
kalas,0.0
kales,0.0
kalif,0.0
kalis,0.0
kalpa,0.0
kalua,0.0
kamas,0.0
kames,0.0
kamik,0.0
kamis,0.0
kamme,0.0
kanae,0.0
kanal,0.0
kanas,0.0
kanat,0.0
kandy,0.0
kaneh,0.0
kanes,0.0
kanga,0.0
kangs,0.0
kanji,0.0
kants,0.0
kanzu,0.0
kaons,0.0
kapai,0.0
kapas,0.0
kapha,0.0
kaphs,0.0
kapok,0.0
kapow,0.0
kappa,0.480973
kapur,0.0
kapus,0.0
kaput,0.5719299999999999
karai,0.0
karas,0.0
karat,0.518284
karee,0.0
karez,0.0
karks,0.0
karma,0.58
karns,0.0
karoo,0.0
karos,0.0
karri,0.0
karst,0.0
karsy,0.0
karts,0.0
karzy,0.0
kasha,0.0
kasme,0.0
katal,0.0
katas,0.0
katis,0.0
katti,0.0
kaugh,0.0
kauri,0.0
kauru,0.0
kaury,0.0
kaval,0.0
kavas,0.0
kawas,0.0
kawau,0.0
kawed,0.0
kayak,0.58
kayle,0.0
kayos,0.0
kazis,0.0
kazoo,0.568122
kbars,0.0
kcals,0.0
keaki,0.0
kebab,0.58
kebar,0.0
kebob,0.0
kecks,0.0
kedge,0.0
kedgy,0.0
keech,0.0
keefs,0.0
keeks,0.0
keels,0.0
keema,0.0
keeno,0.0
keens,0.0
keeps,0.0
keets,0.0
keeve,0.0
kefir,0.54696
kehua,0.0
keirs,0.0
kelep,0.0
kelim,0.0
kells,0.0
kelly,0.0
kelps,0.0
kelpy,0.0
kelts,0.0
kelty,0.0
kembo,0.0
kembs,0.0
kemps,0.0
kempt,0.5222169999999999
kempy,0.0
kenaf,0.0
kench,0.0
kendo,0.0
kenos,0.0
kente,0.0
kents,0.0
kepis,0.0
kerbs,0.0
kerel,0.0
kerfs,0.0
kerky,0.0
kerma,0.0
kerne,0.0
kerns,0.0
keros,0.0
kerry,0.0
kerve,0.0
kesar,0.0
kests,0.0
ketas,0.0
ketch,0.0
ketes,0.0
ketol,0.0
kevel,0.0
kevil,0.0
kexes,0.0
keyed,0.00225968
keyer,0.0
khadi,0.0
khads,0.0
khafs,0.0
khaki,0.58
khana,0.0
khans,0.0
khaph,0.0
khats,0.0
khaya,0.0
khazi,0.0
kheda,0.0
kheer,0.0
kheth,0.0
khets,0.0
khirs,0.0
khoja,0.0
khors,0.0
khoum,0.0
khuds,0.0
khula,0.0
khyal,0.0
kiaat,0.0
kiack,0.0
kiaki,0.0
kiang,0.0
kiasu,0.0
kibbe,0.0
kibbi,0.0
kibei,0.0
kibes,0.0
kibla,0.0
kicks,0.0
kicky,0.0
kiddo,0.560863
kiddy,0.0
kidel,0.0
kideo,0.0
kidge,0.0
kiefs,0.0
kiers,0.0
kieve,0.0
kievs,0.0
kight,0.0
kikay,0.0
kikes,0.0
kikoi,0.0
kiley,0.0
kilig,0.0
kilim,0.0
kills,0.0
kilns,0.0
kilos,0.0
kilps,0.0
kilts,0.0
kilty,0.0
kimbo,0.0
kimet,0.0
kinas,0.0
kinda,0.58
kinds,0.0
kindy,0.0
kines,0.0
kings,0.0
kingy,0.0
kinin,0.0
kinks,0.0
kinky,0.58
kinos,0.0
kiore,0.0
kiosk,0.58
kipah,0.0
kipas,0.0
kipes,0.0
kippa,0.0
kipps,0.0
kipsy,0.0
kirby,0.0
kirks,0.0
kirns,0.0
kirri,0.0
kisan,0.0
kissy,0.528829
kists,0.0
kitab,0.0
kited,0.0
kiter,0.0
kites,0.0
kithe,0.0
kiths,0.0
kitke,0.0
kitty,0.58
kitul,0.0
kivas,0.0
kiwis,0.0
klang,0.0
klaps,0.0
klett,0.0
klick,0.0
klieg,0.0
kliks,0.0
klong,0.0
kloof,0.0
kluge,0.0
klutz,0.560457
knack,0.58
knags,0.0
knaps,0.0
knarl,0.0
knars,0.0
knaur,0.0
knave,0.535747
knawe,0.0
knead,0.58
kneed,0.00225968
kneel,0.58
knees,0.0
knell,0.58
knelt,0.58
knick,0.0
knife,0.58
knish,0.561257
knits,0.0
knive,0.0
knobs,0.0
knock,0.58
knoll,0.58
knoop,0.0
knops,0.0
knosp,0.0
knots,0.0
knoud,0.0
knout,0.0
knowd,0.0
knowe,0.0
known,0.58
knows,0.0
knubs,0.0
knule,0.0
knurl,0.0
knurr,0.0
knurs,0.0
knuts,0.0
koala,0.58
koans,0.0
koaps,0.0
koban,0.0
kobos,0.0
koels,0.0
koffs,0.0
kofta,0.0
kogal,0.0
kohas,0.0
kohen,0.0
kohls,0.0
koine,0.0
koiwi,0.0
kojis,0.0
kokam,0.0
kokas,0.0
koker,0.0
kokra,0.0
kokum,0.0
kolas,0.0
kolos,0.0
kombi,0.0
kombu,0.0
konbu,0.0
kondo,0.0
konks,0.0
kooks,0.0
kooky,0.58
koori,0.0
kopek,0.0
kophs,0.0
kopje,0.0
koppa,0.0
korai,0.0
koran,0.00225968
koras,0.0
korat,0.0
kores,0.0
koris,0.0
korma,0.0
koros,0.0
korun,0.0
korus,0.0
koses,0.0
kotch,0.0
kotos,0.0
kotow,0.0
koura,0.0
kraal,0.0
krabs,0.0
kraft,0.0
krais,0.0
krait,0.0
krang,0.0
krans,0.0
kranz,0.0
kraut,0.0
krays,0.0
kreef,0.0
kreen,0.0
kreep,0.0
kreng,0.0
krewe,0.0
krill,0.570029
kriol,0.0
krona,0.0
krone,0.551811
kroon,0.0
krubi,0.0
krump,0.0
krunk,0.0
ksars,0.0
kubie,0.0
kudos,0.58
kudus,0.0
kudzu,0.574217
kufis,0.0
kugel,0.5715480000000001
kuias,0.0
kukri,0.0
kukus,0.0
kulak,0.0
kulan,0.0
kulas,0.0
kulfi,0.0
kumis,0.0
kumys,0.0
kunas,0.0
kunds,0.0
kuris,0.0
kurre,0.0
kurta,0.0
kurus,0.0
kusso,0.0
kusti,0.0
kutai,0.0
kutas,0.0
kutch,0.0
kutis,0.0
kutus,0.0
kuyas,0.0
kuzus,0.0
kvass,0.0
kvell,0.5048400000000001
kwaai,0.0
kwela,0.0
kwink,0.0
kwirl,0.0
kyack,0.0
kyaks,0.0
kyang,0.0
kyars,0.0
kyats,0.0
kybos,0.0
kydst,0.0
kyles,0.0
kylie,0.0
kylin,0.0
kylix,0.0
kyloe,0.0
kynde,0.0
kynds,0.0
kypes,0.0
kyrie,0.0
kytes,0.0
kythe,0.0
kyudo,0.0
laarf,0.0
laari,0.0
labda,0.0
label,0.58
labia,0.0
labis,0.0
labne,0.0
labor,0.58
labra,0.0
laccy,0.0
laced,0.00225968
lacer,0.0
laces,0.0
lacet,0.0
lacey,0.513817
lacis,0.0
lacka,0.0
lacks,0.0
lacky,0.0
laddu,0.0
laddy,0.0
laded,0.0
ladee,0.0
laden,0.58
lader,0.0
lades,0.0
ladle,0.58
ladoo,0.0
laers,0.0
laevo,0.0
lagan,0.0
lagar,0.0
lager,0.58
laggy,0.0
lahal,0.0
lahar,0.0
laich,0.0
laics,0.0
laide,0.0
laids,0.0
laigh,0.0
laika,0.0
laiks,0.0
laird,0.0
lairs,0.0
lairy,0.0
laith,0.0
laity,0.58
laked,0.0
laker,0.0
lakes,0.0
lakhs,0.0
lakin,0.0
laksa,0.0
laldy,0.0
lalls,0.0
lamas,0.0
lambs,0.0
lamby,0.0
lamed,0.00225968
lamer,0.502757
lames,0.0
lamia,0.0
lammy,0.0
lamps,0.0
lanai,0.0
lanas,0.0
lance,0.58
lanch,0.0
lande,0.0
lands,0.0
laned,0.0
lanes,0.0
lanks,0.0
lanky,0.58
lants,0.0
lapas,0.0
lapel,0.58
lapin,0.0
lapis,0.0
lapje,0.0
lappa,0.0
lappy,0.0
lapse,0.58
larch,0.56025
lards,0.0
lardy,0.0
laree,0.0
lares,0.0
larfs,0.0
larga,0.0
large,0.58
largo,0.0
laris,0.0
larks,0.0
larky,0.0
larns,0.0
larnt,0.0
larum,0.0
larva,0.567786
lased,0.0
laser,0.58
lases,0.0
lassi,0.0
lasso,0.58
lassu,0.0
lassy,0.0
lasts,0.0
latah,0.0
latch,0.58
lated,0.0
laten,0.0
later,0.58
latex,0.58
lathe,0.573438
lathi,0.0
laths,0.0
lathy,0.0
latke,0.562729
latte,0.58
latus,0.0
lauan,0.0
lauch,0.0
laude,0.0
lauds,0.0
laufs,0.0
laugh,0.58
laund,0.0
laura,0.0
laval,0.0
lavas,0.0
laved,0.00225968
laver,0.0
laves,0.0
lavra,0.0
lavvy,0.0
lawed,0.0
lawer,0.0
lawin,0.0
lawks,0.0
lawns,0.0
lawny,0.0
lawsy,0.0
laxed,0.0
laxer,0.0
laxes,0.0
laxly,0.0
layby,0.0
layed,0.0
layer,0.58
layin,0.0
layup,0.58
lazar,0.0
lazed,0.00225968
lazes,0.0
lazos,0.0
lazzi,0.0
lazzo,0.0
leach,0.579571
leads,0.0
leady,0.0
leafs,0.0
leafy,0.58
leaks,0.0
leaky,0.58
leams,0.0
leans,0.0
leant,0.473504
leany,0.0
leaps,0.0
leapt,0.58
leare,0.0
learn,0.58
lears,0.0
leary,0.0
lease,0.58
leash,0.58
least,0.58
leats,0.0
leave,0.58
leavy,0.0
leaze,0.0
leben,0.0
leccy,0.0
leche,0.0
ledes,0.0
ledge,0.58
ledgy,0.0
ledum,0.0
leear,0.0
leech,0.568554
leeks,0.0
leeps,0.0
leers,0.0
leery,0.58
leese,0.0
leets,0.0
leeze,0.0
lefte,0.0
lefts,0.0
lefty,0.58
legal,0.58
leger,0.0
leges,0.0
legge,0.0
leggo,0.0
leggy,0.58
legit,0.58
legno,0.0
lehrs,0.0
lehua,0.0
leirs,0.0
leish,0.0
leman,0.0
lemed,0.0
lemel,0.0
lemes,0.0
lemma,0.0307214
lemme,0.0
lemon,0.58
lemur,0.563407
lends,0.0
lenes,0.0
lengs,0.0
lenis,0.0
lenos,0.0
lense,0.0
lenti,0.0
lento,0.0
leone,0.0
lepak,0.0
leper,0.572852
lepid,0.0
lepra,0.0
lepta,0.0
lered,0.0
leres,0.0
lerps,0.0
lesbo,0.0
leses,0.0
lesos,0.0
lests,0.0
letch,0.0
lethe,0.0
letty,0.0
letup,0.5752349999999999
leuch,0.0
leuco,0.0
leuds,0.0
leugh,0.0
levas,0.0
levee,0.58
level,0.58
lever,0.58
leves,0.0
levin,0.0
levis,0.0
lewis,0.0
lexes,0.0
lexis,0.0352715
lezes,0.0
lezza,0.0
lezzo,0.0
lezzy,0.0
liana,0.0
liane,0.0
liang,0.0
liard,0.0
liars,0.0
liart,0.0
libel,0.58
liber,0.0
libor,0.0
libra,0.0
libre,0.0
libri,0.0
licet,0.0
lichi,0.0
licht,0.0
licit,0.551811
licks,0.0
lidar,0.0
lidos,0.0
liefs,0.0
liege,0.510484
liens,0.0
liers,0.0
lieus,0.0
lieve,0.0
lifer,0.58
lifes,0.0
lifey,0.0
lifts,0.0
ligan,0.0
liger,0.0
ligge,0.0
light,0.58
ligne,0.0
liked,0.00225968
liken,0.58
liker,0.0
likes,0.0
likin,0.0
lilac,0.58
lills,0.0
lilos,0.0
lilts,0.0
lilty,0.0
liman,0.0
limas,0.0
limax,0.0
limba,0.0
limbi,0.0
limbo,0.58
limbs,0.0
limby,0.0
limed,0.0
limen,0.0
limes,0.0
limey,0.0
limit,0.58
limma,0.0
limns,0.0
limos,0.0
limpa,0.0
limps,0.0
linac,0.0
linch,0.0
linds,0.0
lindy,0.0
lined,0.00225968
linen,0.58
liner,0.58
lines,0.0
liney,0.0
linga,0.0
lingo,0.58
lings,0.0
lingy,0.0
linin,0.0
links,0.0
linky,0.0
linns,0.0
linny,0.0
linos,0.0
lints,0.0
linty,0.0
linum,0.0
linux,0.0
lions,0.0
lipas,0.0
lipes,0.0
lipid,0.569656
lipin,0.0
lipos,0.0
lippy,0.5222169999999999
liras,0.0
lirks,0.0
lirot,0.0
lises,0.0
lisks,0.0
lisle,0.0
lisps,0.0
lists,0.0
litai,0.0
litas,0.0
lited,0.0
litem,0.0
liter,0.570564
lites,0.0
lithe,0.58
litho,0.0
liths,0.0
litie,0.0
litre,0.274725
lived,0.00225968
liven,0.58
liver,0.58
lives,0.0
livid,0.58
livor,0.0
livre,0.0
liwaa,0.0
liwas,0.0
llama,0.58
llano,0.0
loach,0.0
loads,0.0
loafs,0.0
loams,0.0
loamy,0.569751
loans,0.0
loast,0.0
loath,0.58
loave,0.0
lobar,0.0
lobby,0.58
lobed,0.00225968
lobes,0.0
lobos,0.0
lobus,0.0
local,0.58
loche,0.0
lochs,0.0
lochy,0.0
locie,0.0
locis,0.0
locks,0.0
locky,0.0
locos,0.0
locum,0.0
locus,0.58
loden,0.0
lodes,0.0
lodge,0.58
loess,0.49318100000000004
lofts,0.0
lofty,0.58
logan,0.0
loges,0.0
loggy,0.0
logia,0.0
logic,0.58
logie,0.0
login,0.58
logoi,0.0
logon,0.477373
logos,0.0
lohan,0.0
loids,0.0
loins,0.0
loipe,0.0
loirs,0.0
lokes,0.0
lokey,0.0
lokum,0.0
lolas,0.0
loled,0.0
lollo,0.0
lolls,0.0
lolly,0.435303
lolog,0.0
lolos,0.0
lomas,0.0
lomed,0.0
lomes,0.0
loner,0.58
longa,0.0
longe,0.0
longs,0.0
looby,0.0
looed,0.0
looey,0.0
loofa,0.0
loofs,0.0
looie,0.0
looks,0.0
looky,0.0
looms,0.0
loons,0.0
loony,0.58
loops,0.0
loopy,0.58
loord,0.0
loose,0.58
loots,0.0
loped,0.00225968
loper,0.0
lopes,0.0
loppy,0.0
loral,0.0
loran,0.0
lords,0.0
lordy,0.484331
lorel,0.0
lores,0.0
loric,0.0
loris,0.498241
lorry,0.536495
losed,0.0
losel,0.0
losen,0.0
loser,0.58
loses,0.0
lossy,0.0
lotah,0.0
lotas,0.0
lotes,0.0
lotic,0.0
lotos,0.0
lotsa,0.0
lotta,0.0
lotte,0.0
lotto,0.558234
lotus,0.58
loued,0.0
lough,0.0
louie,0.0
louis,0.0
louma,0.0
lound,0.0
louns,0.0
loupe,0.547859
loups,0.0
loure,0.0
lours,0.0
loury,0.0
louse,0.562729
lousy,0.58
louts,0.0
lovat,0.0
loved,0.00225968
lovee,0.0
lover,0.58
loves,0.0
lovey,0.0
lovie,0.0
lowan,0.0
lowed,0.0
lowen,0.0
lower,0.58
lowes,0.0
lowly,0.58
lownd,0.0
lowne,0.0
lowns,0.0
lowps,0.0
lowry,0.0
lowse,0.0
lowth,0.0
lowts,0.0
loxed,0.0
loxes,0.0
loyal,0.58
lozen,0.0
luach,0.0
luaus,0.0
lubed,0.00225968
lubes,0.0
lubra,0.0
luces,0.0
lucid,0.58
lucks,0.0
lucky,0.58
lucre,0.5756260000000001
ludes,0.0
ludic,0.0
ludos,0.0
luffa,0.0
luffs,0.0
luged,0.0
luger,0.555905
luges,0.0
lulls,0.0
lulus,0.0
lumas,0.0
lumbi,0.0
lumen,0.459931
lumme,0.0
lummy,0.0
lumps,0.0
lumpy,0.58
lunar,0.58
lunas,0.0
lunch,0.58
lunes,0.0
lunet,0.0
lunge,0.58
lungi,0.0
lungs,0.0
lunks,0.0
lunts,0.0
lupin,0.0
lupus,0.58
lurch,0.58
lured,0.00225968
lurer,0.0
lures,0.0
lurex,0.0
lurgi,0.0
lurgy,0.0
lurid,0.58
lurks,0.0
lurry,0.0
lurve,0.0
luser,0.0
lushy,0.0
lusks,0.0
lusts,0.0
lusty,0.58
lusus,0.0
lutea,0.0
luted,0.00225968
luter,0.0
lutes,0.0
luvvy,0.0
luxed,0.0
luxer,0.0
luxes,0.0
lweis,0.0
lyams,0.0
lyard,0.0
lyart,0.0
lyase,0.0
lycea,0.0
lycee,0.0
lycra,0.0
lying,0.58
lymes,0.0
lymph,0.58
lynch,0.0
lynes,0.0
lyres,0.0
lyric,0.58
lysed,0.0
lyses,0.0
lysin,0.0
lysis,0.0
lysol,0.0
lyssa,0.0
lyted,0.0
lytes,0.0
lythe,0.0
lytic,0.0
lytta,0.0
maaed,0.0
maare,0.0
maars,0.0
maban,0.0
mabes,0.0
macas,0.0
macaw,0.566331
macca,0.0
maced,0.0
macer,0.0
maces,0.0
mache,0.0
machi,0.0
macho,0.58
machs,0.0
macka,0.0
macks,0.0
macle,0.0
macon,0.0
macro,0.58
macte,0.0
madal,0.0
madam,0.58
madar,0.0
maddy,0.0
madge,0.0
madid,0.0
madly,0.58
mados,0.0
madre,0.0
maedi,0.0
maerl,0.0
mafia,0.58
mafic,0.0
mafts,0.0
magas,0.0
mages,0.0
maggs,0.0
magic,0.58
magma,0.575721
magna,0.0
magot,0.0
magus,0.0
mahal,0.0
mahem,0.0
mahis,0.0
mahoe,0.0
mahrs,0.0
mahua,0.0
mahwa,0.0
maids,0.0
maiko,0.0
maiks,0.0
maile,0.0
maill,0.0
mailo,0.0
mails,0.0
maims,0.0
mains,0.0
maire,0.0
mairs,0.0
maise,0.0
maist,0.0
maize,0.58
majas,0.0
majat,0.0
majoe,0.0
major,0.58
majos,0.0
makaf,0.0
makai,0.0
makan,0.0
makar,0.0
makee,0.0
maker,0.58
makes,0.0
makie,0.0
makis,0.0
makos,0.0
malae,0.0
malai,0.0
malam,0.0
malar,0.0
malas,0.0
malax,0.0
maleo,0.0
males,0.0
malic,0.500561
malik,0.0
malis,0.0
malky,0.0
malls,0.0
malms,0.0
malmy,0.0
malts,0.0
malty,0.56145
malus,0.0
malva,0.0
malwa,0.0
mamak,0.0
mamas,0.0
mamba,0.508695
mambo,0.58
mambu,0.0
mamee,0.0
mamey,0.0
mamie,0.0
mamil,0.0
mamma,0.5392750000000001
mammy,0.0
manas,0.0
manat,0.0
mandi,0.0
mands,0.0
mandy,0.0
maneb,0.0
maned,0.0
maneh,0.0
manes,0.0
manet,0.0
manga,0.58
mange,0.53722
mangi,0.0
mango,0.58
mangs,0.0
mangy,0.570563
mania,0.58
manic,0.58
manie,0.0
manis,0.0
manks,0.0
manky,0.0
manly,0.58
manna,0.5763940000000001
manny,0.0
manoa,0.0
manor,0.58
manos,0.0
manse,0.577203
manso,0.0
manta,0.0
mante,0.0
manto,0.0
mants,0.0
manty,0.0
manul,0.0
manus,0.0
manzo,0.0
mapau,0.0
mapes,0.0
maple,0.58
mapou,0.0
mappy,0.0
maqam,0.0
maqui,0.0
marae,0.0
marah,0.0
maral,0.0
maran,0.0
maras,0.0
maray,0.0
march,0.58
marcs,0.0
mards,0.0
mardy,0.0
mares,0.0
marga,0.0
marge,0.0
margo,0.0
margs,0.0
maria,0.0
marid,0.0
maril,0.0
marka,0.0
marks,0.0
marle,0.0
marls,0.0
marly,0.0
marma,0.0
marms,0.0
maron,0.0
maror,0.0
marra,0.0
marri,0.0
marry,0.58
marse,0.0
marsh,0.58
marts,0.0
marua,0.0
marvy,0.0
masas,0.0
mased,0.0
maser,0.0
mases,0.0
masha,0.0
mashy,0.0
masks,0.0
mason,0.58
massa,0.0
masse,0.58
massy,0.0
masts,0.0
masty,0.0
masur,0.0
masus,0.0
masut,0.0
matai,0.0
match,0.58
mated,0.00225968
mater,0.0
mates,0.0
matey,0.513817
mathe,0.0
maths,0.0
matin,0.0
matlo,0.0
matra,0.0
matsu,0.0
matte,0.58
matts,0.0
matty,0.0
matza,0.0
matzo,0.58
mauby,0.0
mauds,0.0
mauka,0.0
maula,0.0
mauls,0.0
maums,0.0
maumy,0.0
maund,0.0
maunt,0.0
mauri,0.0
mausy,0.0
mauts,0.0
mauve,0.58
mauvy,0.0
mauzy,0.0
maven,0.58
mavie,0.0
mavin,0.0
mavis,0.0
mawed,0.0
mawks,0.0
mawky,0.0
mawla,0.0
mawns,0.0
mawps,0.0
mawrs,0.0
maxed,0.00225968
maxes,0.0
maxim,0.58
maxis,0.0
mayan,0.0
mayas,0.0
maybe,0.58
mayed,0.0
mayor,0.58
mayos,0.0
mayst,0.0
mazac,0.0
mazak,0.0
mazar,0.0
mazas,0.0
mazed,0.0
mazel,0.0
mazer,0.0
mazes,0.0
mazet,0.0
mazey,0.0
mazut,0.0
mbari,0.0
mbars,0.0
mbila,0.0
mbira,0.0
mbret,0.0
mbube,0.0
mbuga,0.0
meads,0.0
meake,0.0
meaks,0.0
meals,0.0
mealy,0.574159
meane,0.0
means,0.0
meant,0.58
meany,0.0
meare,0.0
mease,0.0
meath,0.0
meats,0.0
meaty,0.58
mebbe,0.0
mebos,0.0
mecca,0.58
mecha,0.0
mechs,0.0
mecks,0.0
mecum,0.0
medal,0.58
media,0.58
medic,0.58
medii,0.0
medin,0.0
medle,0.0
meech,0.0
meeds,0.0
meeja,0.0
meeps,0.0
meers,0.0
meets,0.0
meffs,0.0
meids,0.0
meiko,0.0
meils,0.0
meins,0.0
meint,0.0
meiny,0.0
meism,0.0
meith,0.0
mekka,0.0
melam,0.0
melas,0.0
melba,0.0
melch,0.0
melds,0.0
melee,0.58
meles,0.0
melic,0.0
melik,0.0
mells,0.0
meloe,0.0
melon,0.58
melos,0.0
melts,0.0
melty,0.551452
memes,0.0
memic,0.0
memos,0.0
menad,0.0
mence,0.0
mends,0.0
mened,0.0
menes,0.0
menge,0.0
mengs,0.0
menil,0.0
mensa,0.0
mense,0.0
mensh,0.0
menta,0.0
mento,0.0
ments,0.0
menus,0.0
meous,0.0
meows,0.0
merch,0.577994
mercs,0.0
mercy,0.58
merde,0.0
merds,0.0
mered,0.0
merel,0.0
merer,0.0
meres,0.0
merge,0.58
meril,0.0
meris,0.0
merit,0.58
merks,0.0
merle,0.0
merls,0.0
merry,0.58
merse,0.0
mersk,0.0
mesad,0.0
mesal,0.0
mesas,0.0
mesca,0.0
mesel,0.0
mesem,0.0
meses,0.0
meshy,0.023722599999999996
mesia,0.0
mesic,0.0
mesne,0.0
meson,0.0
messy,0.58
mesto,0.0
mesyl,0.0
metal,0.58
metas,0.0
meted,0.00225968
meteg,0.0
metel,0.0
meter,0.58
metes,0.0
methi,0.0
metho,0.0
meths,0.0
methy,0.0
metic,0.0
metif,0.0
metis,0.0
metol,0.0
metre,0.364277
metro,0.58
metta,0.0
meums,0.0
meuse,0.0
meved,0.0
meves,0.0
mewed,0.00225968
mewls,0.0
meynt,0.0
mezes,0.0
mezza,0.0
mezze,0.0
mezzo,0.58
mgals,0.0
mhorr,0.0
miais,0.0
miaou,0.0
miaow,0.0
miasm,0.0
miaul,0.0
micas,0.0
miche,0.0
michi,0.0
micht,0.0
micks,0.0
micky,0.0
micos,0.0
micra,0.0
micro,0.58
middy,0.0
midge,0.5245879999999999
midgy,0.0
midis,0.0
midst,0.58
miens,0.0
mieux,0.0
mieve,0.0
miffs,0.0
miffy,0.0
mifty,0.0
miggs,0.0
might,0.58
migma,0.0
migod,0.0
mihas,0.0
mihis,0.0
mikan,0.0
miked,0.00225968
mikes,0.0
mikos,0.0
mikra,0.0
mikva,0.0
milch,0.0
milds,0.0
miler,0.5656640000000001
miles,0.0
milfs,0.0
milia,0.0
milko,0.0
milks,0.0
milky,0.58
mille,0.0
mills,0.0
milly,0.0
milor,0.0
milos,0.0
milpa,0.0
milts,0.0
milty,0.0
miltz,0.0
mimed,0.00225968
mimeo,0.0
mimer,0.0
mimes,0.0
mimic,0.58
mimis,0.0
mimsy,0.0
minae,0.0
minar,0.0
minas,0.0
mince,0.58
mincy,0.0
mindi,0.0
minds,0.0
mined,0.00225968
miner,0.58
mines,0.0
minge,0.0
mingi,0.0
mings,0.0
mingy,0.0
minim,0.0276416
minis,0.0
minke,0.0
minks,0.0
minny,0.0
minor,0.58
minos,0.0
minse,0.0
mints,0.0
minty,0.58
minus,0.58
minxy,0.0
miraa,0.0
mirah,0.0
mirch,0.0
mired,0.00225968
mires,0.0
mirex,0.0
mirid,0.0
mirin,0.571232
mirkn,0.0
mirks,0.0
mirky,0.0
mirls,0.0
mirly,0.0
miros,0.0
mirrl,0.0
mirrs,0.0
mirth,0.58
mirvs,0.0
mirza,0.0
misal,0.0
misch,0.0
misdo,0.0
miser,0.562902
mises,0.0
misgo,0.0
misky,0.0
misls,0.0
misos,0.0
missa,0.0
missy,0.459931
misto,0.0
mists,0.0
misty,0.58
mitas,0.0
mitch,0.0
miter,0.564206
mites,0.0
mitey,0.0
mitie,0.0
mitis,0.0
mitre,0.0
mitry,0.0
mitta,0.0
mitts,0.0
mivey,0.0
mivvy,0.0
mixed,0.00225968
mixen,0.0
mixer,0.58
mixes,0.0
mixie,0.0
mixis,0.0
mixte,0.0
mixup,0.545032
miyas,0.0
mizen,0.0
mizes,0.0
mizzy,0.0
mmkay,0.0
mneme,0.0
moais,0.0
moaky,0.0
moals,0.0
moana,0.0
moans,0.0
moany,0.0
moars,0.0
moats,0.0
mobby,0.0
mobed,0.0
mobee,0.0
mobes,0.0
mobey,0.0
mobie,0.0
moble,0.0
mobos,0.0
mocap,0.0
mocha,0.58
mochi,0.571069
mochs,0.0
mochy,0.0
mocks,0.0
mocky,0.0
mocos,0.0
mocus,0.0
modal,0.58
model,0.58
modem,0.58
moder,0.0
modes,0.0
modge,0.0
modii,0.0
modin,0.0
modoc,0.0
modom,0.0
modus,0.58
moeni,0.0
moers,0.0
mofos,0.0
mogar,0.0
mogas,0.0
moggy,0.0
mogos,0.0
mogra,0.0
mogue,0.0
mogul,0.58
mohar,0.0
mohel,0.0
mohos,0.0
mohrs,0.0
mohua,0.0
mohur,0.0
moile,0.0
moils,0.0
moira,0.0
moire,0.0
moist,0.58
moits,0.0
moity,0.0
mojos,0.0
moker,0.0
mokes,0.0
mokey,0.0
mokis,0.0
mokky,0.0
mokos,0.0
mokus,0.0
molal,0.0
molar,0.58
molas,0.0
molds,0.0
moldy,0.58
moled,0.0
moler,0.0
moles,0.0
moley,0.0
molie,0.0
molla,0.0
molle,0.0
mollo,0.0
molls,0.0
molly,0.534976
moloi,0.0
molos,0.0
molto,0.0
molts,0.0
molue,0.0
molvi,0.0
molys,0.0
momes,0.0
momie,0.0
momma,0.568448
momme,0.0
mommy,0.58
momos,0.0
mompe,0.0
momus,0.0
monad,0.0
monal,0.0
monas,0.0
monde,0.0
mondo,0.0
moner,0.0
money,0.58
mongo,0.0
mongs,0.0
monic,0.0
monie,0.0
monks,0.0
monos,0.0
monpe,0.0
monte,0.0
month,0.58
monty,0.0
moobs,0.0
mooch,0.547859
moods,0.0
moody,0.58
mooed,0.00225968
mooey,0.0
mooks,0.0
moola,0.0
mooli,0.0
mools,0.0
mooly,0.0
moong,0.0
mooni,0.0
moons,0.0
moony,0.567082
moops,0.0
moors,0.0
moory,0.0
moose,0.58
mooth,0.0
moots,0.0
moove,0.0
moped,0.58
moper,0.427455
mopes,0.0
mopey,0.577354
moppy,0.0
mopsy,0.0
mopus,0.0
morae,0.0
morah,0.0
moral,0.58
moran,0.0
moras,0.0
morat,0.0
moray,0.548719
moree,0.0
morel,0.568554
mores,0.0
morgy,0.0
moria,0.0
morin,0.0
mormo,0.0
morna,0.0
morne,0.0
morns,0.0
moron,0.58
moror,0.0
morph,0.58
morra,0.0
morro,0.0
morse,0.0
morts,0.0
moruk,0.0
mosed,0.0
moses,0.0
mosey,0.559609
mosks,0.0
mosso,0.0
mossy,0.58
moste,0.0
mosto,0.0
mosts,0.0
moted,0.0
motel,0.58
moten,0.0
motes,0.0
motet,0.0
motey,0.0
moths,0.0
mothy,0.0
motif,0.58
motis,0.0
moton,0.0
motor,0.58
motte,0.0
motto,0.58
motts,0.0
motty,0.0
motus,0.0
motza,0.0
mouch,0.0
moues,0.0
moufs,0.0
mould,0.528829
moule,0.0
mouls,0.0
moult,0.0115066
mouly,0.0
mound,0.58
mount,0.58
moups,0.0
mourn,0.58
mouse,0.58
moust,0.0
mousy,0.577926
mouth,0.58
moved,0.00225968
mover,0.58
moves,0.0
movie,0.58
mowas,0.0
mowed,0.00225968
mower,0.58
mowie,0.0
mowra,0.0
moxas,0.0
moxie,0.58
moyas,0.0
moyle,0.0
moyls,0.0
mozed,0.0
mozes,0.0
mozos,0.0
mpret,0.0
mrads,0.0
msasa,0.0
mtepe,0.0
mucho,0.0
mucic,0.0
mucid,0.0
mucin,0.0
mucko,0.0
mucks,0.0
mucky,0.568866
mucor,0.0
mucro,0.0
mucus,0.58
mudar,0.0
muddy,0.58
mudge,0.0
mudif,0.0
mudim,0.0
mudir,0.0
mudra,0.0
muffs,0.0
muffy,0.0
mufti,0.0
mugga,0.0
muggs,0.0
muggy,0.58
mugho,0.0
mugil,0.0
mugos,0.0
muhly,0.0
muids,0.0
muils,0.0
muirs,0.0
muiry,0.0
muist,0.0
mujik,0.0
mukim,0.0
mukti,0.0
mulai,0.0
mulch,0.58
mulct,0.0
muled,0.0
mules,0.0
muley,0.0
mulga,0.0
mulie,0.0
mulla,0.0
mulls,0.0
mulse,0.0
mulsh,0.0
mumbo,0.0
mumms,0.0
mummy,0.58
mumph,0.0
mumps,0.0
mumsy,0.0
mumus,0.0
munch,0.58
munds,0.0
mundu,0.0
munga,0.0
munge,0.0
mungi,0.0
mungo,0.0
mungs,0.0
mungy,0.0
munia,0.0
munis,0.0
munja,0.0
munjs,0.0
munts,0.0
muntu,0.0
muons,0.0
mural,0.58
muras,0.0
mured,0.0
mures,0.0
murex,0.0
murgh,0.0
murgi,0.0
murid,0.0
murks,0.0
murky,0.58
murls,0.0
murly,0.0
murra,0.0
murre,0.0
murri,0.0
murrs,0.0
murry,0.0
murth,0.0
murti,0.0
muruk,0.0
murva,0.0
musar,0.0
musca,0.0
mused,0.00225968
musee,0.0
muser,0.0
muses,0.0
muset,0.0
musha,0.0
mushy,0.58
music,0.58
musit,0.0
musks,0.0
musky,0.58
musos,0.0
musse,0.0
mussy,0.0
musta,0.0
musth,0.0
musts,0.0
musty,0.58
mutas,0.0
mutch,0.0
muted,0.00225968
muter,0.0
mutes,0.0
mutha,0.0
mutic,0.0
mutis,0.0
muton,0.0
mutti,0.0
mutts,0.0
mutum,0.0
muvva,0.0
muxed,0.0
muxes,0.0
muzak,0.0
muzzy,0.0
mvula,0.0
mvule,0.0
mvuli,0.0
myall,0.0
myals,0.0
mylar,0.0
mynah,0.0
mynas,0.0
myoid,0.0
myoma,0.0
myons,0.0
myope,0.0
myops,0.0
myopy,0.0
myrrh,0.5553370000000001
mysid,0.0
mysie,0.0
mythi,0.0
myths,0.0
mythy,0.0
myxos,0.0
mzees,0.0
naams,0.0
naans,0.0
naats,0.0
nabam,0.0
nabby,0.0
nabes,0.0
nabis,0.0
nabks,0.0
nabla,0.0
nabob,0.484331
nache,0.0
nacho,0.56145
nacre,0.0
nadas,0.0
nadir,0.58
naeve,0.0
naevi,0.0
naffs,0.0
nagar,0.0
nagas,0.0
nages,0.0
naggy,0.370042
nagor,0.0
nahal,0.0
naiad,0.0
naibs,0.0
naice,0.0
naids,0.0
naieo,0.0
naifs,0.0
naiks,0.0
nails,0.0
naily,0.0
nains,0.0
naios,0.0
naira,0.0
nairu,0.0
naive,0.58
najib,0.0
nakas,0.0
naked,0.58
naker,0.0
nakfa,0.0
nalas,0.0
naled,0.0
nalla,0.0
namad,0.0
namak,0.0
namaz,0.0
named,0.00225968
namer,0.0
names,0.0
namma,0.0
namus,0.0
nanas,0.0
nance,0.0
nancy,0.0
nandu,0.0
nanna,0.0
nanny,0.58
nanos,0.0
nante,0.0
nanti,0.0
nanto,0.0
nants,0.0
nanty,0.0
nanua,0.0
napas,0.0
naped,0.0
napes,0.0
napoh,0.0
napoo,0.0
nappa,0.0
nappe,0.0
nappy,0.547859
naras,0.0
narco,0.0
narcs,0.0
nards,0.0
nares,0.0
naric,0.0
naris,0.0
narks,0.0
narky,0.0
narod,0.0
narra,0.0
narre,0.0
nasal,0.58
nashi,0.0
nasho,0.0
nasis,0.0
nason,0.0
nasty,0.58
nasus,0.0
natak,0.0
natal,0.562902
natch,0.0
nates,0.0
natis,0.0
natto,0.0
natty,0.58
natya,0.0
nauch,0.0
naunt,0.0
naval,0.58
navar,0.0
naved,0.0
navel,0.58
naves,0.0
navew,0.0
navvy,0.0
nawab,0.0
nawal,0.0
nazar,0.0
nazes,0.0
nazir,0.0
nazis,0.0
nazzy,0.0
nduja,0.0
neafe,0.0
neals,0.0
neant,0.0
neaps,0.0
nears,0.0
neath,0.0
neato,0.0
neats,0.0
nebby,0.0
nebek,0.0
nebel,0.0
neche,0.0
necks,0.0
neddy,0.0
neebs,0.0
needs,0.0
needy,0.58
neefs,0.0
neeld,0.0
neele,0.0
neemb,0.0
neems,0.0
neeps,0.0
neese,0.0
neeze,0.0
nefie,0.0
negri,0.0
negro,0.0
negus,0.0
neifs,0.0
neigh,0.5048400000000001
neist,0.0
neive,0.0
nelia,0.0
nelis,0.0
nelly,0.0
nemas,0.0
nemic,0.0
nemns,0.0
nempt,0.0
nenes,0.0
nenta,0.0
neons,0.0
neosa,0.0
neoza,0.0
neper,0.0
nepit,0.0
neral,0.0
neram,0.0
nerds,0.0
nerdy,0.58
nerfs,0.0
nerka,0.0
nerks,0.0
nerol,0.0
nerts,0.0
nertz,0.0
nerve,0.58
nervy,0.58
neski,0.0
nests,0.0
nesty,0.0
netas,0.0
netes,0.0
netop,0.0
netta,0.0
netts,0.0
netty,0.0
neuks,0.0
neume,0.0
neums,0.0
nevel,0.0
never,0.58
neves,0.0
nevis,0.0
nevus,0.0
nevvy,0.0
newbs,0.0
newed,0.0
newel,0.0
newer,0.58
newie,0.0
newly,0.58
newsy,0.5735009999999999
newts,0.0
nexal,0.0
nexin,0.0
nexts,0.0
nexum,0.0
nexus,0.58
ngaio,0.0
ngaka,0.0
ngana,0.0
ngapi,0.0
ngati,0.0
ngege,0.0
ngoma,0.0
ngoni,0.0
ngram,0.0
ngwee,0.0
nibby,0.0
nicad,0.0
niced,0.0
nicer,0.58
nicey,0.0
niche,0.58
nicht,0.0
nicks,0.0
nicky,0.0
nicol,0.0
nidal,0.0
nided,0.0
nides,0.0
nidor,0.0
nidus,0.0
niece,0.58
niefs,0.0
niess,0.0
nieve,0.0
nifes,0.0
niffs,0.0
niffy,0.0
nifle,0.0
nifty,0.58
niger,0.0
nigga,0.0
nighs,0.0
night,0.58
nigre,0.0
nigua,0.0
nihil,0.0
nikab,0.0
nikah,0.0
nikau,0.0
nilas,0.0
nills,0.0
nimbi,0.0
nimbs,0.0
nimby,0.0
nimps,0.0
niner,0.0
nines,0.0
ninja,0.58
ninny,0.555905
ninon,0.0
ninta,0.0
ninth,0.58
niopo,0.0
nioza,0.0
nipas,0.0
nipet,0.0
nippy,0.566713
niqab,0.0
nirls,0.0
nirly,0.0
nisei,0.0
nisin,0.0
nisse,0.0
nisus,0.0
nital,0.0
niter,0.0
nites,0.0
nitid,0.0
niton,0.0
nitre,0.0
nitro,0.528829
nitry,0.0
nitta,0.0
nitto,0.0
nitty,0.0
nival,0.0
nivas,0.0
nivel,0.0
nixed,0.00225968
nixer,0.0
nixes,0.0
nixie,0.0
nizam,0.0
njirl,0.0
nkosi,0.0
nmoli,0.0
nmols,0.0
noahs,0.0
nobby,0.0
noble,0.58
nobly,0.58
nocks,0.0
nodal,0.495785
noddy,0.0
noded,0.0
nodes,0.0
nodum,0.0
nodus,0.0
noels,0.0
noema,0.0
noeme,0.0
nogal,0.0
noggs,0.0
noggy,0.0
nohow,0.0
noias,0.0
noils,0.0
noily,0.0
noint,0.0
noire,0.0
noirs,0.0
noise,0.58
noisy,0.58
nokes,0.0
noles,0.0
nolle,0.0
nolls,0.0
nolos,0.0
nomad,0.58
nomas,0.0
nomen,0.0
nomes,0.0
nomic,0.0
nomoi,0.0
nomos,0.0
nonan,0.0
nonas,0.0
nonce,0.0
noncy,0.0
nonda,0.0
nondo,0.0
nones,0.0
nonet,0.0
nongs,0.0
nonic,0.0
nonis,0.0
nonna,0.0
nonno,0.0
nonny,0.0
nonyl,0.0
noobs,0.0
noois,0.0
nooit,0.0
nooks,0.0
nooky,0.0
noone,0.0
noons,0.0
noops,0.0
noose,0.58
noove,0.0
nopal,0.0
noria,0.0
norie,0.0
noris,0.0
norks,0.0
norma,0.0
norms,0.0
north,0.58
nosed,0.00225968
noser,0.0
noses,0.0
nosey,0.480973
noshi,0.0
nosir,0.0
notal,0.0
notam,0.0
notch,0.58
noted,0.00225968
noter,0.0
notes,0.0
notum,0.0
nougs,0.0
nouja,0.0
nould,0.0
noule,0.0
nouls,0.0
nouns,0.0
nouny,0.0
noups,0.0
noust,0.0
novae,0.0
novas,0.0
novel,0.58
novia,0.0
novio,0.0
novum,0.0
noway,0.0
nowds,0.0
nowed,0.0
nowls,0.0
nowts,0.0
nowty,0.0
noxal,0.0
noxas,0.0
noxes,0.0
noyau,0.0
noyed,0.0
noyes,0.0
nrtta,0.0
nrtya,0.0
nsima,0.0
nubby,0.0
nubia,0.0
nucha,0.0
nucin,0.0
nuddy,0.0
nuder,0.0
nudes,0.0
nudge,0.58
nudgy,0.0
nudie,0.0
nudzh,0.0
nuevo,0.0
nuffs,0.0
nugae,0.0
nujol,0.0
nuked,0.00225968
nukes,0.0
nulla,0.0
nullo,0.0
nulls,0.0
nully,0.0
numbs,0.0
numen,0.0
nummy,0.0
numps,0.0
nunks,0.0
nunky,0.0
nunny,0.0
nunus,0.0
nuque,0.0
nurds,0.0
nurdy,0.0
nurls,0.0
nurrs,0.0
nurse,0.58
nurts,0.0
nurtz,0.0
nused,0.0
nuses,0.0
nutso,0.5325139999999999
nutsy,0.0
nutty,0.58
nyaff,0.0
nyala,0.0
nyams,0.0
nying,0.0
nylon,0.58
nymph,0.58
nyong,0.0
nyssa,0.0
nyung,0.0
nyuse,0.0
nyuze,0.0
oafos,0.0
oaked,0.0
oaken,0.545032
oaker,0.0
oakum,0.0
oared,0.00225968
oarer,0.0
oasal,0.0
oases,0.0
oasis,0.58
oasts,0.0
oaten,0.0
oater,0.0
oaths,0.0
oaves,0.0
obang,0.0
obbos,0.0
obeah,0.0
obeli,0.0
obese,0.58
obeys,0.0
obias,0.0
obied,0.0
obiit,0.0
obits,0.0
objet,0.0
oboes,0.0
obole,0.0
oboli,0.0
obols,0.0
occam,0.0
occur,0.58
ocean,0.58
ocher,0.58
oches,0.0
ochre,0.573247
ochry,0.0
ocker,0.0
ocote,0.0
ocrea,0.0
octad,0.0
octal,0.0276416
octan,0.0
octas,0.0
octet,0.575384
octic,0.0
octli,0.0
octyl,0.0
oculi,0.0
odahs,0.0
odals,0.0
odder,0.58
oddly,0.58
odeon,0.0
odeum,0.0
odism,0.0
odist,0.0
odium,0.0
odoom,0.0
odors,0.0
odour,0.0
odums,0.0
odyle,0.0
odyls,0.0
ofays,0.0
offal,0.579193
offed,0.00225968
offer,0.58
offie,0.0
oflag,0.0
often,0.58
ofter,0.0
ofuro,0.0
ogams,0.0
ogeed,0.0
ogees,0.0
oggin,0.0
ogham,0.0
ogive,0.0
ogled,0.00225968
ogler,0.39764200000000005
ogles,0.0
ogmic,0.0
ogres,0.0
ohelo,0.0
ohias,0.0
ohing,0.0
ohmic,0.0
ohone,0.0
oicks,0.0
oidia,0.0
oiled,0.00225968
oiler,0.512189
oilet,0.0
oinks,0.0
oints,0.0
oiran,0.0
ojime,0.0
okapi,0.5048400000000001
okays,0.0
okehs,0.0
okies,0.0
oking,0.0
okole,0.0
okras,0.0
okrug,0.0
oktas,0.0
olate,0.0
olden,0.577242
older,0.58
oldie,0.573866
oldly,0.0
olehs,0.0
oleic,0.0
olein,0.0
olent,0.0
oleos,0.0
oleum,0.0
oleyl,0.0
oligo,0.0
olios,0.0
oliva,0.0
olive,0.58
ollas,0.0
ollav,0.0
oller,0.0
ollie,0.0
ology,0.0
olona,0.0
olpae,0.0
olpes,0.0
omasa,0.0
omber,0.0
ombre,0.5744980000000001
ombus,0.0
omdah,0.0
omdas,0.0
omdda,0.0
omdeh,0.0
omees,0.0
omega,0.567082
omens,0.0
omers,0.0
omiai,0.0
omits,0.0
omlah,0.0
ommel,0.0
ommin,0.0
omnes,0.0
omovs,0.0
omrah,0.0
omuls,0.0
oncer,0.0
onces,0.0
oncet,0.0
oncus,0.0
ondes,0.0
ondol,0.0
onely,0.0
oners,0.0
onery,0.0
ongon,0.0
onion,0.58
onium,0.0
onkus,0.0
onlap,0.0
onlay,0.0
onmun,0.0
onned,0.0
onsen,0.0
onset,0.58
ontal,0.0
ontic,0.0
ooaas,0.0
oobit,0.0
oohed,0.0
ooids,0.0
oojah,0.0
oomph,0.58
oonts,0.0
oopak,0.0
ooped,0.0
oopsy,0.0
oorie,0.0
ooses,0.0
ootid,0.0
ooyah,0.0
oozed,0.00225968
oozes,0.0
oozie,0.0
oozle,0.0
opahs,0.0
opals,0.0
opens,0.0
opepe,0.0
opera,0.58
opery,0.0
opgaf,0.0
opihi,0.0
opine,0.58
oping,0.0
opium,0.58
oppos,0.0
opsat,0.0
opsin,0.0
opsit,0.0
opted,0.00225968
opter,0.0
optic,0.58
opzit,0.0
orach,0.0
oracy,0.0
orals,0.0
orang,0.0
orans,0.0
orant,0.0
orate,0.508695
orbat,0.0
orbed,0.00225968
orbic,0.0
orbit,0.58
orcas,0.0
orcin,0.0
order,0.58
ordie,0.0
ordos,0.0
oread,0.0
orfes,0.0
orful,0.0
organ,0.58
orgia,0.0
orgic,0.0
orgue,0.0
oribi,0.0
oriel,0.0
origo,0.0
orixa,0.0
orles,0.0
orlon,0.0
orlop,0.0
ormer,0.0
ornee,0.0
ornis,0.0
orped,0.0
orpin,0.0
orris,0.0
ortet,0.0
ortho,0.0
orval,0.0
orzos,0.0
osars,0.0
oscar,0.0
osetr,0.0
oseys,0.0
oshac,0.0
osier,0.0
oskin,0.0
oslin,0.0
osmic,0.0
osmol,0.0
osone,0.0
ossia,0.0
ostia,0.0
otaku,0.0
otary,0.0
other,0.58
othyl,0.0
otium,0.0
ottar,0.0
otter,0.58
ottos,0.0
oubit,0.0
ouche,0.0
oucht,0.0
oueds,0.0
ouens,0.0
ought,0.58
ouija,0.418689
oulks,0.0
oumas,0.0
ounce,0.58
oundy,0.0
oupas,0.0
ouped,0.0
ouphe,0.0
ouphs,0.0
ourey,0.0
ourie,0.0
ousel,0.0
ousia,0.0
ousts,0.0
outby,0.0
outdo,0.58
outed,0.00225968
outen,0.0
outer,0.58
outgo,0.442372
outie,0.0
outre,0.58
outro,0.0
outta,0.0
ouzel,0.0
ouzos,0.0
ovals,0.0
ovary,0.573624
ovate,0.370042
ovels,0.0
ovens,0.0
overs,0.0
overt,0.58
ovine,0.506816
ovism,0.0
ovist,0.0
ovoid,0.568968
ovoli,0.0
ovolo,0.0
ovule,0.0
oware,0.0
owari,0.0
owche,0.0
owers,0.0
owies,0.0
owing,0.58
owled,0.0
owler,0.0
owlet,0.0
owned,0.00225968
owner,0.58
ownio,0.0
owres,0.0
owrie,0.0
owsen,0.0
oxbow,0.5153719999999999
oxeas,0.0
oxers,0.0
oxeye,0.0
oxide,0.58
oxids,0.0
oxies,0.0
oxime,0.0
oxims,0.0
oxine,0.0
oxlip,0.0
oxman,0.0
oxmen,0.0
oxter,0.0
oyama,0.0
oyers,0.0
ozeki,0.0
ozena,0.0
ozone,0.58
ozzie,0.0
paaho,0.0
paals,0.0
paans,0.0
pacai,0.0
pacas,0.0
pacay,0.0
paced,0.00225968
pacer,0.53722
paces,0.0
pacey,0.0
pacha,0.0
packs,0.0
packy,0.0
pacos,0.0
pacta,0.0
pacts,0.0
padam,0.0
padas,0.0
paddo,0.0
paddy,0.579571
padis,0.0
padle,0.0
padma,0.0
padou,0.0
padre,0.526786
padri,0.0
paean,0.58
paedo,0.0
paeon,0.0
pagan,0.58
paged,0.00225968
pager,0.58
pages,0.0
pagle,0.0
pagne,0.0
pagod,0.0
pagri,0.0
pahit,0.0
pahos,0.0
pahus,0.0
paiks,0.0
pails,0.0
pains,0.0
paint,0.58
paipe,0.0
paips,0.0
paire,0.0
pairs,0.0
paisa,0.0
paise,0.0
pakay,0.0
pakka,0.0
pakki,0.0
pakua,0.0
pakul,0.0
palak,0.0
palar,0.0
palas,0.0
palay,0.0
palea,0.0
paled,0.00225968
paler,0.578194
pales,0.0
palet,0.0
palis,0.0
palki,0.0
palla,0.0
palls,0.0
pallu,0.0
pally,0.0
palms,0.0
palmy,0.0
palpi,0.0
palps,0.0
palsa,0.0
palsy,0.58
palus,0.0
pamby,0.0
pampa,0.0
panax,0.0
pance,0.0
panch,0.0
panda,0.58
pands,0.0
pandy,0.0
paned,0.0
panel,0.58
panes,0.0
panga,0.0
pangs,0.0
panic,0.58
panim,0.0
panir,0.0
panko,0.576087
panks,0.0
panna,0.0
panne,0.0
panni,0.0
panny,0.0
pansy,0.557497
panto,0.0
pants,0.0
panty,0.565245
paoli,0.0
paolo,0.0
papad,0.0
papal,0.58
papas,0.0
papaw,0.0
paper,0.58
papes,0.0
papey,0.0
pappi,0.0
pappy,0.0
papri,0.0
parae,0.0
paras,0.0
parch,0.469334
parcs,0.0
pardi,0.0
pards,0.0
pardy,0.0
pared,0.00225968
paren,0.0
pareo,0.0
parer,0.418689
pares,0.0
pareu,0.0
parev,0.0
parge,0.0
pargo,0.0
parid,0.0
paris,0.0
parka,0.58
parki,0.0
parks,0.0
parky,0.0
parle,0.0
parly,0.0
parma,0.0
parmo,0.0
parms,0.0
parol,0.0
parps,0.0
parra,0.0
parrs,0.0
parry,0.58
parse,0.58
parte,0.0
parti,0.0
parts,0.0
party,0.58
parve,0.0
parvo,0.0
pasag,0.0
pasar,0.0
pasch,0.0
paseo,0.0
pases,0.0
pasha,0.0
pashm,0.0
paska,0.0
pasmo,0.0
paspy,0.0
passe,0.58
passu,0.0
pasta,0.58
paste,0.58
pasts,0.0
pasty,0.58
patas,0.0
patch,0.58
pated,0.0
patee,0.0
patel,0.0
paten,0.0
pater,0.0
pates,0.0
paths,0.0
patia,0.0
patin,0.0
patio,0.58
patka,0.0
patly,0.0
patsy,0.5735009999999999
patta,0.0
patte,0.0
pattu,0.0
patty,0.58
patus,0.0
pauas,0.0
pauls,0.0
pause,0.58
pauxi,0.0
pavan,0.0
pavas,0.0
paved,0.00225968
paven,0.0
paver,0.534976
paves,0.0
pavid,0.0
pavie,0.0
pavin,0.0
pavis,0.0
pavon,0.0
pavvy,0.0
pawas,0.0
pawaw,0.0
pawed,0.00225968
pawer,0.0
pawks,0.0
pawky,0.0
pawls,0.0
pawns,0.0
paxes,0.0
payed,0.0
payee,0.519649
payer,0.58
payor,0.0
paysd,0.0
peace,0.58
peach,0.58
peage,0.0
peags,0.0
peake,0.0
peaks,0.0
peaky,0.0
peals,0.0
peans,0.0
peare,0.0
pearl,0.58
pears,0.0
peart,0.0
pease,0.0
peasy,0.0
peats,0.0
peaty,0.549542
peavy,0.0
peaze,0.0
pebas,0.0
pecan,0.58
pechs,0.0
pecia,0.0
pecke,0.0
pecks,0.0
pecky,0.0
pects,0.0
pedal,0.58
pedes,0.0
pedis,0.0
pedon,0.0
pedos,0.0
pedro,0.0
peece,0.0
peeks,0.0
peeky,0.0
peels,0.0
peely,0.0
peens,0.0
peent,0.0
peeoy,0.0
peepe,0.0
peeps,0.0
peepy,0.0
peers,0.0
peery,0.0
peeve,0.577317
peevo,0.0
peggy,0.0
peghs,0.0
pegma,0.0
pegos,0.0
peine,0.0
peins,0.0
peise,0.0
peisy,0.0
peize,0.0
pekan,0.0
pekau,0.0
pekea,0.0
pekes,0.0
pekid,0.0
pekin,0.0
pekoe,0.0
pelas,0.0
pelau,0.0
pelch,0.0
peles,0.0
pelfs,0.0
pells,0.0
pelma,0.0
pelog,0.0
pelon,0.0
pelsh,0.0
pelta,0.0
pelts,0.0
pelus,0.0
penal,0.58
pence,0.58
pends,0.0
pendu,0.0
pened,0.0
penes,0.0
pengo,0.0
penie,0.0
penis,0.0
penks,0.0
penna,0.0
penne,0.58
penni,0.0
penny,0.58
pense,0.0
pensy,0.0
pents,0.0
peola,0.0
peons,0.0
peony,0.574159
pepla,0.0
peple,0.0
pepon,0.0
pepos,0.0
peppy,0.58
pepsi,0.0
pequi,0.0
perae,0.0
perai,0.0
perce,0.0
perch,0.58
percs,0.0
perdu,0.0
perdy,0.0
perea,0.0
peres,0.0
perfs,0.0
peril,0.58
peris,0.0
perks,0.0
perky,0.58
perle,0.0
perls,0.0
perms,0.0
permy,0.0
perne,0.0
perns,0.0
perog,0.0
perps,0.0
perry,0.0
perse,0.0
persp,0.0
perst,0.0
perts,0.0
perve,0.0
pervo,0.0
pervs,0.0
pervy,0.0
pesch,0.0
pesky,0.58
pesos,0.0
pesta,0.0
pesto,0.58
pests,0.0
pesty,0.0
petal,0.58
petar,0.0
peter,0.579303
petit,0.58
petos,0.0
petre,0.0
petri,0.58
petti,0.0
petto,0.0
petty,0.58
pewed,0.0
pewee,0.0
pewit,0.0
peyse,0.0
pfftt,0.0
phage,0.498241
phang,0.0
phare,0.0
pharm,0.0
phase,0.58
phasm,0.0
pheer,0.0
pheme,0.0
phene,0.0
pheon,0.0
phese,0.0
phial,0.0
phies,0.0
phish,0.490416
phizz,0.0
phlox,0.0
phobe,0.0
phoca,0.0
phone,0.58
phono,0.0
phons,0.0
phony,0.58
phooh,0.0
phooo,0.0
phota,0.0
photo,0.58
phots,0.0
photy,0.0
phpht,0.0
phubs,0.0
phuts,0.0
phutu,0.0
phwat,0.0
phyla,0.0
phyle,0.0
phyma,0.0
phynx,0.0
physa,0.0
piais,0.0
piani,0.0
piano,0.58
pians,0.0
pibal,0.0
pical,0.0
picas,0.0
piccy,0.0
picey,0.0
pichi,0.0
picks,0.0
picky,0.58
picon,0.0
picot,0.0
picra,0.0
picul,0.0
piece,0.58
pieds,0.0
piend,0.0
piers,0.0
piert,0.0
pieta,0.0
piets,0.0
piety,0.58
piezo,0.0
piggy,0.58
pight,0.0
pigly,0.0
pigmy,0.0
piing,0.0
pikas,0.0
pikau,0.0
piked,0.00225968
pikel,0.0
piker,0.5245879999999999
pikes,0.0
pikey,0.0
pikis,0.0
pikul,0.0
pilae,0.0
pilaf,0.578789
pilao,0.0
pilar,0.0
pilau,0.0
pilaw,0.0
pilch,0.0
pilea,0.0
piled,0.00225968
pilei,0.0
piler,0.0
piles,0.0
piley,0.0
pilin,0.0
pilis,0.0
pills,0.0
pilon,0.0
pilot,0.58
pilow,0.0
pilum,0.0
pilus,0.0
pimas,0.0
pimps,0.0
pinas,0.0
pinax,0.0
pince,0.0
pinch,0.58
pinda,0.0
pinds,0.0
pined,0.00225968
piner,0.0
pines,0.0
piney,0.5751339999999999
pinga,0.0
pinge,0.0
pingo,0.0
pings,0.0
pinko,0.0
pinks,0.0
pinky,0.576647
pinna,0.0
pinny,0.0
pinol,0.0
pinon,0.0
pinot,0.58
pinta,0.0
pinto,0.572078
pints,0.0
pinup,0.58
pions,0.0
piony,0.0
pious,0.58
pioye,0.0
pioys,0.0
pipal,0.0
pipas,0.0
piped,0.00225968
piper,0.5789650000000001
pipes,0.0
pipet,0.0185443
pipid,0.0
pipis,0.0
pipit,0.0
pippy,0.0
pipul,0.0
pique,0.58
piqui,0.0
pirai,0.0
pirks,0.0
pirls,0.0
pirns,0.0
pirog,0.0
pirre,0.0
pirri,0.0
pirrs,0.0
pisco,0.0
pises,0.0
pisky,0.0
pisos,0.0
pissy,0.0
piste,0.542907
pitas,0.0
pitch,0.58
piths,0.0
pithy,0.58
piton,0.0
pitot,0.0
pitso,0.0
pitsu,0.0
pitta,0.0
pittu,0.0
piuma,0.0
piums,0.0
pivos,0.0
pivot,0.58
pixel,0.58
pixes,0.0
pixie,0.58
piyut,0.0
pized,0.0
pizer,0.0
pizes,0.0
pizza,0.58
plaas,0.0
place,0.58
plack,0.0
plaga,0.0
plage,0.0
plaid,0.58
plaig,0.0
plain,0.58
plait,0.552847
planc,0.0
plane,0.58
planh,0.0
plank,0.58
plans,0.0
plant,0.58
plaps,0.0
plash,0.0
plasm,0.39764200000000005
plast,0.0
plate,0.58
plats,0.0
platt,0.0
platy,0.0
plaud,0.0
plaur,0.0
plavs,0.0
playa,0.542907
plays,0.0
plaza,0.58
plead,0.58
pleas,0.0
pleat,0.562014
plebe,0.54176
plebs,0.0
pleck,0.0
pleep,0.0
plein,0.0
plena,0.0
plene,0.0
pleno,0.0
pleon,0.0
plesh,0.0
plets,0.0
plews,0.0
plexi,0.0
plica,0.0
plied,0.00225968
plier,0.023722599999999996
plies,0.0
pligs,0.0
plims,0.0
pling,0.0
plink,0.554138
plips,0.0
plish,0.0
ploat,0.0
ploce,0.0
plock,0.0
plods,0.0
ploit,0.0
plomb,0.0
plong,0.0
plonk,0.560457
plook,0.0
ploot,0.0
plops,0.0
plore,0.0
plots,0.0
plotz,0.0
plouk,0.0
plout,0.0
plows,0.0
plowt,0.0
ploye,0.0
ploys,0.0
pluck,0.58
pluds,0.0
plues,0.0
pluff,0.0
plugs,0.0
pluke,0.0
plumb,0.58
plume,0.58
plump,0.58
plums,0.0
plumy,0.0
plung,0.0
plunk,0.58
pluot,0.0
plups,0.0
plush,0.58
plute,0.0
pluto,0.0
pluty,0.0
plyer,0.0
pneus,0.0
poach,0.58
poaka,0.0
poake,0.0
poalo,0.0
pobby,0.0
poboy,0.0
pocan,0.0
poche,0.0
pocho,0.0
pocks,0.0
pocky,0.0
podal,0.0
poddy,0.0
podex,0.0
podge,0.0
podgy,0.0
podia,0.0
podos,0.0
podus,0.0
poems,0.0
poena,0.0
poeps,0.0
poesy,0.498241
poete,0.0
poets,0.0
pogey,0.0
pogge,0.0
poggy,0.0
pogos,0.0
pogue,0.0
pohed,0.0
poilu,0.0
poind,0.0
point,0.58
poire,0.0
poise,0.58
pokal,0.0
poked,0.00225968
poker,0.58
pokes,0.0
pokey,0.57178
pokie,0.0
pokit,0.0
polar,0.58
poled,0.00225968
poler,0.0
poles,0.0
poley,0.0
polio,0.58
polis,0.542907
polje,0.0
polka,0.58
polks,0.0
pollo,0.0
polls,0.0
polly,0.0
polos,0.0
polts,0.0
polyp,0.562376
polys,0.0
pomas,0.0
pombe,0.0
pomes,0.0
pomme,0.0
pommy,0.0
pomos,0.0
pompa,0.0
pomps,0.0
ponce,0.0
poncy,0.0
ponds,0.0
pondy,0.0
pones,0.0
poney,0.0
ponga,0.0
pongo,0.0
pongs,0.0
pongy,0.0
ponks,0.0
ponor,0.0
ponto,0.0
ponts,0.0
ponty,0.0
ponzu,0.0
pooay,0.0
pooch,0.579827
poods,0.0
pooed,0.0
pooey,0.0
poofs,0.0
poofy,0.5561820000000001
poohs,0.0
poohy,0.0
pooja,0.0
pooka,0.0
pooks,0.0
pools,0.0
pooly,0.0
poons,0.0
poopa,0.0
poops,0.0
poopy,0.0
poori,0.0
poort,0.0
poots,0.0
pooty,0.0
poove,0.0
poovy,0.0
popes,0.0
popia,0.0
popos,0.0
poppa,0.0
poppy,0.58
popsy,0.0
popup,0.555624
porae,0.0
poral,0.0
porch,0.58
pored,0.00225968
porer,0.0
pores,0.0
porey,0.0
porge,0.0
porgy,0.5593889999999999
porin,0.0
porks,0.0
porky,0.568232
porno,0.0
porns,0.0
porny,0.0
porta,0.0
porte,0.0
porth,0.0
ports,0.0
porty,0.0
porus,0.0
posca,0.0
posed,0.00225968
poser,0.5464950000000001
poses,0.0
poset,0.0
posey,0.0
posho,0.0
posit,0.58
posol,0.0
posse,0.58
poste,0.0
posts,0.0
potae,0.0
potai,0.0
potch,0.0
poted,0.0
potes,0.0
potin,0.0
potoo,0.0
potro,0.0
potsy,0.0
potto,0.0
potts,0.0
potty,0.58
pouce,0.0
pouch,0.58
pouff,0.0
poufs,0.0
poufy,0.0
pouis,0.0
pouke,0.0
pouks,0.0
poule,0.0
poulp,0.0
poult,0.0
pound,0.58
poupe,0.0
poupt,0.0
pours,0.0
pousy,0.0
pouts,0.0
pouty,0.578576
povos,0.0
powan,0.0
power,0.58
powie,0.0
powin,0.0
powis,0.0
powlt,0.0
pownd,0.0
powns,0.0
powny,0.0
powre,0.0
powsy,0.0
poxed,0.0
poxes,0.0
poyas,0.0
poynt,0.0
poyou,0.0
poyse,0.0
pozzy,0.0
praam,0.0
prads,0.0
prags,0.0
prahu,0.0
prams,0.0
prana,0.0
prang,0.0
prank,0.58
praos,0.0
praps,0.0
prase,0.0
prate,0.0352715
prats,0.0
pratt,0.0
praty,0.0
praus,0.0
prawn,0.576563
prays,0.0
preak,0.0
predy,0.0
preed,0.0
preem,0.0
preen,0.579649
prees,0.0
preif,0.0
preke,0.0
prems,0.0
premy,0.0
prent,0.0
preon,0.0
preop,0.0
preps,0.0
presa,0.0
prese,0.0
press,0.58
prest,0.0
preta,0.0
preux,0.0
preve,0.0
prexy,0.0
preys,0.0
prial,0.0
prian,0.0
price,0.58
prick,0.526686
pricy,0.5386099999999999
pride,0.58
pridy,0.0
pried,0.58
prief,0.0
prier,0.0
pries,0.0
prigs,0.0
prill,0.0
prima,0.58
prime,0.58
primi,0.0
primo,0.5658
primp,0.548294
prims,0.0
primy,0.0
pring,0.0
prink,0.0
print,0.58
prion,0.5553370000000001
prior,0.58
prise,0.516859
prism,0.58
priss,0.0
prius,0.0
privy,0.58
prize,0.58
proal,0.0
proas,0.0
probe,0.58
probs,0.0
proby,0.0
prodd,0.0
prods,0.0
proem,0.0
profs,0.0
progs,0.0
proin,0.0
proke,0.0
prole,0.477373
proll,0.0
promo,0.58
proms,0.0
prone,0.58
prong,0.58
pronk,0.0
proof,0.58
prook,0.0
proot,0.0
props,0.0
prora,0.0
prore,0.0
prose,0.58
proso,0.0
pross,0.0
prost,0.0
prosy,0.0
proto,0.0
proud,0.58
proul,0.0
prove,0.58
prowk,0.0
prowl,0.58
prows,0.0
proxy,0.58
proyn,0.0
prude,0.58
prune,0.58
pruno,0.0
prunt,0.0
pruny,0.0
pruta,0.0
pryan,0.0
pryer,0.0
pryse,0.0
psalm,0.58
pseud,0.0
pshaw,0.40882599999999997
pshut,0.0
psias,0.0
psion,0.0
psoae,0.0
psoai,0.0
psoas,0.0
psora,0.0
psych,0.57908
psyop,0.0
ptish,0.0
ptype,0.0
pubby,0.0
pubco,0.0
pubes,0.0
pubic,0.58
pubis,0.0
pubsy,0.0
pucan,0.0
pucer,0.0
puces,0.0
pucka,0.0
pucks,0.0
puddy,0.0
pudge,0.480973
pudgy,0.58
pudic,0.0
pudor,0.0
pudsy,0.0
pudus,0.0
puers,0.0
puffa,0.0
puffs,0.0
puffy,0.58
puggy,0.0
pugil,0.0
puhas,0.0
pujah,0.0
pujas,0.0
pukas,0.0
puked,0.00225968
puker,0.0
pukes,0.0
pukey,0.0
pukka,0.0
pukus,0.0
pulao,0.0
pulas,0.0
puled,0.0
puler,0.0
pules,0.0
pulik,0.0
pulis,0.0
pulka,0.0
pulks,0.0
pulli,0.0
pulls,0.0
pully,0.0
pulmo,0.0
pulps,0.0
pulpy,0.58
pulse,0.58
pulus,0.0
pulut,0.0
pumas,0.0
pumie,0.0
pumps,0.0
pumpy,0.0
punas,0.0
punce,0.0
punch,0.58
punga,0.0
pungi,0.0
pungo,0.0
pungs,0.0
pungy,0.0
punim,0.0
punji,0.0
punka,0.0
punks,0.0
punky,0.579726
punny,0.569751
punto,0.0
punts,0.0
punty,0.0
pupae,0.542907
pupal,0.0
pupas,0.0
pupil,0.58
puppa,0.0
puppy,0.58
pupus,0.0
purao,0.0
purau,0.0
purda,0.0
purdy,0.0
pured,0.0
puree,0.58
purer,0.58
pures,0.0
purga,0.0
purge,0.58
purin,0.0
puris,0.0
purls,0.0
puros,0.0
purps,0.0
purpy,0.0
purre,0.0
purrs,0.0
purry,0.0
purse,0.58
pursy,0.0
purty,0.0
puses,0.0
pushy,0.58
pusle,0.0
pussy,0.0
putas,0.0
puter,0.0
putid,0.0
putin,0.0
puton,0.0
putos,0.0
putti,0.0
putto,0.0
putts,0.0
puttu,0.0
putty,0.57922
putza,0.0
puuko,0.0
puyas,0.0
puzel,0.0
puzta,0.0
pwned,0.0
pyats,0.0
pyets,0.0
pygal,0.0
pygmy,0.576851
pyins,0.0
pylon,0.57178
pyned,0.0
pynes,0.0
pyoid,0.0
pyots,0.0
pyral,0.0
pyran,0.0
pyres,0.0
pyrex,0.0
pyric,0.0
pyros,0.0
pyrus,0.0
pyuff,0.0
pyxed,0.0
pyxes,0.0
pyxie,0.0
pyxis,0.0
pzazz,0.0
qadis,0.0
qaids,0.0
qajaq,0.0
qanat,0.0
qapik,0.0
qibla,0.0
qilas,0.0
qipao,0.0
qophs,0.0
qorma,0.0
quabs,0.0
quack,0.58
quads,0.0
quaff,0.56405
quags,0.0
quail,0.58
quair,0.0
quais,0.0
quake,0.58
quaky,0.0
quale,0.0
qualm,0.556454
qualy,0.0
quank,0.0
quant,0.56481
quare,0.0
quark,0.561641
quarl,0.0
quart,0.58
quash,0.58
quasi,0.58
quass,0.0
quate,0.0
quats,0.0
quawk,0.0
quaws,0.0
quayd,0.0
quays,0.0
qubit,0.0
quean,0.0
queck,0.0
queek,0.0
queem,0.0
queen,0.58
queer,0.58
quell,0.58
queme,0.0
quena,0.0
quern,0.0
query,0.58
queso,0.58
quest,0.58
quete,0.0
queue,0.58
queyn,0.0
queys,0.0
queyu,0.0
quibs,0.0
quich,0.0
quick,0.58
quids,0.0
quies,0.0
quiet,0.58
quiff,0.0
quila,0.0
quill,0.58
quilt,0.58
quims,0.0
quina,0.0
quine,0.0
quink,0.0
quino,0.0
quins,0.0
quint,0.0
quipo,0.0
quips,0.0
quipu,0.0
quire,0.0
quirk,0.58
quirl,0.0
quirt,0.0
quist,0.0
quite,0.58
quits,0.0
quoad,0.0
quods,0.0
quoif,0.0
quoin,0.0
quois,0.0
quoit,0.0
quoll,0.0
quonk,0.0
quops,0.0
quork,0.0
quorl,0.0
quota,0.58
quote,0.58
quoth,0.49318100000000004
quouk,0.0
quoys,0.0
quran,0.00420616
qursh,0.0
quyte,0.0
raads,0.0
raake,0.0
rabat,0.0
rabbi,0.58
rabic,0.0
rabid,0.58
rabis,0.0
raced,0.00225968
racer,0.58
races,0.0
rache,0.0
racks,0.0
racon,0.0
radar,0.58
raddi,0.0
raddy,0.0
radge,0.0
radgy,0.0
radif,0.0
radii,0.480973
radio,0.58
radix,0.0
radon,0.5598259999999999
rafee,0.0
raffs,0.0
raffy,0.0
rafik,0.0
rafiq,0.0
rafts,0.0
rafty,0.0
ragas,0.0
ragde,0.0
raged,0.00225968
ragee,0.0
rager,0.5386099999999999
rages,0.0
ragga,0.0
raggs,0.0
raggy,0.0
ragis,0.0
ragus,0.0
rahed,0.0
rahui,0.0
raiah,0.0
raias,0.0
raids,0.0
raike,0.0
raiks,0.0
raile,0.0
rails,0.0
raine,0.0
rains,0.0
rainy,0.58
raird,0.0
raise,0.58
raita,0.0
raith,0.0
raits,0.0
rajah,0.512189
rajas,0.0
rajes,0.0
raked,0.00225968
rakee,0.0
raker,0.0
rakes,0.0
rakhi,0.0
rakia,0.0
rakis,0.0
rakki,0.0
raksi,0.0
rakus,0.0
rales,0.0
ralli,0.0
rally,0.58
ralph,0.0352715
ramal,0.0
ramee,0.0
ramen,0.58
rames,0.0
ramet,0.0
ramie,0.0
ramin,0.0
ramis,0.0
rammy,0.0
ramon,0.0
ramps,0.0
ramse,0.0
ramsh,0.0
ramus,0.0
ranas,0.0
rance,0.0
ranch,0.58
rando,0.0
rands,0.0
randy,0.58
raned,0.0
ranee,0.0
ranes,0.0
ranga,0.0
range,0.58
rangi,0.0
rangs,0.0
rangy,0.58
ranid,0.0
ranis,0.0
ranke,0.0
ranks,0.0
ranns,0.0
ranny,0.0
ranse,0.0
rants,0.0
ranty,0.0
raped,0.0
rapee,0.0
raper,0.0
rapes,0.0
raphe,0.0
rapid,0.58
rapin,0.0
rappe,0.0
rapso,0.0
rared,0.0
raree,0.0
rarer,0.58
rares,0.0
rarks,0.0
rasam,0.0
rasas,0.0
rased,0.0
raser,0.0
rases,0.0
rasps,0.0
raspy,0.58
rasse,0.0
rasta,0.0
ratal,0.0
ratan,0.0
ratas,0.0
ratch,0.0
rated,0.00225968
ratel,0.0
rater,0.510484
rates,0.0
ratha,0.0
rathe,0.0
raths,0.0
ratio,0.58
ratoo,0.0
ratos,0.0
ratti,0.0
ratty,0.58
ratus,0.0
rauli,0.0
rauns,0.0
raupo,0.0
raved,0.00225968
ravel,0.370042
raven,0.58
raver,0.526786
raves,0.0
ravey,0.0
ravin,0.0
rawdy,0.0
rawer,0.0
rawin,0.0
rawks,0.0
rawly,0.0
rawns,0.0
raxed,0.0
raxes,0.0
rayah,0.0
rayas,0.0
rayed,0.0
rayle,0.0
rayls,0.0
rayne,0.0
rayon,0.570299
razai,0.0
razed,0.00225968
razee,0.0
razer,0.0
razes,0.0
razet,0.0
razoo,0.0
razor,0.58
reach,0.58
react,0.58
readd,0.0
reads,0.0
ready,0.58
reais,0.0
reaks,0.0
realm,0.58
realo,0.0
reals,0.0
reame,0.0
reams,0.0
reamy,0.0
reans,0.0
reaps,0.0
reard,0.0
rearm,0.571855
rears,0.0
reast,0.0
reata,0.0
reate,0.0
reave,0.0
rebab,0.0
rebar,0.578607
rebbe,0.0
rebec,0.0
rebel,0.58
rebid,0.5661999999999999
rebit,0.0
rebop,0.0
rebud,0.0
rebus,0.574662
rebut,0.58
rebuy,0.033212
recal,0.0
recap,0.58
recce,0.0
recco,0.0
reccy,0.0
recep,0.0
recit,0.0
recks,0.0
recon,0.543458
recta,0.0
recte,0.0
recti,0.0
recto,0.0
recue,0.0
recur,0.58
recut,0.570299
redan,0.0
redds,0.0
reddy,0.0
reded,0.0
redes,0.0
redia,0.0
redid,0.579023
redif,0.0
redig,0.0
redip,0.0
redly,0.0
redon,0.0
redos,0.0
redox,0.0
redry,0.0
redub,0.0307214
redug,0.0
redux,0.58
redye,0.0
reeaf,0.0
reech,0.0
reede,0.0
reeds,0.0
reedy,0.58
reefs,0.0
reefy,0.0
reeks,0.0
reeky,0.0
reels,0.0
reely,0.0
reems,0.0
reens,0.0
reerd,0.0
reest,0.0
reeve,0.0
reeze,0.0
refan,0.0
refed,0.0
refel,0.0
refer,0.58
reffo,0.0
refis,0.0
refit,0.566837
refix,0.0
refly,0.0
refry,0.0276416
regal,0.58
regar,0.0
reges,0.0
reget,0.0
regex,0.0
reggo,0.0
regia,0.0
regie,0.0
regle,0.0
regma,0.0
regna,0.0
regos,0.0
regot,0.0
regur,0.0
rehab,0.58
rehem,0.0
reifs,0.0
reify,0.5222169999999999
reign,0.58
reiki,0.560863
reiks,0.0
reine,0.0
reing,0.0
reink,0.0
reins,0.0
reird,0.0
reist,0.0
reive,0.0
rejas,0.0
rejig,0.0
rejon,0.0
reked,0.0
rekes,0.0
rekey,0.0
relax,0.58
relay,0.58
relet,0.0
relic,0.58
relie,0.0
relit,0.498241
rello,0.0
relos,0.0
reman,0.0
remap,0.535747
remen,0.0
remet,0.0
remex,0.0
remit,0.577787
remix,0.58
remou,0.0
renal,0.58
renay,0.0
rends,0.0
rendu,0.0
renew,0.58
reney,0.0
renga,0.0
rengs,0.0
renig,0.0
renin,0.0
renks,0.0
renne,0.0
renos,0.0
rente,0.0
rents,0.0
reoil,0.0
reorg,0.0
repas,0.0
repat,0.0
repay,0.58
repeg,0.0
repel,0.58
repen,0.0
repin,0.0
repla,0.0
reply,0.58
repos,0.0
repot,0.513817
repps,0.0
repro,0.0
repun,0.0
reput,0.0
reran,0.528829
rerig,0.0
rerun,0.58
resam,0.0
resat,0.0
resaw,0.0185443
resay,0.0
resee,0.0
reses,0.0
reset,0.58
resew,0.0
resid,0.0
resin,0.58
resit,0.0
resod,0.0
resol,0.0
resow,0.0
resto,0.0
rests,0.0
resty,0.0
resue,0.0
resus,0.0
retag,0.0185443
retam,0.0
retax,0.0
retch,0.537925
retem,0.0
retia,0.0
retie,0.480973
retin,0.0
retip,0.0
retox,0.0
retro,0.58
retry,0.58
reune,0.0
reups,0.0
reuse,0.58
revel,0.58
revet,0.0
revie,0.0
revow,0.0
revue,0.58
rewan,0.0
rewax,0.0
rewed,0.0
rewet,0.0
rewin,0.0
rewon,0.0
rewth,0.0
rexes,0.0
rezes,0.0
rhabd,0.0
rheas,0.0
rheid,0.0
rheme,0.0
rheum,0.0352715
rhies,0.0
rhime,0.0
rhine,0.0
rhino,0.58
rhody,0.0
rhomb,0.0
rhone,0.0
rhumb,0.0
rhyme,0.58
rhymy,0.0
rhyne,0.0
rhyta,0.0
riads,0.0
rials,0.0
riant,0.0
riata,0.0
riato,0.0
ribas,0.0
ribby,0.0
ribes,0.0
riced,0.0
ricer,0.0
rices,0.0
ricey,0.0
riche,0.0
richt,0.0
ricin,0.574217
ricks,0.0
rider,0.58
rides,0.0
ridge,0.58
ridgy,0.0
ridic,0.0
riels,0.0
riems,0.0
rieve,0.0
rifer,0.0
riffs,0.0
riffy,0.0
rifle,0.58
rifte,0.0
rifts,0.0
rifty,0.0
riggs,0.0
right,0.58
rigid,0.58
rigmo,0.0
rigol,0.0
rigor,0.58
rikka,0.0
rikwa,0.0
riled,0.00225968
riles,0.0
riley,0.0
rille,0.0
rills,0.0
rilly,0.0
rimae,0.0
rimed,0.0
rimer,0.0
rimes,0.0
rimon,0.0
rimus,0.0
rince,0.0
rinds,0.0
rindy,0.0
rines,0.0
ringe,0.0
rings,0.0
ringy,0.0
rinks,0.0
rinse,0.58
rioja,0.0
rione,0.0
riots,0.0
rioty,0.0
riped,0.0
ripen,0.58
riper,0.569269
ripes,0.0
ripps,0.0
riqqs,0.0
risen,0.58
riser,0.58
rises,0.0
rishi,0.0
risks,0.0
risky,0.58
risps,0.0
rists,0.0
risus,0.0
rites,0.0
rithe,0.0
ritts,0.0
ritzy,0.5793849999999999
rival,0.58
rivas,0.0
rived,0.0
rivel,0.0
riven,0.58
river,0.58
rives,0.0
rivet,0.570986
riyal,0.0
rizas,0.0
roach,0.58
roads,0.0
roady,0.0
roake,0.0
roaky,0.0
roams,0.0
roans,0.0
roany,0.0
roars,0.0
roary,0.0
roast,0.58
roate,0.0
robbo,0.0
robed,0.00225968
rober,0.0
robes,0.0
robin,0.58
roble,0.0
robot,0.58
robug,0.0
robur,0.0
roche,0.0
rocks,0.0
rocky,0.58
roded,0.0
rodeo,0.58
rodes,0.0
rodny,0.0
roers,0.0
rogan,0.0
roger,0.033212
rogue,0.58
roguy,0.0
rohan,0.0
rohes,0.0
rohun,0.0
rohus,0.0
roids,0.0
roils,0.0
roily,0.0
roins,0.0
roist,0.0
rojak,0.0
rojis,0.0
roked,0.0
roker,0.0
rokes,0.0
rokey,0.0
rokos,0.0
rolag,0.0
roleo,0.0
roles,0.0
rolfs,0.0
rolls,0.0
rolly,0.0
romal,0.0
roman,0.576437
romeo,0.0
romer,0.0
romps,0.0
rompu,0.0
rompy,0.0
ronde,0.0
rondo,0.0
roneo,0.0
rones,0.0
ronin,0.0
ronne,0.0
ronte,0.0
ronts,0.0
ronuk,0.0
roods,0.0
roofs,0.0
roofy,0.0
rooks,0.0
rooky,0.0
rooms,0.0
roomy,0.58
roons,0.0
roops,0.0
roopy,0.0
roosa,0.0
roose,0.0
roost,0.58
roots,0.0
rooty,0.0
roped,0.00225968
roper,0.498241
ropes,0.0
ropey,0.0
roque,0.0
roral,0.0
rores,0.0
roric,0.0
rorid,0.0
rorie,0.0
rorts,0.0
rorty,0.0
rosal,0.0
rosco,0.0
rosed,0.0
roses,0.0
roset,0.0
rosha,0.0
roshi,0.0
rosin,0.559165
rosit,0.0
rosps,0.0
rossa,0.0
rosso,0.0
rosti,0.0
rosts,0.0
rotal,0.0
rotan,0.0
rotas,0.0
rotch,0.0
roted,0.0
rotes,0.0
rotis,0.0
rotls,0.0
roton,0.0
rotor,0.576931
rotos,0.0
rotta,0.0
rotte,0.0
rotto,0.0
rotty,0.0
rouen,0.0
roues,0.0
rouet,0.0
roufs,0.0
rouge,0.578607
rough,0.58
rougy,0.0
rouks,0.0
rouky,0.0
roule,0.0
rouls,0.0
roums,0.0
round,0.58
roups,0.0
roupy,0.0
rouse,0.58
roust,0.556454
route,0.58
routh,0.0
routs,0.0
roved,0.00225968
roven,0.0
rover,0.58
roves,0.0
rowan,0.0
rowdy,0.58
rowed,0.00225968
rowel,0.0
rowen,0.0
rower,0.576522
rowet,0.0
rowie,0.0
rowme,0.0
rownd,0.0
rowns,0.0
rowth,0.0
rowts,0.0
royal,0.58
royet,0.0
royne,0.0
royst,0.0
rozes,0.0
rozet,0.0
rozit,0.0
ruach,0.0
ruana,0.0
rubai,0.0
ruban,0.0
rubby,0.0
rubel,0.0
rubes,0.0
rubin,0.0
rubio,0.0
ruble,0.58
rubli,0.0
rubor,0.0
rubus,0.0
ruche,0.0
ruchy,0.0
rucks,0.0
rudas,0.0
rudds,0.0
ruddy,0.58
ruder,0.551811
rudes,0.0
rudie,0.0
rudis,0.0
rueda,0.0
ruers,0.0
ruffe,0.0
ruffs,0.0
ruffy,0.0
rufus,0.0
rugae,0.0
rugal,0.0
rugas,0.0
rugby,0.58
ruggy,0.0
ruice,0.0
ruing,0.561257
ruins,0.0
rukhs,0.0
ruled,0.00225968
ruler,0.58
rules,0.0
rully,0.0
rumal,0.0
rumba,0.58
rumbo,0.0
rumen,0.0
rumes,0.0
rumly,0.0
rummy,0.57021
rumor,0.58
rumpo,0.0
rumps,0.0
rumpy,0.0
runce,0.0
runch,0.0
runds,0.0
runed,0.0
runer,0.0
runes,0.0
rungs,0.0
runic,0.0
runny,0.58
runos,0.0
runts,0.0
runty,0.0
runup,0.568232
ruote,0.0
rupee,0.58
rupia,0.0
rural,0.58
rurps,0.0
rurus,0.0
rusas,0.0
ruses,0.0
rushy,0.0
rusks,0.0
rusky,0.0
rusma,0.0
russe,0.0
rusts,0.0
rusty,0.58
ruths,0.0
rutin,0.0
rutty,0.0
ruvid,0.0
ryals,0.0
rybat,0.0
ryiji,0.0
ryijy,0.0
ryked,0.0
rykes,0.0
rymer,0.0
rymme,0.0
rynds,0.0
ryoti,0.0
ryots,0.0
ryper,0.0
rypin,0.0
rythe,0.0
ryugi,0.0
saags,0.0
sabal,0.0
sabed,0.0
saber,0.565085
sabes,0.0
sabha,0.0
sabin,0.0
sabir,0.0
sabji,0.0
sable,0.58
sabos,0.0
sabot,0.0
sabra,0.0
sabre,0.421719
sabzi,0.0
sacks,0.0
sacra,0.0
sacre,0.0
saddo,0.0
saddy,0.0
sades,0.0
sadhe,0.0
sadhu,0.0
sadic,0.0
sadis,0.0
sadly,0.58
sados,0.0
sadza,0.0
saeta,0.0
safed,0.0
safer,0.58
safes,0.0
sagar,0.0
sagas,0.0
sager,0.0
sages,0.0
saggy,0.573746
sagos,0.0
sagum,0.0
sahab,0.0
saheb,0.0
sahib,0.0
saice,0.0
saick,0.0
saics,0.0
saids,0.0
saiga,0.0
sails,0.0
saims,0.0
saine,0.0
sains,0.0
saint,0.58
sairs,0.0
saist,0.0
saith,0.0
sajou,0.0
sakai,0.0
saker,0.0
sakes,0.0
sakia,0.0
sakis,0.0
sakti,0.0
salad,0.58
salal,0.0
salas,0.0
salat,0.0
salep,0.0
sales,0.0
salet,0.0
salic,0.0
salis,0.0
salix,0.0
salle,0.0
sally,0.564206
salmi,0.0
salol,0.0
salon,0.58
salop,0.0
salpa,0.0
salps,0.0
salsa,0.58
salse,0.0
salto,0.0
salts,0.0
salty,0.58
salud,0.0
salue,0.0
salut,0.0
salve,0.58
salvo,0.58
saman,0.0
samas,0.0
samba,0.58
sambo,0.0
samek,0.0
samel,0.0
samen,0.0
sames,0.0
samey,0.448774
samfi,0.0
samfu,0.0
sammy,0.0
sampi,0.0
samps,0.0
sanad,0.0
sands,0.0
sandy,0.58
saned,0.0
saner,0.578128
sanes,0.0
sanga,0.0
sangh,0.0
sango,0.0
sangs,0.0
sanko,0.0
sansa,0.0
santo,0.0
sants,0.0
saola,0.0
sapan,0.0
sapid,0.0
sapor,0.0
sappy,0.58
saran,0.0
sards,0.0
sared,0.0
saree,0.0
sarge,0.0
sargo,0.0
sarin,0.0
sarir,0.0
saris,0.0
sarks,0.0
sarky,0.0
sarod,0.0
saros,0.0
sarus,0.0
sarvo,0.0
saser,0.0
sasin,0.0
sasse,0.0
sassy,0.58
satai,0.0
satay,0.5748219999999999
sated,0.00225968
satem,0.0
sater,0.0
sates,0.0
satin,0.58
satis,0.0
satyr,0.568866
sauba,0.0
sauce,0.58
sauch,0.0
saucy,0.58
saugh,0.0
sauls,0.0
sault,0.0
sauna,0.58
saunf,0.0
saunt,0.0
saury,0.0
saute,0.58
sauts,0.0
sauve,0.0
saved,0.00225968
saver,0.58
saves,0.0
savey,0.0
savin,0.0
savor,0.58
savoy,0.554446
savvy,0.58
sawah,0.0
sawed,0.00225968
sawer,0.0
saxes,0.0
sayas,0.0
sayed,0.0
sayee,0.0
sayer,0.0
sayid,0.0
sayne,0.0
sayon,0.0
sayst,0.0
sazes,0.0
scabs,0.0
scads,0.0
scaff,0.0
scags,0.0
scail,0.0
scala,0.0
scald,0.549135
scale,0.58
scall,0.0
scalp,0.58
scaly,0.58
scamp,0.565935
scams,0.0
scand,0.0
scans,0.0
scant,0.58
scapa,0.0
scape,0.541164
scapi,0.0
scare,0.58
scarf,0.58
scarp,0.473504
scars,0.0
scart,0.0
scary,0.58
scath,0.0
scats,0.0
scatt,0.0
scaud,0.0
scaup,0.0
scaur,0.0
scaws,0.0
sceat,0.0
scena,0.0
scend,0.0
scene,0.58
scent,0.58
schav,0.0
schif,0.0
schmo,0.0
schul,0.0
schwa,0.435303
scifi,0.0
scind,0.0
scion,0.58
scire,0.0
sclim,0.0
scobe,0.0
scody,0.0
scoff,0.58
scogs,0.0
scold,0.58
scone,0.58
scoog,0.0
scoop,0.58
scoot,0.579624
scopa,0.0
scope,0.58
scops,0.0
score,0.58
scorn,0.58
scorp,0.0
scote,0.0
scots,0.0
scoug,0.0
scoup,0.0
scour,0.58
scout,0.58
scowl,0.58
scowp,0.0
scows,0.0
scrab,0.0
scrae,0.0
scrag,0.0
scram,0.539922
scran,0.0
scrap,0.58
scrat,0.0
scraw,0.0
scray,0.0
scree,0.551811
screw,0.58
scrim,0.58
scrip,0.557992
scrob,0.0
scrod,0.5325139999999999
scrog,0.0
scroo,0.0
scrow,0.0
scrub,0.58
scrum,0.58
scuba,0.58
scudi,0.0
scudo,0.0
scuds,0.0
scuff,0.569561
scuft,0.0
scugs,0.0
sculk,0.0
scull,0.539922
sculp,0.0
sculs,0.0
scums,0.0
scups,0.0
scurf,0.0
scurs,0.0
scuse,0.0
scuta,0.0
scute,0.0
scuts,0.0
scuzz,0.0
scyes,0.0
sdayn,0.0
sdein,0.0
seals,0.0
seame,0.0
seams,0.0
seamy,0.58
seans,0.0
seare,0.0
sears,0.0
sease,0.0
seats,0.0
seaze,0.0
sebum,0.0
secco,0.0
sechs,0.0
sects,0.0
sedan,0.58
seder,0.5638920000000001
sedes,0.0
sedge,0.54994
sedgy,0.0
sedum,0.0
seeds,0.0
seedy,0.58
seeks,0.0
seeld,0.0
seels,0.0
seely,0.0
seems,0.0
seeps,0.0
seepy,0.0
seers,0.0
sefer,0.0
segar,0.0
segas,0.0
segni,0.0
segno,0.0
segol,0.0
segos,0.0
segue,0.58
sehri,0.0
seifs,0.0
seils,0.0
seine,0.0
seirs,0.0
seise,0.0
seism,0.0
seity,0.0
seiza,0.0
seize,0.58
sekos,0.0
sekts,0.0
selah,0.0
seles,0.0
selfs,0.0
selfy,0.0
selky,0.0
sella,0.0
selle,0.0
sells,0.0
selva,0.0
semas,0.0
semee,0.0
semen,0.0
semes,0.0
semie,0.0
semis,0.0
senas,0.0
sends,0.0
senes,0.0
senex,0.0
sengi,0.0
senna,0.0
senor,0.0
sensa,0.0
sense,0.58
sensi,0.0
sensu,0.0
sente,0.0
senti,0.0
sents,0.0
senvy,0.0
senza,0.0
sepad,0.0
sepal,0.0
sepia,0.58
sepic,0.0
sepoy,0.0
seppo,0.0
septa,0.0
septs,0.0
serac,0.0
serai,0.0
seral,0.0
sered,0.0
serer,0.0
seres,0.0
serfs,0.0
serge,0.0
seria,0.0
seric,0.0
serif,0.560662
serin,0.0
serir,0.0
serks,0.0
seron,0.0
serow,0.0
serra,0.0
serre,0.0
serrs,0.0
serry,0.0
serum,0.58
serve,0.58
servo,0.0
sesey,0.0
sessa,0.0
setae,0.0
setal,0.0
seter,0.0
seths,0.0
seton,0.0
setts,0.0
setup,0.58
sevak,0.0
seven,0.58
sever,0.58
sevir,0.0
sewan,0.0
sewar,0.0
sewed,0.00225968
sewel,0.0
sewen,0.0
sewer,0.58
sewin,0.0
sexed,0.0
sexer,0.0
sexes,0.0
sexor,0.0
sexto,0.0
sexts,0.0
seyen,0.0
sezes,0.0
shack,0.58
shade,0.58
shads,0.0
shady,0.58
shaft,0.58
shags,0.0
shahs,0.0
shaka,0.0
shake,0.58
shako,0.0
shakt,0.0
shaky,0.58
shale,0.58
shall,0.58
shalm,0.0
shalt,0.579193
shaly,0.0
shama,0.0
shame,0.58
shams,0.0
shand,0.0
shank,0.58
shans,0.0
shape,0.58
shaps,0.0
shard,0.58
share,0.58
shark,0.58
sharn,0.0
sharp,0.58
shart,0.0
shash,0.0
shaul,0.0
shave,0.58
shawl,0.58
shawm,0.0
shawn,0.0
shaws,0.0
shaya,0.0
shays,0.0
shchi,0.0
sheaf,0.58
sheal,0.0
shear,0.58
sheas,0.0
sheds,0.0
sheel,0.0
sheen,0.58
sheep,0.58
sheer,0.58
sheet,0.58
sheik,0.58
shelf,0.58
shell,0.58
shend,0.0
sheng,0.0
shent,0.0
sheol,0.0
sherd,0.0
shere,0.0
shero,0.0
shets,0.0
sheva,0.0
shewn,0.0
shews,0.0
shiai,0.0
shied,0.58
shiel,0.0
shier,0.0
shies,0.0
shift,0.58
shill,0.577994
shily,0.0
shims,0.0
shine,0.58
shins,0.0
shiny,0.58
shiok,0.0
ships,0.0
shire,0.525707
shirk,0.58
shirr,0.0
shirs,0.0
shirt,0.58
shish,0.0
shiso,0.0
shist,0.0
shite,0.0
shits,0.0
shiur,0.0
shiva,0.578028
shive,0.0
shivs,0.0
shlep,0.418689
shlub,0.0
shmek,0.0
shmoe,0.0
shoal,0.563072
shoat,0.0
shock,0.58
shoed,0.00225968
shoer,0.0
shoes,0.0
shogi,0.0
shogs,0.0
shoji,0.0
shojo,0.0
shola,0.0
shone,0.58
shonk,0.0
shook,0.58
shool,0.0
shoon,0.0
shoos,0.0
shoot,0.58
shope,0.0
shops,0.0
shore,0.58
shorl,0.0
shorn,0.58
short,0.58
shote,0.0
shots,0.0
shott,0.0
shoud,0.0
shout,0.58
shove,0.58
showd,0.0
shown,0.58
shows,0.0
showy,0.58
shoyu,0.0
shred,0.58
shrew,0.5699369999999999
shris,0.0
shrow,0.0
shrub,0.58
shrug,0.58
shtar,0.0
shtik,0.0
shtum,0.0
shtup,0.0
shuba,0.0
shuck,0.574927
shule,0.0
shuln,0.0
shuls,0.0
shuns,0.0
shunt,0.573807
shura,0.0
shush,0.569269
shute,0.0
shuts,0.0
shwas,0.0
shyer,0.549135
shyly,0.58
sials,0.0
sibbs,0.0
sibia,0.0
sibyl,0.0
sices,0.0
sicht,0.0
sicko,0.0
sicks,0.0
sicky,0.0
sidas,0.0
sided,0.00225968
sider,0.0
sides,0.0
sidey,0.0
sidha,0.0
sidhe,0.0
sidle,0.5748219999999999
siege,0.58
sield,0.0
siens,0.0
sient,0.0
sieth,0.0
sieur,0.0
sieve,0.58
sifts,0.0
sighs,0.0
sight,0.58
sigil,0.0
sigla,0.0
sigma,0.484331
signa,0.0
signs,0.0
sigri,0.0
sijos,0.0
sikas,0.0
siker,0.0
sikes,0.0
silds,0.0
siled,0.0
silen,0.0
siler,0.0
siles,0.0
silex,0.0
silks,0.0
silky,0.58
sills,0.0
silly,0.58
silos,0.0
silts,0.0
silty,0.557242
silva,0.0
simar,0.0
simas,0.0
simba,0.0
simis,0.0
simps,0.0
simul,0.0
since,0.58
sinds,0.0
sined,0.0
sines,0.0
sinew,0.574875
singe,0.56025
sings,0.0
sinhs,0.0
sinks,0.0
sinky,0.0
sinsi,0.0
sinus,0.58
siped,0.0
sipes,0.0
sippy,0.0
sired,0.00225968
siree,0.0
siren,0.58
sires,0.0
sirih,0.0
siris,0.0
siroc,0.0
sirra,0.0
sirup,0.0
sisal,0.0
sises,0.0
sissy,0.577994
sista,0.0
sists,0.0
sitar,0.577857
sitch,0.0
sited,0.00225968
sites,0.0
sithe,0.0
sitka,0.0
situp,0.448774
situs,0.0
siver,0.0
sixer,0.0
sixes,0.0
sixmo,0.0
sixte,0.0
sixth,0.58
sixty,0.58
sizar,0.0
sized,0.00225968
sizel,0.0
sizer,0.0
sizes,0.0
skags,0.0
skail,0.0
skald,0.0
skank,0.0
skarn,0.0
skart,0.0
skate,0.58
skats,0.0
skatt,0.0
skaws,0.0
skean,0.0
skear,0.0
skeds,0.0
skeed,0.0
skeef,0.0
skeen,0.0
skeer,0.0
skees,0.0
skeet,0.570734
skeev,0.0
skeez,0.0
skegg,0.0
skegs,0.0
skein,0.58
skelf,0.0
skell,0.0
skelm,0.0
skelp,0.0
skene,0.0
skens,0.0
skeos,0.0
skeps,0.0
skerm,0.0
skers,0.0
skets,0.0
skews,0.0
skids,0.0
skied,0.00225968
skier,0.58
skies,0.0
skiey,0.0
skiff,0.579877
skill,0.58
skimo,0.0
skimp,0.58
skims,0.0
skink,0.0
skins,0.0
skint,0.0
skios,0.0
skips,0.0
skirl,0.0
skirr,0.0
skirt,0.58
skite,0.0
skits,0.0
skive,0.0
skivy,0.0
sklim,0.0
skoal,0.0
skobe,0.0
skody,0.0
skoff,0.0
skofs,0.0
skogs,0.0
skols,0.0
skool,0.0
skort,0.0
skosh,0.0
skran,0.0
skrik,0.0
skroo,0.0
skuas,0.0
skugs,0.0
skulk,0.567786
skull,0.58
skunk,0.58
skyed,0.0
skyer,0.0
skyey,0.0
skyfs,0.0
skyre,0.0
skyrs,0.0
skyte,0.0
slabs,0.0
slack,0.58
slade,0.0
slaes,0.0
slags,0.0
slaid,0.0
slain,0.58
slake,0.5693670000000001
slams,0.0
slane,0.0
slang,0.58
slank,0.0
slant,0.58
slaps,0.0
slart,0.0
slash,0.58
slate,0.58
slats,0.0
slaty,0.0
slave,0.0
slaws,0.0
slays,0.0
slebs,0.0
sleds,0.0
sleek,0.58
sleep,0.58
sleer,0.0
sleet,0.58
slept,0.58
slews,0.0
sleys,0.0
slice,0.58
slick,0.58
slide,0.58
slier,0.0
slily,0.0
slime,0.58
slims,0.0
slimy,0.58
sling,0.58
slink,0.579023
slipe,0.0
slips,0.0
slipt,0.0
slish,0.0
slits,0.0
slive,0.0
sloan,0.0
slobs,0.0
sloes,0.0
slogs,0.0
sloid,0.0
slojd,0.0
sloka,0.0
slomo,0.0
sloom,0.0
sloop,0.574553
sloot,0.0
slope,0.58
slops,0.0
slopy,0.0
slorm,0.0
slosh,0.57021
sloth,0.58
slots,0.0
slove,0.0
slows,0.0
sloyd,0.0
slubb,0.0
slubs,0.0
slued,0.0
slues,0.0
sluff,0.0
slugs,0.0
sluit,0.0
slump,0.58
slums,0.0
slung,0.58
slunk,0.5761769999999999
slurb,0.0
slurp,0.58
slurs,0.0
sluse,0.0
slush,0.58
sluts,0.0
slyer,0.0
slyly,0.58
slype,0.0
smaak,0.0
smack,0.58
smaik,0.0
small,0.58
smalm,0.0
smalt,0.0
smarm,0.545531
smart,0.58
smash,0.58
smaze,0.0
smear,0.58
smeek,0.0
smees,0.0
smeik,0.0
smeke,0.0
smell,0.58
smelt,0.572296
smerk,0.0
smews,0.0
smick,0.0
smile,0.58
smily,0.0
smirk,0.58
smirr,0.0
smirs,0.0
smite,0.556454
smith,0.495785
smits,0.0
smize,0.0
smock,0.58
smogs,0.0
smoke,0.58
smoko,0.0
smoky,0.58
smolt,0.0
smoor,0.0
smoot,0.0
smore,0.0
smorg,0.0
smote,0.516859
smout,0.0
smowt,0.0
smugs,0.0
smurs,0.0
smush,0.5222169999999999
smuts,0.0
snabs,0.0
snack,0.58
snafu,0.573438
snags,0.0
snail,0.58
snake,0.58
snaky,0.567899
snaps,0.0
snare,0.58
snarf,0.418689
snark,0.58
snarl,0.58
snars,0.0
snary,0.0
snash,0.0
snath,0.0
snaws,0.0
snead,0.0
sneak,0.58
sneap,0.0
snebs,0.0
sneck,0.0
sneds,0.0
sneed,0.0
sneer,0.58
snees,0.0
snell,0.0
snibs,0.0
snick,0.0
snide,0.58
snied,0.0
snies,0.0
sniff,0.58
snift,0.0
snigs,0.0
snipe,0.574716
snips,0.0
snipy,0.0
snirt,0.0
snits,0.0
snive,0.0
snobs,0.0
snods,0.0
snoek,0.0
snoep,0.0
snogs,0.0
snoke,0.0
snood,0.0
snook,0.0
snool,0.0
snoop,0.58
snoot,0.495785
snore,0.58
snort,0.58
snots,0.0
snout,0.58
snowk,0.0
snows,0.0
snowy,0.58
snubs,0.0
snuck,0.58
snuff,0.58
snugs,0.0
snush,0.0
snyes,0.0
soaks,0.0
soaps,0.0
soapy,0.58
soare,0.0
soars,0.0
soave,0.0
sobas,0.0
sober,0.58
socas,0.0
soces,0.0
socia,0.0
socko,0.0
socks,0.0
socle,0.0
sodas,0.0
soddy,0.0
sodic,0.0
sodom,0.0
sofar,0.0
sofas,0.0
softa,0.0
softs,0.0
softy,0.567203
soger,0.0
soggy,0.58
sohur,0.0
soils,0.0
soily,0.0
sojas,0.0
sojus,0.0
sokah,0.0
soken,0.0
sokes,0.0
sokol,0.0
solah,0.0
solan,0.0
solar,0.58
solas,0.0
solde,0.0
soldi,0.0
soldo,0.0
solds,0.0
soled,0.00225968
solei,0.0
soler,0.0
soles,0.0
solid,0.58
solon,0.0
solos,0.0
solum,0.0
solus,0.0
solve,0.58
soman,0.0
somas,0.0
sonar,0.58
sonce,0.0
sonde,0.0
sones,0.0
songo,0.0
songs,0.0
songy,0.0
sonic,0.58
sonly,0.0
sonne,0.0
sonny,0.0
sonse,0.0
sonsy,0.0
sooey,0.0
sooks,0.0
sooky,0.0
soole,0.0
sools,0.0
sooms,0.0
soops,0.0
soote,0.0
sooth,0.530734
soots,0.0
sooty,0.58
sophs,0.0
sophy,0.0
sopor,0.0
soppy,0.557992
sopra,0.0
soral,0.0
soras,0.0
sorbi,0.0
sorbo,0.0
sorbs,0.0
sorda,0.0
sordo,0.0
sords,0.0
sored,0.0
soree,0.0
sorel,0.0
sorer,0.0
sores,0.0
sorex,0.0
sorgo,0.0
sorns,0.0
sorra,0.0
sorry,0.58
sorta,0.0
sorts,0.0
sorus,0.0
soths,0.0
sotol,0.0
sotto,0.0
souce,0.0
souct,0.0
sough,0.0
souks,0.0
souls,0.0
souly,0.0
soums,0.0
sound,0.58
soups,0.0
soupy,0.58
sours,0.0
souse,0.0
south,0.58
souts,0.0
sowar,0.0
sowce,0.0
sowed,0.00225968
sower,0.473504
sowff,0.0
sowfs,0.0
sowle,0.0
sowls,0.0
sowms,0.0
sownd,0.0
sowne,0.0
sowps,0.0
sowse,0.0
sowth,0.0
soxes,0.0
soyas,0.0
soyle,0.0
soyuz,0.0
sozin,0.0
space,0.58
spack,0.0
spacy,0.0
spade,0.58
spado,0.0
spads,0.0
spaed,0.0
spaer,0.0
spaes,0.0
spags,0.0
spahi,0.0
spail,0.0
spain,0.0
spait,0.0
spake,0.0
spald,0.0
spale,0.0
spall,0.0
spalt,0.0
spams,0.0
spane,0.0
spang,0.0
spank,0.58
spans,0.0
spard,0.0
spare,0.58
spark,0.58
spars,0.0
spart,0.0
spasm,0.58
spate,0.58
spats,0.0
spaul,0.0
spawl,0.0
spawn,0.58
spaws,0.0
spayd,0.0
spays,0.0
spaza,0.0
spazz,0.0
speak,0.58
speal,0.0
spean,0.0
spear,0.58
speat,0.0
speck,0.58
specs,0.0
spect,0.0
speed,0.58
speel,0.0
speer,0.0
speil,0.0
speir,0.0
speks,0.0
speld,0.0
spelk,0.0
spell,0.58
spelt,0.5735629999999999
spend,0.58
spent,0.58
speos,0.0
sperm,0.58
spesh,0.0
spets,0.0
speug,0.0
spews,0.0
spewy,0.0
spial,0.0
spica,0.0
spice,0.58
spick,0.0
spics,0.0
spicy,0.58
spide,0.0
spied,0.58
spiel,0.58
spier,0.0
spies,0.0
spiff,0.54696
spifs,0.0
spike,0.58
spiks,0.0
spiky,0.58
spile,0.0
spill,0.58
spilt,0.5510860000000001
spims,0.0
spina,0.0
spine,0.58
spink,0.0
spins,0.0
spiny,0.579193
spire,0.58
spirt,0.0
spiry,0.0
spite,0.58
spits,0.0
spitz,0.0
spivs,0.0
splat,0.572648
splay,0.563407
split,0.58
splog,0.0
spode,0.0
spods,0.0
spoil,0.58
spoke,0.58
spoof,0.58
spook,0.58
spool,0.5761769999999999
spoom,0.0
spoon,0.58
spoor,0.0
spoot,0.0
spore,0.58
spork,0.531638
sport,0.58
sposa,0.0
sposh,0.0
sposo,0.0
spots,0.0
spout,0.58
sprad,0.0
sprag,0.0
sprat,0.0
spray,0.58
spred,0.0
spree,0.58
sprew,0.0
sprig,0.58
sprit,0.0
sprod,0.0
sprog,0.0
sprue,0.0
sprug,0.0
spuds,0.0
spued,0.0
spuer,0.0
spues,0.0
spugs,0.0
spule,0.0
spume,0.516859
spumy,0.0
spunk,0.58
spurn,0.58
spurs,0.0
spurt,0.58
sputa,0.0
spyal,0.0
spyre,0.0
squab,0.578062
squad,0.58
squat,0.58
squaw,0.0
squee,0.0
squeg,0.0
squib,0.562554
squid,0.58
squit,0.0
squiz,0.0
srsly,0.0
stabs,0.0
stack,0.58
stade,0.0
staff,0.58
stage,0.58
stags,0.0
stagy,0.579726
staid,0.58
staig,0.0
stain,0.58
stair,0.58
stake,0.58
stale,0.58
stalk,0.58
stall,0.58
stamp,0.58
stand,0.58
stane,0.0
stang,0.0
stank,0.573624
stans,0.0
staph,0.575673
staps,0.0
stare,0.58
stark,0.58
starn,0.0
starr,0.0
stars,0.0
start,0.58
stary,0.0
stash,0.58
state,0.58
stats,0.0
statu,0.0
staun,0.0
stave,0.58
staws,0.0
stays,0.0
stead,0.58
steak,0.58
steal,0.58
steam,0.58
stean,0.0
stear,0.0
stedd,0.0
stede,0.0
steds,0.0
steed,0.573985
steek,0.0
steel,0.58
steem,0.0
steen,0.0
steep,0.58
steer,0.58
steez,0.0
steik,0.0
steil,0.0
stein,0.5598259999999999
stela,0.0
stele,0.5589379999999999
stell,0.0
steme,0.0
stems,0.0
stend,0.0
steno,0.531638
stens,0.0
stent,0.58
steps,0.0
stept,0.0
stere,0.0
stern,0.58
stets,0.0
stews,0.0
stewy,0.0
steys,0.0
stich,0.0
stick,0.58
stied,0.0
sties,0.0
stiff,0.58
stilb,0.0
stile,0.480973
still,0.58
stilt,0.574274
stime,0.0
stims,0.0
stimy,0.0
sting,0.58
stink,0.58
stint,0.58
stipa,0.0
stipe,0.0
stire,0.0
stirk,0.0
stirp,0.0
stirs,0.0
stive,0.0
stivy,0.0
stoae,0.0
stoai,0.0
stoas,0.0
stoat,0.0
stobs,0.0
stock,0.58
stoep,0.0
stogs,0.0
stogy,0.0
stoic,0.58
stoit,0.0
stoke,0.58
stole,0.58
stoln,0.0
stoma,0.418689
stomp,0.58
stond,0.0
stone,0.58
stong,0.0
stonk,0.0
stonn,0.0
stony,0.58
stood,0.58
stook,0.0
stool,0.58
stoop,0.58
stoor,0.0
stope,0.0
stops,0.0
stopt,0.0
store,0.58
stork,0.58
storm,0.58
story,0.58
stoss,0.0
stots,0.0
stott,0.0
stoun,0.0
stoup,0.0
stour,0.0
stout,0.58
stove,0.58
stown,0.0
stowp,0.0
stows,0.0
strad,0.0
strae,0.0
strag,0.0
strak,0.0
strap,0.58
straw,0.58
stray,0.58
strep,0.58
strew,0.545531
stria,0.0
strig,0.0
strim,0.0
strip,0.58
strop,0.0
strow,0.0
stroy,0.0
strum,0.577502
strut,0.58
stubs,0.0
stuck,0.58
stucs,0.0
stude,0.0
studs,0.0
study,0.58
stuff,0.58
stull,0.0
stulm,0.0
stumm,0.0
stump,0.58
stums,0.0
stung,0.58
stunk,0.578324
stuns,0.0
stunt,0.58
stupa,0.0
stupe,0.0
sture,0.0
sturt,0.0
stush,0.0
styed,0.0
styes,0.0
style,0.58
styli,0.0
stylo,0.0
styme,0.0
stymy,0.0
styre,0.0
styte,0.0
suave,0.58
subah,0.0
subak,0.0
subas,0.0
subby,0.0
suber,0.0
subha,0.0
succi,0.0
sucks,0.0
sucky,0.0
sucre,0.0
sudan,0.0
sudds,0.0
sudor,0.0
sudsy,0.5724389999999999
suede,0.58
suent,0.0
suers,0.0
suete,0.0
suets,0.0
suety,0.0
sugan,0.0
sugar,0.58
sughs,0.0
sugos,0.0
suhur,0.0
suids,0.0
suing,0.58
suint,0.0
suite,0.58
suits,0.0
sujee,0.0
sukhs,0.0
sukis,0.0
sukuk,0.0
sulci,0.0
sulfa,0.0
sulfo,0.0
sulks,0.0
sulky,0.577317
sulls,0.0
sully,0.58
sulph,0.0
sulus,0.0
sumac,0.579248
sumis,0.0
summa,0.0
sumos,0.0
sumph,0.0
sumps,0.0
sunis,0.0
sunks,0.0
sunna,0.0
sunns,0.0
sunny,0.58
sunts,0.0
sunup,0.568554
suona,0.0
suped,0.0
super,0.58
supes,0.0
supra,0.0
surah,0.0
sural,0.0
suras,0.0
surat,0.0
surds,0.0
sured,0.0
surer,0.58
sures,0.0
surfs,0.0
surfy,0.0
surge,0.58
surgy,0.0
surly,0.58
surra,0.0
sused,0.0
suses,0.0
sushi,0.58
susus,0.0
sutor,0.0
sutra,0.0
sutta,0.0
swabs,0.0
swack,0.0
swads,0.0
swage,0.0
swags,0.0
swail,0.0
swain,0.550712
swale,0.537925
swaly,0.0
swami,0.556454
swamp,0.58
swamy,0.0
swang,0.033212
swank,0.58
swans,0.0
swaps,0.0
swapt,0.0
sward,0.0
sware,0.0
swarf,0.0
swarm,0.58
swart,0.0
swash,0.469334
swath,0.58
swats,0.0
swayl,0.0
sways,0.0
sweal,0.0
swear,0.58
sweat,0.58
swede,0.0
sweed,0.0
sweel,0.0
sweep,0.58
sweer,0.0
swees,0.0
sweet,0.58
sweir,0.0
swell,0.58
swelt,0.0
swept,0.58
swerf,0.0
sweys,0.0
swies,0.0
swift,0.58
swigs,0.0
swile,0.0
swill,0.571232
swims,0.0
swine,0.58
swing,0.58
swink,0.0
swipe,0.58
swire,0.0
swirl,0.58
swish,0.58
swiss,0.0
swith,0.0
swits,0.0
swive,0.0
swizz,0.0
swobs,0.0
swole,0.0
swoll,0.0
swoln,0.0
swoon,0.58
swoop,0.58
swops,0.0
swopt,0.0
sword,0.58
swore,0.58
sworn,0.58
swots,0.0
swoun,0.0
swung,0.58
sybbe,0.0
sybil,0.0
syboe,0.0
sybow,0.0
sycee,0.0
syces,0.0
sycon,0.0
syeds,0.0
syens,0.0
syker,0.0
sykes,0.0
sylis,0.0
sylph,0.0
sylva,0.0
symar,0.0
synch,0.570819
syncs,0.0
synds,0.0
syned,0.0
synes,0.0
synod,0.5715480000000001
synth,0.577646
syped,0.0
sypes,0.0
syphs,0.0
syrah,0.0
syren,0.0
syrup,0.58
sysop,0.0
sythe,0.0
syver,0.0
taals,0.0
taata,0.0
tabac,0.0
tabby,0.573624
taber,0.0
tabes,0.0
tabid,0.0
tabis,0.0
tabla,0.0
table,0.58
tabls,0.0
taboo,0.58
tabor,0.0
tabos,0.0
tabun,0.0
tabus,0.0
tacan,0.0
taces,0.0
tacet,0.0
tache,0.0
tachi,0.0
tacho,0.0
tachs,0.0
tacit,0.58
tacks,0.0
tacky,0.58
tacos,0.0
tacts,0.0
tadah,0.0
taels,0.0
taffy,0.578483
tafia,0.0
taggy,0.0
tagma,0.0
tagua,0.0
tahas,0.0
tahrs,0.0
taiga,0.0
taigs,0.0
taiko,0.0
tails,0.0
tains,0.0
taint,0.58
taira,0.0
taish,0.0
taits,0.0
tajes,0.0
takas,0.0
taken,0.58
taker,0.58
takes,0.0
takhi,0.0
takht,0.0
takin,0.0
takis,0.0
takky,0.0
talak,0.0
talaq,0.0
talar,0.0
talas,0.0
talcs,0.0
talcy,0.0
talea,0.0
taler,0.0
tales,0.0
talik,0.0
talks,0.0
talky,0.58
talls,0.0
tally,0.58
talma,0.0
talon,0.58
talpa,0.0
taluk,0.0
talus,0.49318100000000004
tamal,0.0
tamas,0.0
tamed,0.00225968
tamer,0.58
tames,0.0
tamin,0.0
tamis,0.0
tammy,0.0
tamps,0.0
tanas,0.0
tanga,0.0
tangi,0.0
tango,0.58
tangs,0.0
tangy,0.58
tanhs,0.0
tania,0.0
tanka,0.0
tanks,0.0
tanky,0.0
tanna,0.0
tansu,0.0
tansy,0.0
tante,0.0
tanti,0.0
tanto,0.0
tanty,0.0
tapas,0.0
taped,0.00225968
tapen,0.0
taper,0.58
tapes,0.0
tapet,0.0
tapir,0.520959
tapis,0.0
tappa,0.0
tapus,0.0
taras,0.0
tardo,0.0
tards,0.0
tardy,0.58
tared,0.0
tares,0.0
targa,0.0
targe,0.0
tarka,0.0
tarns,0.0
taroc,0.0
tarok,0.0
taros,0.0
tarot,0.58
tarps,0.0
tarre,0.0
tarry,0.570476
tarse,0.0
tarsi,0.0
tarte,0.0
tarts,0.0
tarty,0.0
tarzy,0.0
tasar,0.0
tasca,0.0
tased,0.00225968
taser,0.513817
tases,0.0
tasks,0.0
tassa,0.0
tasse,0.0
tasso,0.0
taste,0.58
tasto,0.0
tasty,0.58
tatar,0.0
tater,0.561641
tates,0.0
taths,0.0
tatie,0.0
tatou,0.0
tatts,0.0
tatty,0.5709029999999999
tatus,0.0
taube,0.0
tauld,0.0
taunt,0.58
tauon,0.0
taupe,0.58
tauts,0.0
tauty,0.0
tavah,0.0
tavas,0.0
taver,0.0
tawaf,0.0
tawai,0.0
tawas,0.0
tawed,0.0
tawer,0.0
tawie,0.0
tawny,0.58
tawse,0.0
tawts,0.0
taxed,0.00225968
taxer,0.0
taxes,0.0
taxis,0.0
taxol,0.0
taxon,0.0
taxor,0.0
taxus,0.0
tayra,0.0
tazza,0.0
tazze,0.0
teach,0.58
teade,0.0
teads,0.0
teaed,0.0
teaks,0.0
teals,0.0
teams,0.0
tears,0.0
teary,0.58
tease,0.58
teats,0.0
teaze,0.0
techs,0.0
techy,0.543996
tecta,0.0
tecum,0.0
teddy,0.58
teels,0.0
teems,0.0
teend,0.0
teene,0.0
teens,0.0
teeny,0.58
teers,0.0
teeth,0.58
teets,0.0
teffs,0.0
teggs,0.0
tegua,0.0
tegus,0.0
tehee,0.0
tehrs,0.0
teiid,0.0
teils,0.0
teind,0.0
teins,0.0
tekke,0.0
telae,0.0
telco,0.0
teles,0.0
telex,0.0
telia,0.0
telic,0.0
tells,0.0
telly,0.0
teloi,0.0
telos,0.473504
temed,0.0
temes,0.0
tempi,0.0
tempo,0.58
temps,0.0
tempt,0.58
temse,0.0
tench,0.0
tends,0.0
tendu,0.0
tenes,0.0
tenet,0.58
tenge,0.0
tenia,0.0
tenne,0.0
tenno,0.0
tenny,0.0
tenon,0.0
tenor,0.58
tense,0.58
tenth,0.58
tents,0.0
tenty,0.0
tenue,0.0
tepal,0.0
tepas,0.0
tepee,0.5715480000000001
tepid,0.58
tepoy,0.0
terai,0.0
teras,0.0
terce,0.0
terek,0.0
teres,0.0
terfe,0.0
terfs,0.0
terga,0.0
terms,0.0
terne,0.0
terns,0.0
terra,0.58
terre,0.0
terry,0.574553
terse,0.58
terts,0.0
terza,0.0
tesla,0.0
testa,0.0
teste,0.0
tests,0.0
testy,0.58
tetes,0.0
teths,0.0
tetra,0.39764200000000005
tetri,0.0
teuch,0.0
teugh,0.0
tewed,0.0
tewel,0.0
tewit,0.0
texas,0.0
texes,0.0
texta,0.0
texts,0.0
thack,0.0
thagi,0.0
thaim,0.0
thale,0.0
thali,0.0
thana,0.0
thane,0.0
thang,0.0
thank,0.58
thans,0.0
thanx,0.0
tharm,0.0
thars,0.0
thaws,0.0
thawt,0.0
thawy,0.0
thebe,0.0
theca,0.0
theed,0.0
theek,0.0
thees,0.0
theft,0.58
thegn,0.0
theic,0.0
thein,0.0
their,0.58
thelf,0.0
thema,0.0
theme,0.58
thens,0.0
theor,0.0
theow,0.0
there,0.58
therm,0.0
these,0.58
thesp,0.0
theta,0.484331
thete,0.0
thews,0.0
thewy,0.0
thick,0.58
thief,0.58
thigh,0.58
thigs,0.0
thilk,0.0
thill,0.0
thine,0.563072
thing,0.58
think,0.58
thins,0.0
thiol,0.0
third,0.58
thirl,0.0
thoft,0.0
thole,0.0
tholi,0.0
thong,0.58
thorn,0.58
thoro,0.0
thorp,0.0
those,0.58
thots,0.0
thous,0.0
thowl,0.0
thrae,0.0
thraw,0.0
three,0.58
threw,0.58
thrid,0.0
thrip,0.0
throb,0.58
throe,0.0
throw,0.58
thrum,0.58
thuds,0.0
thugs,0.0
thuja,0.0
thumb,0.58
thump,0.58
thunk,0.0
thurl,0.0
thuya,0.0
thyme,0.58
thymi,0.0
thymy,0.0
tians,0.0
tiara,0.58
tiare,0.0
tiars,0.0
tibia,0.576221
tical,0.0
ticca,0.0
ticed,0.0
tices,0.0
tichy,0.0
ticks,0.0
ticky,0.0
tidal,0.58
tiddy,0.0
tided,0.00225968
tides,0.0
tiefs,0.0
tiers,0.0
tiffs,0.0
tifos,0.0
tifts,0.0
tiger,0.58
tiges,0.0
tight,0.58
tigon,0.0
tikas,0.0
tikes,0.0
tikia,0.0
tikis,0.0
tikka,0.0
tilak,0.0
tilde,0.5245879999999999
tiled,0.00225968
tiler,0.0
tiles,0.0
tills,0.0
tilly,0.0
tilth,0.0
tilts,0.0
timbo,0.0
timed,0.00225968
timer,0.58
times,0.0
timid,0.58
timon,0.0
timps,0.0
tinas,0.0
tinct,0.0
tinds,0.0
tinea,0.0
tined,0.0
tines,0.0
tinge,0.58
tings,0.0
tinks,0.0
tinny,0.58
tinto,0.0
tints,0.0
tinty,0.0
tipis,0.0
tippy,0.0
tipsy,0.58
tipup,0.0
tired,0.58
tires,0.0
tirls,0.0
tiros,0.0
tirrs,0.0
tirth,0.0
titan,0.58
titar,0.0
titas,0.0
titch,0.0
titer,0.40882599999999997
tithe,0.565935
tithi,0.0
titin,0.0
titir,0.0
titis,0.0
title,0.58
titre,0.0
titty,0.0
titup,0.0
tiyin,0.0
tiyns,0.0
tizes,0.0
tizzy,0.579852
toads,0.0
toady,0.555905
toast,0.58
toaze,0.0
tocks,0.0
tocky,0.0
tocos,0.0
today,0.58
todde,0.0
toddy,0.56025
todea,0.0
todos,0.0
toeas,0.0
toffs,0.0
toffy,0.0
tofts,0.0
tofus,0.0
togae,0.0
togas,0.0
toged,0.0
toges,0.0
togue,0.0
tohos,0.0
toidy,0.0
toile,0.0
toils,0.0
toing,0.0
toise,0.0
toits,0.0
toity,0.0
tokay,0.0
toked,0.0
token,0.58
toker,0.0
tokes,0.0
tokos,0.0
tolan,0.0
tolar,0.0
tolas,0.0
toled,0.0
toles,0.0
tolls,0.0
tolly,0.0
tolts,0.0
tolus,0.0
tolyl,0.0
toman,0.0
tombo,0.0
tombs,0.0
tomen,0.0
tomes,0.0
tomia,0.0
tomin,0.0
tomme,0.0
tommy,0.0
tomos,0.0
tomoz,0.0
tonal,0.58
tondi,0.0
tondo,0.0
toned,0.00225968
toner,0.58
tones,0.0
toney,0.454602
tonga,0.0185443
tongs,0.0
tonic,0.58
tonka,0.0
tonks,0.0
tonne,0.0
tonus,0.0
tools,0.0
tooms,0.0
toons,0.0
tooth,0.58
toots,0.0
topaz,0.5600390000000001
toped,0.0
topee,0.0
topek,0.0
toper,0.0
topes,0.0
tophe,0.0
tophi,0.0
tophs,0.0
topic,0.58
topis,0.0
topoi,0.0
topos,0.0
toppy,0.0
toque,0.0
torah,0.160183
toran,0.0
toras,0.0
torch,0.58
torcs,0.0
tores,0.0
toric,0.0
torii,0.0
toros,0.0
torot,0.0
torrs,0.0
torse,0.0
torsi,0.0
torsk,0.0
torso,0.58
torta,0.568554
torte,0.58
torts,0.0
torus,0.484331
tosas,0.0
tosed,0.0
toses,0.0
toshy,0.0
tossy,0.0
tosyl,0.0
total,0.58
toted,0.00225968
totem,0.58
toter,0.0
totes,0.0
totty,0.0
touch,0.58
tough,0.58
touks,0.0
touns,0.0
tours,0.0
touse,0.0
tousy,0.0
touts,0.0
touze,0.0
touzy,0.0
towai,0.0
towed,0.00225968
towel,0.58
tower,0.58
towie,0.0
towno,0.0
towns,0.0
towny,0.0
towse,0.0
towsy,0.0
towts,0.0
towze,0.0
towzy,0.0
toxic,0.58
toxin,0.58
toyed,0.00225968
toyer,0.0
toyon,0.0
toyos,0.0
tozed,0.0
tozes,0.0
tozie,0.0
trabs,0.0
trace,0.58
track,0.58
tract,0.58
trade,0.58
trads,0.0
trady,0.0
traga,0.0
tragi,0.0
trags,0.0
tragu,0.0
traik,0.0
trail,0.58
train,0.58
trait,0.58
tramp,0.58
trams,0.0
trank,0.0
tranq,0.0
trans,0.58
trant,0.0
trape,0.0
trapo,0.0
traps,0.0
trapt,0.0
trash,0.58
trass,0.0
trats,0.0
tratt,0.0
trave,0.0
trawl,0.577823
trayf,0.0
trays,0.0
tread,0.58
treat,0.58
treck,0.0
treed,0.00225968
treen,0.0
trees,0.0
trefa,0.0
treif,0.0
treks,0.0
trema,0.0
trems,0.0
trend,0.58
tress,0.480973
trest,0.0
trets,0.0
trews,0.0
treyf,0.0
treys,0.0
triac,0.0
triad,0.579358
trial,0.58
tribe,0.58
trice,0.506816
trick,0.58
tride,0.0
tried,0.58
trier,0.5222169999999999
tries,0.0
trifa,0.0
triff,0.0
trigo,0.0
trigs,0.0
trike,0.5245879999999999
trild,0.0
trill,0.5794659999999999
trims,0.0
trine,0.0
trins,0.0
triol,0.0
trior,0.0
trios,0.0
tripe,0.58
trips,0.0
tripy,0.0
trist,0.0
trite,0.58
troad,0.0
troak,0.0
troat,0.0
trock,0.0
trode,0.0
trods,0.0
trogs,0.0
trois,0.0
troke,0.0
troll,0.58
tromp,0.552847
trona,0.0
tronc,0.0
trone,0.0
tronk,0.0
trons,0.0
troop,0.58
trooz,0.0
trope,0.58
tropo,0.0
troth,0.0
trots,0.0
trout,0.58
trove,0.58
trows,0.0
troys,0.0
truce,0.58
truck,0.58
trued,0.0
truer,0.58
trues,0.0
trugo,0.0
trugs,0.0
trull,0.0
truly,0.58
trump,0.58
trunk,0.58
truss,0.579597
trust,0.58
truth,0.58
tryer,0.0
tryke,0.0
tryma,0.0
tryps,0.0
tryst,0.58
tsade,0.0
tsadi,0.0
tsars,0.0
tsked,0.0
tsuba,0.0
tsubo,0.0
tuans,0.0
tuart,0.0
tuath,0.0
tubae,0.0
tubal,0.553825
tubar,0.0
tubas,0.0
tubby,0.5661999999999999
tubed,0.00225968
tuber,0.565102
tubes,0.0
tucks,0.0
tufas,0.0
tuffe,0.0
tuffs,0.0
tufts,0.0
tufty,0.370042
tugra,0.0
tuile,0.0
tuina,0.0
tuism,0.0
tuktu,0.0
tules,0.0
tulip,0.58
tulle,0.58
tulpa,0.0
tulps,0.0
tulsi,0.0
tumid,0.0
tummy,0.58
tumor,0.58
tumps,0.0
tumpy,0.0
tunas,0.0
tunds,0.0
tuned,0.00225968
tuner,0.58
tunes,0.0
tungs,0.0
tunic,0.58
tunny,0.0
tupek,0.0
tupik,0.0
tuple,0.0
tuque,0.0
turbo,0.58
turds,0.0
turfs,0.0
turfy,0.0
turks,0.0
turme,0.0
turms,0.0
turns,0.0
turnt,0.0
turon,0.0
turps,0.0
turrs,0.0
tushy,0.0
tusks,0.0
tusky,0.0
tutee,0.0
tutes,0.0
tutor,0.58
tutti,0.0
tutty,0.0
tutus,0.0
tuxes,0.0
tuyer,0.0
twaes,0.0
twain,0.567322
twals,0.0
twang,0.58
twank,0.0
twats,0.0
tways,0.0
tweak,0.58
tweed,0.58
tweel,0.0
tween,0.58
tweep,0.0
tweer,0.0
tweet,0.58
twerk,0.5392750000000001
twerp,0.546019
twice,0.58
twier,0.0
twigs,0.0
twill,0.576264
twilt,0.0
twine,0.58
twink,0.0
twins,0.0
twiny,0.0
twire,0.0
twirk,0.0
twirl,0.58
twirp,0.0
twist,0.58
twite,0.0
twits,0.0
twixt,0.473504
twocs,0.0
twoer,0.0
twonk,0.0
twyer,0.0
tyees,0.0
tyers,0.0
tying,0.58
tyiyn,0.0
tykes,0.0
tyler,0.0
tymps,0.0
tynde,0.0
tyned,0.0
tynes,0.0
typal,0.0
typed,0.00225968
types,0.0
typey,0.0
typic,0.0
typos,0.0
typps,0.0
typto,0.0
tyran,0.0
tyred,0.0
tyres,0.0
tyros,0.0
tythe,0.0
tzars,0.0
ubacs,0.0
ubity,0.0
udals,0.0
udder,0.555045
udons,0.0
udyog,0.0
ugali,0.0
ugged,0.0
uhlan,0.0
uhuru,0.0
ukase,0.0
ulama,0.0
ulans,0.0
ulcer,0.58
ulema,0.0
ulmin,0.0
ulmos,0.0
ulnad,0.0
ulnae,0.0
ulnar,0.574927
ulnas,0.0
ulpan,0.0
ultra,0.58
ulvas,0.0
ulyie,0.0
ulzie,0.0
umami,0.58
umbel,0.0
umber,0.5658
umble,0.0
umbos,0.0
umbra,0.513817
umbre,0.0
umiac,0.0
umiak,0.0
umiaq,0.0
ummah,0.0
ummas,0.0
ummed,0.0
umped,0.0
umphs,0.0
umpie,0.0
umpty,0.0
umrah,0.0
umras,0.0
unagi,0.0
unais,0.0
unapt,0.0
unarm,0.0307214
unary,0.0
unaus,0.0
unbag,0.0
unban,0.0
unbar,0.0
unbed,0.0
unbid,0.0
unbox,0.477373
uncap,0.477373
unces,0.0
uncia,0.0
uncle,0.58
uncos,0.0
uncoy,0.0
uncus,0.0
uncut,0.58
undam,0.0
undee,0.0
under,0.58
undid,0.58
undos,0.0
undue,0.58
undug,0.0
uneth,0.0
unfed,0.546019
unfit,0.58
unfix,0.0
ungag,0.0
unget,0.0
ungod,0.0
ungot,0.0
ungum,0.0
unhat,0.0
unhip,0.5691700000000001
unica,0.0
unify,0.58
union,0.58
unios,0.0
unite,0.58
units,0.0
unity,0.58
unjam,0.384843
unked,0.0
unket,0.0
unkey,0.0
unkid,0.0
unkut,0.0
unlap,0.0
unlaw,0.0
unlay,0.0
unled,0.0
unleg,0.0
unlet,0.0
unlid,0.0
unlit,0.5777519999999999
unmad,0.0
unman,0.0
unmet,0.58
unmew,0.0
unmix,0.0
unode,0.0
unold,0.0
unown,0.0
unpay,0.0
unpeg,0.0
unpen,0.0
unpin,0.435303
unply,0.0
unpot,0.0
unput,0.0
unred,0.0
unrid,0.0
unrig,0.0
unrip,0.0
unsaw,0.0
unsay,0.0352715
unsee,0.554138
unset,0.46482500000000004
unsew,0.0
unsex,0.0
unsod,0.0
unsub,0.0
untag,0.435303
untax,0.0
untie,0.58
until,0.58
untin,0.0
unwed,0.58
unwet,0.0
unwit,0.0
unwon,0.0
unzip,0.58
upbow,0.0
upbye,0.0
updos,0.0
updry,0.0
upend,0.58
upful,0.0
upjet,0.0
uplay,0.0
upled,0.0
uplit,0.0
upped,0.00225968
upper,0.58
upran,0.0
uprun,0.0
upsee,0.0
upset,0.58
upsey,0.0
uptak,0.0
upter,0.0
uptie,0.0
uraei,0.0
urali,0.0
uraos,0.0
urare,0.0
urari,0.0
urase,0.0
urate,0.0
urban,0.58
urbex,0.0
urbia,0.0
urdee,0.0
ureal,0.0
ureas,0.0
uredo,0.0
ureic,0.0
ureid,0.0
urena,0.0
urent,0.0
urged,0.00225968
urger,0.0
urges,0.0
urial,0.0
urine,0.58
urite,0.0
urman,0.0
urnal,0.0
urned,0.0
urped,0.0
ursae,0.0
ursid,0.0
urson,0.0
urubu,0.0
urupa,0.0
urvas,0.0
usage,0.58
usens,0.0
users,0.0
useta,0.0
usher,0.58
using,0.58
usnea,0.0
usnic,0.0
usque,0.0
ustad,0.0
uster,0.0
usual,0.58
usure,0.0
usurp,0.58
usury,0.5719299999999999
uteri,0.0
utero,0.0
utile,0.427455
utter,0.58
uveal,0.0
uveas,0.0
uvula,0.508695
vacas,0.0
vacay,0.0
vacua,0.0
vacui,0.0
vacuo,0.0
vadas,0.0
vaded,0.0
vades,0.0
vadge,0.0
vagal,0.0
vague,0.58
vagus,0.0
vaids,0.0
vails,0.0
vaire,0.0
vairs,0.0
vairy,0.0
vajra,0.0
vakas,0.0
vakil,0.0
vales,0.0
valet,0.58
valid,0.58
valis,0.0
valli,0.0
valor,0.576027
valse,0.0
value,0.58
valve,0.58
vamps,0.0
vampy,0.563733
vanda,0.0
vaned,0.0
vanes,0.0
vanga,0.0
vangs,0.0
vants,0.0
vaped,0.00225968
vaper,0.0
vapes,0.0
vapid,0.58
vapor,0.58
varan,0.0
varas,0.0
varda,0.0
vardo,0.0
vardy,0.0
varec,0.0
vares,0.0
varia,0.0
varix,0.0
varna,0.0
varus,0.0
varve,0.0
vasal,0.0
vases,0.0
vasts,0.0
vasty,0.0
vatas,0.0
vatha,0.0
vatic,0.0
vatje,0.0
vatos,0.0
vatus,0.0
vauch,0.0
vault,0.58
vaunt,0.473504
vaute,0.0
vauts,0.0
vawte,0.0
vaxes,0.0
veale,0.0
veals,0.0
vealy,0.0
veena,0.0
veeps,0.0
veers,0.0
veery,0.0
vegan,0.58
vegas,0.0
veges,0.0
veggo,0.0
vegie,0.0
vegos,0.0
vehme,0.0
veils,0.0
veily,0.0
veins,0.0
veiny,0.528829
velar,0.0
velds,0.0
veldt,0.5245879999999999
veles,0.0
vells,0.0
velum,0.0
venae,0.0
venal,0.58
venas,0.0
vends,0.0
vendu,0.0
veney,0.0
venge,0.0
venin,0.0
venom,0.58
venti,0.5610620000000001
vents,0.0
venue,0.58
venus,0.0
verba,0.0
verbs,0.0
verde,0.0
verge,0.58
verra,0.0
verre,0.0
verry,0.0
versa,0.0
verse,0.58
verso,0.523426
verst,0.0
verte,0.0
verts,0.0
vertu,0.0
verve,0.58
vespa,0.0
vesta,0.0
vests,0.0
vetch,0.0
veuve,0.0
veves,0.0
vexed,0.00225968
vexer,0.0
vexes,0.0
vexil,0.0
vezir,0.0
vials,0.0
viand,0.0
vibed,0.0
vibes,0.0
vibex,0.0
vibey,0.0
vicar,0.58
viced,0.0
vices,0.0
vichy,0.0
vicus,0.0
video,0.58
viers,0.0
vieux,0.0
views,0.0
viewy,0.0
vifda,0.0
viffs,0.0
vigas,0.0
vigia,0.0
vigil,0.58
vigor,0.58
vilde,0.0
viler,0.0
villa,0.58
ville,0.0
villi,0.0
vills,0.0
vimen,0.0
vinal,0.0
vinas,0.0
vinca,0.0
vined,0.00225968
viner,0.0
vines,0.0
vinew,0.0
vinho,0.0
vinic,0.0
vinny,0.0
vinos,0.0
vints,0.0
vinyl,0.58
viola,0.58
viold,0.0
viols,0.0
viper,0.58
viral,0.58
vired,0.0
vireo,0.0
vires,0.0
virga,0.0
virge,0.0
virgo,0.0
virid,0.0
virls,0.0
virtu,0.0
virus,0.58
visas,0.0
vised,0.0
vises,0.0
visie,0.0
visit,0.58
visna,0.0
visne,0.0
vison,0.0
visor,0.58
vista,0.58
visto,0.0
vitae,0.0
vital,0.58
vitas,0.0
vitex,0.0
vitro,0.58
vitta,0.0
vivas,0.0
vivat,0.0
vivda,0.0
viver,0.0
vives,0.0
vivid,0.58
vivos,0.0
vivre,0.0
vixen,0.574274
vizir,0.0
vizor,0.0
vlast,0.0
vleis,0.0
vlies,0.0
vlogs,0.0
voars,0.0
vobla,0.0
vocab,0.0
vocal,0.58
voces,0.0
voddy,0.0
vodka,0.58
vodou,0.0
vodun,0.0
voema,0.0
vogie,0.0
vogue,0.58
voice,0.58
voici,0.0
voids,0.0
voila,0.58
voile,0.562014
voips,0.0
volae,0.0
volar,0.0
voled,0.0
voles,0.0
volet,0.0
volke,0.0
volks,0.0
volta,0.0
volte,0.0
volti,0.0
volts,0.0
volva,0.0
volve,0.0
vomer,0.0
vomit,0.58
voted,0.00225968
voter,0.58
votes,0.0
vouch,0.58
vouge,0.0
voulu,0.0
vowed,0.00225968
vowel,0.58
vower,0.0
voxel,0.0
voxes,0.0
vozhd,0.0
vraic,0.0
vrils,0.0
vroom,0.53722
vrous,0.0
vrouw,0.0
vrows,0.0
vuggs,0.0
vuggy,0.0
vughs,0.0
vughy,0.0
vulgo,0.0
vulns,0.0
vulva,0.0
vutty,0.0
vygie,0.0
vying,0.58
waacs,0.0
wacke,0.0
wacko,0.57677
wacks,0.0
wacky,0.58
wadas,0.0
wadds,0.0
waddy,0.0
waded,0.00225968
wader,0.418689
wades,0.0
wadge,0.0
wadis,0.0
wadts,0.0
wafer,0.58
waffs,0.0
wafts,0.0
waged,0.00225968
wager,0.58
wages,0.0
wagga,0.0
wagon,0.58
wagyu,0.0
wahay,0.0
wahey,0.0
wahoo,0.0
waide,0.0
waifs,0.0
waift,0.0
wails,0.0
wains,0.0
wairs,0.0
waist,0.58
waite,0.0
waits,0.0
waive,0.58
wakas,0.0
waked,0.00225968
waken,0.5048400000000001
waker,0.0
wakes,0.0
wakfs,0.0
waldo,0.0
walds,0.0
waled,0.0
waler,0.0
wales,0.0
walie,0.0
walis,0.0
walks,0.0
walla,0.0
walls,0.0
wally,0.0
walty,0.0
waltz,0.58
wamed,0.0
wames,0.0
wamus,0.0
wands,0.0
waned,0.00225968
wanes,0.0
waney,0.0
wangs,0.0
wanks,0.0
wanky,0.0
wanle,0.0
wanly,0.574716
wanna,0.0
wanta,0.0
wants,0.0
wanty,0.0
wanze,0.0
waqfs,0.0
warbs,0.0
warby,0.0
wards,0.0
wared,0.0
wares,0.0
warez,0.0
warks,0.0
warms,0.0
warns,0.0
warps,0.0
warre,0.0
warst,0.0
warts,0.0
warty,0.54994
wases,0.0
washi,0.0
washy,0.0
wasms,0.0
wasps,0.0
waspy,0.0
waste,0.58
wasts,0.0
watap,0.0
watch,0.58
water,0.58
watts,0.0
wauff,0.0
waugh,0.0
wauks,0.0
waulk,0.0
wauls,0.0
waurs,0.0
waved,0.00225968
waver,0.58
waves,0.0
wavey,0.0
wawas,0.0
wawes,0.0
wawls,0.0
waxed,0.00225968
waxen,0.54994
waxer,0.0
waxes,0.0
wayed,0.0
wazir,0.0
wazoo,0.0
weald,0.0
weals,0.0
weamb,0.0
weans,0.0
wears,0.0
weary,0.58
weave,0.58
webby,0.0
weber,0.0
wecht,0.0
wedel,0.0
wedge,0.58
wedgy,0.0
weeds,0.0
weedy,0.58
weeis,0.0
weeke,0.0
weeks,0.0
weels,0.0
weems,0.0
weens,0.0
weeny,0.0
weeps,0.0
weepy,0.58
weest,0.0
weete,0.0
weets,0.0
wefte,0.0
wefts,0.0
weids,0.0
weigh,0.58
weils,0.0
weird,0.58
weirs,0.0
weise,0.0
weize,0.0
wekas,0.0
welch,0.0
welds,0.0
welke,0.0
welks,0.0
welkt,0.0
wells,0.0
welly,0.0
welsh,0.0
welts,0.0
wembs,0.0
wench,0.0
wends,0.0
wenge,0.0
wenny,0.0
wents,0.0
werfs,0.0
weros,0.0
wersh,0.0
wests,0.0
wetas,0.0
wetly,0.0
wexed,0.0
wexes,0.0
whack,0.58
whale,0.58
whamo,0.0
whams,0.0
whang,0.0
whaps,0.0
whare,0.0
wharf,0.58
whata,0.0
whats,0.0
whaup,0.0
whaur,0.0
wheal,0.0
whear,0.0
wheat,0.58
wheek,0.0
wheel,0.58
wheen,0.0
wheep,0.0
wheft,0.0
whelk,0.526786
whelm,0.0
whelp,0.418689
whens,0.0
where,0.58
whets,0.0
whews,0.0
wheys,0.0
which,0.58
whids,0.0
whies,0.0
whiff,0.58
whift,0.0
whigs,0.0
while,0.58
whilk,0.0
whims,0.0
whine,0.58
whins,0.0
whiny,0.58
whios,0.0
whips,0.0
whipt,0.0
whirl,0.58
whirr,0.537925
whirs,0.0
whish,0.0
whisk,0.58
whiss,0.0
whist,0.539922
white,0.58
whits,0.0
whity,0.0
whizz,0.48747100000000004
whole,0.58
whomp,0.529798
whoof,0.0
whoop,0.58
whoot,0.0
whops,0.0
whore,0.0
whorl,0.557992
whort,0.0
whose,0.58
whoso,0.0
whows,0.0
whump,0.0
whups,0.0
whyda,0.0
wicca,0.0
wicks,0.0
wicky,0.0
widdy,0.0
widen,0.58
wider,0.58
wides,0.0
widow,0.58
width,0.58
wield,0.58
wiels,0.0
wifed,0.0
wifes,0.0
wifey,0.0
wifie,0.0
wifts,0.0
wifty,0.0
wigan,0.0
wigga,0.0
wiggy,0.0
wight,0.480973
wikis,0.0
wilco,0.0
wilds,0.0
wiled,0.00225968
wiles,0.0
wilga,0.0
wilis,0.0
wilja,0.0
wills,0.0
willy,0.512189
wilts,0.0
wimps,0.0
wimpy,0.58
wince,0.58
winch,0.572509
winds,0.0
windy,0.58
wined,0.00225968
wines,0.0
winey,0.542907
winge,0.0
wings,0.0
wingy,0.0
winks,0.0
winky,0.0
winna,0.0
winns,0.0
winos,0.0
winze,0.0
wiped,0.00225968
wiper,0.58
wipes,0.0
wired,0.00225968
wirer,0.0
wires,0.0
wirra,0.0
wirri,0.0
wised,0.0
wiser,0.58
wises,0.0
wisha,0.0
wisht,0.0
wisps,0.0
wispy,0.58
wists,0.0
witan,0.0
witch,0.58
wited,0.0
wites,0.0
withe,0.0
withs,0.0
withy,0.0
witty,0.58
wived,0.0
wiver,0.0
wives,0.0
wizen,0.0
wizes,0.0
wizzo,0.0
woads,0.0
woady,0.0
woald,0.0
wocks,0.0
wodge,0.0
wodgy,0.0
woful,0.0
wojus,0.0
woken,0.58
woker,0.0
wokka,0.0
wolds,0.0
wolfs,0.0
wolly,0.0
wolve,0.0
woman,0.58
womas,0.0
wombs,0.0
womby,0.0
women,0.58
womyn,0.0
wonga,0.0
wongi,0.0
wonks,0.0
wonky,0.58
wonts,0.0
woods,0.0
woody,0.58
wooed,0.00225968
wooer,0.442372
woofs,0.0
woofy,0.0
woold,0.0
wools,0.0
wooly,0.560863
woons,0.0
woops,0.0
woopy,0.0
woose,0.0
woosh,0.0
wootz,0.0
woozy,0.58
words,0.0
wordy,0.58
works,0.0
worky,0.0
world,0.58
worms,0.0
wormy,0.558707
worry,0.58
worse,0.58
worst,0.58
worth,0.58
worts,0.0
would,0.58
wound,0.58
woven,0.58
wowed,0.00225968
wowee,0.0
wowse,0.0
woxen,0.0
wrack,0.53336
wrang,0.0
wraps,0.0
wrapt,0.0
wrast,0.0
wrate,0.0
wrath,0.58
wrawl,0.0
wreak,0.58
wreck,0.58
wrens,0.0
wrest,0.58
wrick,0.0
wried,0.0
wrier,0.0
wries,0.0
wring,0.58
wrist,0.58
write,0.58
writs,0.0
wroke,0.0
wrong,0.58
wroot,0.0
wrote,0.58
wroth,0.0
wrung,0.58
wryer,0.0
wryly,0.58
wuddy,0.0
wudus,0.0
wuffs,0.0
wulls,0.0
wunga,0.0
wurst,0.554138
wuses,0.0
wushu,0.0
wussy,0.0
wuxia,0.0
wyled,0.0
wyles,0.0
wynds,0.0
wynns,0.0
wyted,0.0
wytes,0.0
wythe,0.0
xebec,0.0
xenia,0.0
xenic,0.0
xenon,0.56145
xeric,0.0
xerox,0.0
xerus,0.0
xoana,0.0
xolos,0.0
xrays,0.0
xviii,0.0
xylan,0.0
xylem,0.0
xylic,0.0
xylol,0.0
xylyl,0.0
xysti,0.0
xysts,0.0
yaars,0.0
yaass,0.0
yabas,0.0
yabba,0.0
yabby,0.0
yacca,0.0
yacht,0.58
yacka,0.0
yacks,0.0
yadda,0.0
yaffs,0.0
yager,0.0
yages,0.0
yagis,0.0
yagna,0.0
yahoo,0.565935
yaird,0.0
yajna,0.0
yakka,0.0
yakow,0.0
yales,0.0
yamen,0.0
yampa,0.0
yampy,0.0
yamun,0.0
yandy,0.0
yangs,0.0
yanks,0.0
yapok,0.0
yapon,0.0
yapps,0.0
yappy,0.542341
yarak,0.0
yarco,0.0
yards,0.0
yarer,0.0
yarfa,0.0
yarks,0.0
yarns,0.0
yarra,0.0
yarrs,0.0
yarta,0.0
yarto,0.0
yates,0.0
yatra,0.0
yauds,0.0
yauld,0.0
yaups,0.0
yawed,0.0
yawey,0.0
yawls,0.0
yawns,0.0
yawny,0.0
yawps,0.0
yayas,0.0
ybore,0.0
yclad,0.0
ycled,0.0
ycond,0.0
ydrad,0.0
ydred,0.0
yeads,0.0
yeahs,0.0
yealm,0.0
yeans,0.0
yeard,0.0
yearn,0.58
years,0.0
yeast,0.58
yecch,0.0
yechs,0.0
yechy,0.0
yedes,0.0
yeeds,0.0
yeeek,0.0
yeesh,0.0
yeggs,0.0
yelks,0.0
yells,0.0
yelms,0.0
yelps,0.0
yelts,0.0
yenta,0.0
yente,0.0
yerba,0.0
yerds,0.0
yerks,0.0
yeses,0.0
yesks,0.0
yests,0.0
yesty,0.0
yetis,0.0
yetts,0.0
yeuch,0.0
yeuks,0.0
yeuky,0.0
yeven,0.0
yeves,0.0
yewen,0.0
yexed,0.0
yexes,0.0
yfere,0.0
yield,0.58
yiked,0.0
yikes,0.0
yills,0.0
yince,0.0
yipes,0.0
yippy,0.0
yirds,0.0
yirks,0.0
yirrs,0.0
yirth,0.0
yites,0.0
yitie,0.0
ylems,0.0
ylide,0.0
ylids,0.0
ylike,0.0
ylkes,0.0
ymolt,0.0
ympes,0.0
yobbo,0.0
yobby,0.0
yocks,0.0
yodel,0.561641
yodhs,0.0
yodle,0.0
yogas,0.0
yogee,0.0
yoghs,0.0
yogic,0.0
yogin,0.0
yogis,0.0
yohah,0.0
yohay,0.0
yoick,0.0
yojan,0.0
yokan,0.0
yoked,0.00225968
yokeg,0.0
yokel,0.549135
yoker,0.0
yokes,0.0
yokul,0.0
yolks,0.0
yolky,0.0
yolps,0.0
yomim,0.0
yomps,0.0
yonic,0.0
yonis,0.0
yonks,0.0
yonny,0.0
yoofs,0.0
yoops,0.0
yopos,0.0
yoppo,0.0
yores,0.0
yorga,0.0
yorks,0.0
yorps,0.0
youks,0.0
young,0.58
yourn,0.0
yours,0.0
yourt,0.0
youse,0.0
youth,0.58
yowed,0.0
yowes,0.0
yowie,0.0
yowls,0.0
yowsa,0.0
yowza,0.0
yoyos,0.0
yrapt,0.0
yrent,0.0
yrivd,0.0
yrneh,0.0
ysame,0.0
ytost,0.0
yuans,0.0
yucas,0.0
yucca,0.579165
yucch,0.0
yucko,0.0
yucks,0.0
yucky,0.57115
yufts,0.0
yugas,0.0
yuked,0.0
yukes,0.0
yukky,0.0
yukos,0.0
yulan,0.0
yules,0.0
yummo,0.0
yummy,0.58
yumps,0.0
yupon,0.0
yuppy,0.0
yurta,0.0
yurts,0.0
yuzus,0.0
zabra,0.0
zacks,0.0
zaida,0.0
zaide,0.0
zaidy,0.0
zaire,0.0
zakat,0.0
zamac,0.0
zamak,0.0
zaman,0.0
zambo,0.0
zamia,0.0
zamis,0.0
zanja,0.0
zante,0.0
zanza,0.0
zanze,0.0
zappy,0.0
zarda,0.0
zarfs,0.0
zaris,0.0
zatis,0.0
zawns,0.0
zaxes,0.0
zayde,0.0
zayin,0.0
zazen,0.0
zeals,0.0
zebec,0.0
zebra,0.58
zebub,0.0
zebus,0.0
zedas,0.0
zeera,0.0
zeins,0.0
zendo,0.0
zerda,0.0
zerks,0.0
zeros,0.0
zests,0.0
zesty,0.58
zetas,0.0
zexes,0.0
zezes,0.0
zhomo,0.0
zhush,0.0
zhuzh,0.0
zibet,0.0
ziffs,0.0
zigan,0.0
zikrs,0.0
zilas,0.0
zilch,0.56405
zilla,0.0
zills,0.0
zimbi,0.0
zimbs,0.0
zinco,0.0
zincs,0.0
zincy,0.0
zineb,0.0
zines,0.0
zings,0.0
zingy,0.0
zinke,0.0
zinky,0.0
zinos,0.0
zippo,0.0
zippy,0.58
ziram,0.0
zitis,0.0
zitty,0.0
zizel,0.0
zizit,0.0
zlote,0.0
zloty,0.0
zoaea,0.0
zobos,0.0
zobus,0.0
zocco,0.0
zoeae,0.0
zoeal,0.0
zoeas,0.0
zoism,0.0
zoist,0.0
zokor,0.0
zolle,0.0
zombi,0.0
zonae,0.0
zonal,0.498241
zonda,0.0
zoned,0.00225968
zoner,0.0
zones,0.0
zonks,0.0
zooea,0.0
zooey,0.0
zooid,0.0
zooks,0.0
zooms,0.0
zoomy,0.0
zoons,0.0
zooty,0.0
zoppa,0.0
zoppo,0.0
zoril,0.0
zoris,0.0
zorro,0.0
zorse,0.0
zouks,0.0
zowee,0.0
zowie,0.0
zulus,0.0
zupan,0.0
zupas,0.0
zuppa,0.0
zurfs,0.0
zuzim,0.0
zygal,0.0
zygon,0.0
zymes,0.0
zymic,0.0
